# WaveFront *.obj file (generated by Autodesk ATF)

mtllib CONN-TH_5P-P2.54_520315-5.mtl

g Pin 3

v -0.300000 0.125559 -2.824954
v -0.299263 0.125559 -2.842104
v -0.297059 0.125559 -2.859128
v -0.293402 0.125559 -2.875900
v -0.293402 -0.124441 -2.875900
v -0.297059 -0.124441 -2.859128
v -0.299263 -0.124441 -2.842104
v -0.300000 -0.124441 -2.824954
v -0.300000 -0.124441 0.009146
v -0.300000 0.052128 0.009146
v -0.300000 0.125559 -0.048633
v -0.145052 -0.124441 -3.439064
v -0.131900 -0.124441 -3.472286
v -0.111264 -0.124441 -3.501454
v -0.084315 -0.124441 -3.524915
v -0.052582 -0.124441 -3.541336
v -0.017865 -0.124441 -3.549786
v 0.017865 -0.124441 -3.549786
v 0.052582 -0.124441 -3.541336
v 0.084315 -0.124441 -3.524915
v 0.111264 -0.124441 -3.501454
v 0.131900 -0.124441 -3.472286
v 0.145052 -0.124441 -3.439064
v 0.293402 -0.124441 -2.875900
v 0.297059 -0.124441 -2.859128
v 0.299263 -0.124441 -2.842104
v 0.300000 -0.124441 -2.824954
v 0.300000 -0.124441 0.009146
v 0.293402 0.125559 -2.875900
v 0.297059 0.125559 -2.859128
v 0.299263 0.125559 -2.842104
v 0.300000 0.125559 -2.824954
v 0.300000 0.125559 -0.048633
v 0.300000 0.052128 0.009146
v 0.400000 1.050742 6.155514
v 0.405776 1.050742 6.107796
v 0.422770 1.050742 6.062835
v 0.450000 1.050742 6.023226
v 0.485894 1.050742 5.991258
v 0.528379 1.050742 5.968777
v 0.575000 1.050742 5.957082
v 0.575000 1.300742 5.957082
v 0.528379 1.300742 5.968777
v 0.485894 1.300742 5.991258
v 0.450000 1.300742 6.023226
v 0.422770 1.300742 6.062835
v 0.405776 1.300742 6.107796
v 0.400000 1.300742 6.155514
v 0.400000 1.300742 6.237206
v 0.400000 1.050742 6.237206
v 0.621621 1.050742 5.945387
v 0.664106 1.050742 5.922906
v 0.700000 1.050742 5.890938
v 0.727230 1.050742 5.851330
v 0.744224 1.050742 5.806368
v 0.750000 1.050742 5.758651
v 0.750000 1.300742 5.758651
v 0.744224 1.300742 5.806368
v 0.727230 1.300742 5.851330
v 0.700000 1.300742 5.890938
v 0.664106 1.300742 5.922906
v 0.621621 1.300742 5.945387
v 0.750000 1.050742 1.305686
v 0.750000 1.300742 1.305686
v -0.400000 1.050742 6.237206
v -0.400000 1.050742 6.155514
v -0.405776 1.050742 6.107796
v -0.422770 1.050742 6.062835
v -0.450000 1.050742 6.023226
v -0.485894 1.050742 5.991258
v -0.528379 1.050742 5.968777
v -0.575000 1.050742 5.957082
v -0.621621 1.050742 5.945387
v -0.664106 1.050742 5.922906
v -0.700000 1.050742 5.890938
v -0.727230 1.050742 5.851330
v -0.744224 1.050742 5.806368
v -0.750000 1.050742 5.758651
v -0.750000 1.050742 1.305686
v -0.400000 1.300742 6.155514
v -0.405776 1.300742 6.107796
v -0.422770 1.300742 6.062835
v -0.450000 1.300742 6.023226
v -0.485894 1.300742 5.991258
v -0.528379 1.300742 5.968777
v -0.575000 1.300742 5.957082
v -0.400000 1.300742 6.237206
v -0.621621 1.300742 5.945387
v -0.664106 1.300742 5.922906
v -0.700000 1.300742 5.890938
v -0.727230 1.300742 5.851330
v -0.744224 1.300742 5.806368
v -0.750000 1.300742 5.758651
v -0.750000 1.300742 1.305686
v -0.500000 0.175802 0.166323
v -0.448236 0.171588 0.160968
v -0.400000 0.159233 0.145266
v -0.358579 0.139579 0.120287
v -0.326795 0.113965 0.087735
v -0.306815 0.084137 0.049826
v -0.300000 -0.108254 0.135341
v -0.303421 -0.096843 0.172840
v -0.314113 -0.082702 0.209138
v -0.332353 -0.067107 0.241589
v -0.356703 -0.051898 0.268529
v -0.386661 -0.038212 0.289826
v -0.422099 -0.026955 0.305763
v -0.460830 -0.019818 0.315247
v -0.500000 -0.017384 0.318331
v -0.305223 0.125559 0.009146
v -0.500000 0.179087 0.163738
v -0.465977 0.177221 0.161412
v -0.432269 0.171952 0.154261
v -0.400502 0.163797 0.142017
v -0.372070 0.153839 0.124600
v -0.347996 0.143648 0.102502
v -0.328662 0.134536 0.075502
v -0.314034 0.127900 0.043166
v -0.550000 -0.017384 0.318331
v -0.550000 0.179087 0.163738
v 0.306815 0.084137 0.049826
v 0.326795 0.113965 0.087735
v 0.358579 0.139579 0.120287
v 0.400000 0.159233 0.145266
v 0.448236 0.171588 0.160968
v 0.500000 0.175802 0.166323
v 0.500000 -0.017384 0.318331
v 0.460830 -0.019818 0.315247
v 0.422099 -0.026955 0.305763
v 0.386661 -0.038212 0.289826
v 0.356703 -0.051898 0.268529
v 0.332353 -0.067107 0.241589
v 0.314113 -0.082702 0.209138
v 0.303421 -0.096843 0.172840
v 0.300000 -0.108254 0.135341
v 0.305223 0.125559 0.009146
v 0.314034 0.127900 0.043166
v 0.328662 0.134536 0.075502
v 0.347996 0.143648 0.102502
v 0.372070 0.153839 0.124600
v 0.400502 0.163797 0.142017
v 0.432269 0.171952 0.154261
v 0.465977 0.177221 0.161412
v 0.500000 0.179087 0.163738
v 0.300000 -0.117225 0.093786
v 0.300000 -0.122633 0.051620
v 0.731062 0.064302 0.400450
v 0.717266 0.045013 0.384287
v 0.700356 0.028419 0.368994
v 0.680856 0.014656 0.355187
v 0.658199 0.003124 0.342732
v 0.632922 -0.005992 0.332279
v 0.605789 -0.012416 0.324569
v 0.577784 -0.016166 0.319900
v 0.550000 -0.017384 0.318331
v 0.550000 0.179087 0.163738
v 0.588196 0.181392 0.166701
v 0.625744 0.188652 0.175196
v 0.660401 0.201396 0.188497
v 0.690359 0.219931 0.204798
v 0.715668 0.244402 0.224263
v 0.734488 0.272402 0.246536
v 0.746084 0.302835 0.270743
v 0.750000 0.334508 0.295937
v 0.750000 0.132619 0.454791
v 0.747865 0.109183 0.436150
v 0.741507 0.086248 0.417906
v 0.750000 1.112000 0.914382
v 0.750000 0.956371 1.110034
v -0.690359 0.219931 0.204798
v -0.715668 0.244402 0.224263
v -0.734488 0.272402 0.246536
v -0.746084 0.302835 0.270743
v -0.750000 0.334508 0.295937
v -0.750000 1.112000 0.914382
v -0.588196 0.181392 0.166701
v -0.625744 0.188652 0.175196
v -0.660401 0.201396 0.188497
v -0.000000 0.180247 0.165201
v -0.000000 0.150385 0.117757
v -0.000000 0.131845 0.064852
v -0.577784 -0.016166 0.319900
v -0.605789 -0.012416 0.324569
v -0.632922 -0.005992 0.332279
v -0.658199 0.003124 0.342732
v -0.680856 0.014656 0.355187
v -0.700356 0.028419 0.368994
v -0.717266 0.045013 0.384287
v -0.731062 0.064302 0.400450
v -0.741507 0.086248 0.417906
v -0.747865 0.109183 0.436150
v -0.750000 0.132619 0.454791
v -0.400000 -0.443648 2.247226
v -0.400000 -0.252137 2.407923
v -0.400000 -0.209219 2.367573
v -0.400000 -0.158052 2.338385
v -0.400000 -0.101475 2.321980
v -0.400000 -0.042630 2.319268
v -0.400000 -0.024633 2.069917
v -0.400000 -0.118940 2.072032
v -0.400000 -0.211172 2.091822
v -0.400000 -0.298045 2.128583
v -0.400000 -0.376468 2.181006
v 0.400000 -0.443648 2.247226
v 0.400000 -0.774169 2.641125
v -0.400000 -0.774169 2.641125
v 0.400000 -0.252137 2.407923
v 0.400000 -0.582658 2.801822
v 0.400000 -0.209219 2.367573
v 0.400000 -0.158052 2.338385
v 0.400000 -0.101475 2.321980
v 0.400000 -0.042630 2.319268
v 0.400000 -0.024633 2.069917
v 0.400000 -0.118940 2.072032
v 0.400000 -0.211172 2.091822
v 0.400000 -0.298045 2.128583
v 0.400000 -0.376468 2.181006
v 0.400000 -0.617723 2.856864
v 0.400000 -0.637348 2.919107
v 0.400000 -0.640195 2.984308
v 0.400000 -0.626070 3.048024
v 0.400000 -0.860993 3.133529
v 0.400000 -0.883550 3.049343
v 0.400000 -0.891146 2.962519
v 0.400000 -0.883550 2.875695
v 0.400000 -0.860993 2.791509
v 0.400000 -0.824159 2.712519
v -0.400000 -0.582658 2.801822
v -0.400000 -0.617723 2.856864
v -0.400000 -0.637348 2.919107
v -0.400000 -0.640195 2.984308
v -0.400000 -0.626070 3.048024
v -0.400000 0.565819 6.322711
v 0.400000 0.565819 6.322711
v -0.400000 -0.860993 3.133529
v -0.400000 0.330896 6.408216
v -0.400000 -0.883550 3.049343
v -0.400000 -0.891146 2.962519
v -0.400000 -0.883550 2.875695
v -0.400000 -0.860993 2.791509
v -0.400000 -0.824159 2.712519
v -0.400000 0.374097 6.497924
v -0.400000 0.434216 6.577292
v -0.400000 0.508870 6.643175
v -0.400000 0.595099 6.692959
v -0.400000 0.689482 6.724670
v -0.400000 0.788277 6.737051
v -0.400000 0.887566 6.729610
v -0.400000 0.983413 6.702643
v -0.400000 1.072015 6.657219
v -0.400000 1.149861 6.595139
v -0.400000 1.213862 6.518866
v -0.400000 1.261480 6.431423
v -0.400000 1.290828 6.336279
v -0.400000 1.042729 6.299993
v -0.400000 1.019205 6.358755
v -0.400000 0.981676 6.409726
v -0.400000 0.932549 6.449637
v -0.400000 0.874972 6.475932
v -0.400000 0.812638 6.486923
v -0.400000 0.749541 6.481907
v -0.400000 0.689726 6.461204
v -0.400000 0.637027 6.426143
v -0.400000 0.594823 6.378971
v 0.400000 0.330896 6.408216
v 0.400000 0.374097 6.497924
v 0.400000 0.434216 6.577292
v 0.400000 0.508870 6.643175
v 0.400000 0.595099 6.692959
v 0.400000 0.689482 6.724670
v 0.400000 0.788277 6.737051
v 0.400000 0.887566 6.729610
v 0.400000 0.983413 6.702643
v 0.400000 1.072015 6.657219
v 0.400000 1.149861 6.595139
v 0.400000 1.213862 6.518866
v 0.400000 1.261480 6.431423
v 0.400000 1.290828 6.336279
v 0.400000 1.042729 6.299993
v 0.400000 1.019205 6.358755
v 0.400000 0.981676 6.409726
v 0.400000 0.932549 6.449637
v 0.400000 0.874972 6.475932
v 0.400000 0.812638 6.486923
v 0.400000 0.749541 6.481907
v 0.400000 0.689726 6.461204
v 0.400000 0.637027 6.426143
v 0.400000 0.594823 6.378971
v 0.750000 1.292685 1.216285
v 0.750000 1.268772 1.129765
v 0.750000 1.229775 1.048915
v 0.750000 1.176950 0.976341
v -0.750000 1.176950 0.976341
v -0.750000 1.229775 1.048915
v -0.750000 1.268772 1.129765
v -0.750000 1.292685 1.216285
v 0.750000 1.044457 1.249979
v 0.750000 1.025917 1.197074
v 0.750000 0.996054 1.149631
v -0.750000 0.956371 1.110034
v -0.750000 0.996054 1.149631
v -0.750000 1.025917 1.197074
v -0.750000 1.044457 1.249979
v -0.300000 -0.117225 0.093786
v -0.300000 -0.122633 0.051620
v -0.000000 1.044457 1.249979
v -0.000000 1.025917 1.197074
v -0.000000 0.996054 1.149631
v 0.145052 0.125559 -3.439064
v 0.131900 0.125559 -3.472286
v 0.111264 0.125559 -3.501454
v 0.084315 0.125559 -3.524915
v 0.052582 0.125559 -3.541336
v 0.017865 0.125559 -3.549786
v -0.017865 0.125559 -3.549786
v -0.052582 0.125559 -3.541336
v -0.084315 0.125559 -3.524915
v -0.111264 0.125559 -3.501454
v -0.131900 0.125559 -3.472286
v -0.145052 0.125559 -3.439064
vt 0.012500 0.002576 0.000000
vt -0.012500 0.002576 0.000000
vt 0.012500 0.000859 0.000000
vt -0.012500 0.000859 0.000000
vt 0.012500 -0.000859 0.000000
vt -0.012500 -0.000859 0.000000
vt 0.012500 -0.002576 0.000000
vt -0.012500 -0.002576 0.000000
vt -0.280222 -0.012500 0.000000
vt -0.002590 -0.012500 0.000000
vt -0.286000 -0.005157 0.000000
vt -0.002590 0.012500 0.000000
vt -0.286000 0.012500 0.000000
vt -0.029926 -0.919125 0.000000
vt -0.029706 -0.920827 0.000000
vt -0.030000 -0.917410 0.000000
vt -0.029340 -0.922505 0.000000
vt -0.014505 -0.978821 0.000000
vt -0.013190 -0.982143 0.000000
vt -0.011126 -0.985060 0.000000
vt -0.008431 -0.987406 0.000000
vt -0.030000 -0.634000 0.000000
vt -0.005258 -0.989048 0.000000
vt -0.001787 -0.989893 0.000000
vt 0.001787 -0.989893 0.000000
vt 0.030000 -0.634000 0.000000
vt 0.005258 -0.989048 0.000000
vt 0.008431 -0.987406 0.000000
vt 0.014505 -0.978821 0.000000
vt 0.011126 -0.985060 0.000000
vt 0.013190 -0.982143 0.000000
vt 0.030000 -0.917410 0.000000
vt 0.029340 -0.922505 0.000000
vt 0.029706 -0.920827 0.000000
vt 0.029926 -0.919125 0.000000
vt 0.012500 0.002576 0.000000
vt -0.012500 0.002576 0.000000
vt 0.012500 0.000859 0.000000
vt -0.012500 0.000859 0.000000
vt 0.012500 -0.000859 0.000000
vt -0.012500 -0.000859 0.000000
vt 0.012500 -0.002576 0.000000
vt -0.012500 -0.002576 0.000000
vt -0.024000 0.012500 0.000000
vt -0.307410 0.012500 0.000000
vt -0.024000 -0.005157 0.000000
vt -0.307410 -0.012500 0.000000
vt -0.029778 -0.012500 0.000000
vt -0.012500 -0.062832 0.000000
vt 0.012500 -0.062832 0.000000
vt -0.012500 -0.058014 0.000000
vt 0.012500 -0.058014 0.000000
vt -0.012500 -0.053195 0.000000
vt 0.012500 -0.053195 0.000000
vt -0.012500 -0.048377 0.000000
vt 0.012500 -0.048377 0.000000
vt -0.012500 -0.043559 0.000000
vt 0.012500 -0.043559 0.000000
vt -0.012500 -0.038741 0.000000
vt 0.012500 -0.038741 0.000000
vt -0.012500 -0.033922 0.000000
vt 0.012500 -0.033922 0.000000
vt -0.019686 0.012500 0.000000
vt -0.027856 0.012500 0.000000
vt -0.019686 -0.012500 0.000000
vt -0.027856 -0.012500 0.000000
vt 0.012500 0.013201 0.000000
vt -0.012500 0.013201 0.000000
vt 0.012500 0.008383 0.000000
vt -0.012500 0.008383 0.000000
vt 0.012500 0.003565 0.000000
vt -0.012500 0.003565 0.000000
vt 0.012500 -0.001253 0.000000
vt -0.012500 -0.001253 0.000000
vt 0.012500 -0.006072 0.000000
vt -0.012500 -0.006072 0.000000
vt 0.012500 -0.010890 0.000000
vt -0.012500 -0.010890 0.000000
vt 0.012500 -0.015708 0.000000
vt -0.012500 -0.015708 0.000000
vt 0.600000 0.012500 0.000000
vt 0.154703 0.012500 0.000000
vt 0.600000 -0.012500 0.000000
vt 0.154703 -0.012500 0.000000
vt 0.062162 0.008674 0.000000
vt 0.057500 0.009843 0.000000
vt 0.075000 -0.010000 0.000000
vt 0.052838 0.011013 0.000000
vt 0.075000 -0.455297 0.000000
vt 0.048589 0.013261 0.000000
vt 0.045000 0.016458 0.000000
vt 0.042277 0.020418 0.000000
vt -0.042277 0.020418 0.000000
vt -0.075000 -0.455297 0.000000
vt -0.045000 0.016458 0.000000
vt -0.048589 0.013261 0.000000
vt -0.040578 0.024915 0.000000
vt 0.040578 0.024915 0.000000
vt -0.040000 0.029686 0.000000
vt 0.040000 0.029686 0.000000
vt -0.040000 0.037856 0.000000
vt 0.040000 0.037856 0.000000
vt -0.052838 0.011013 0.000000
vt -0.075000 -0.010000 0.000000
vt -0.057500 0.009843 0.000000
vt -0.062162 0.008674 0.000000
vt -0.066411 0.006426 0.000000
vt -0.070000 0.003229 0.000000
vt -0.072723 -0.000732 0.000000
vt -0.074422 -0.005228 0.000000
vt 0.074422 -0.005228 0.000000
vt 0.072723 -0.000732 0.000000
vt 0.070000 0.003229 0.000000
vt 0.066411 0.006426 0.000000
vt -0.012500 -0.062832 0.000000
vt 0.012500 -0.062832 0.000000
vt -0.012500 -0.058014 0.000000
vt 0.012500 -0.058014 0.000000
vt -0.012500 -0.053195 0.000000
vt 0.012500 -0.053195 0.000000
vt -0.012500 -0.048377 0.000000
vt 0.012500 -0.048377 0.000000
vt -0.012500 -0.043559 0.000000
vt 0.012500 -0.043559 0.000000
vt -0.012500 -0.038741 0.000000
vt 0.012500 -0.038741 0.000000
vt -0.012500 -0.033922 0.000000
vt 0.012500 -0.033922 0.000000
vt -0.580314 -0.012500 0.000000
vt -0.572144 -0.012500 0.000000
vt -0.580314 0.012500 0.000000
vt -0.572144 0.012500 0.000000
vt 0.012500 0.013201 0.000000
vt -0.012500 0.013201 0.000000
vt 0.012500 0.008383 0.000000
vt -0.012500 0.008383 0.000000
vt 0.012500 0.003565 0.000000
vt -0.012500 0.003565 0.000000
vt 0.012500 -0.001253 0.000000
vt -0.012500 -0.001253 0.000000
vt 0.012500 -0.006072 0.000000
vt -0.012500 -0.006072 0.000000
vt 0.012500 -0.010890 0.000000
vt -0.012500 -0.010890 0.000000
vt 0.012500 -0.015708 0.000000
vt -0.012500 -0.015708 0.000000
vt 0.620000 -0.012500 0.000000
vt 1.065297 -0.012500 0.000000
vt 0.620000 0.012500 0.000000
vt 1.065297 0.012500 0.000000
vt -0.052838 0.011013 0.000000
vt -0.057500 0.009843 0.000000
vt -0.075000 -0.010000 0.000000
vt -0.062162 0.008674 0.000000
vt -0.066411 0.006426 0.000000
vt -0.070000 0.003229 0.000000
vt -0.072723 -0.000732 0.000000
vt -0.074422 -0.005228 0.000000
vt -0.075000 -0.455297 0.000000
vt -0.048589 0.013261 0.000000
vt -0.045000 0.016458 0.000000
vt -0.042277 0.020418 0.000000
vt 0.075000 -0.455297 0.000000
vt 0.042277 0.020418 0.000000
vt 0.045000 0.016458 0.000000
vt 0.048589 0.013261 0.000000
vt 0.052838 0.011013 0.000000
vt 0.075000 -0.010000 0.000000
vt 0.057500 0.009843 0.000000
vt 0.062162 0.008674 0.000000
vt 0.066411 0.006426 0.000000
vt 0.070000 0.003229 0.000000
vt 0.072723 -0.000732 0.000000
vt 0.074422 -0.005228 0.000000
vt -0.040578 0.024915 0.000000
vt 0.040578 0.024915 0.000000
vt -0.040000 0.029686 0.000000
vt 0.040000 0.029686 0.000000
vt -0.040000 0.037856 0.000000
vt 0.040000 0.037856 0.000000
vt 0.021426 0.015708 0.000000
vt -0.003156 0.015708 0.000000
vt 0.021427 0.011764 0.000000
vt -0.003156 0.010472 0.000000
vt 0.021401 0.007706 0.000000
vt -0.003156 0.005236 0.000000
vt 0.021301 0.003654 0.000000
vt -0.003156 0.000000 0.000000
vt 0.021059 -0.000267 0.000000
vt 0.020589 -0.004183 0.000000
vt -0.003156 -0.005236 0.000000
vt 0.019807 -0.008150 0.000000
vt -0.003156 -0.010472 0.000000
vt 0.018674 -0.012034 0.000000
vt -0.003156 -0.015708 0.000000
vt 0.017252 -0.015708 0.000000
vt 0.021426 0.031416 0.000000
vt 0.012082 0.031416 0.000000
vt 0.017853 0.026835 0.000000
vt 0.012082 0.026180 0.000000
vt 0.015933 0.023880 0.000000
vt 0.012082 0.020944 0.000000
vt 0.014455 0.020581 0.000000
vt 0.013502 0.017268 0.000000
vt 0.012082 0.015708 0.000000
vt 0.012936 0.013888 0.000000
vt 0.012082 0.010472 0.000000
vt 0.012641 0.010415 0.000000
vt 0.012525 0.006911 0.000000
vt 0.012082 0.005236 0.000000
vt 0.012497 0.003420 0.000000
vt 0.012082 0.000000 0.000000
vt 0.012500 -0.000000 0.000000
vt -0.020000 -0.012500 0.000000
vt -0.020000 -0.012082 0.000000
vt -0.025000 -0.012500 0.000000
vt -0.025000 0.012500 0.000000
vt -0.020000 0.012500 0.000000
vt 0.007429 0.015708 0.000000
vt -0.012979 0.015708 0.000000
vt 0.008851 0.012034 0.000000
vt -0.012979 0.010472 0.000000
vt 0.009984 0.008150 0.000000
vt -0.012979 0.005236 0.000000
vt 0.010765 0.004183 0.000000
vt -0.012979 0.000000 0.000000
vt 0.011236 0.000267 0.000000
vt 0.011477 -0.003654 0.000000
vt -0.012979 -0.005236 0.000000
vt 0.011578 -0.007706 0.000000
vt -0.012979 -0.010472 0.000000
vt 0.011603 -0.011764 0.000000
vt -0.012979 -0.015708 0.000000
vt 0.011603 -0.015708 0.000000
vt 0.022745 0.007536 0.000000
vt 0.018894 0.005236 0.000000
vt 0.024664 0.004581 0.000000
vt 0.018894 -0.000000 0.000000
vt 0.028237 0.000000 0.000000
vt 0.018894 0.010472 0.000000
vt 0.021267 0.010834 0.000000
vt 0.020313 0.014148 0.000000
vt 0.018894 0.015708 0.000000
vt 0.019748 0.017528 0.000000
vt 0.018894 0.020944 0.000000
vt 0.019453 0.021001 0.000000
vt 0.019337 0.024505 0.000000
vt 0.018894 0.026180 0.000000
vt 0.019309 0.027996 0.000000
vt 0.018894 0.031416 0.000000
vt 0.019312 0.031416 0.000000
vt 0.001619 0.012620 0.000000
vt 0.000722 0.008464 0.000000
vt 0.017657 0.000000 0.000000
vt 0.000181 0.004247 0.000000
vt -0.000000 0.000000 0.000000
vt 0.010758 0.011599 0.000000
vt -0.014807 0.011893 0.000000
vt 0.010241 0.008774 0.000000
vt -0.015631 0.007929 0.000000
vt 0.009596 0.005849 0.000000
vt -0.016525 0.003964 0.000000
vt 0.008922 0.002925 0.000000
vt -0.017457 0.000000 0.000000
vt 0.008233 -0.000000 0.000000
vt 0.011116 0.014399 0.000000
vt -0.014088 0.015858 0.000000
vt 0.011344 0.017149 0.000000
vt -0.013639 0.019719 0.000000
vt 0.011480 0.019980 0.000000
vt 0.011550 0.022865 0.000000
vt -0.013460 0.023647 0.000000
vt 0.011578 0.025761 0.000000
vt -0.013415 0.027571 0.000000
vt 0.011584 0.028628 0.000000
vt -0.013417 0.031416 0.000000
vt 0.011583 0.031416 0.000000
vt 0.017088 0.012500 0.000000
vt 0.022999 -0.012500 0.000000
vt 0.122345 0.012500 0.000000
vt 0.122345 -0.012500 0.000000
vt -0.074608 -0.591048 0.000000
vt -0.069036 -0.601642 0.000000
vt -0.075000 -0.587001 0.000000
vt 0.069036 -0.601642 0.000000
vt 0.075000 -0.587001 0.000000
vt 0.074608 -0.591048 0.000000
vt 0.073449 -0.594937 0.000000
vt 0.071567 -0.598515 0.000000
vt -0.073449 -0.594937 0.000000
vt -0.071567 -0.598515 0.000000
vt 0.075000 -0.487655 0.000000
vt -0.075000 -0.487655 0.000000
vt -0.066040 0.020002 0.000000
vt 0.000000 0.016853 0.000000
vt -0.069036 0.022471 0.000000
vt 0.066040 0.020002 0.000000
vt 0.069036 0.022471 0.000000
vt -0.062574 0.018159 0.000000
vt -0.058820 0.017042 0.000000
vt -0.055000 0.016667 0.000000
vt -0.050000 0.016667 0.000000
vt -0.046598 0.016369 0.000000
vt -0.043227 0.015480 0.000000
vt -0.040050 0.014009 0.000000
vt 0.000000 0.011236 0.000000
vt 0.040050 0.014009 0.000000
vt 0.037207 0.012002 0.000000
vt 0.034800 0.009568 0.000000
vt 0.000000 0.005618 0.000000
vt 0.032866 0.006716 0.000000
vt 0.031403 0.003413 0.000000
vt -0.031403 0.003413 0.000000
vt 0.030522 0.000000 0.000000
vt -0.030522 0.000000 0.000000
vt -0.037207 0.012002 0.000000
vt -0.034800 0.009568 0.000000
vt -0.032866 0.006716 0.000000
vt 0.043227 0.015480 0.000000
vt 0.046598 0.016369 0.000000
vt 0.050000 0.016667 0.000000
vt 0.055000 0.016667 0.000000
vt 0.058820 0.017042 0.000000
vt 0.062574 0.018159 0.000000
vt -0.267080 0.019719 0.000000
vt -0.292063 0.017149 0.000000
vt -0.266631 0.015858 0.000000
vt -0.291835 0.014399 0.000000
vt -0.265912 0.011893 0.000000
vt -0.291477 0.011599 0.000000
vt -0.290960 0.008774 0.000000
vt -0.267259 0.023647 0.000000
vt -0.292269 0.022865 0.000000
vt -0.292199 0.019980 0.000000
vt -0.292297 0.025761 0.000000
vt -0.267304 0.027571 0.000000
vt -0.292303 0.028628 0.000000
vt -0.267302 0.031416 0.000000
vt -0.292302 0.031416 0.000000
vt -0.265088 0.007929 0.000000
vt -0.290315 0.005849 0.000000
vt -0.264194 0.003964 0.000000
vt -0.289641 0.002925 0.000000
vt -0.263262 0.000000 0.000000
vt -0.288952 -0.000000 0.000000
vt -0.019151 0.016070 0.000000
vt -0.023443 0.012035 0.000000
vt 0.000000 0.000000 0.000000
vt -0.006718 -0.006622 0.000000
vt -0.028560 0.009116 0.000000
vt -0.014560 -0.011864 0.000000
vt -0.023248 -0.015540 0.000000
vt -0.034217 0.007475 0.000000
vt -0.032471 -0.017519 0.000000
vt -0.040102 0.007204 0.000000
vt -0.041901 -0.017731 0.000000
vt 0.040000 0.575990 0.000000
vt -0.040000 0.575990 0.000000
vt 0.040000 0.524571 0.000000
vt -0.040000 0.524571 0.000000
vt -0.565990 -0.012500 0.000000
vt -0.514571 -0.012500 0.000000
vt -0.565990 0.012500 0.000000
vt -0.514571 0.012500 0.000000
vt -0.040000 0.000000 0.000000
vt 0.040000 0.000000 0.000000
vt -0.040000 0.005904 0.000000
vt 0.040000 0.005904 0.000000
vt -0.040000 0.011809 0.000000
vt 0.040000 0.011809 0.000000
vt -0.040000 0.017713 0.000000
vt 0.040000 0.017713 0.000000
vt -0.040000 0.023618 0.000000
vt 0.040000 0.023618 0.000000
vt -0.040000 0.000000 0.000000
vt 0.040000 0.000000 0.000000
vt -0.040000 0.009447 0.000000
vt 0.040000 0.009447 0.000000
vt -0.040000 0.018894 0.000000
vt 0.040000 0.018894 0.000000
vt -0.040000 0.028341 0.000000
vt 0.040000 0.028341 0.000000
vt -0.040000 0.037788 0.000000
vt 0.040000 0.037788 0.000000
vt -0.040000 0.047236 0.000000
vt 0.040000 0.047236 0.000000
vt 0.000000 0.000000 0.000000
vt -0.003507 0.005504 0.000000
vt -0.019151 -0.016070 0.000000
vt -0.024150 -0.008930 0.000000
vt -0.005469 0.011728 0.000000
vt -0.027834 -0.001031 0.000000
vt -0.030089 0.007387 0.000000
vt -0.005754 0.018249 0.000000
vt -0.030849 0.016070 0.000000
vt -0.030089 0.024752 0.000000
vt -0.027834 0.033171 0.000000
vt -0.004341 0.024620 0.000000
vt 0.040000 0.026180 0.000000
vt -0.040000 0.026180 0.000000
vt 0.040000 0.019635 0.000000
vt -0.040000 0.019635 0.000000
vt 0.040000 0.013090 0.000000
vt -0.040000 0.013090 0.000000
vt 0.040000 0.006545 0.000000
vt -0.040000 0.006545 0.000000
vt 0.040000 0.000000 0.000000
vt -0.040000 -0.000000 0.000000
vt -0.034010 0.012500 0.000000
vt -0.085429 0.012500 0.000000
vt -0.034010 -0.012500 0.000000
vt -0.085429 -0.012500 0.000000
vt -0.000000 0.000000 0.000000
vt -0.019151 -0.016070 0.000000
vt 0.004292 -0.004035 0.000000
vt -0.012433 -0.022692 0.000000
vt 0.009409 -0.006954 0.000000
vt -0.004591 -0.027934 0.000000
vt 0.004097 -0.031610 0.000000
vt 0.015066 -0.008594 0.000000
vt 0.013320 -0.033589 0.000000
vt 0.020951 -0.008865 0.000000
vt 0.022750 -0.033801 0.000000
vt 0.040000 0.486871 0.000000
vt -0.040000 0.486871 0.000000
vt 0.040000 0.138386 0.000000
vt -0.040000 0.138386 0.000000
vt -0.123129 0.012500 0.000000
vt -0.471614 0.012500 0.000000
vt -0.123129 -0.012500 0.000000
vt -0.471614 -0.012500 0.000000
vt 0.040000 0.052360 0.000000
vt -0.040000 0.052360 0.000000
vt 0.040000 0.043633 0.000000
vt -0.040000 0.043633 0.000000
vt 0.040000 0.034907 0.000000
vt -0.040000 0.034907 0.000000
vt 0.040000 0.026180 0.000000
vt -0.040000 0.026180 0.000000
vt 0.040000 0.017453 0.000000
vt -0.040000 0.017453 0.000000
vt 0.040000 0.008727 0.000000
vt -0.040000 0.008727 0.000000
vt 0.040000 -0.000000 0.000000
vt -0.040000 0.000000 0.000000
vt 0.040000 0.575990 0.000000
vt -0.040000 0.575990 0.000000
vt 0.040000 0.524571 0.000000
vt -0.040000 0.524571 0.000000
vt -0.023492 -0.008551 0.000000
vt -0.000000 0.000000 0.000000
vt -0.026393 -0.002925 0.000000
vt -0.004320 0.008971 0.000000
vt -0.030613 0.001793 0.000000
vt -0.035883 0.005299 0.000000
vt -0.010332 0.016908 0.000000
vt -0.041864 0.007369 0.000000
vt -0.017797 0.023496 0.000000
vt -0.026420 0.028474 0.000000
vt -0.048174 0.007871 0.000000
vt -0.035859 0.031645 0.000000
vt -0.045738 0.032883 0.000000
vt -0.055667 0.032139 0.000000
vt -0.065252 0.029443 0.000000
vt -0.074112 0.024900 0.000000
vt -0.054408 0.006772 0.000000
vt -0.081896 0.018692 0.000000
vt -0.060165 0.004142 0.000000
vt -0.088297 0.011065 0.000000
vt -0.065078 0.000151 0.000000
vt -0.093058 0.002321 0.000000
vt -0.068831 -0.004946 0.000000
vt -0.095993 -0.007194 0.000000
vt -0.071183 -0.010822 0.000000
vt -0.096985 -0.017101 0.000000
vt -0.071985 -0.017101 0.000000
vt 0.040000 0.139626 0.000000
vt -0.040000 0.139626 0.000000
vt 0.040000 0.129653 0.000000
vt -0.040000 0.129653 0.000000
vt 0.040000 0.119680 0.000000
vt -0.040000 0.119680 0.000000
vt 0.040000 0.109706 0.000000
vt -0.040000 0.109706 0.000000
vt 0.040000 0.099733 0.000000
vt -0.040000 0.099733 0.000000
vt 0.040000 0.089760 0.000000
vt -0.040000 0.089760 0.000000
vt 0.040000 0.079786 0.000000
vt -0.040000 0.079786 0.000000
vt 0.040000 0.069813 0.000000
vt -0.040000 0.069813 0.000000
vt 0.040000 0.059840 0.000000
vt -0.040000 0.059840 0.000000
vt 0.040000 0.049867 0.000000
vt -0.040000 0.049867 0.000000
vt 0.040000 0.039893 0.000000
vt -0.040000 0.039893 0.000000
vt 0.040000 0.029920 0.000000
vt -0.040000 0.029920 0.000000
vt 0.040000 0.019947 0.000000
vt -0.040000 0.019947 0.000000
vt 0.040000 0.009973 0.000000
vt -0.040000 0.009973 0.000000
vt 0.040000 -0.000000 0.000000
vt -0.040000 -0.000000 0.000000
vt -0.476871 -0.012500 0.000000
vt -0.128386 -0.012500 0.000000
vt -0.476871 0.012500 0.000000
vt -0.128386 0.012500 0.000000
vt -0.019151 0.016070 0.000000
vt 0.000000 0.000000 0.000000
vt -0.015645 0.021574 0.000000
vt 0.004999 0.007139 0.000000
vt -0.013682 0.027798 0.000000
vt 0.008682 0.015038 0.000000
vt 0.010938 0.023457 0.000000
vt -0.013397 0.034318 0.000000
vt 0.011698 0.032139 0.000000
vt 0.010938 0.040822 0.000000
vt 0.008682 0.049240 0.000000
vt -0.014810 0.040690 0.000000
vt 0.040000 0.069813 0.000000
vt -0.040000 0.069813 0.000000
vt 0.040000 0.063467 0.000000
vt -0.040000 0.063467 0.000000
vt 0.040000 0.057120 0.000000
vt -0.040000 0.057120 0.000000
vt 0.040000 0.050773 0.000000
vt -0.040000 0.050773 0.000000
vt 0.040000 0.044427 0.000000
vt -0.040000 0.044427 0.000000
vt 0.040000 0.038080 0.000000
vt -0.040000 0.038080 0.000000
vt 0.040000 0.031733 0.000000
vt -0.040000 0.031733 0.000000
vt 0.040000 0.025387 0.000000
vt -0.040000 0.025387 0.000000
vt 0.040000 0.019040 0.000000
vt -0.040000 0.019040 0.000000
vt 0.040000 0.012693 0.000000
vt -0.040000 0.012693 0.000000
vt 0.040000 0.006347 0.000000
vt -0.040000 0.006347 0.000000
vt 0.040000 -0.000000 0.000000
vt -0.040000 -0.000000 0.000000
vt 0.075000 0.044942 0.000000
vt -0.075000 0.044942 0.000000
vt 0.075000 0.035954 0.000000
vt -0.075000 0.035954 0.000000
vt 0.075000 0.026965 0.000000
vt -0.075000 0.026965 0.000000
vt 0.075000 0.017977 0.000000
vt -0.075000 0.017977 0.000000
vt 0.075000 0.008988 0.000000
vt -0.075000 0.008988 0.000000
vt 0.075000 0.000000 0.000000
vt -0.075000 0.000000 0.000000
vt 0.025000 0.000000 0.000000
vt 0.000000 0.000000 0.000000
vt 0.024194 -0.008940 0.000000
vt -0.000629 -0.005571 0.000000
vt 0.021803 -0.017592 0.000000
vt -0.002483 -0.010861 0.000000
vt 0.017903 -0.025677 0.000000
vt 0.012621 -0.032934 0.000000
vt -0.005469 -0.015606 0.000000
vt 0.006126 -0.039130 0.000000
vt -0.009437 -0.019565 0.000000
vt 0.040000 0.486871 0.000000
vt -0.040000 0.486871 0.000000
vt 0.040000 0.138386 0.000000
vt -0.040000 0.138386 0.000000
vt 0.074151 -0.598837 0.000000
vt 0.074787 -0.595907 0.000000
vt 0.073106 -0.601642 0.000000
vt 0.075000 -0.592912 0.000000
vt -0.075000 -0.592912 0.000000
vt -0.075000 -0.487655 0.000000
vt 0.075000 -0.487655 0.000000
vt -0.073106 -0.601642 0.000000
vt -0.074787 -0.595907 0.000000
vt -0.074151 -0.598837 0.000000
vt 0.000000 -0.000000 0.000000
vt 0.000806 -0.008940 0.000000
vt 0.025000 -0.000000 0.000000
vt 0.025629 -0.005571 0.000000
vt 0.003197 -0.017592 0.000000
vt 0.027483 -0.010861 0.000000
vt 0.007097 -0.025677 0.000000
vt 0.012379 -0.032934 0.000000
vt 0.030469 -0.015606 0.000000
vt 0.018874 -0.039130 0.000000
vt 0.034437 -0.019565 0.000000
vt 0.055000 0.033333 0.000000
vt 0.057778 0.033532 0.000000
vt 0.050000 0.033333 0.000000
vt -0.057778 0.033532 0.000000
vt -0.050000 0.033333 0.000000
vt -0.055000 0.033333 0.000000
vt -0.060579 0.034131 0.000000
vt 0.060579 0.034131 0.000000
vt 0.063292 0.035134 0.000000
vt -0.063292 0.035134 0.000000
vt 0.065820 0.036521 0.000000
vt -0.065820 0.036521 0.000000
vt 0.068086 0.038219 0.000000
vt -0.068086 0.038219 0.000000
vt -0.070036 0.040169 0.000000
vt 0.070036 0.040169 0.000000
vt -0.071727 0.042425 0.000000
vt 0.071727 0.042425 0.000000
vt 0.073106 0.044942 0.000000
vt -0.073106 0.044942 0.000000
vt 0.046083 0.032940 0.000000
vt -0.046083 0.032940 0.000000
vt 0.042210 0.031754 0.000000
vt -0.042210 0.031754 0.000000
vt 0.038666 0.029802 0.000000
vt -0.038666 0.029802 0.000000
vt 0.035670 0.027270 0.000000
vt -0.035670 0.027270 0.000000
vt -0.033235 0.024176 0.000000
vt -0.031411 0.020575 0.000000
vt 0.031411 0.020575 0.000000
vt 0.033235 0.024176 0.000000
vt -0.030342 0.016678 0.000000
vt 0.030342 0.016678 0.000000
vt 0.030000 0.012757 0.000000
vt -0.030000 0.012757 0.000000
vt -0.030000 0.008505 0.000000
vt -0.030000 0.004252 0.000000
vt 0.030000 0.004252 0.000000
vt 0.030000 0.008505 0.000000
vt -0.030000 0.000000 0.000000
vt 0.030000 0.000000 0.000000
vt 0.075000 0.016853 0.000000
vt 0.075000 0.022471 0.000000
vt -0.000000 0.016853 0.000000
vt -0.075000 0.022471 0.000000
vt -0.075000 0.016853 0.000000
vt -0.000000 0.011236 0.000000
vt -0.075000 0.011236 0.000000
vt -0.000000 0.005618 0.000000
vt -0.075000 0.005618 0.000000
vt -0.075000 0.000000 0.000000
vt 0.075000 0.000000 0.000000
vt 0.075000 0.005618 0.000000
vt 0.075000 0.011236 0.000000
vt 0.014505 -0.978821 0.000000
vt 0.029340 -0.922505 0.000000
vt 0.030000 -0.917410 0.000000
vt 0.029706 -0.920827 0.000000
vt 0.029926 -0.919125 0.000000
vt 0.030000 -0.639778 0.000000
vt -0.030000 -0.639778 0.000000
vt 0.001787 -0.989893 0.000000
vt 0.005258 -0.989048 0.000000
vt 0.030522 -0.634000 0.000000
vt -0.030522 -0.634000 0.000000
vt -0.030000 -0.917410 0.000000
vt -0.014505 -0.978821 0.000000
vt -0.008431 -0.987406 0.000000
vt -0.005258 -0.989048 0.000000
vt -0.029926 -0.919125 0.000000
vt -0.029706 -0.920827 0.000000
vt -0.029340 -0.922505 0.000000
vt -0.013190 -0.982143 0.000000
vt -0.011126 -0.985060 0.000000
vt -0.001787 -0.989893 0.000000
vt 0.008431 -0.987406 0.000000
vt 0.011126 -0.985060 0.000000
vt 0.013190 -0.982143 0.000000
vt -0.000000 0.000000 0.000000
vt 0.002900 0.005626 0.000000
vt -0.023492 0.008551 0.000000
vt -0.019172 0.017521 0.000000
vt 0.007121 0.010343 0.000000
vt 0.012391 0.013849 0.000000
vt -0.013160 0.025458 0.000000
vt 0.018372 0.015920 0.000000
vt -0.005695 0.032046 0.000000
vt 0.002928 0.037025 0.000000
vt 0.024682 0.016421 0.000000
vt 0.012366 0.040196 0.000000
vt 0.022246 0.041434 0.000000
vt 0.032175 0.040690 0.000000
vt 0.041759 0.037993 0.000000
vt 0.050620 0.033451 0.000000
vt 0.030915 0.015322 0.000000
vt 0.058404 0.027243 0.000000
vt 0.036673 0.012693 0.000000
vt 0.064804 0.019615 0.000000
vt 0.041586 0.008701 0.000000
vt 0.069566 0.010871 0.000000
vt 0.045339 0.003604 0.000000
vt 0.072501 0.001357 0.000000
vt 0.047691 -0.002272 0.000000
vt 0.073492 -0.008551 0.000000
vt 0.048492 -0.008551 0.000000
vt 1.202912 0.012500 0.000000
vt 1.097655 0.012500 0.000000
vt 1.197001 -0.012500 0.000000
vt 1.097655 -0.012500 0.000000
vt 0.115000 0.012500 0.000000
vt 0.035000 0.012500 0.000000
vt 0.115000 -0.012500 0.000000
vt 0.035000 -0.012500 0.000000
vt -0.012500 -0.043260 0.000000
vt 0.012500 -0.043260 0.000000
vt -0.012500 -0.039679 0.000000
vt 0.012500 -0.039679 0.000000
vt 0.012500 -0.036097 0.000000
vt -0.012500 -0.036097 0.000000
vt 0.012500 -0.032516 0.000000
vt -0.012500 -0.032516 0.000000
vt 0.012500 -0.028934 0.000000
vt -0.012500 -0.028934 0.000000
vt 0.012500 -0.025353 0.000000
vt -0.012500 -0.025353 0.000000
vt 0.012500 -0.021771 0.000000
vt -0.012500 -0.021771 0.000000
vt 0.012500 -0.018190 0.000000
vt -0.012500 -0.018190 0.000000
vt 0.012500 -0.014608 0.000000
vt -0.012500 -0.014608 0.000000
vt 0.012500 -0.011027 0.000000
vt -0.012500 -0.011027 0.000000
vt 0.012500 -0.007445 0.000000
vt -0.012500 -0.007445 0.000000
vt -0.012500 -0.003864 0.000000
vt 0.012500 -0.003864 0.000000
vt -0.025000 -0.012500 0.000000
vt -0.020000 -0.012500 0.000000
vt -0.025000 -0.012082 0.000000
vt -0.020000 0.012500 0.000000
vt -0.025000 0.012500 0.000000
vt -0.058238 -0.012500 0.000000
vt 0.000000 -0.012500 0.000000
vt -0.058238 0.012500 0.000000
vt 0.000000 0.012500 0.000000
vt 0.023381 0.012620 0.000000
vt 0.007343 0.000000 0.000000
vt 0.024278 0.008464 0.000000
vt 0.024819 0.004247 0.000000
vt 0.025000 0.000000 0.000000
vt -0.002590 0.012500 0.000000
vt -0.060828 0.012500 0.000000
vt -0.002590 -0.012500 0.000000
vt -0.060828 -0.012500 0.000000
vn -0.100000 -0.000000 0.000000
vn -0.100000 -0.000000 0.000000
vn -0.099632 0.000000 -0.008575
vn -0.099632 0.000000 -0.008575
vn -0.098529 0.000000 -0.017087
vn -0.098529 0.000000 -0.017087
vn -0.096701 0.000000 -0.025473
vn -0.096701 0.000000 -0.025473
vn -0.100000 0.000000 -0.000000
vn -0.100000 0.000000 -0.000000
vn -0.100000 0.000000 -0.000000
vn 0.000000 -0.100000 -0.000000
vn 0.000000 -0.100000 -0.000000
vn 0.000000 -0.100000 -0.000000
vn 0.000000 -0.100000 -0.000000
vn 0.000000 -0.100000 -0.000000
vn 0.000000 -0.100000 -0.000000
vn 0.000000 -0.100000 -0.000000
vn 0.000000 -0.100000 -0.000000
vn 0.000000 -0.100000 -0.000000
vn 0.000000 -0.100000 -0.000000
vn 0.000000 -0.100000 -0.000000
vn 0.000000 -0.100000 -0.000000
vn 0.000000 -0.100000 -0.000000
vn 0.000000 -0.100000 -0.000000
vn 0.000000 -0.100000 -0.000000
vn 0.000000 -0.100000 -0.000000
vn 0.000000 -0.100000 -0.000000
vn 0.000000 -0.100000 -0.000000
vn 0.000000 -0.100000 -0.000000
vn 0.000000 -0.100000 -0.000000
vn 0.000000 -0.100000 -0.000000
vn 0.000000 -0.100000 -0.000000
vn 0.100000 0.000000 -0.000000
vn 0.100000 0.000000 -0.000000
vn 0.099632 0.000000 -0.008575
vn 0.099632 0.000000 -0.008575
vn 0.098529 0.000000 -0.017087
vn 0.098529 0.000000 -0.017087
vn 0.096701 0.000000 -0.025473
vn 0.096701 0.000000 -0.025473
vn 0.100000 0.000000 -0.000000
vn 0.100000 0.000000 -0.000000
vn 0.100000 0.000000 -0.000000
vn 0.100000 -0.000000 -0.000000
vn 0.100000 0.000000 0.000000
vn 0.097112 0.000000 0.023859
vn 0.097112 0.000000 0.023859
vn 0.088615 0.000000 0.046340
vn 0.088615 0.000000 0.046340
vn 0.075000 0.000000 0.066144
vn 0.075000 0.000000 0.066144
vn 0.057053 0.000000 0.082128
vn 0.057053 0.000000 0.082128
vn 0.035811 0.000000 0.093368
vn 0.035811 0.000000 0.093368
vn 0.012500 0.000000 0.099216
vn 0.012500 0.000000 0.099216
vn 0.100000 -0.000000 -0.000000
vn 0.100000 -0.000000 -0.000000
vn 0.035811 0.000000 0.093368
vn 0.035811 0.000000 0.093368
vn 0.057053 0.000000 0.082128
vn 0.057053 0.000000 0.082128
vn 0.075000 0.000000 0.066144
vn 0.075000 0.000000 0.066144
vn 0.088615 0.000000 0.046340
vn 0.088615 0.000000 0.046340
vn 0.097112 0.000000 0.023859
vn 0.097112 0.000000 0.023859
vn 0.100000 0.000000 0.000000
vn 0.100000 -0.000000 -0.000000
vn 0.100000 0.000000 0.000000
vn 0.100000 0.000000 0.000000
vn 0.000000 -0.100000 0.000000
vn 0.000000 -0.100000 0.000000
vn 0.000000 -0.100000 0.000000
vn 0.000000 -0.100000 0.000000
vn 0.000000 -0.100000 0.000000
vn 0.000000 -0.100000 0.000000
vn 0.000000 -0.100000 0.000000
vn 0.000000 -0.100000 0.000000
vn 0.000000 -0.100000 0.000000
vn 0.000000 -0.100000 0.000000
vn 0.000000 -0.100000 0.000000
vn 0.000000 -0.100000 0.000000
vn 0.000000 -0.100000 0.000000
vn 0.000000 -0.100000 0.000000
vn 0.000000 -0.100000 0.000000
vn 0.000000 -0.100000 0.000000
vn 0.000000 -0.100000 0.000000
vn 0.000000 -0.100000 0.000000
vn 0.000000 -0.100000 0.000000
vn 0.000000 -0.100000 0.000000
vn 0.000000 -0.100000 0.000000
vn 0.000000 -0.100000 0.000000
vn 0.000000 -0.100000 0.000000
vn 0.000000 -0.100000 0.000000
vn 0.000000 -0.100000 0.000000
vn 0.000000 -0.100000 0.000000
vn 0.000000 -0.100000 0.000000
vn 0.000000 -0.100000 0.000000
vn 0.000000 -0.100000 0.000000
vn 0.000000 -0.100000 0.000000
vn -0.100000 0.000000 0.000000
vn -0.100000 -0.000000 -0.000000
vn -0.097112 0.000000 0.023859
vn -0.097112 0.000000 0.023859
vn -0.088615 0.000000 0.046340
vn -0.088615 0.000000 0.046340
vn -0.075000 0.000000 0.066144
vn -0.075000 0.000000 0.066144
vn -0.057053 0.000000 0.082128
vn -0.057053 0.000000 0.082128
vn -0.035811 0.000000 0.093368
vn -0.035811 0.000000 0.093368
vn -0.012500 0.000000 0.099216
vn -0.012500 0.000000 0.099216
vn -0.100000 0.000000 0.000000
vn -0.100000 0.000000 0.000000
vn -0.035811 0.000000 0.093368
vn -0.035811 0.000000 0.093368
vn -0.057053 0.000000 0.082128
vn -0.057053 0.000000 0.082128
vn -0.075000 0.000000 0.066144
vn -0.075000 0.000000 0.066144
vn -0.088615 0.000000 0.046340
vn -0.088615 0.000000 0.046340
vn -0.097112 0.000000 0.023859
vn -0.097112 0.000000 0.023859
vn -0.100000 -0.000000 -0.000000
vn -0.100000 0.000000 0.000000
vn -0.100000 -0.000000 -0.000000
vn -0.100000 -0.000000 -0.000000
vn 0.000000 0.100000 -0.000000
vn 0.000000 0.100000 -0.000000
vn 0.000000 0.100000 -0.000000
vn 0.000000 0.100000 -0.000000
vn 0.000000 0.100000 -0.000000
vn 0.000000 0.100000 -0.000000
vn 0.000000 0.100000 -0.000000
vn 0.000000 0.100000 -0.000000
vn 0.000000 0.100000 -0.000000
vn 0.000000 0.100000 -0.000000
vn 0.000000 0.100000 -0.000000
vn 0.000000 0.100000 -0.000000
vn 0.000000 0.100000 -0.000000
vn 0.000000 0.100000 -0.000000
vn 0.000000 0.100000 -0.000000
vn 0.000000 0.100000 -0.000000
vn 0.000000 0.100000 -0.000000
vn 0.000000 0.100000 -0.000000
vn 0.000000 0.100000 -0.000000
vn 0.000000 0.100000 -0.000000
vn 0.000000 0.100000 -0.000000
vn 0.000000 0.100000 -0.000000
vn 0.000000 0.100000 -0.000000
vn 0.000000 0.100000 -0.000000
vn 0.000000 0.100000 -0.000000
vn 0.000000 0.100000 -0.000000
vn 0.000000 0.100000 -0.000000
vn 0.000000 0.100000 -0.000000
vn 0.000000 0.100000 -0.000000
vn 0.000000 0.100000 -0.000000
vn 0.000000 -0.061837 -0.078589
vn 0.000000 -0.061837 -0.078589
vn -0.019590 -0.060639 -0.077066
vn -0.025882 -0.059730 -0.075911
vn -0.038951 -0.056953 -0.072382
vn -0.050000 -0.053552 -0.068060
vn -0.056685 -0.050943 -0.064743
vn -0.070711 -0.043725 -0.055571
vn -0.071649 -0.043137 -0.054823
vn -0.083851 -0.033694 -0.042822
vn -0.086603 -0.030918 -0.039294
vn -0.092944 -0.022817 -0.028998
vn -0.096593 -0.016005 -0.020340
vn -0.098317 -0.011296 -0.014357
vn -0.100000 -0.000000 -0.000000
vn -0.097389 -0.014039 -0.017843
vn -0.092984 -0.022754 -0.028918
vn -0.085682 -0.031884 -0.040521
vn -0.076007 -0.040185 -0.051071
vn -0.063991 -0.047519 -0.060392
vn -0.049753 -0.053640 -0.068171
vn -0.033872 -0.058182 -0.073943
vn -0.017017 -0.060935 -0.077442
vn 0.000000 -0.061837 -0.078589
vn 0.000000 -0.061837 -0.078589
vn 0.000000 -0.061837 -0.078589
vn 0.100000 0.000000 0.000000
vn 0.100000 0.000000 0.000000
vn 0.098317 -0.011296 -0.014357
vn 0.096593 -0.016005 -0.020340
vn 0.092944 -0.022817 -0.028998
vn 0.086603 -0.030918 -0.039294
vn 0.083851 -0.033694 -0.042822
vn 0.070711 -0.043725 -0.055571
vn 0.071649 -0.043137 -0.054823
vn 0.056685 -0.050943 -0.064743
vn 0.050000 -0.053552 -0.068060
vn 0.038951 -0.056953 -0.072382
vn 0.025882 -0.059730 -0.075911
vn 0.019590 -0.060639 -0.077066
vn 0.000000 -0.061837 -0.078589
vn 0.000000 -0.061837 -0.078589
vn 0.092984 -0.022754 -0.028918
vn 0.096593 -0.016005 -0.020340
vn 0.097389 -0.014039 -0.017843
vn 0.100000 0.000000 -0.000000
vn 0.086603 -0.030918 -0.039294
vn 0.085682 -0.031884 -0.040521
vn 0.076007 -0.040185 -0.051071
vn 0.070711 -0.043725 -0.055571
vn 0.063991 -0.047519 -0.060392
vn 0.049753 -0.053640 -0.068171
vn 0.033872 -0.058182 -0.073943
vn 0.017017 -0.060935 -0.077442
vn 0.000000 -0.061837 -0.078589
vn 0.100000 0.000000 0.000000
vn 0.100000 0.000000 0.000000
vn 0.100000 0.000000 0.000000
vn 0.083648 -0.033887 -0.043067
vn 0.082834 -0.034643 -0.044028
vn 0.090531 -0.026266 -0.033381
vn 0.092244 -0.023878 -0.030346
vn 0.095754 -0.017828 -0.022658
vn 0.098042 -0.012177 -0.015476
vn 0.098933 -0.009010 -0.011451
vn 0.100000 -0.000000 -0.000000
vn 0.100000 0.000000 0.000000
vn 0.075184 -0.040772 -0.051818
vn 0.070180 -0.044051 -0.055985
vn 0.065435 -0.046761 -0.059428
vn 0.055205 -0.051560 -0.065528
vn 0.054114 -0.052001 -0.066088
vn 0.041462 -0.056271 -0.071515
vn 0.037876 -0.057230 -0.072734
vn 0.027899 -0.059382 -0.075468
vn 0.019105 -0.060698 -0.077141
vn 0.013895 -0.061237 -0.077826
vn 0.000000 -0.061837 -0.078589
vn 0.000000 -0.061837 -0.078589
vn 0.100000 0.000000 0.000000
vn 0.100000 0.000000 0.000000
vn 0.000000 0.062251 -0.078261
vn 0.000000 0.062251 -0.078261
vn 0.000000 0.062251 -0.078261
vn 0.000000 0.062251 -0.078261
vn 0.000000 0.062251 -0.078261
vn 0.000000 0.062251 -0.078261
vn 0.000000 0.062251 -0.078261
vn 0.000000 0.062251 -0.078261
vn 0.000000 0.062251 -0.078261
vn 0.000000 0.062251 -0.078261
vn 0.000000 0.062251 -0.078261
vn 0.000000 0.062251 -0.078261
vn 0.000000 0.069666 -0.071741
vn 0.000000 0.078125 -0.062422
vn 0.000000 0.069666 -0.071741
vn 0.000000 0.074759 -0.066416
vn 0.000000 0.077652 -0.063010
vn 0.000000 0.078589 -0.061837
vn 0.000000 0.078589 -0.061837
vn 0.000000 0.079321 -0.060895
vn 0.000000 0.081434 -0.058039
vn 0.000000 0.084706 -0.053149
vn 0.000000 0.090070 -0.043445
vn 0.000000 0.084706 -0.053149
vn 0.000000 0.088696 -0.046186
vn 0.000000 0.092766 -0.037343
vn 0.000000 0.097486 -0.022282
vn 0.000000 0.096413 -0.026544
vn 0.000000 0.099070 -0.013609
vn 0.000000 0.099070 -0.013609
vn 0.000000 0.100000 -0.000000
vn 0.000000 0.100000 -0.000000
vn 0.000000 0.088696 -0.046186
vn 0.000000 0.092766 -0.037343
vn 0.000000 0.096413 -0.026544
vn 0.000000 0.081434 -0.058039
vn 0.000000 0.079321 -0.060895
vn 0.000000 0.078589 -0.061837
vn 0.000000 0.078589 -0.061837
vn 0.000000 0.077652 -0.063010
vn 0.000000 0.074759 -0.066416
vn -0.055205 -0.051560 -0.065528
vn -0.065435 -0.046761 -0.059428
vn -0.070180 -0.044051 -0.055985
vn -0.075184 -0.040772 -0.051818
vn -0.082834 -0.034643 -0.044028
vn -0.083648 -0.033887 -0.043067
vn -0.090531 -0.026266 -0.033381
vn -0.037876 -0.057230 -0.072734
vn -0.041462 -0.056271 -0.071515
vn -0.054114 -0.052001 -0.066088
vn -0.027899 -0.059382 -0.075468
vn -0.019105 -0.060698 -0.077141
vn -0.013895 -0.061237 -0.077826
vn -0.092244 -0.023878 -0.030346
vn -0.095754 -0.017828 -0.022658
vn -0.098042 -0.012177 -0.015476
vn -0.098933 -0.009010 -0.011451
vn -0.100000 -0.000000 -0.000000
vn -0.100000 0.000000 0.000000
vn -0.100000 0.000000 0.000000
vn -0.100000 0.000000 0.000000
vn -0.100000 0.000000 0.000000
vn -0.100000 0.000000 0.000000
vn -0.100000 0.000000 0.000000
vn -0.100000 0.000000 0.000000
vn -0.100000 0.000000 0.000000
vn -0.100000 0.000000 0.000000
vn -0.100000 0.000000 0.000000
vn -0.100000 0.000000 0.000000
vn -0.100000 0.000000 0.000000
vn 0.000000 -0.076604 -0.064279
vn 0.000000 -0.076604 -0.064279
vn 0.000000 -0.076604 -0.064279
vn 0.000000 -0.076604 -0.064279
vn 0.100000 -0.000000 0.000000
vn 0.100000 -0.000000 0.000000
vn 0.100000 -0.000000 0.000000
vn 0.100000 -0.000000 0.000000
vn 0.000000 0.076604 0.064279
vn 0.000000 0.076604 0.064279
vn 0.000000 0.059437 0.080419
vn 0.000000 0.059437 0.080419
vn 0.000000 0.038970 0.092094
vn 0.000000 0.038970 0.092094
vn 0.000000 0.016339 0.098656
vn 0.000000 0.016339 0.098656
vn 0.000000 -0.007199 0.099741
vn 0.000000 -0.007199 0.099741
vn 0.000000 -0.063168 -0.077523
vn 0.000000 -0.063168 -0.077523
vn 0.000000 -0.047484 -0.088007
vn 0.000000 -0.047484 -0.088007
vn 0.000000 -0.030109 -0.095360
vn 0.000000 -0.030109 -0.095360
vn 0.000000 -0.011663 -0.099318
vn 0.000000 -0.011663 -0.099318
vn 0.000000 0.007199 -0.099741
vn 0.000000 0.007199 -0.099741
vn 0.100000 0.000000 0.000000
vn 0.100000 0.000000 0.000000
vn 0.100000 0.000000 0.000000
vn 0.100000 0.000000 0.000000
vn 0.100000 0.000000 0.000000
vn 0.100000 0.000000 0.000000
vn 0.100000 0.000000 0.000000
vn 0.100000 0.000000 0.000000
vn 0.100000 0.000000 0.000000
vn 0.100000 0.000000 0.000000
vn 0.000000 0.076604 0.064279
vn 0.000000 0.076604 0.064279
vn 0.000000 0.090631 0.042262
vn 0.000000 0.090631 0.042262
vn 0.000000 0.098481 0.017365
vn 0.000000 0.098481 0.017365
vn 0.000000 0.099619 -0.008716
vn 0.000000 0.099619 -0.008716
vn 0.000000 0.093969 -0.034202
vn 0.000000 0.093969 -0.034202
vn -0.100000 0.000000 -0.000000
vn -0.100000 0.000000 -0.000000
vn 0.100000 0.000000 0.000000
vn 0.100000 0.000000 0.000000
vn 0.100000 0.000000 0.000000
vn 0.100000 0.000000 0.000000
vn 0.100000 0.000000 0.000000
vn 0.100000 0.000000 0.000000
vn 0.100000 0.000000 0.000000
vn 0.100000 0.000000 0.000000
vn 0.100000 0.000000 0.000000
vn 0.000000 0.093969 -0.034202
vn 0.000000 0.093969 -0.034202
vn -0.100000 -0.000000 -0.000000
vn -0.100000 -0.000000 -0.000000
vn -0.100000 -0.000000 -0.000000
vn -0.100000 -0.000000 -0.000000
vn 0.000000 -0.086603 -0.050000
vn 0.000000 -0.086603 -0.050000
vn 0.000000 -0.093969 -0.034202
vn 0.000000 -0.093969 -0.034202
vn 0.000000 -0.098481 -0.017365
vn 0.000000 -0.098481 -0.017365
vn 0.000000 -0.100000 0.000000
vn 0.000000 -0.100000 0.000000
vn 0.000000 -0.098481 0.017365
vn 0.000000 -0.098481 0.017365
vn 0.000000 -0.093969 0.034202
vn 0.000000 -0.093969 0.034202
vn -0.100000 0.000000 0.000000
vn -0.100000 0.000000 0.000000
vn -0.100000 0.000000 0.000000
vn -0.100000 0.000000 0.000000
vn -0.100000 0.000000 0.000000
vn -0.100000 0.000000 0.000000
vn -0.100000 0.000000 0.000000
vn -0.100000 0.000000 0.000000
vn -0.100000 0.000000 0.000000
vn -0.100000 0.000000 0.000000
vn -0.100000 0.000000 0.000000
vn -0.100000 0.000000 0.000000
vn -0.100000 0.000000 0.000000
vn -0.100000 0.000000 0.000000
vn -0.100000 0.000000 0.000000
vn -0.100000 0.000000 0.000000
vn -0.100000 0.000000 0.000000
vn -0.100000 0.000000 0.000000
vn -0.100000 0.000000 0.000000
vn -0.100000 0.000000 0.000000
vn -0.100000 0.000000 0.000000
vn -0.100000 0.000000 0.000000
vn -0.100000 0.000000 0.000000
vn 0.000000 -0.093969 0.034202
vn 0.000000 -0.093969 0.034202
vn 0.000000 -0.085329 0.052144
vn 0.000000 -0.085329 0.052144
vn 0.000000 -0.073305 0.068017
vn 0.000000 -0.073305 0.068017
vn 0.000000 -0.058374 0.081194
vn 0.000000 -0.058374 0.081194
vn 0.000000 -0.041129 0.091151
vn 0.000000 -0.041129 0.091151
vn 0.000000 -0.022252 0.097493
vn 0.000000 -0.022252 0.097493
vn 0.000000 -0.002493 0.099969
vn 0.000000 -0.002493 0.099969
vn -0.000000 0.017365 0.098481
vn -0.000000 0.017365 0.098481
vn -0.000000 0.036534 0.093087
vn -0.000000 0.036534 0.093087
vn -0.000000 0.054255 0.084003
vn -0.000000 0.054255 0.084003
vn -0.000000 0.069824 0.071587
vn -0.000000 0.069824 0.071587
vn -0.000000 0.082624 0.056332
vn -0.000000 0.082624 0.056332
vn -0.000000 0.092148 0.038843
vn -0.000000 0.092148 0.038843
vn -0.000000 0.098017 0.019815
vn -0.000000 0.098017 0.019815
vn 0.100000 0.000000 0.000000
vn 0.100000 0.000000 0.000000
vn -0.100000 0.000000 0.000000
vn -0.100000 0.000000 0.000000
vn -0.100000 0.000000 0.000000
vn -0.100000 0.000000 0.000000
vn -0.100000 0.000000 0.000000
vn -0.100000 0.000000 0.000000
vn -0.100000 0.000000 0.000000
vn -0.100000 0.000000 0.000000
vn 0.000000 0.082368 -0.056706
vn 0.000000 0.082368 -0.056706
vn 0.000000 0.065486 -0.075575
vn 0.000000 0.065486 -0.075575
vn 0.000000 0.044407 -0.089599
vn 0.000000 0.044407 -0.089599
vn 0.000000 0.020481 -0.097880
vn 0.000000 0.020481 -0.097880
vn 0.000000 -0.004758 -0.099887
vn 0.000000 -0.004758 -0.099887
vn 0.000000 -0.029692 -0.095490
vn 0.000000 -0.029692 -0.095490
vn 0.000000 -0.052723 -0.084973
vn 0.000000 -0.052723 -0.084973
vn 0.000000 -0.072373 -0.069008
vn 0.000000 -0.072373 -0.069008
vn 0.000000 -0.087385 -0.048620
vn 0.000000 -0.087385 -0.048620
vn 0.000000 -0.096795 -0.025115
vn 0.000000 -0.096795 -0.025115
vn 0.000000 0.098389 -0.017880
vn 0.000000 0.098389 -0.017880
vn 0.000000 0.093606 -0.035184
vn 0.000000 0.093606 -0.035184
vn 0.000000 0.085806 -0.051354
vn 0.000000 0.085806 -0.051354
vn 0.000000 0.075241 -0.065869
vn 0.000000 0.075241 -0.065869
vn 0.100000 0.000000 0.000000
vn 0.100000 0.000000 0.000000
vn 0.100000 0.000000 0.000000
vn 0.100000 0.000000 0.000000
vn 0.100000 0.000000 0.000000
vn 0.100000 0.000000 0.000000
vn 0.100000 0.000000 0.000000
vn 0.000000 -0.062251 0.078261
vn 0.000000 -0.062251 0.078261
vn 0.000000 -0.062251 0.078261
vn 0.000000 -0.062251 0.078261
vn 0.000000 -0.062251 0.078261
vn 0.000000 -0.062251 0.078261
vn 0.000000 -0.062251 0.078261
vn 0.000000 -0.062251 0.078261
vn 0.000000 -0.062251 0.078261
vn 0.000000 -0.062251 0.078261
vn -0.100000 0.000000 0.000000
vn -0.100000 0.000000 0.000000
vn -0.100000 0.000000 0.000000
vn -0.100000 0.000000 0.000000
vn -0.100000 0.000000 0.000000
vn -0.100000 0.000000 0.000000
vn -0.100000 0.000000 0.000000
vn -0.100000 0.000000 0.000000
vn -0.100000 0.000000 0.000000
vn 0.000000 -0.078589 0.061837
vn 0.000000 -0.078342 0.062149
vn 0.000000 -0.078589 0.061837
vn 0.000000 -0.078342 0.062149
vn 0.000000 -0.078589 0.061837
vn 0.000000 -0.078589 0.061837
vn 0.000000 -0.077593 0.063082
vn 0.000000 -0.077593 0.063082
vn 0.000000 -0.076311 0.064627
vn 0.000000 -0.076311 0.064627
vn 0.000000 -0.074489 0.066719
vn 0.000000 -0.074489 0.066719
vn 0.000000 -0.072181 0.069209
vn 0.000000 -0.072181 0.069209
vn 0.000000 -0.069428 0.071970
vn 0.000000 -0.069428 0.071970
vn 0.000000 -0.066110 0.075029
vn 0.000000 -0.066110 0.075029
vn 0.000000 -0.079072 0.061218
vn 0.000000 -0.079072 0.061218
vn 0.000000 -0.080503 0.059323
vn 0.000000 -0.080503 0.059323
vn 0.000000 -0.082756 0.056137
vn 0.000000 -0.082756 0.056137
vn 0.000000 -0.085492 0.051877
vn 0.000000 -0.085492 0.051877
vn 0.000000 -0.088536 0.046490
vn 0.000000 -0.091652 0.039998
vn 0.000000 -0.091652 0.039998
vn 0.000000 -0.088536 0.046490
vn 0.000000 -0.094488 0.032741
vn 0.000000 -0.094488 0.032741
vn 0.000000 -0.096763 0.025239
vn 0.000000 -0.096763 0.025239
vn 0.000000 -0.098557 0.016928
vn 0.000000 -0.099639 0.008495
vn 0.000000 -0.099639 0.008495
vn 0.000000 -0.098557 0.016928
vn 0.000000 -0.097486 0.022282
vn 0.000000 -0.097486 0.022282
vn 0.000000 -0.097486 0.022282
vn 0.000000 -0.090070 0.043445
vn 0.000000 -0.090070 0.043445
vn 0.000000 -0.078125 0.062422
vn 0.000000 -0.078125 0.062422
vn 0.000000 -0.078125 0.062422
vn 0.000000 -0.090070 0.043445
vn 0.000000 0.100000 0.000000
vn 0.000000 0.100000 0.000000
vn 0.000000 0.100000 0.000000
vn 0.000000 0.100000 0.000000
vn 0.000000 0.100000 0.000000
vn 0.000000 0.100000 0.000000
vn 0.000000 0.100000 0.000000
vn 0.000000 0.100000 0.000000
vn 0.000000 0.100000 0.000000
vn 0.000000 0.100000 0.000000
vn 0.000000 0.100000 0.000000
vn 0.000000 0.100000 0.000000
vn 0.000000 0.100000 0.000000
vn 0.000000 0.100000 0.000000
vn 0.000000 0.100000 0.000000
vn 0.000000 0.100000 0.000000
vn 0.000000 0.100000 0.000000
vn 0.000000 0.100000 0.000000
vn 0.000000 0.100000 0.000000
vn 0.000000 0.100000 0.000000
vn 0.000000 0.100000 0.000000
vn 0.000000 0.100000 0.000000
vn 0.000000 0.100000 0.000000
vn 0.000000 0.100000 0.000000
vn 0.100000 0.000000 0.000000
vn 0.100000 0.000000 0.000000
vn 0.100000 0.000000 0.000000
vn 0.100000 0.000000 0.000000
vn 0.100000 0.000000 0.000000
vn 0.100000 0.000000 0.000000
vn 0.100000 0.000000 0.000000
vn 0.100000 0.000000 0.000000
vn 0.100000 0.000000 0.000000
vn 0.100000 0.000000 0.000000
vn 0.100000 0.000000 0.000000
vn 0.100000 0.000000 0.000000
vn 0.100000 0.000000 0.000000
vn 0.100000 0.000000 0.000000
vn 0.100000 0.000000 0.000000
vn 0.100000 0.000000 0.000000
vn 0.100000 0.000000 0.000000
vn 0.100000 0.000000 0.000000
vn 0.100000 0.000000 0.000000
vn 0.100000 0.000000 0.000000
vn 0.100000 0.000000 0.000000
vn 0.100000 0.000000 0.000000
vn 0.100000 0.000000 0.000000
vn -0.000000 0.099741 0.007199
vn -0.000000 0.099741 0.007199
vn -0.000000 0.099741 0.007199
vn -0.000000 0.099741 0.007199
vn -0.096701 0.000000 -0.025473
vn -0.096701 0.000000 -0.025473
vn -0.087933 0.000000 -0.047621
vn -0.087933 0.000000 -0.047621
vn -0.074176 0.000000 -0.067067
vn -0.074176 0.000000 -0.067067
vn -0.056210 0.000000 -0.082707
vn -0.056210 0.000000 -0.082707
vn -0.035054 0.000000 -0.093655
vn -0.035054 0.000000 -0.093655
vn -0.011910 0.000000 -0.099288
vn -0.011910 0.000000 -0.099288
vn 0.011910 0.000000 -0.099288
vn 0.011910 0.000000 -0.099288
vn 0.035054 0.000000 -0.093655
vn 0.035054 0.000000 -0.093655
vn 0.056210 0.000000 -0.082707
vn 0.056210 0.000000 -0.082707
vn 0.074176 0.000000 -0.067067
vn 0.074176 0.000000 -0.067067
vn 0.087933 0.000000 -0.047621
vn 0.087933 0.000000 -0.047621
vn 0.096701 0.000000 -0.025473
vn 0.096701 0.000000 -0.025473
vn -0.096701 0.000000 -0.025473
vn -0.096701 0.000000 -0.025473
vn -0.100000 -0.000000 0.000000
vn -0.100000 -0.000000 0.000000
usemtl Aluminum_-_Satin
f 8/1/1 1/2/2 7/3/3
f 7/3/3 1/2/2 2/4/4
f 7/3/3 2/4/4 6/5/5
f 6/5/5 2/4/4 3/6/6
f 6/5/5 3/6/6 5/7/7
f 5/7/7 3/6/6 4/8/8
f 11/9/9 1/10/2 10/11/10
f 10/11/10 1/10/2 8/12/1
f 10/11/10 8/12/1 9/13/11
f 7/14/12 6/15/13 8/16/14
f 8/16/14 6/15/13 5/17/15
f 8/16/14 5/17/15 12/18/16
f 13/19/17 14/20/18 12/18/16
f 12/18/16 14/20/18 15/21/19
f 12/18/16 15/21/19 9/22/20
f 9/22/20 15/21/19 16/23/21
f 9/22/20 16/23/21 17/24/22
f 17/24/22 18/25/23 9/22/20
f 9/22/20 18/25/23 28/26/24
f 28/26/24 18/25/23 19/27/25
f 28/26/24 19/27/25 20/28/26
f 28/26/24 20/28/26 23/29/27
f 23/29/27 20/28/26 21/30/28
f 23/29/27 21/30/28 22/31/29
f 28/26/24 23/29/27 27/32/30
f 27/32/30 23/29/27 24/33/31
f 27/32/30 24/33/31 25/34/32
f 25/34/32 26/35/33 27/32/30
f 9/22/20 8/16/14 12/18/16
f 32/36/34 27/37/35 31/38/36
f 31/38/36 27/37/35 26/39/37
f 31/38/36 26/39/37 30/40/38
f 30/40/38 26/39/37 25/41/39
f 30/40/38 25/41/39 29/42/40
f 29/42/40 25/41/39 24/43/41
f 28/44/42 27/45/35 34/46/43
f 34/46/43 27/45/35 32/47/34
f 34/46/43 32/47/34 33/48/44
f 48/49/45 35/50/46 47/51/47
f 47/51/47 35/50/46 36/52/48
f 47/51/47 36/52/48 46/53/49
f 46/53/49 36/52/48 37/54/50
f 46/53/49 37/54/50 45/55/51
f 45/55/51 37/54/50 38/56/52
f 45/55/51 38/56/52 44/57/53
f 44/57/53 38/56/52 39/58/54
f 44/57/53 39/58/54 43/59/55
f 43/59/55 39/58/54 40/60/56
f 43/59/55 40/60/56 42/61/57
f 42/61/57 40/60/56 41/62/58
f 48/63/45 49/64/59 35/65/46
f 35/65/46 49/64/59 50/66/60
f 42/67/57 41/68/58 62/69/61
f 62/69/61 41/68/58 51/70/62
f 62/69/61 51/70/62 61/71/63
f 61/71/63 51/70/62 52/72/64
f 61/71/63 52/72/64 60/73/65
f 60/73/65 52/72/64 53/74/66
f 60/73/65 53/74/66 59/75/67
f 59/75/67 53/74/66 54/76/68
f 59/75/67 54/76/68 58/77/69
f 58/77/69 54/76/68 55/78/70
f 58/77/69 55/78/70 57/79/71
f 57/79/71 55/78/70 56/80/72
f 56/81/72 63/82/73 57/83/71
f 57/83/71 63/82/73 64/84/74
f 51/85/75 41/86/76 56/87/77
f 56/87/77 41/86/76 40/88/78
f 56/87/77 40/88/78 63/89/79
f 63/89/79 40/88/78 39/90/80
f 63/89/79 39/90/80 38/91/81
f 38/91/81 37/92/82 63/89/79
f 63/89/79 37/92/82 68/93/83
f 63/89/79 68/93/83 79/94/84
f 79/94/84 68/93/83 69/95/85
f 79/94/84 69/95/85 70/96/86
f 68/93/83 37/92/82 67/97/87
f 67/97/87 37/92/82 36/98/88
f 67/97/87 36/98/88 66/99/89
f 66/99/89 36/98/88 35/100/90
f 66/99/89 35/100/90 65/101/91
f 65/101/91 35/100/90 50/102/92
f 70/96/86 71/103/93 79/94/84
f 79/94/84 71/103/93 78/104/94
f 78/104/94 71/103/93 72/105/95
f 78/104/94 72/105/95 73/106/96
f 73/106/96 74/107/97 78/104/94
f 78/104/94 74/107/97 75/108/98
f 78/104/94 75/108/98 76/109/99
f 76/109/99 77/110/100 78/104/94
f 55/111/101 54/112/102 56/87/77
f 56/87/77 54/112/102 53/113/103
f 56/87/77 53/113/103 52/114/104
f 52/114/104 51/85/75 56/87/77
f 66/115/105 80/116/106 67/117/107
f 67/117/107 80/116/106 81/118/108
f 67/117/107 81/118/108 68/119/109
f 68/119/109 81/118/108 82/120/110
f 68/119/109 82/120/110 69/121/111
f 69/121/111 82/120/110 83/122/112
f 69/121/111 83/122/112 70/123/113
f 70/123/113 83/122/112 84/124/114
f 70/123/113 84/124/114 71/125/115
f 71/125/115 84/124/114 85/126/116
f 71/125/115 85/126/116 72/127/117
f 72/127/117 85/126/116 86/128/118
f 66/129/105 65/130/119 80/131/106
f 80/131/106 65/130/119 87/132/120
f 72/133/117 86/134/118 73/135/121
f 73/135/121 86/134/118 88/136/122
f 73/135/121 88/136/122 74/137/123
f 74/137/123 88/136/122 89/138/124
f 74/137/123 89/138/124 75/139/125
f 75/139/125 89/138/124 90/140/126
f 75/139/125 90/140/126 76/141/127
f 76/141/127 90/140/126 91/142/128
f 76/141/127 91/142/128 77/143/129
f 77/143/129 91/142/128 92/144/130
f 77/143/129 92/144/130 78/145/131
f 78/145/131 92/144/130 93/146/132
f 93/147/132 94/148/133 78/149/131
f 78/149/131 94/148/133 79/150/134
f 43/151/135 42/152/136 57/153/137
f 57/153/137 42/152/136 62/154/138
f 57/153/137 62/154/138 61/155/139
f 61/155/139 60/156/140 57/153/137
f 57/153/137 60/156/140 59/157/141
f 57/153/137 59/157/141 58/158/142
f 57/153/137 64/159/143 43/151/135
f 43/151/135 64/159/143 44/160/144
f 44/160/144 64/159/143 45/161/145
f 45/161/145 64/159/143 46/162/146
f 46/162/146 64/159/143 94/163/147
f 46/162/146 94/163/147 82/164/148
f 82/164/148 94/163/147 83/165/149
f 83/165/149 94/163/147 84/166/150
f 84/166/150 94/163/147 85/167/151
f 85/167/151 94/163/147 93/168/152
f 85/167/151 93/168/152 86/169/153
f 86/169/153 93/168/152 88/170/154
f 88/170/154 93/168/152 89/171/155
f 89/171/155 93/168/152 90/172/156
f 90/172/156 93/168/152 91/173/157
f 91/173/157 93/168/152 92/174/158
f 46/162/146 82/164/148 47/175/159
f 47/175/159 82/164/148 81/176/160
f 47/175/159 81/176/160 48/177/161
f 48/177/161 81/176/160 80/178/162
f 48/177/161 80/178/162 49/179/163
f 49/179/163 80/178/162 87/180/164
f 109/181/165 95/182/166 108/183/167
f 108/183/167 95/182/166 96/184/168
f 108/183/167 96/184/168 107/185/169
f 107/185/169 96/184/168 97/186/170
f 107/185/169 97/186/170 106/187/171
f 106/187/171 97/186/170 98/188/172
f 106/187/171 98/188/172 105/189/173
f 105/189/173 98/188/172 104/190/174
f 104/190/174 98/188/172 99/191/175
f 104/190/174 99/191/175 103/192/176
f 103/192/176 99/191/175 100/193/177
f 103/192/176 100/193/177 102/194/178
f 102/194/178 100/193/177 10/195/10
f 102/194/178 10/195/10 101/196/179
f 11/197/9 10/198/10 110/199/180
f 110/199/180 10/198/10 100/200/177
f 110/199/180 100/200/177 118/201/181
f 118/201/181 100/200/177 99/202/175
f 118/201/181 99/202/175 117/203/182
f 117/203/182 99/202/175 116/204/183
f 116/204/183 99/202/175 98/205/172
f 116/204/183 98/205/172 115/206/184
f 115/206/184 98/205/172 97/207/170
f 115/206/184 97/207/170 114/208/185
f 114/208/185 97/207/170 113/209/186
f 113/209/186 97/207/170 96/210/168
f 113/209/186 96/210/168 112/211/187
f 112/211/187 96/210/168 95/212/166
f 112/211/187 95/212/166 111/213/188
f 111/214/188 95/215/166 120/216/189
f 120/216/189 95/215/166 119/217/190
f 119/217/190 95/215/166 109/218/165
f 135/219/191 34/220/192 134/221/193
f 134/221/193 34/220/192 121/222/194
f 134/221/193 121/222/194 133/223/195
f 133/223/195 121/222/194 122/224/196
f 133/223/195 122/224/196 132/225/197
f 132/225/197 122/224/196 123/226/198
f 132/225/197 123/226/198 131/227/199
f 131/227/199 123/226/198 130/228/200
f 130/228/200 123/226/198 124/229/201
f 130/228/200 124/229/201 129/230/202
f 129/230/202 124/229/201 125/231/203
f 129/230/202 125/231/203 128/232/204
f 128/232/204 125/231/203 126/233/205
f 128/232/204 126/233/205 127/234/206
f 137/235/207 121/236/208 136/237/209
f 136/237/209 121/236/208 34/238/210
f 136/237/209 34/238/210 33/239/44
f 121/236/208 137/235/207 122/240/211
f 122/240/211 137/235/207 138/241/212
f 122/240/211 138/241/212 139/242/213
f 122/240/211 139/242/213 123/243/214
f 123/243/214 139/242/213 140/244/215
f 123/243/214 140/244/215 124/245/201
f 124/245/201 140/244/215 141/246/216
f 124/245/201 141/246/216 142/247/217
f 124/245/201 142/247/217 125/248/203
f 125/248/203 142/247/217 143/249/218
f 125/248/203 143/249/218 126/250/205
f 126/250/205 143/249/218 144/251/219
f 135/252/191 145/253/220 34/254/192
f 34/254/192 145/253/220 146/255/221
f 34/254/192 146/255/221 28/256/222
f 148/257/223 161/258/224 147/259/225
f 147/259/225 161/258/224 162/260/226
f 147/259/225 162/260/226 167/261/227
f 167/261/227 162/260/226 163/262/228
f 167/261/227 163/262/228 166/263/229
f 166/263/229 163/262/228 164/264/230
f 166/263/229 164/264/230 165/265/231
f 148/257/223 149/266/232 161/258/224
f 161/258/224 149/266/232 160/267/233
f 160/267/233 149/266/232 150/268/234
f 160/267/233 150/268/234 159/269/235
f 159/269/235 150/268/234 151/270/236
f 159/269/235 151/270/236 152/271/237
f 159/269/235 152/271/237 158/272/238
f 158/272/238 152/271/237 153/273/239
f 158/272/238 153/273/239 157/274/240
f 157/274/240 153/273/239 154/275/241
f 157/274/240 154/275/241 156/276/242
f 156/276/242 154/275/241 155/277/243
f 165/278/231 164/279/230 169/280/244
f 169/280/244 164/279/230 168/281/245
f 163/282/246 160/283/247 164/284/248
f 164/284/248 160/283/247 170/285/249
f 164/284/248 170/285/249 174/286/250
f 174/286/250 170/285/249 173/287/251
f 173/287/251 170/285/249 172/288/252
f 172/288/252 170/285/249 171/289/253
f 163/282/246 162/290/254 160/283/247
f 160/283/247 162/290/254 161/291/255
f 175/292/256 168/293/257 174/286/250
f 174/286/250 168/293/257 164/284/248
f 159/294/258 179/295/259 160/296/247
f 160/296/247 179/295/259 178/297/260
f 160/296/247 178/297/260 170/298/249
f 159/294/258 158/299/261 179/295/259
f 179/295/259 158/299/261 157/300/262
f 179/295/259 157/300/262 156/301/263
f 156/301/263 144/302/264 179/295/259
f 179/295/259 144/302/264 143/303/265
f 179/295/259 143/303/265 142/304/266
f 142/304/266 141/305/267 179/295/259
f 179/295/259 141/305/267 180/306/268
f 179/295/259 180/306/268 114/307/269
f 114/307/269 180/306/268 115/308/270
f 115/308/270 180/306/268 116/309/271
f 116/309/271 180/306/268 181/310/272
f 116/309/271 181/310/272 117/311/273
f 117/311/273 181/310/272 118/312/274
f 118/312/274 181/310/272 137/313/275
f 118/312/274 137/313/275 110/314/276
f 110/314/276 137/313/275 136/315/277
f 141/305/267 140/316/278 180/306/268
f 180/306/268 140/316/278 139/317/279
f 180/306/268 139/317/279 181/310/272
f 181/310/272 139/317/279 138/318/280
f 181/310/272 138/318/280 137/313/275
f 114/307/269 113/319/281 179/295/259
f 179/295/259 113/319/281 112/320/282
f 179/295/259 112/320/282 111/321/283
f 111/321/283 120/322/284 179/295/259
f 179/295/259 120/322/284 176/323/285
f 179/295/259 176/323/285 177/324/286
f 177/324/286 178/297/260 179/295/259
f 178/325/287 186/326/288 170/327/289
f 170/327/289 186/326/288 187/328/290
f 170/327/289 187/328/290 171/329/291
f 171/329/291 187/328/290 188/330/292
f 171/329/291 188/330/292 189/331/293
f 177/332/294 184/333/295 178/325/287
f 178/325/287 184/333/295 185/334/296
f 178/325/287 185/334/296 186/326/288
f 184/333/295 177/332/294 183/335/297
f 183/335/297 177/332/294 176/336/298
f 183/335/297 176/336/298 182/337/299
f 182/337/299 176/336/298 120/338/189
f 182/337/299 120/338/189 119/339/190
f 171/329/291 189/331/293 172/340/300
f 172/340/300 189/331/293 190/341/301
f 172/340/300 190/341/301 173/342/302
f 173/342/302 190/341/301 191/343/303
f 173/342/302 191/343/303 174/344/304
f 174/344/304 191/343/303 192/345/305
f 194/346/306 195/347/307 193/348/308
f 193/348/308 195/347/307 203/349/309
f 203/349/309 195/347/307 196/350/310
f 203/349/309 196/350/310 202/351/311
f 202/351/311 196/350/310 201/352/312
f 201/352/312 196/350/310 197/353/313
f 201/352/312 197/353/313 200/354/314
f 200/354/314 197/353/313 198/355/315
f 200/354/314 198/355/315 199/356/316
f 193/357/317 204/358/318 206/359/319
f 206/359/319 204/358/318 205/360/320
f 207/361/321 208/362/322 204/363/323
f 204/363/323 208/362/322 205/364/324
f 194/365/325 207/366/326 195/367/327
f 195/367/327 207/366/326 209/368/328
f 195/367/327 209/368/328 196/369/329
f 196/369/329 209/368/328 210/370/330
f 196/369/329 210/370/330 197/371/331
f 197/371/331 210/370/330 211/372/332
f 197/371/331 211/372/332 198/373/333
f 198/373/333 211/372/332 212/374/334
f 204/375/318 193/376/317 217/377/335
f 217/377/335 193/376/317 203/378/336
f 217/377/335 203/378/336 216/379/337
f 216/379/337 203/378/336 202/380/338
f 216/379/337 202/380/338 215/381/339
f 215/381/339 202/380/338 201/382/340
f 215/381/339 201/382/340 214/383/341
f 214/383/341 201/382/340 200/384/342
f 214/383/341 200/384/342 213/385/343
f 213/385/343 200/384/342 199/386/344
f 208/387/322 218/388/345 205/389/324
f 205/389/324 218/388/345 227/390/346
f 227/390/346 218/388/345 219/391/347
f 227/390/346 219/391/347 226/392/348
f 226/392/348 219/391/347 225/393/349
f 225/393/349 219/391/347 220/394/350
f 225/393/349 220/394/350 224/395/351
f 224/395/351 220/394/350 223/396/352
f 223/396/352 220/394/350 222/397/353
f 222/397/353 220/394/350 221/398/354
f 208/399/355 228/400/356 218/401/357
f 218/401/357 228/400/356 229/402/358
f 218/401/357 229/402/358 219/403/359
f 219/403/359 229/402/358 230/404/360
f 219/403/359 230/404/360 220/405/361
f 220/405/361 230/404/360 231/406/362
f 220/405/361 231/406/362 221/407/363
f 221/407/363 231/406/362 232/408/364
f 193/409/308 206/410/365 194/411/306
f 194/411/306 206/410/365 228/412/366
f 207/413/321 204/414/323 209/415/367
f 209/415/367 204/414/323 217/416/368
f 209/415/367 217/416/368 210/417/369
f 210/417/369 217/416/368 216/418/370
f 210/417/369 216/418/370 215/419/371
f 210/417/369 215/419/371 211/420/372
f 211/420/372 215/419/371 214/421/373
f 211/420/372 214/421/373 212/422/374
f 212/422/374 214/421/373 213/423/375
f 221/424/363 232/425/364 234/426/376
f 234/426/376 232/425/364 233/427/377
f 235/428/378 236/429/379 232/430/380
f 232/430/380 236/429/379 233/431/381
f 206/432/319 205/433/320 241/434/382
f 241/434/382 205/433/320 227/435/383
f 241/434/382 227/435/383 240/436/384
f 240/436/384 227/435/383 226/437/385
f 240/436/384 226/437/385 239/438/386
f 239/438/386 226/437/385 225/439/387
f 239/438/386 225/439/387 238/440/388
f 238/440/388 225/439/387 224/441/389
f 238/440/388 224/441/389 237/442/390
f 237/442/390 224/441/389 223/443/391
f 237/442/390 223/443/391 235/444/392
f 235/444/392 223/443/391 222/445/393
f 207/446/326 194/447/325 208/448/355
f 208/448/355 194/447/325 228/449/356
f 233/450/381 236/451/379 264/452/394
f 264/452/394 236/451/379 242/453/395
f 264/452/394 242/453/395 263/454/396
f 263/454/396 242/453/395 262/455/397
f 262/455/397 242/453/395 243/456/398
f 262/455/397 243/456/398 261/457/399
f 261/457/399 243/456/398 244/458/400
f 261/457/399 244/458/400 245/459/401
f 261/457/399 245/459/401 260/460/402
f 260/460/402 245/459/401 246/461/403
f 260/460/402 246/461/403 247/462/404
f 247/462/404 248/463/405 260/460/402
f 260/460/402 248/463/405 249/464/406
f 260/460/402 249/464/406 250/465/407
f 260/460/402 250/465/407 259/466/408
f 259/466/408 250/465/407 251/467/409
f 259/466/408 251/467/409 258/468/410
f 258/468/410 251/467/409 252/469/411
f 258/468/410 252/469/411 257/470/412
f 257/470/412 252/469/411 253/471/413
f 257/470/412 253/471/413 256/472/414
f 256/472/414 253/471/413 254/473/415
f 256/472/414 254/473/415 255/474/416
f 255/474/416 254/473/415 87/475/120
f 255/474/416 87/475/120 65/476/119
f 236/477/417 265/478/418 242/479/419
f 242/479/419 265/478/418 266/480/420
f 242/479/419 266/480/420 243/481/421
f 243/481/421 266/480/420 267/482/422
f 243/481/421 267/482/422 244/483/423
f 244/483/423 267/482/422 268/484/424
f 244/483/423 268/484/424 245/485/425
f 245/485/425 268/484/424 269/486/426
f 245/485/425 269/486/426 246/487/427
f 246/487/427 269/486/426 270/488/428
f 246/487/427 270/488/428 247/489/429
f 247/489/429 270/488/428 271/490/430
f 247/489/429 271/490/430 248/491/431
f 248/491/431 271/490/430 272/492/432
f 248/491/431 272/492/432 249/493/433
f 249/493/433 272/492/432 273/494/434
f 249/493/433 273/494/434 250/495/435
f 250/495/435 273/494/434 274/496/436
f 250/495/435 274/496/436 251/497/437
f 251/497/437 274/496/436 275/498/438
f 251/497/437 275/498/438 252/499/439
f 252/499/439 275/498/438 276/500/440
f 252/499/439 276/500/440 253/501/441
f 253/501/441 276/500/440 277/502/442
f 253/501/441 277/502/442 254/503/443
f 254/503/443 277/502/442 278/504/444
f 254/503/443 278/504/444 87/505/164
f 87/505/164 278/504/444 49/506/163
f 221/507/354 234/508/445 222/509/353
f 222/509/353 234/508/445 265/510/446
f 228/511/366 206/512/365 229/513/447
f 229/513/447 206/512/365 241/514/448
f 229/513/447 241/514/448 230/515/449
f 230/515/449 241/514/448 240/516/450
f 230/515/449 240/516/450 239/517/451
f 230/515/449 239/517/451 231/518/452
f 231/518/452 239/517/451 238/519/453
f 231/518/452 238/519/453 237/520/454
f 237/520/454 235/521/378 231/518/452
f 231/518/452 235/521/378 232/522/380
f 234/523/376 233/524/377 288/525/455
f 288/525/455 233/524/377 264/526/456
f 288/525/455 264/526/456 287/527/457
f 287/527/457 264/526/456 263/528/458
f 287/527/457 263/528/458 286/529/459
f 286/529/459 263/528/458 262/530/460
f 286/529/459 262/530/460 285/531/461
f 285/531/461 262/530/460 261/532/462
f 285/531/461 261/532/462 284/533/463
f 284/533/463 261/532/462 260/534/464
f 284/533/463 260/534/464 283/535/465
f 283/535/465 260/534/464 259/536/466
f 283/535/465 259/536/466 282/537/467
f 282/537/467 259/536/466 258/538/468
f 282/537/467 258/538/468 281/539/469
f 281/539/469 258/538/468 257/540/470
f 281/539/469 257/540/470 280/541/471
f 280/541/471 257/540/470 256/542/472
f 280/541/471 256/542/472 279/543/473
f 279/543/473 256/542/472 255/544/474
f 279/543/473 255/544/474 50/545/92
f 50/545/92 255/544/474 65/546/91
f 94/547/147 64/548/143 296/549/475
f 296/549/475 64/548/143 289/550/476
f 296/549/475 289/550/476 295/551/477
f 295/551/477 289/550/476 290/552/478
f 295/551/477 290/552/478 294/553/479
f 294/553/479 290/552/478 291/554/480
f 294/553/479 291/554/480 293/555/481
f 293/555/481 291/554/480 292/556/482
f 293/555/481 292/556/482 175/557/256
f 175/557/256 292/556/482 168/558/257
f 64/559/74 63/560/73 289/561/483
f 289/561/483 63/560/73 297/562/484
f 289/561/483 297/562/484 290/563/485
f 290/563/485 297/562/484 298/564/486
f 290/563/485 298/564/486 291/565/487
f 291/565/487 298/564/486 292/566/488
f 292/566/488 298/564/486 299/567/489
f 292/566/488 299/567/489 168/568/245
f 168/568/245 299/567/489 169/569/244
f 235/570/392 222/571/393 236/572/417
f 236/572/417 222/571/393 265/573/418
f 167/574/490 166/575/491 147/576/492
f 147/576/492 166/575/491 165/577/493
f 147/576/492 165/577/493 192/578/494
f 192/578/494 165/577/493 300/579/495
f 300/579/495 165/577/493 169/580/496
f 147/576/492 192/578/494 189/581/497
f 189/581/497 192/578/494 191/582/498
f 189/581/497 191/582/498 190/583/499
f 94/584/133 296/585/500 79/586/134
f 79/586/134 296/585/500 303/587/501
f 303/587/501 296/585/500 295/588/502
f 303/587/501 295/588/502 302/589/503
f 302/589/503 295/588/502 294/590/504
f 302/589/503 294/590/504 293/591/505
f 302/589/503 293/591/505 301/592/506
f 301/592/506 293/591/505 175/593/507
f 301/592/506 175/593/507 300/594/508
f 155/595/509 154/596/510 127/597/511
f 127/597/511 154/596/510 182/598/512
f 127/597/511 182/598/512 109/599/513
f 109/599/513 182/598/512 119/600/514
f 182/598/512 154/596/510 183/601/515
f 183/601/515 154/596/510 153/602/516
f 183/601/515 153/602/516 152/603/517
f 183/601/515 152/603/517 184/604/518
f 184/604/518 152/603/517 151/605/519
f 184/604/518 151/605/519 185/606/520
f 185/606/520 151/605/519 150/607/521
f 185/606/520 150/607/521 186/608/522
f 186/608/522 150/607/521 187/609/523
f 187/609/523 150/607/521 149/610/524
f 187/609/523 149/610/524 188/611/525
f 188/611/525 149/610/524 148/612/526
f 188/611/525 148/612/526 147/613/492
f 147/613/492 189/614/497 188/611/525
f 127/597/511 109/599/513 128/615/527
f 128/615/527 109/599/513 108/616/528
f 128/615/527 108/616/528 129/617/529
f 129/617/529 108/616/528 107/618/530
f 129/617/529 107/618/530 130/619/531
f 130/619/531 107/618/530 106/620/532
f 130/619/531 106/620/532 131/621/533
f 131/621/533 106/620/532 105/622/534
f 131/621/533 105/622/534 104/623/535
f 103/624/536 133/625/537 104/623/535
f 104/623/535 133/625/537 132/626/538
f 104/623/535 132/626/538 131/621/533
f 103/624/536 102/627/539 133/625/537
f 133/625/537 102/627/539 134/628/540
f 134/628/540 102/627/539 135/629/541
f 135/629/541 102/627/539 101/630/542
f 135/629/541 101/630/542 304/631/543
f 305/632/544 146/633/545 304/631/543
f 304/631/543 146/633/545 145/634/546
f 304/631/543 145/634/546 135/629/541
f 9/635/20 28/636/24 305/632/544
f 305/632/544 28/636/24 146/633/545
f 297/637/547 63/638/79 306/639/548
f 306/639/548 63/638/79 79/640/84
f 306/639/548 79/640/84 303/641/549
f 306/639/548 303/641/549 307/642/550
f 307/642/550 303/641/549 302/643/551
f 307/642/550 302/643/551 308/644/552
f 308/644/552 302/643/551 301/645/553
f 308/644/552 301/645/553 300/646/495
f 300/646/495 169/647/496 308/644/552
f 308/644/552 169/647/496 299/648/554
f 308/644/552 299/648/554 307/642/550
f 307/642/550 299/648/554 298/649/555
f 307/642/550 298/649/555 306/639/548
f 306/639/548 298/649/555 297/637/547
f 320/650/556 4/651/557 1/652/558
f 1/652/558 4/651/557 3/653/559
f 1/652/558 3/653/559 2/654/560
f 11/655/561 33/656/562 1/652/558
f 1/652/558 33/656/562 315/657/563
f 1/652/558 315/657/563 316/658/564
f 110/659/565 136/660/566 11/655/561
f 11/655/561 136/660/566 33/656/562
f 32/661/567 309/662/568 33/656/562
f 33/656/562 309/662/568 312/663/569
f 33/656/562 312/663/569 313/664/570
f 31/665/571 30/666/572 32/661/567
f 32/661/567 30/666/572 29/667/573
f 32/661/567 29/667/573 309/662/568
f 310/668/574 311/669/575 309/662/568
f 309/662/568 311/669/575 312/663/569
f 313/664/570 314/670/576 33/656/562
f 33/656/562 314/670/576 315/657/563
f 316/658/564 317/671/577 1/652/558
f 1/652/558 317/671/577 320/650/556
f 317/671/577 318/672/578 320/650/556
f 320/650/556 318/672/578 319/673/579
f 234/674/445 288/675/580 265/676/446
f 265/676/446 288/675/580 266/677/581
f 266/677/581 288/675/580 287/678/582
f 266/677/581 287/678/582 286/679/583
f 266/677/581 286/679/583 267/680/584
f 267/680/584 286/679/583 285/681/585
f 267/680/584 285/681/585 268/682/586
f 268/682/586 285/681/585 269/683/587
f 269/683/587 285/681/585 284/684/588
f 269/683/587 284/684/588 270/685/589
f 270/685/589 284/684/588 271/686/590
f 271/686/590 284/684/588 272/687/591
f 272/687/591 284/684/588 273/688/592
f 273/688/592 284/684/588 274/689/593
f 274/689/593 284/684/588 283/690/594
f 274/689/593 283/690/594 275/691/595
f 275/691/595 283/690/594 282/692/596
f 275/691/595 282/692/596 276/693/597
f 276/693/597 282/692/596 281/694/598
f 276/693/597 281/694/598 277/695/599
f 277/695/599 281/694/598 280/696/600
f 277/695/599 280/696/600 278/697/601
f 278/697/601 280/696/600 279/698/602
f 278/697/601 279/698/602 49/699/59
f 49/699/59 279/698/602 50/700/60
f 192/701/305 300/702/508 174/703/304
f 174/703/304 300/702/508 175/704/507
f 198/705/603 212/706/604 199/707/605
f 199/707/605 212/706/604 213/708/606
f 12/709/607 320/710/608 13/711/609
f 13/711/609 320/710/608 319/712/610
f 13/711/609 319/712/610 318/713/611
f 13/711/609 318/713/611 14/714/612
f 14/714/612 318/713/611 317/715/613
f 14/714/612 317/715/613 15/716/614
f 15/716/614 317/715/613 316/717/615
f 15/716/614 316/717/615 16/718/616
f 16/718/616 316/717/615 315/719/617
f 16/718/616 315/719/617 17/720/618
f 17/720/618 315/719/617 314/721/619
f 17/720/618 314/721/619 18/722/620
f 18/722/620 314/721/619 313/723/621
f 18/722/620 313/723/621 19/724/622
f 19/724/622 313/723/621 312/725/623
f 19/724/622 312/725/623 20/726/624
f 20/726/624 312/725/623 311/727/625
f 20/726/624 311/727/625 21/728/626
f 21/728/626 311/727/625 310/729/627
f 21/728/626 310/729/627 22/730/628
f 22/730/628 310/729/627 23/731/629
f 23/731/629 310/729/627 309/732/630
f 144/733/219 156/734/242 126/735/205
f 126/735/205 156/734/242 155/736/243
f 126/735/205 155/736/243 127/737/206
f 4/738/8 320/739/631 5/740/7
f 5/740/7 320/739/631 12/741/632
f 101/742/179 10/743/10 304/744/633
f 304/744/633 10/743/10 305/745/634
f 305/745/634 10/743/10 9/746/11
f 24/747/41 23/748/629 29/749/40
f 29/749/40 23/748/629 309/750/630
g Pin 2

v -2.840000 0.125559 -2.824954
v -2.839263 0.125559 -2.842104
v -2.837059 0.125559 -2.859128
v -2.833402 0.125559 -2.875900
v -2.833402 -0.124441 -2.875900
v -2.837059 -0.124441 -2.859128
v -2.839263 -0.124441 -2.842104
v -2.840000 -0.124441 -2.824954
v -2.840000 -0.124441 0.009146
v -2.840000 0.052128 0.009146
v -2.840000 0.125559 -0.048633
v -2.685052 -0.124441 -3.439064
v -2.671900 -0.124441 -3.472286
v -2.651264 -0.124441 -3.501454
v -2.624315 -0.124441 -3.524915
v -2.592582 -0.124441 -3.541336
v -2.557865 -0.124441 -3.549786
v -2.522135 -0.124441 -3.549786
v -2.487418 -0.124441 -3.541336
v -2.455685 -0.124441 -3.524915
v -2.428736 -0.124441 -3.501454
v -2.408100 -0.124441 -3.472286
v -2.394948 -0.124441 -3.439064
v -2.246598 -0.124441 -2.875900
v -2.242941 -0.124441 -2.859128
v -2.240737 -0.124441 -2.842104
v -2.240000 -0.124441 -2.824954
v -2.240000 -0.124441 0.009146
v -2.246598 0.125559 -2.875900
v -2.242941 0.125559 -2.859128
v -2.240737 0.125559 -2.842104
v -2.240000 0.125559 -2.824954
v -2.240000 0.125559 -0.048633
v -2.240000 0.052128 0.009146
v -2.140000 1.050742 6.155514
v -2.134224 1.050742 6.107796
v -2.117230 1.050742 6.062835
v -2.090000 1.050742 6.023226
v -2.054106 1.050742 5.991258
v -2.011621 1.050742 5.968777
v -1.965000 1.050742 5.957082
v -1.965000 1.300742 5.957082
v -2.011621 1.300742 5.968777
v -2.054106 1.300742 5.991258
v -2.090000 1.300742 6.023226
v -2.117230 1.300742 6.062835
v -2.134224 1.300742 6.107796
v -2.140000 1.300742 6.155514
v -2.140000 1.300742 6.237206
v -2.140000 1.050742 6.237206
v -1.918379 1.050742 5.945387
v -1.875894 1.050742 5.922906
v -1.840000 1.050742 5.890938
v -1.812770 1.050742 5.851330
v -1.795776 1.050742 5.806368
v -1.790000 1.050742 5.758651
v -1.790000 1.300742 5.758651
v -1.795776 1.300742 5.806368
v -1.812770 1.300742 5.851330
v -1.840000 1.300742 5.890938
v -1.875894 1.300742 5.922906
v -1.918379 1.300742 5.945387
v -1.790000 1.050742 1.305686
v -1.790000 1.300742 1.305686
v -2.940000 1.050742 6.237206
v -2.940000 1.050742 6.155514
v -2.945776 1.050742 6.107796
v -2.962770 1.050742 6.062835
v -2.990000 1.050742 6.023226
v -3.025894 1.050742 5.991258
v -3.068379 1.050742 5.968777
v -3.115000 1.050742 5.957082
v -3.161621 1.050742 5.945387
v -3.204106 1.050742 5.922906
v -3.240000 1.050742 5.890938
v -3.267230 1.050742 5.851330
v -3.284224 1.050742 5.806368
v -3.290000 1.050742 5.758651
v -3.290000 1.050742 1.305686
v -2.940000 1.300742 6.155514
v -2.945776 1.300742 6.107796
v -2.962770 1.300742 6.062835
v -2.990000 1.300742 6.023226
v -3.025894 1.300742 5.991258
v -3.068379 1.300742 5.968777
v -3.115000 1.300742 5.957082
v -2.940000 1.300742 6.237206
v -3.161621 1.300742 5.945387
v -3.204106 1.300742 5.922906
v -3.240000 1.300742 5.890938
v -3.267230 1.300742 5.851330
v -3.284224 1.300742 5.806368
v -3.290000 1.300742 5.758651
v -3.290000 1.300742 1.305686
v -3.040000 0.175802 0.166323
v -2.988236 0.171588 0.160968
v -2.940000 0.159233 0.145266
v -2.898579 0.139579 0.120287
v -2.866795 0.113965 0.087735
v -2.846815 0.084137 0.049826
v -2.840000 -0.108254 0.135341
v -2.843421 -0.096843 0.172840
v -2.854113 -0.082702 0.209138
v -2.872353 -0.067107 0.241589
v -2.896703 -0.051898 0.268529
v -2.926661 -0.038212 0.289826
v -2.962099 -0.026955 0.305763
v -3.000830 -0.019818 0.315247
v -3.040000 -0.017384 0.318331
v -2.845223 0.125559 0.009146
v -3.040000 0.179087 0.163738
v -3.005977 0.177221 0.161412
v -2.972269 0.171952 0.154261
v -2.940502 0.163797 0.142017
v -2.912070 0.153839 0.124600
v -2.887996 0.143648 0.102502
v -2.868662 0.134536 0.075502
v -2.854034 0.127900 0.043166
v -3.090000 -0.017384 0.318331
v -3.090000 0.179087 0.163738
v -2.233185 0.084137 0.049826
v -2.213205 0.113965 0.087735
v -2.181421 0.139579 0.120287
v -2.140000 0.159233 0.145266
v -2.091764 0.171588 0.160968
v -2.040000 0.175802 0.166323
v -2.040000 -0.017384 0.318331
v -2.079170 -0.019818 0.315247
v -2.117901 -0.026955 0.305763
v -2.153339 -0.038212 0.289826
v -2.183297 -0.051898 0.268529
v -2.207647 -0.067107 0.241589
v -2.225887 -0.082702 0.209138
v -2.236579 -0.096843 0.172840
v -2.240000 -0.108254 0.135341
v -2.234777 0.125559 0.009146
v -2.225966 0.127900 0.043166
v -2.211338 0.134536 0.075502
v -2.192004 0.143648 0.102502
v -2.167930 0.153839 0.124600
v -2.139498 0.163797 0.142017
v -2.107731 0.171952 0.154261
v -2.074023 0.177221 0.161412
v -2.040000 0.179087 0.163738
v -2.240000 -0.117225 0.093786
v -2.240000 -0.122633 0.051620
v -1.808938 0.064302 0.400450
v -1.822734 0.045013 0.384287
v -1.839644 0.028419 0.368994
v -1.859144 0.014656 0.355187
v -1.881801 0.003124 0.342732
v -1.907078 -0.005992 0.332279
v -1.934211 -0.012416 0.324569
v -1.962216 -0.016166 0.319900
v -1.990000 -0.017384 0.318331
v -1.990000 0.179087 0.163738
v -1.951804 0.181392 0.166701
v -1.914256 0.188652 0.175196
v -1.879599 0.201396 0.188497
v -1.849641 0.219931 0.204798
v -1.824332 0.244402 0.224263
v -1.805512 0.272402 0.246536
v -1.793916 0.302835 0.270743
v -1.790000 0.334508 0.295937
v -1.790000 0.132619 0.454791
v -1.792135 0.109183 0.436150
v -1.798493 0.086248 0.417906
v -1.790000 1.112000 0.914382
v -1.790000 0.956371 1.110034
v -3.230359 0.219931 0.204798
v -3.255668 0.244402 0.224263
v -3.274488 0.272402 0.246536
v -3.286084 0.302835 0.270743
v -3.290000 0.334508 0.295937
v -3.290000 1.112000 0.914382
v -3.128196 0.181392 0.166701
v -3.165744 0.188652 0.175196
v -3.200401 0.201396 0.188497
v -2.540000 0.180247 0.165201
v -2.540000 0.150385 0.117757
v -2.540000 0.131845 0.064852
v -3.117784 -0.016166 0.319900
v -3.145789 -0.012416 0.324569
v -3.172922 -0.005992 0.332279
v -3.198199 0.003124 0.342732
v -3.220856 0.014656 0.355187
v -3.240356 0.028419 0.368994
v -3.257266 0.045013 0.384287
v -3.271062 0.064302 0.400450
v -3.281507 0.086248 0.417906
v -3.287865 0.109183 0.436150
v -3.290000 0.132619 0.454791
v -2.940000 -0.443648 2.247226
v -2.940000 -0.252137 2.407923
v -2.940000 -0.209219 2.367573
v -2.940000 -0.158052 2.338385
v -2.940000 -0.101475 2.321980
v -2.940000 -0.042630 2.319268
v -2.940000 -0.024633 2.069917
v -2.940000 -0.118940 2.072032
v -2.940000 -0.211172 2.091822
v -2.940000 -0.298045 2.128583
v -2.940000 -0.376468 2.181006
v -2.140000 -0.443648 2.247226
v -2.140000 -0.774169 2.641125
v -2.940000 -0.774169 2.641125
v -2.140000 -0.252137 2.407923
v -2.140000 -0.582658 2.801822
v -2.140000 -0.209219 2.367573
v -2.140000 -0.158052 2.338385
v -2.140000 -0.101475 2.321980
v -2.140000 -0.042630 2.319268
v -2.140000 -0.024633 2.069917
v -2.140000 -0.118940 2.072032
v -2.140000 -0.211172 2.091822
v -2.140000 -0.298045 2.128583
v -2.140000 -0.376468 2.181006
v -2.140000 -0.617723 2.856864
v -2.140000 -0.637348 2.919107
v -2.140000 -0.640195 2.984308
v -2.140000 -0.626070 3.048024
v -2.140000 -0.860993 3.133529
v -2.140000 -0.883550 3.049343
v -2.140000 -0.891146 2.962519
v -2.140000 -0.883550 2.875695
v -2.140000 -0.860993 2.791509
v -2.140000 -0.824159 2.712519
v -2.940000 -0.582658 2.801822
v -2.940000 -0.617723 2.856864
v -2.940000 -0.637348 2.919107
v -2.940000 -0.640195 2.984308
v -2.940000 -0.626070 3.048024
v -2.940000 0.565819 6.322711
v -2.140000 0.565819 6.322711
v -2.940000 -0.860993 3.133529
v -2.940000 0.330896 6.408216
v -2.940000 -0.883550 3.049343
v -2.940000 -0.891146 2.962519
v -2.940000 -0.883550 2.875695
v -2.940000 -0.860993 2.791509
v -2.940000 -0.824159 2.712519
v -2.940000 0.374097 6.497924
v -2.940000 0.434216 6.577292
v -2.940000 0.508870 6.643175
v -2.940000 0.595099 6.692959
v -2.940000 0.689482 6.724670
v -2.940000 0.788277 6.737051
v -2.940000 0.887566 6.729610
v -2.940000 0.983413 6.702643
v -2.940000 1.072015 6.657219
v -2.940000 1.149861 6.595139
v -2.940000 1.213862 6.518866
v -2.940000 1.261480 6.431423
v -2.940000 1.290828 6.336279
v -2.940000 1.042729 6.299993
v -2.940000 1.019205 6.358755
v -2.940000 0.981676 6.409726
v -2.940000 0.932549 6.449637
v -2.940000 0.874972 6.475932
v -2.940000 0.812638 6.486923
v -2.940000 0.749541 6.481907
v -2.940000 0.689726 6.461204
v -2.940000 0.637027 6.426143
v -2.940000 0.594823 6.378971
v -2.140000 0.330896 6.408216
v -2.140000 0.374097 6.497924
v -2.140000 0.434216 6.577292
v -2.140000 0.508870 6.643175
v -2.140000 0.595099 6.692959
v -2.140000 0.689482 6.724670
v -2.140000 0.788277 6.737051
v -2.140000 0.887566 6.729610
v -2.140000 0.983413 6.702643
v -2.140000 1.072015 6.657219
v -2.140000 1.149861 6.595139
v -2.140000 1.213862 6.518866
v -2.140000 1.261480 6.431423
v -2.140000 1.290828 6.336279
v -2.140000 1.042729 6.299993
v -2.140000 1.019205 6.358755
v -2.140000 0.981676 6.409726
v -2.140000 0.932549 6.449637
v -2.140000 0.874972 6.475932
v -2.140000 0.812638 6.486923
v -2.140000 0.749541 6.481907
v -2.140000 0.689726 6.461204
v -2.140000 0.637027 6.426143
v -2.140000 0.594823 6.378971
v -1.790000 1.292685 1.216285
v -1.790000 1.268772 1.129765
v -1.790000 1.229775 1.048915
v -1.790000 1.176950 0.976341
v -3.290000 1.176950 0.976341
v -3.290000 1.229775 1.048915
v -3.290000 1.268772 1.129765
v -3.290000 1.292685 1.216285
v -1.790000 1.044457 1.249979
v -1.790000 1.025917 1.197074
v -1.790000 0.996054 1.149631
v -3.290000 0.956371 1.110034
v -3.290000 0.996054 1.149631
v -3.290000 1.025917 1.197074
v -3.290000 1.044457 1.249979
v -2.840000 -0.117225 0.093786
v -2.840000 -0.122633 0.051620
v -2.540000 1.044457 1.249979
v -2.540000 1.025917 1.197074
v -2.540000 0.996054 1.149631
v -2.394948 0.125559 -3.439064
v -2.408100 0.125559 -3.472286
v -2.428736 0.125559 -3.501454
v -2.455685 0.125559 -3.524915
v -2.487418 0.125559 -3.541336
v -2.522135 0.125559 -3.549786
v -2.557865 0.125559 -3.549786
v -2.592582 0.125559 -3.541336
v -2.624315 0.125559 -3.524915
v -2.651264 0.125559 -3.501454
v -2.671900 0.125559 -3.472286
v -2.685052 0.125559 -3.439064
vt 0.012500 0.002576 0.000000
vt -0.012500 0.002576 0.000000
vt 0.012500 0.000859 0.000000
vt -0.012500 0.000859 0.000000
vt 0.012500 -0.000859 0.000000
vt -0.012500 -0.000859 0.000000
vt 0.012500 -0.002576 0.000000
vt -0.012500 -0.002576 0.000000
vt -0.280222 -0.012500 0.000000
vt -0.002590 -0.012500 0.000000
vt -0.286000 -0.005157 0.000000
vt -0.002590 0.012500 0.000000
vt -0.286000 0.012500 0.000000
vt -0.029926 -0.919125 0.000000
vt -0.029706 -0.920827 0.000000
vt -0.030000 -0.917410 0.000000
vt -0.029340 -0.922505 0.000000
vt -0.014505 -0.978821 0.000000
vt -0.013190 -0.982143 0.000000
vt -0.011126 -0.985060 0.000000
vt -0.008431 -0.987406 0.000000
vt -0.030000 -0.634000 0.000000
vt -0.005258 -0.989048 0.000000
vt -0.001787 -0.989893 0.000000
vt 0.001787 -0.989893 0.000000
vt 0.030000 -0.634000 0.000000
vt 0.005258 -0.989048 0.000000
vt 0.008431 -0.987406 0.000000
vt 0.014505 -0.978821 0.000000
vt 0.011126 -0.985060 0.000000
vt 0.013190 -0.982143 0.000000
vt 0.030000 -0.917410 0.000000
vt 0.029340 -0.922505 0.000000
vt 0.029706 -0.920827 0.000000
vt 0.029926 -0.919125 0.000000
vt 0.012500 0.002576 0.000000
vt -0.012500 0.002576 0.000000
vt 0.012500 0.000859 0.000000
vt -0.012500 0.000859 0.000000
vt 0.012500 -0.000859 0.000000
vt -0.012500 -0.000859 0.000000
vt 0.012500 -0.002576 0.000000
vt -0.012500 -0.002576 0.000000
vt -0.024000 0.012500 0.000000
vt -0.307410 0.012500 0.000000
vt -0.024000 -0.005157 0.000000
vt -0.307410 -0.012500 0.000000
vt -0.029778 -0.012500 0.000000
vt -0.012500 -0.062832 0.000000
vt 0.012500 -0.062832 0.000000
vt -0.012500 -0.058014 0.000000
vt 0.012500 -0.058014 0.000000
vt -0.012500 -0.053195 0.000000
vt 0.012500 -0.053195 0.000000
vt -0.012500 -0.048377 0.000000
vt 0.012500 -0.048377 0.000000
vt -0.012500 -0.043559 0.000000
vt 0.012500 -0.043559 0.000000
vt -0.012500 -0.038741 0.000000
vt 0.012500 -0.038741 0.000000
vt -0.012500 -0.033922 0.000000
vt 0.012500 -0.033922 0.000000
vt -0.019686 0.012500 0.000000
vt -0.027856 0.012500 0.000000
vt -0.019686 -0.012500 0.000000
vt -0.027856 -0.012500 0.000000
vt 0.012500 0.013201 0.000000
vt -0.012500 0.013201 0.000000
vt 0.012500 0.008383 0.000000
vt -0.012500 0.008383 0.000000
vt 0.012500 0.003565 0.000000
vt -0.012500 0.003565 0.000000
vt 0.012500 -0.001253 0.000000
vt -0.012500 -0.001253 0.000000
vt 0.012500 -0.006072 0.000000
vt -0.012500 -0.006072 0.000000
vt 0.012500 -0.010890 0.000000
vt -0.012500 -0.010890 0.000000
vt 0.012500 -0.015708 0.000000
vt -0.012500 -0.015708 0.000000
vt 0.600000 0.012500 0.000000
vt 0.154703 0.012500 0.000000
vt 0.600000 -0.012500 0.000000
vt 0.154703 -0.012500 0.000000
vt 0.062162 0.008674 0.000000
vt 0.057500 0.009843 0.000000
vt 0.075000 -0.010000 0.000000
vt 0.052838 0.011013 0.000000
vt 0.075000 -0.455297 0.000000
vt 0.048589 0.013261 0.000000
vt 0.045000 0.016458 0.000000
vt 0.042277 0.020418 0.000000
vt -0.042277 0.020418 0.000000
vt -0.075000 -0.455297 0.000000
vt -0.045000 0.016458 0.000000
vt -0.048589 0.013261 0.000000
vt -0.040578 0.024915 0.000000
vt 0.040578 0.024915 0.000000
vt -0.040000 0.029686 0.000000
vt 0.040000 0.029686 0.000000
vt -0.040000 0.037856 0.000000
vt 0.040000 0.037856 0.000000
vt -0.052838 0.011013 0.000000
vt -0.075000 -0.010000 0.000000
vt -0.057500 0.009843 0.000000
vt -0.062162 0.008674 0.000000
vt -0.066411 0.006426 0.000000
vt -0.070000 0.003229 0.000000
vt -0.072723 -0.000732 0.000000
vt -0.074422 -0.005228 0.000000
vt 0.074422 -0.005228 0.000000
vt 0.072723 -0.000732 0.000000
vt 0.070000 0.003229 0.000000
vt 0.066411 0.006426 0.000000
vt -0.012500 -0.062832 0.000000
vt 0.012500 -0.062832 0.000000
vt -0.012500 -0.058014 0.000000
vt 0.012500 -0.058014 0.000000
vt -0.012500 -0.053195 0.000000
vt 0.012500 -0.053195 0.000000
vt -0.012500 -0.048377 0.000000
vt 0.012500 -0.048377 0.000000
vt -0.012500 -0.043559 0.000000
vt 0.012500 -0.043559 0.000000
vt -0.012500 -0.038741 0.000000
vt 0.012500 -0.038741 0.000000
vt -0.012500 -0.033922 0.000000
vt 0.012500 -0.033922 0.000000
vt -0.580314 -0.012500 0.000000
vt -0.572144 -0.012500 0.000000
vt -0.580314 0.012500 0.000000
vt -0.572144 0.012500 0.000000
vt 0.012500 0.013201 0.000000
vt -0.012500 0.013201 0.000000
vt 0.012500 0.008383 0.000000
vt -0.012500 0.008383 0.000000
vt 0.012500 0.003565 0.000000
vt -0.012500 0.003565 0.000000
vt 0.012500 -0.001253 0.000000
vt -0.012500 -0.001253 0.000000
vt 0.012500 -0.006072 0.000000
vt -0.012500 -0.006072 0.000000
vt 0.012500 -0.010890 0.000000
vt -0.012500 -0.010890 0.000000
vt 0.012500 -0.015708 0.000000
vt -0.012500 -0.015708 0.000000
vt 0.620000 -0.012500 0.000000
vt 1.065297 -0.012500 0.000000
vt 0.620000 0.012500 0.000000
vt 1.065297 0.012500 0.000000
vt -0.052838 0.011013 0.000000
vt -0.057500 0.009843 0.000000
vt -0.075000 -0.010000 0.000000
vt -0.062162 0.008674 0.000000
vt -0.066411 0.006426 0.000000
vt -0.070000 0.003229 0.000000
vt -0.072723 -0.000732 0.000000
vt -0.074422 -0.005228 0.000000
vt -0.075000 -0.455297 0.000000
vt -0.048589 0.013261 0.000000
vt -0.045000 0.016458 0.000000
vt -0.042277 0.020418 0.000000
vt 0.075000 -0.455297 0.000000
vt 0.042277 0.020418 0.000000
vt 0.045000 0.016458 0.000000
vt 0.048589 0.013261 0.000000
vt 0.052838 0.011013 0.000000
vt 0.075000 -0.010000 0.000000
vt 0.057500 0.009843 0.000000
vt 0.062162 0.008674 0.000000
vt 0.066411 0.006426 0.000000
vt 0.070000 0.003229 0.000000
vt 0.072723 -0.000732 0.000000
vt 0.074422 -0.005228 0.000000
vt -0.040578 0.024915 0.000000
vt 0.040578 0.024915 0.000000
vt -0.040000 0.029686 0.000000
vt 0.040000 0.029686 0.000000
vt -0.040000 0.037856 0.000000
vt 0.040000 0.037856 0.000000
vt 0.021426 0.015708 0.000000
vt -0.003156 0.015708 0.000000
vt 0.021427 0.011764 0.000000
vt -0.003156 0.010472 0.000000
vt 0.021401 0.007706 0.000000
vt -0.003156 0.005236 0.000000
vt 0.021301 0.003654 0.000000
vt -0.003156 -0.000000 0.000000
vt 0.021059 -0.000267 0.000000
vt 0.020589 -0.004183 0.000000
vt -0.003156 -0.005236 0.000000
vt 0.019807 -0.008150 0.000000
vt -0.003156 -0.010472 0.000000
vt 0.018674 -0.012034 0.000000
vt -0.003156 -0.015708 0.000000
vt 0.017252 -0.015708 0.000000
vt 0.021426 0.031416 0.000000
vt 0.012082 0.031416 0.000000
vt 0.017853 0.026835 0.000000
vt 0.012082 0.026180 0.000000
vt 0.015933 0.023880 0.000000
vt 0.012082 0.020944 0.000000
vt 0.014455 0.020581 0.000000
vt 0.013502 0.017268 0.000000
vt 0.012082 0.015708 0.000000
vt 0.012936 0.013888 0.000000
vt 0.012082 0.010472 0.000000
vt 0.012641 0.010415 0.000000
vt 0.012525 0.006911 0.000000
vt 0.012082 0.005236 0.000000
vt 0.012497 0.003420 0.000000
vt 0.012082 -0.000000 0.000000
vt 0.012500 -0.000000 0.000000
vt -0.020000 -0.012500 0.000000
vt -0.020000 -0.012082 0.000000
vt -0.025000 -0.012500 0.000000
vt -0.025000 0.012500 0.000000
vt -0.020000 0.012500 0.000000
vt 0.007429 0.015708 0.000000
vt -0.012979 0.015708 0.000000
vt 0.008851 0.012034 0.000000
vt -0.012979 0.010472 0.000000
vt 0.009984 0.008150 0.000000
vt -0.012979 0.005236 0.000000
vt 0.010765 0.004183 0.000000
vt -0.012979 0.000000 0.000000
vt 0.011236 0.000267 0.000000
vt 0.011477 -0.003654 0.000000
vt -0.012979 -0.005236 0.000000
vt 0.011578 -0.007706 0.000000
vt -0.012979 -0.010472 0.000000
vt 0.011603 -0.011764 0.000000
vt -0.012979 -0.015708 0.000000
vt 0.011603 -0.015708 0.000000
vt 0.022745 0.007536 0.000000
vt 0.018894 0.005236 0.000000
vt 0.024664 0.004581 0.000000
vt 0.018894 -0.000000 0.000000
vt 0.028237 0.000000 0.000000
vt 0.018894 0.010472 0.000000
vt 0.021267 0.010834 0.000000
vt 0.020313 0.014148 0.000000
vt 0.018894 0.015708 0.000000
vt 0.019748 0.017528 0.000000
vt 0.018894 0.020944 0.000000
vt 0.019453 0.021001 0.000000
vt 0.019337 0.024505 0.000000
vt 0.018894 0.026180 0.000000
vt 0.019309 0.027996 0.000000
vt 0.018894 0.031416 0.000000
vt 0.019312 0.031416 0.000000
vt 0.001619 0.012620 0.000000
vt 0.000722 0.008464 0.000000
vt 0.017657 0.000000 0.000000
vt 0.000181 0.004247 0.000000
vt -0.000000 0.000000 0.000000
vt 0.010758 0.011599 0.000000
vt -0.014807 0.011893 0.000000
vt 0.010241 0.008774 0.000000
vt -0.015631 0.007929 0.000000
vt 0.009596 0.005849 0.000000
vt -0.016525 0.003964 0.000000
vt 0.008922 0.002925 0.000000
vt -0.017457 0.000000 0.000000
vt 0.008233 -0.000000 0.000000
vt 0.011116 0.014399 0.000000
vt -0.014088 0.015858 0.000000
vt 0.011344 0.017149 0.000000
vt -0.013639 0.019719 0.000000
vt 0.011480 0.019980 0.000000
vt 0.011550 0.022865 0.000000
vt -0.013460 0.023647 0.000000
vt 0.011578 0.025761 0.000000
vt -0.013415 0.027571 0.000000
vt 0.011584 0.028628 0.000000
vt -0.013417 0.031416 0.000000
vt 0.011583 0.031416 0.000000
vt 0.017088 0.012500 0.000000
vt 0.022999 -0.012500 0.000000
vt 0.122345 0.012500 0.000000
vt 0.122345 -0.012500 0.000000
vt -0.074608 -0.591048 0.000000
vt -0.069036 -0.601642 0.000000
vt -0.075000 -0.587001 0.000000
vt 0.069036 -0.601642 0.000000
vt 0.075000 -0.587001 0.000000
vt 0.074608 -0.591048 0.000000
vt 0.073449 -0.594937 0.000000
vt 0.071567 -0.598515 0.000000
vt -0.073449 -0.594937 0.000000
vt -0.071567 -0.598515 0.000000
vt 0.075000 -0.487655 0.000000
vt -0.075000 -0.487655 0.000000
vt -0.066040 0.020002 0.000000
vt 0.000000 0.016853 0.000000
vt -0.069036 0.022471 0.000000
vt 0.066040 0.020002 0.000000
vt 0.069036 0.022471 0.000000
vt -0.062574 0.018159 0.000000
vt -0.058820 0.017042 0.000000
vt -0.055000 0.016667 0.000000
vt -0.050000 0.016667 0.000000
vt -0.046598 0.016369 0.000000
vt -0.043227 0.015480 0.000000
vt -0.040050 0.014009 0.000000
vt 0.000000 0.011236 0.000000
vt 0.040050 0.014009 0.000000
vt 0.037207 0.012002 0.000000
vt 0.034800 0.009568 0.000000
vt 0.000000 0.005618 0.000000
vt 0.032866 0.006716 0.000000
vt 0.031403 0.003413 0.000000
vt -0.031403 0.003413 0.000000
vt 0.030522 0.000000 0.000000
vt -0.030522 0.000000 0.000000
vt -0.037207 0.012002 0.000000
vt -0.034800 0.009568 0.000000
vt -0.032866 0.006716 0.000000
vt 0.043227 0.015480 0.000000
vt 0.046598 0.016369 0.000000
vt 0.050000 0.016667 0.000000
vt 0.055000 0.016667 0.000000
vt 0.058820 0.017042 0.000000
vt 0.062574 0.018159 0.000000
vt -0.267080 0.019719 0.000000
vt -0.292063 0.017149 0.000000
vt -0.266631 0.015858 0.000000
vt -0.291835 0.014399 0.000000
vt -0.265912 0.011893 0.000000
vt -0.291477 0.011599 0.000000
vt -0.290960 0.008774 0.000000
vt -0.267259 0.023647 0.000000
vt -0.292269 0.022865 0.000000
vt -0.292199 0.019980 0.000000
vt -0.292297 0.025761 0.000000
vt -0.267304 0.027571 0.000000
vt -0.292303 0.028628 0.000000
vt -0.267302 0.031416 0.000000
vt -0.292302 0.031416 0.000000
vt -0.265088 0.007929 0.000000
vt -0.290315 0.005849 0.000000
vt -0.264194 0.003964 0.000000
vt -0.289641 0.002925 0.000000
vt -0.263262 0.000000 0.000000
vt -0.288952 -0.000000 0.000000
vt -0.019151 0.016070 0.000000
vt -0.023443 0.012035 0.000000
vt 0.000000 0.000000 0.000000
vt -0.006718 -0.006622 0.000000
vt -0.028560 0.009116 0.000000
vt -0.014560 -0.011864 0.000000
vt -0.023248 -0.015540 0.000000
vt -0.034217 0.007475 0.000000
vt -0.032471 -0.017519 0.000000
vt -0.040102 0.007204 0.000000
vt -0.041901 -0.017731 0.000000
vt 0.040000 0.575990 0.000000
vt -0.040000 0.575990 0.000000
vt 0.040000 0.524571 0.000000
vt -0.040000 0.524571 0.000000
vt -0.565990 -0.012500 0.000000
vt -0.514571 -0.012500 0.000000
vt -0.565990 0.012500 0.000000
vt -0.514571 0.012500 0.000000
vt -0.040000 0.000000 0.000000
vt 0.040000 0.000000 0.000000
vt -0.040000 0.005904 0.000000
vt 0.040000 0.005904 0.000000
vt -0.040000 0.011809 0.000000
vt 0.040000 0.011809 0.000000
vt -0.040000 0.017713 0.000000
vt 0.040000 0.017713 0.000000
vt -0.040000 0.023618 0.000000
vt 0.040000 0.023618 0.000000
vt -0.040000 0.000000 0.000000
vt 0.040000 0.000000 0.000000
vt -0.040000 0.009447 0.000000
vt 0.040000 0.009447 0.000000
vt -0.040000 0.018894 0.000000
vt 0.040000 0.018894 0.000000
vt -0.040000 0.028341 0.000000
vt 0.040000 0.028341 0.000000
vt -0.040000 0.037788 0.000000
vt 0.040000 0.037788 0.000000
vt -0.040000 0.047236 0.000000
vt 0.040000 0.047236 0.000000
vt 0.000000 0.000000 0.000000
vt -0.003507 0.005504 0.000000
vt -0.019151 -0.016070 0.000000
vt -0.024150 -0.008930 0.000000
vt -0.005469 0.011728 0.000000
vt -0.027834 -0.001031 0.000000
vt -0.030089 0.007387 0.000000
vt -0.005754 0.018249 0.000000
vt -0.030849 0.016070 0.000000
vt -0.030089 0.024752 0.000000
vt -0.027834 0.033171 0.000000
vt -0.004341 0.024620 0.000000
vt 0.040000 0.026180 0.000000
vt -0.040000 0.026180 0.000000
vt 0.040000 0.019635 0.000000
vt -0.040000 0.019635 0.000000
vt 0.040000 0.013090 0.000000
vt -0.040000 0.013090 0.000000
vt 0.040000 0.006545 0.000000
vt -0.040000 0.006545 0.000000
vt 0.040000 0.000000 0.000000
vt -0.040000 -0.000000 0.000000
vt -0.034010 0.012500 0.000000
vt -0.085429 0.012500 0.000000
vt -0.034010 -0.012500 0.000000
vt -0.085429 -0.012500 0.000000
vt -0.000000 0.000000 0.000000
vt -0.019151 -0.016070 0.000000
vt 0.004292 -0.004035 0.000000
vt -0.012433 -0.022692 0.000000
vt 0.009409 -0.006954 0.000000
vt -0.004591 -0.027934 0.000000
vt 0.004097 -0.031610 0.000000
vt 0.015066 -0.008594 0.000000
vt 0.013320 -0.033589 0.000000
vt 0.020951 -0.008865 0.000000
vt 0.022750 -0.033801 0.000000
vt 0.040000 0.486871 0.000000
vt -0.040000 0.486871 0.000000
vt 0.040000 0.138386 0.000000
vt -0.040000 0.138386 0.000000
vt -0.123129 0.012500 0.000000
vt -0.471614 0.012500 0.000000
vt -0.123129 -0.012500 0.000000
vt -0.471614 -0.012500 0.000000
vt 0.040000 0.052360 0.000000
vt -0.040000 0.052360 0.000000
vt 0.040000 0.043633 0.000000
vt -0.040000 0.043633 0.000000
vt 0.040000 0.034907 0.000000
vt -0.040000 0.034907 0.000000
vt 0.040000 0.026180 0.000000
vt -0.040000 0.026180 0.000000
vt 0.040000 0.017453 0.000000
vt -0.040000 0.017453 0.000000
vt 0.040000 0.008727 0.000000
vt -0.040000 0.008727 0.000000
vt 0.040000 -0.000000 0.000000
vt -0.040000 0.000000 0.000000
vt 0.040000 0.575990 0.000000
vt -0.040000 0.575990 0.000000
vt 0.040000 0.524571 0.000000
vt -0.040000 0.524571 0.000000
vt -0.023492 -0.008551 0.000000
vt -0.000000 0.000000 0.000000
vt -0.026393 -0.002925 0.000000
vt -0.004320 0.008971 0.000000
vt -0.030613 0.001793 0.000000
vt -0.035883 0.005299 0.000000
vt -0.010332 0.016908 0.000000
vt -0.041864 0.007369 0.000000
vt -0.017797 0.023496 0.000000
vt -0.026420 0.028474 0.000000
vt -0.048174 0.007871 0.000000
vt -0.035859 0.031645 0.000000
vt -0.045738 0.032883 0.000000
vt -0.055667 0.032139 0.000000
vt -0.065252 0.029443 0.000000
vt -0.074112 0.024900 0.000000
vt -0.054408 0.006772 0.000000
vt -0.081896 0.018692 0.000000
vt -0.060165 0.004142 0.000000
vt -0.088297 0.011065 0.000000
vt -0.065078 0.000151 0.000000
vt -0.093058 0.002321 0.000000
vt -0.068831 -0.004946 0.000000
vt -0.095993 -0.007194 0.000000
vt -0.071183 -0.010822 0.000000
vt -0.096985 -0.017101 0.000000
vt -0.071985 -0.017101 0.000000
vt 0.040000 0.139626 0.000000
vt -0.040000 0.139626 0.000000
vt 0.040000 0.129653 0.000000
vt -0.040000 0.129653 0.000000
vt 0.040000 0.119680 0.000000
vt -0.040000 0.119680 0.000000
vt 0.040000 0.109706 0.000000
vt -0.040000 0.109706 0.000000
vt 0.040000 0.099733 0.000000
vt -0.040000 0.099733 0.000000
vt 0.040000 0.089760 0.000000
vt -0.040000 0.089760 0.000000
vt 0.040000 0.079786 0.000000
vt -0.040000 0.079786 0.000000
vt 0.040000 0.069813 0.000000
vt -0.040000 0.069813 0.000000
vt 0.040000 0.059840 0.000000
vt -0.040000 0.059840 0.000000
vt 0.040000 0.049867 0.000000
vt -0.040000 0.049867 0.000000
vt 0.040000 0.039893 0.000000
vt -0.040000 0.039893 0.000000
vt 0.040000 0.029920 0.000000
vt -0.040000 0.029920 0.000000
vt 0.040000 0.019947 0.000000
vt -0.040000 0.019947 0.000000
vt 0.040000 0.009973 0.000000
vt -0.040000 0.009973 0.000000
vt 0.040000 -0.000000 0.000000
vt -0.040000 -0.000000 0.000000
vt -0.476871 -0.012500 0.000000
vt -0.128386 -0.012500 0.000000
vt -0.476871 0.012500 0.000000
vt -0.128386 0.012500 0.000000
vt -0.019151 0.016070 0.000000
vt 0.000000 0.000000 0.000000
vt -0.015645 0.021574 0.000000
vt 0.004999 0.007139 0.000000
vt -0.013682 0.027798 0.000000
vt 0.008682 0.015038 0.000000
vt 0.010938 0.023457 0.000000
vt -0.013397 0.034318 0.000000
vt 0.011698 0.032139 0.000000
vt 0.010938 0.040822 0.000000
vt 0.008682 0.049240 0.000000
vt -0.014810 0.040690 0.000000
vt 0.040000 0.069813 0.000000
vt -0.040000 0.069813 0.000000
vt 0.040000 0.063467 0.000000
vt -0.040000 0.063467 0.000000
vt 0.040000 0.057120 0.000000
vt -0.040000 0.057120 0.000000
vt 0.040000 0.050773 0.000000
vt -0.040000 0.050773 0.000000
vt 0.040000 0.044427 0.000000
vt -0.040000 0.044427 0.000000
vt 0.040000 0.038080 0.000000
vt -0.040000 0.038080 0.000000
vt 0.040000 0.031733 0.000000
vt -0.040000 0.031733 0.000000
vt 0.040000 0.025387 0.000000
vt -0.040000 0.025387 0.000000
vt 0.040000 0.019040 0.000000
vt -0.040000 0.019040 0.000000
vt 0.040000 0.012693 0.000000
vt -0.040000 0.012693 0.000000
vt 0.040000 0.006347 0.000000
vt -0.040000 0.006347 0.000000
vt 0.040000 -0.000000 0.000000
vt -0.040000 -0.000000 0.000000
vt 0.075000 0.044942 0.000000
vt -0.075000 0.044942 0.000000
vt 0.075000 0.035954 0.000000
vt -0.075000 0.035954 0.000000
vt 0.075000 0.026965 0.000000
vt -0.075000 0.026965 0.000000
vt 0.075000 0.017977 0.000000
vt -0.075000 0.017977 0.000000
vt 0.075000 0.008988 0.000000
vt -0.075000 0.008988 0.000000
vt 0.075000 0.000000 0.000000
vt -0.075000 0.000000 0.000000
vt 0.025000 0.000000 0.000000
vt 0.000000 0.000000 0.000000
vt 0.024194 -0.008940 0.000000
vt -0.000629 -0.005571 0.000000
vt 0.021803 -0.017592 0.000000
vt -0.002483 -0.010861 0.000000
vt 0.017903 -0.025677 0.000000
vt 0.012621 -0.032934 0.000000
vt -0.005469 -0.015606 0.000000
vt 0.006126 -0.039130 0.000000
vt -0.009437 -0.019565 0.000000
vt 0.040000 0.486871 0.000000
vt -0.040000 0.486871 0.000000
vt 0.040000 0.138386 0.000000
vt -0.040000 0.138386 0.000000
vt 0.074151 -0.598837 0.000000
vt 0.074787 -0.595907 0.000000
vt 0.073106 -0.601642 0.000000
vt 0.075000 -0.592912 0.000000
vt -0.075000 -0.592912 0.000000
vt -0.075000 -0.487655 0.000000
vt 0.075000 -0.487655 0.000000
vt -0.073106 -0.601642 0.000000
vt -0.074787 -0.595907 0.000000
vt -0.074151 -0.598837 0.000000
vt 0.000000 -0.000000 0.000000
vt 0.000806 -0.008940 0.000000
vt 0.025000 -0.000000 0.000000
vt 0.025629 -0.005571 0.000000
vt 0.003197 -0.017592 0.000000
vt 0.027483 -0.010861 0.000000
vt 0.007097 -0.025677 0.000000
vt 0.012379 -0.032934 0.000000
vt 0.030469 -0.015606 0.000000
vt 0.018874 -0.039130 0.000000
vt 0.034437 -0.019565 0.000000
vt 0.055000 0.033333 0.000000
vt 0.057778 0.033532 0.000000
vt 0.050000 0.033333 0.000000
vt -0.057778 0.033532 0.000000
vt -0.050000 0.033333 0.000000
vt -0.055000 0.033333 0.000000
vt -0.060579 0.034131 0.000000
vt 0.060579 0.034131 0.000000
vt 0.063292 0.035134 0.000000
vt -0.063292 0.035134 0.000000
vt 0.065820 0.036521 0.000000
vt -0.065820 0.036521 0.000000
vt 0.068086 0.038219 0.000000
vt -0.068086 0.038219 0.000000
vt -0.070036 0.040169 0.000000
vt 0.070036 0.040169 0.000000
vt -0.071727 0.042425 0.000000
vt 0.071727 0.042425 0.000000
vt 0.073106 0.044942 0.000000
vt -0.073106 0.044942 0.000000
vt 0.046083 0.032940 0.000000
vt -0.046083 0.032940 0.000000
vt 0.042210 0.031754 0.000000
vt -0.042210 0.031754 0.000000
vt 0.038666 0.029802 0.000000
vt -0.038666 0.029802 0.000000
vt 0.035670 0.027270 0.000000
vt -0.035670 0.027270 0.000000
vt -0.033235 0.024176 0.000000
vt -0.031411 0.020575 0.000000
vt 0.031411 0.020575 0.000000
vt 0.033235 0.024176 0.000000
vt -0.030342 0.016678 0.000000
vt 0.030342 0.016678 0.000000
vt 0.030000 0.012757 0.000000
vt -0.030000 0.012757 0.000000
vt -0.030000 0.008505 0.000000
vt -0.030000 0.004252 0.000000
vt 0.030000 0.004252 0.000000
vt 0.030000 0.008505 0.000000
vt -0.030000 0.000000 0.000000
vt 0.030000 0.000000 0.000000
vt 0.075000 0.016853 0.000000
vt 0.075000 0.022471 0.000000
vt -0.000000 0.016853 0.000000
vt -0.075000 0.022471 0.000000
vt -0.075000 0.016853 0.000000
vt -0.000000 0.011236 0.000000
vt -0.075000 0.011236 0.000000
vt -0.000000 0.005618 0.000000
vt -0.075000 0.005618 0.000000
vt -0.075000 0.000000 0.000000
vt 0.075000 0.000000 0.000000
vt 0.075000 0.005618 0.000000
vt 0.075000 0.011236 0.000000
vt 0.014505 -0.978821 0.000000
vt 0.029340 -0.922505 0.000000
vt 0.030000 -0.917410 0.000000
vt 0.029706 -0.920827 0.000000
vt 0.029926 -0.919125 0.000000
vt 0.030000 -0.639778 0.000000
vt -0.030000 -0.639778 0.000000
vt 0.001787 -0.989893 0.000000
vt 0.005258 -0.989048 0.000000
vt 0.030522 -0.634000 0.000000
vt -0.030522 -0.634000 0.000000
vt -0.030000 -0.917410 0.000000
vt -0.014505 -0.978821 0.000000
vt -0.008431 -0.987406 0.000000
vt -0.005258 -0.989048 0.000000
vt -0.029926 -0.919125 0.000000
vt -0.029706 -0.920827 0.000000
vt -0.029340 -0.922505 0.000000
vt -0.013190 -0.982143 0.000000
vt -0.011126 -0.985060 0.000000
vt -0.001787 -0.989893 0.000000
vt 0.008431 -0.987406 0.000000
vt 0.011126 -0.985060 0.000000
vt 0.013190 -0.982143 0.000000
vt -0.000000 0.000000 0.000000
vt 0.002900 0.005626 0.000000
vt -0.023492 0.008551 0.000000
vt -0.019172 0.017521 0.000000
vt 0.007121 0.010343 0.000000
vt 0.012391 0.013849 0.000000
vt -0.013160 0.025458 0.000000
vt 0.018372 0.015920 0.000000
vt -0.005695 0.032046 0.000000
vt 0.002928 0.037025 0.000000
vt 0.024682 0.016421 0.000000
vt 0.012366 0.040196 0.000000
vt 0.022246 0.041434 0.000000
vt 0.032175 0.040690 0.000000
vt 0.041759 0.037993 0.000000
vt 0.050620 0.033451 0.000000
vt 0.030915 0.015322 0.000000
vt 0.058404 0.027243 0.000000
vt 0.036673 0.012693 0.000000
vt 0.064804 0.019615 0.000000
vt 0.041586 0.008701 0.000000
vt 0.069566 0.010871 0.000000
vt 0.045339 0.003604 0.000000
vt 0.072501 0.001357 0.000000
vt 0.047691 -0.002272 0.000000
vt 0.073492 -0.008551 0.000000
vt 0.048492 -0.008551 0.000000
vt 1.202912 0.012500 0.000000
vt 1.097655 0.012500 0.000000
vt 1.197001 -0.012500 0.000000
vt 1.097655 -0.012500 0.000000
vt 0.115000 0.012500 0.000000
vt 0.035000 0.012500 0.000000
vt 0.115000 -0.012500 0.000000
vt 0.035000 -0.012500 0.000000
vt -0.012500 -0.043260 0.000000
vt 0.012500 -0.043260 0.000000
vt -0.012500 -0.039679 0.000000
vt 0.012500 -0.039679 0.000000
vt 0.012500 -0.036097 0.000000
vt -0.012500 -0.036097 0.000000
vt 0.012500 -0.032516 0.000000
vt -0.012500 -0.032516 0.000000
vt 0.012500 -0.028934 0.000000
vt -0.012500 -0.028934 0.000000
vt 0.012500 -0.025353 0.000000
vt -0.012500 -0.025353 0.000000
vt 0.012500 -0.021771 0.000000
vt -0.012500 -0.021771 0.000000
vt 0.012500 -0.018190 0.000000
vt -0.012500 -0.018190 0.000000
vt 0.012500 -0.014608 0.000000
vt -0.012500 -0.014608 0.000000
vt 0.012500 -0.011027 0.000000
vt -0.012500 -0.011027 0.000000
vt 0.012500 -0.007445 0.000000
vt -0.012500 -0.007445 0.000000
vt -0.012500 -0.003864 0.000000
vt 0.012500 -0.003864 0.000000
vt -0.025000 -0.012500 0.000000
vt -0.020000 -0.012500 0.000000
vt -0.025000 -0.012082 0.000000
vt -0.020000 0.012500 0.000000
vt -0.025000 0.012500 0.000000
vt -0.058238 -0.012500 0.000000
vt -0.000000 -0.012500 0.000000
vt -0.058238 0.012500 0.000000
vt -0.000000 0.012500 0.000000
vt 0.023381 0.012620 0.000000
vt 0.007343 0.000000 0.000000
vt 0.024278 0.008464 0.000000
vt 0.024819 0.004247 0.000000
vt 0.025000 0.000000 0.000000
vt -0.002590 0.012500 0.000000
vt -0.060828 0.012500 0.000000
vt -0.002590 -0.012500 0.000000
vt -0.060828 -0.012500 0.000000
vn -0.100000 0.000000 -0.000000
vn -0.100000 0.000000 -0.000000
vn -0.099632 0.000000 -0.008575
vn -0.099632 0.000000 -0.008575
vn -0.098529 0.000000 -0.017087
vn -0.098529 0.000000 -0.017087
vn -0.096701 0.000000 -0.025473
vn -0.096701 0.000000 -0.025473
vn -0.100000 0.000000 -0.000000
vn -0.100000 0.000000 -0.000000
vn -0.100000 0.000000 -0.000000
vn 0.000000 -0.100000 -0.000000
vn 0.000000 -0.100000 -0.000000
vn 0.000000 -0.100000 -0.000000
vn 0.000000 -0.100000 -0.000000
vn 0.000000 -0.100000 -0.000000
vn 0.000000 -0.100000 -0.000000
vn 0.000000 -0.100000 -0.000000
vn 0.000000 -0.100000 -0.000000
vn 0.000000 -0.100000 -0.000000
vn 0.000000 -0.100000 -0.000000
vn 0.000000 -0.100000 -0.000000
vn 0.000000 -0.100000 -0.000000
vn 0.000000 -0.100000 -0.000000
vn 0.000000 -0.100000 -0.000000
vn 0.000000 -0.100000 -0.000000
vn 0.000000 -0.100000 -0.000000
vn 0.000000 -0.100000 -0.000000
vn 0.000000 -0.100000 -0.000000
vn 0.000000 -0.100000 -0.000000
vn 0.000000 -0.100000 -0.000000
vn 0.000000 -0.100000 -0.000000
vn 0.000000 -0.100000 -0.000000
vn 0.100000 0.000000 -0.000000
vn 0.100000 0.000000 -0.000000
vn 0.099632 0.000000 -0.008575
vn 0.099632 0.000000 -0.008575
vn 0.098529 0.000000 -0.017087
vn 0.098529 0.000000 -0.017087
vn 0.096701 0.000000 -0.025473
vn 0.096701 0.000000 -0.025473
vn 0.100000 0.000000 -0.000000
vn 0.100000 0.000000 -0.000000
vn 0.100000 0.000000 -0.000000
vn 0.100000 -0.000000 -0.000000
vn 0.100000 0.000000 0.000000
vn 0.097112 0.000000 0.023859
vn 0.097112 0.000000 0.023859
vn 0.088615 0.000000 0.046340
vn 0.088615 0.000000 0.046340
vn 0.075000 0.000000 0.066144
vn 0.075000 0.000000 0.066144
vn 0.057053 0.000000 0.082128
vn 0.057053 0.000000 0.082128
vn 0.035811 0.000000 0.093368
vn 0.035811 0.000000 0.093368
vn 0.012500 0.000000 0.099216
vn 0.012500 0.000000 0.099216
vn 0.100000 -0.000000 -0.000000
vn 0.100000 -0.000000 -0.000000
vn 0.035811 0.000000 0.093368
vn 0.035811 0.000000 0.093368
vn 0.057053 0.000000 0.082128
vn 0.057053 0.000000 0.082128
vn 0.075000 0.000000 0.066144
vn 0.075000 0.000000 0.066144
vn 0.088615 0.000000 0.046340
vn 0.088615 0.000000 0.046340
vn 0.097112 0.000000 0.023859
vn 0.097112 0.000000 0.023859
vn 0.100000 0.000000 0.000000
vn 0.100000 -0.000000 -0.000000
vn 0.100000 0.000000 0.000000
vn 0.100000 0.000000 0.000000
vn 0.000000 -0.100000 0.000000
vn 0.000000 -0.100000 0.000000
vn 0.000000 -0.100000 0.000000
vn 0.000000 -0.100000 0.000000
vn 0.000000 -0.100000 0.000000
vn 0.000000 -0.100000 0.000000
vn 0.000000 -0.100000 0.000000
vn 0.000000 -0.100000 0.000000
vn 0.000000 -0.100000 0.000000
vn 0.000000 -0.100000 0.000000
vn 0.000000 -0.100000 0.000000
vn 0.000000 -0.100000 0.000000
vn 0.000000 -0.100000 0.000000
vn 0.000000 -0.100000 0.000000
vn 0.000000 -0.100000 0.000000
vn 0.000000 -0.100000 0.000000
vn 0.000000 -0.100000 0.000000
vn 0.000000 -0.100000 0.000000
vn 0.000000 -0.100000 0.000000
vn 0.000000 -0.100000 0.000000
vn 0.000000 -0.100000 0.000000
vn 0.000000 -0.100000 0.000000
vn 0.000000 -0.100000 0.000000
vn 0.000000 -0.100000 0.000000
vn 0.000000 -0.100000 0.000000
vn 0.000000 -0.100000 0.000000
vn 0.000000 -0.100000 0.000000
vn 0.000000 -0.100000 0.000000
vn 0.000000 -0.100000 0.000000
vn 0.000000 -0.100000 0.000000
vn -0.100000 0.000000 0.000000
vn -0.100000 -0.000000 -0.000000
vn -0.097112 0.000000 0.023859
vn -0.097112 0.000000 0.023859
vn -0.088615 0.000000 0.046340
vn -0.088615 0.000000 0.046340
vn -0.075000 0.000000 0.066144
vn -0.075000 0.000000 0.066144
vn -0.057053 0.000000 0.082128
vn -0.057053 0.000000 0.082128
vn -0.035811 0.000000 0.093368
vn -0.035811 0.000000 0.093368
vn -0.012500 0.000000 0.099216
vn -0.012500 0.000000 0.099216
vn -0.100000 0.000000 0.000000
vn -0.100000 0.000000 0.000000
vn -0.035811 0.000000 0.093368
vn -0.035811 0.000000 0.093368
vn -0.057053 0.000000 0.082128
vn -0.057053 0.000000 0.082128
vn -0.075000 0.000000 0.066144
vn -0.075000 0.000000 0.066144
vn -0.088615 0.000000 0.046340
vn -0.088615 0.000000 0.046340
vn -0.097112 0.000000 0.023859
vn -0.097112 0.000000 0.023859
vn -0.100000 -0.000000 -0.000000
vn -0.100000 0.000000 0.000000
vn -0.100000 -0.000000 -0.000000
vn -0.100000 -0.000000 -0.000000
vn 0.000000 0.100000 -0.000000
vn 0.000000 0.100000 -0.000000
vn 0.000000 0.100000 -0.000000
vn 0.000000 0.100000 -0.000000
vn 0.000000 0.100000 -0.000000
vn 0.000000 0.100000 -0.000000
vn 0.000000 0.100000 -0.000000
vn 0.000000 0.100000 -0.000000
vn 0.000000 0.100000 -0.000000
vn 0.000000 0.100000 -0.000000
vn 0.000000 0.100000 -0.000000
vn 0.000000 0.100000 -0.000000
vn 0.000000 0.100000 -0.000000
vn 0.000000 0.100000 -0.000000
vn 0.000000 0.100000 -0.000000
vn 0.000000 0.100000 -0.000000
vn 0.000000 0.100000 -0.000000
vn 0.000000 0.100000 -0.000000
vn 0.000000 0.100000 -0.000000
vn 0.000000 0.100000 -0.000000
vn 0.000000 0.100000 -0.000000
vn 0.000000 0.100000 -0.000000
vn 0.000000 0.100000 -0.000000
vn 0.000000 0.100000 -0.000000
vn 0.000000 0.100000 -0.000000
vn 0.000000 0.100000 -0.000000
vn 0.000000 0.100000 -0.000000
vn 0.000000 0.100000 -0.000000
vn 0.000000 0.100000 -0.000000
vn 0.000000 0.100000 -0.000000
vn 0.000000 -0.061837 -0.078589
vn 0.000000 -0.061837 -0.078589
vn -0.019590 -0.060639 -0.077066
vn -0.025882 -0.059730 -0.075911
vn -0.038951 -0.056953 -0.072382
vn -0.050000 -0.053552 -0.068060
vn -0.056685 -0.050943 -0.064743
vn -0.070711 -0.043725 -0.055571
vn -0.071649 -0.043137 -0.054823
vn -0.083851 -0.033694 -0.042822
vn -0.086603 -0.030918 -0.039294
vn -0.092944 -0.022817 -0.028998
vn -0.096593 -0.016005 -0.020340
vn -0.098317 -0.011296 -0.014357
vn -0.100000 -0.000000 -0.000000
vn -0.097389 -0.014039 -0.017843
vn -0.092984 -0.022754 -0.028918
vn -0.085682 -0.031884 -0.040521
vn -0.076007 -0.040185 -0.051071
vn -0.063991 -0.047519 -0.060392
vn -0.049753 -0.053640 -0.068171
vn -0.033872 -0.058182 -0.073943
vn -0.017017 -0.060935 -0.077442
vn 0.000000 -0.061837 -0.078589
vn 0.000000 -0.061837 -0.078589
vn 0.000000 -0.061837 -0.078589
vn 0.100000 0.000000 0.000000
vn 0.100000 0.000000 0.000000
vn 0.098317 -0.011296 -0.014357
vn 0.096593 -0.016005 -0.020340
vn 0.092944 -0.022817 -0.028998
vn 0.086603 -0.030918 -0.039294
vn 0.083851 -0.033694 -0.042822
vn 0.070711 -0.043725 -0.055571
vn 0.071649 -0.043137 -0.054823
vn 0.056685 -0.050943 -0.064743
vn 0.050000 -0.053552 -0.068060
vn 0.038951 -0.056953 -0.072382
vn 0.025882 -0.059730 -0.075911
vn 0.019590 -0.060639 -0.077066
vn 0.000000 -0.061837 -0.078589
vn 0.000000 -0.061837 -0.078589
vn 0.092984 -0.022754 -0.028918
vn 0.096593 -0.016005 -0.020340
vn 0.097389 -0.014039 -0.017843
vn 0.100000 0.000000 -0.000000
vn 0.086603 -0.030918 -0.039294
vn 0.085682 -0.031884 -0.040521
vn 0.076007 -0.040185 -0.051071
vn 0.070711 -0.043725 -0.055571
vn 0.063991 -0.047519 -0.060392
vn 0.049753 -0.053640 -0.068171
vn 0.033872 -0.058182 -0.073943
vn 0.017017 -0.060935 -0.077442
vn 0.000000 -0.061837 -0.078589
vn 0.100000 0.000000 0.000000
vn 0.100000 0.000000 0.000000
vn 0.100000 0.000000 0.000000
vn 0.083648 -0.033887 -0.043067
vn 0.082834 -0.034643 -0.044028
vn 0.090531 -0.026266 -0.033381
vn 0.092244 -0.023878 -0.030346
vn 0.095754 -0.017828 -0.022658
vn 0.098042 -0.012177 -0.015476
vn 0.098933 -0.009010 -0.011451
vn 0.100000 -0.000000 -0.000000
vn 0.100000 0.000000 0.000000
vn 0.075184 -0.040772 -0.051818
vn 0.070180 -0.044051 -0.055985
vn 0.065435 -0.046761 -0.059428
vn 0.055205 -0.051560 -0.065528
vn 0.054114 -0.052001 -0.066088
vn 0.041462 -0.056271 -0.071515
vn 0.037876 -0.057230 -0.072734
vn 0.027899 -0.059382 -0.075468
vn 0.019105 -0.060698 -0.077141
vn 0.013895 -0.061237 -0.077826
vn 0.000000 -0.061837 -0.078589
vn 0.000000 -0.061837 -0.078589
vn 0.100000 0.000000 0.000000
vn 0.100000 0.000000 0.000000
vn 0.000000 0.062251 -0.078261
vn 0.000000 0.062251 -0.078261
vn 0.000000 0.062251 -0.078261
vn 0.000000 0.062251 -0.078261
vn 0.000000 0.062251 -0.078261
vn 0.000000 0.062251 -0.078261
vn 0.000000 0.062251 -0.078261
vn 0.000000 0.062251 -0.078261
vn 0.000000 0.062251 -0.078261
vn 0.000000 0.062251 -0.078261
vn 0.000000 0.062251 -0.078261
vn 0.000000 0.062251 -0.078261
vn 0.000000 0.069666 -0.071741
vn 0.000000 0.078125 -0.062422
vn 0.000000 0.069666 -0.071741
vn 0.000000 0.074759 -0.066416
vn 0.000000 0.077652 -0.063010
vn 0.000000 0.078589 -0.061837
vn 0.000000 0.078589 -0.061837
vn 0.000000 0.079321 -0.060895
vn 0.000000 0.081434 -0.058039
vn 0.000000 0.084706 -0.053149
vn 0.000000 0.090070 -0.043445
vn 0.000000 0.084706 -0.053149
vn 0.000000 0.088696 -0.046186
vn 0.000000 0.092766 -0.037343
vn 0.000000 0.097486 -0.022282
vn 0.000000 0.096413 -0.026544
vn 0.000000 0.099070 -0.013609
vn 0.000000 0.099070 -0.013609
vn 0.000000 0.100000 -0.000000
vn 0.000000 0.100000 -0.000000
vn 0.000000 0.088696 -0.046186
vn 0.000000 0.092766 -0.037343
vn 0.000000 0.096413 -0.026544
vn 0.000000 0.081434 -0.058039
vn 0.000000 0.079321 -0.060895
vn 0.000000 0.078589 -0.061837
vn 0.000000 0.078589 -0.061837
vn 0.000000 0.077652 -0.063010
vn 0.000000 0.074759 -0.066416
vn -0.055205 -0.051560 -0.065528
vn -0.065435 -0.046761 -0.059428
vn -0.070180 -0.044051 -0.055985
vn -0.075184 -0.040772 -0.051818
vn -0.082834 -0.034643 -0.044028
vn -0.083648 -0.033887 -0.043067
vn -0.090531 -0.026266 -0.033381
vn -0.037876 -0.057230 -0.072734
vn -0.041462 -0.056271 -0.071515
vn -0.054114 -0.052001 -0.066088
vn -0.027899 -0.059382 -0.075468
vn -0.019105 -0.060698 -0.077141
vn -0.013895 -0.061237 -0.077826
vn -0.092244 -0.023878 -0.030346
vn -0.095754 -0.017828 -0.022658
vn -0.098042 -0.012177 -0.015476
vn -0.098933 -0.009010 -0.011451
vn -0.100000 -0.000000 -0.000000
vn -0.100000 0.000000 0.000000
vn -0.100000 0.000000 0.000000
vn -0.100000 0.000000 0.000000
vn -0.100000 0.000000 0.000000
vn -0.100000 0.000000 0.000000
vn -0.100000 0.000000 0.000000
vn -0.100000 0.000000 0.000000
vn -0.100000 0.000000 0.000000
vn -0.100000 0.000000 0.000000
vn -0.100000 0.000000 0.000000
vn -0.100000 0.000000 0.000000
vn -0.100000 0.000000 0.000000
vn 0.000000 -0.076604 -0.064279
vn 0.000000 -0.076604 -0.064279
vn 0.000000 -0.076604 -0.064279
vn 0.000000 -0.076604 -0.064279
vn 0.100000 -0.000000 0.000000
vn 0.100000 -0.000000 0.000000
vn 0.100000 -0.000000 0.000000
vn 0.100000 -0.000000 0.000000
vn 0.000000 0.076604 0.064279
vn 0.000000 0.076604 0.064279
vn 0.000000 0.059437 0.080419
vn 0.000000 0.059437 0.080419
vn 0.000000 0.038970 0.092094
vn 0.000000 0.038970 0.092094
vn 0.000000 0.016339 0.098656
vn 0.000000 0.016339 0.098656
vn 0.000000 -0.007199 0.099741
vn 0.000000 -0.007199 0.099741
vn 0.000000 -0.063168 -0.077523
vn 0.000000 -0.063168 -0.077523
vn 0.000000 -0.047484 -0.088007
vn 0.000000 -0.047484 -0.088007
vn 0.000000 -0.030109 -0.095360
vn 0.000000 -0.030109 -0.095360
vn 0.000000 -0.011663 -0.099318
vn 0.000000 -0.011663 -0.099318
vn 0.000000 0.007199 -0.099741
vn 0.000000 0.007199 -0.099741
vn 0.100000 0.000000 0.000000
vn 0.100000 0.000000 0.000000
vn 0.100000 0.000000 0.000000
vn 0.100000 0.000000 0.000000
vn 0.100000 0.000000 0.000000
vn 0.100000 0.000000 0.000000
vn 0.100000 0.000000 0.000000
vn 0.100000 0.000000 0.000000
vn 0.100000 0.000000 0.000000
vn 0.100000 0.000000 0.000000
vn 0.000000 0.076604 0.064279
vn 0.000000 0.076604 0.064279
vn 0.000000 0.090631 0.042262
vn 0.000000 0.090631 0.042262
vn 0.000000 0.098481 0.017365
vn 0.000000 0.098481 0.017365
vn 0.000000 0.099619 -0.008716
vn 0.000000 0.099619 -0.008716
vn 0.000000 0.093969 -0.034202
vn 0.000000 0.093969 -0.034202
vn -0.100000 0.000000 -0.000000
vn -0.100000 0.000000 -0.000000
vn 0.100000 0.000000 0.000000
vn 0.100000 0.000000 0.000000
vn 0.100000 0.000000 0.000000
vn 0.100000 0.000000 0.000000
vn 0.100000 0.000000 0.000000
vn 0.100000 0.000000 0.000000
vn 0.100000 0.000000 0.000000
vn 0.100000 0.000000 0.000000
vn 0.100000 0.000000 0.000000
vn 0.000000 0.093969 -0.034202
vn 0.000000 0.093969 -0.034202
vn -0.100000 -0.000000 -0.000000
vn -0.100000 -0.000000 -0.000000
vn -0.100000 -0.000000 -0.000000
vn -0.100000 -0.000000 -0.000000
vn 0.000000 -0.086603 -0.050000
vn 0.000000 -0.086603 -0.050000
vn 0.000000 -0.093969 -0.034202
vn 0.000000 -0.093969 -0.034202
vn 0.000000 -0.098481 -0.017365
vn 0.000000 -0.098481 -0.017365
vn 0.000000 -0.100000 0.000000
vn 0.000000 -0.100000 0.000000
vn 0.000000 -0.098481 0.017365
vn 0.000000 -0.098481 0.017365
vn 0.000000 -0.093969 0.034202
vn 0.000000 -0.093969 0.034202
vn -0.100000 0.000000 0.000000
vn -0.100000 0.000000 0.000000
vn -0.100000 0.000000 0.000000
vn -0.100000 0.000000 0.000000
vn -0.100000 0.000000 0.000000
vn -0.100000 0.000000 0.000000
vn -0.100000 0.000000 0.000000
vn -0.100000 0.000000 0.000000
vn -0.100000 0.000000 0.000000
vn -0.100000 0.000000 0.000000
vn -0.100000 0.000000 0.000000
vn -0.100000 0.000000 0.000000
vn -0.100000 0.000000 0.000000
vn -0.100000 0.000000 0.000000
vn -0.100000 0.000000 0.000000
vn -0.100000 0.000000 0.000000
vn -0.100000 0.000000 0.000000
vn -0.100000 0.000000 0.000000
vn -0.100000 0.000000 0.000000
vn -0.100000 0.000000 0.000000
vn -0.100000 0.000000 0.000000
vn -0.100000 0.000000 0.000000
vn -0.100000 0.000000 0.000000
vn 0.000000 -0.093969 0.034202
vn 0.000000 -0.093969 0.034202
vn 0.000000 -0.085329 0.052144
vn 0.000000 -0.085329 0.052144
vn 0.000000 -0.073305 0.068017
vn 0.000000 -0.073305 0.068017
vn 0.000000 -0.058374 0.081194
vn 0.000000 -0.058374 0.081194
vn 0.000000 -0.041129 0.091151
vn 0.000000 -0.041129 0.091151
vn 0.000000 -0.022252 0.097493
vn 0.000000 -0.022252 0.097493
vn 0.000000 -0.002493 0.099969
vn 0.000000 -0.002493 0.099969
vn -0.000000 0.017365 0.098481
vn -0.000000 0.017365 0.098481
vn -0.000000 0.036534 0.093087
vn -0.000000 0.036534 0.093087
vn -0.000000 0.054255 0.084003
vn -0.000000 0.054255 0.084003
vn -0.000000 0.069824 0.071587
vn -0.000000 0.069824 0.071587
vn -0.000000 0.082624 0.056332
vn -0.000000 0.082624 0.056332
vn -0.000000 0.092148 0.038843
vn -0.000000 0.092148 0.038843
vn -0.000000 0.098017 0.019815
vn -0.000000 0.098017 0.019815
vn 0.100000 0.000000 0.000000
vn 0.100000 0.000000 0.000000
vn -0.100000 0.000000 0.000000
vn -0.100000 0.000000 0.000000
vn -0.100000 0.000000 0.000000
vn -0.100000 0.000000 0.000000
vn -0.100000 0.000000 0.000000
vn -0.100000 0.000000 0.000000
vn -0.100000 0.000000 0.000000
vn -0.100000 0.000000 0.000000
vn 0.000000 0.082368 -0.056706
vn 0.000000 0.082368 -0.056706
vn 0.000000 0.065486 -0.075575
vn 0.000000 0.065486 -0.075575
vn 0.000000 0.044407 -0.089599
vn 0.000000 0.044407 -0.089599
vn 0.000000 0.020481 -0.097880
vn 0.000000 0.020481 -0.097880
vn 0.000000 -0.004758 -0.099887
vn 0.000000 -0.004758 -0.099887
vn 0.000000 -0.029692 -0.095490
vn 0.000000 -0.029692 -0.095490
vn 0.000000 -0.052723 -0.084973
vn 0.000000 -0.052723 -0.084973
vn 0.000000 -0.072373 -0.069008
vn 0.000000 -0.072373 -0.069008
vn 0.000000 -0.087385 -0.048620
vn 0.000000 -0.087385 -0.048620
vn 0.000000 -0.096795 -0.025115
vn 0.000000 -0.096795 -0.025115
vn 0.000000 0.098389 -0.017880
vn 0.000000 0.098389 -0.017880
vn 0.000000 0.093606 -0.035184
vn 0.000000 0.093606 -0.035184
vn 0.000000 0.085806 -0.051354
vn 0.000000 0.085806 -0.051354
vn 0.000000 0.075241 -0.065869
vn 0.000000 0.075241 -0.065869
vn 0.100000 0.000000 0.000000
vn 0.100000 0.000000 0.000000
vn 0.100000 0.000000 0.000000
vn 0.100000 0.000000 0.000000
vn 0.100000 0.000000 0.000000
vn 0.100000 0.000000 0.000000
vn 0.100000 0.000000 0.000000
vn 0.000000 -0.062251 0.078261
vn 0.000000 -0.062251 0.078261
vn 0.000000 -0.062251 0.078261
vn 0.000000 -0.062251 0.078261
vn 0.000000 -0.062251 0.078261
vn 0.000000 -0.062251 0.078261
vn 0.000000 -0.062251 0.078261
vn 0.000000 -0.062251 0.078261
vn 0.000000 -0.062251 0.078261
vn 0.000000 -0.062251 0.078261
vn -0.100000 -0.000000 0.000000
vn -0.100000 -0.000000 0.000000
vn -0.100000 -0.000000 0.000000
vn -0.100000 -0.000000 0.000000
vn -0.100000 -0.000000 0.000000
vn -0.100000 -0.000000 0.000000
vn -0.100000 -0.000000 0.000000
vn -0.100000 -0.000000 0.000000
vn -0.100000 -0.000000 0.000000
vn 0.000000 -0.078589 0.061837
vn 0.000000 -0.078342 0.062149
vn 0.000000 -0.078589 0.061837
vn 0.000000 -0.078342 0.062149
vn 0.000000 -0.078589 0.061837
vn 0.000000 -0.078589 0.061837
vn 0.000000 -0.077593 0.063082
vn 0.000000 -0.077593 0.063082
vn 0.000000 -0.076311 0.064627
vn 0.000000 -0.076311 0.064627
vn 0.000000 -0.074489 0.066719
vn 0.000000 -0.074489 0.066719
vn 0.000000 -0.072181 0.069209
vn 0.000000 -0.072181 0.069209
vn 0.000000 -0.069428 0.071970
vn 0.000000 -0.069428 0.071970
vn 0.000000 -0.066110 0.075029
vn 0.000000 -0.066110 0.075029
vn 0.000000 -0.079072 0.061218
vn 0.000000 -0.079072 0.061218
vn 0.000000 -0.080503 0.059323
vn 0.000000 -0.080503 0.059323
vn 0.000000 -0.082756 0.056137
vn 0.000000 -0.082756 0.056137
vn 0.000000 -0.085492 0.051877
vn 0.000000 -0.085492 0.051877
vn 0.000000 -0.088536 0.046490
vn 0.000000 -0.091652 0.039998
vn 0.000000 -0.091652 0.039998
vn 0.000000 -0.088536 0.046490
vn 0.000000 -0.094488 0.032741
vn 0.000000 -0.094488 0.032741
vn 0.000000 -0.096763 0.025239
vn 0.000000 -0.096763 0.025239
vn 0.000000 -0.098557 0.016928
vn 0.000000 -0.099639 0.008495
vn 0.000000 -0.099639 0.008495
vn 0.000000 -0.098557 0.016928
vn 0.000000 -0.097486 0.022282
vn 0.000000 -0.097486 0.022282
vn 0.000000 -0.097486 0.022282
vn 0.000000 -0.090070 0.043445
vn 0.000000 -0.090070 0.043445
vn 0.000000 -0.078125 0.062422
vn 0.000000 -0.078125 0.062422
vn 0.000000 -0.078125 0.062422
vn 0.000000 -0.090070 0.043445
vn 0.000000 0.100000 0.000000
vn 0.000000 0.100000 0.000000
vn 0.000000 0.100000 0.000000
vn 0.000000 0.100000 0.000000
vn 0.000000 0.100000 0.000000
vn 0.000000 0.100000 0.000000
vn 0.000000 0.100000 0.000000
vn 0.000000 0.100000 0.000000
vn 0.000000 0.100000 0.000000
vn 0.000000 0.100000 0.000000
vn 0.000000 0.100000 0.000000
vn 0.000000 0.100000 0.000000
vn 0.000000 0.100000 0.000000
vn 0.000000 0.100000 0.000000
vn 0.000000 0.100000 0.000000
vn 0.000000 0.100000 0.000000
vn 0.000000 0.100000 0.000000
vn 0.000000 0.100000 0.000000
vn 0.000000 0.100000 0.000000
vn 0.000000 0.100000 0.000000
vn 0.000000 0.100000 0.000000
vn 0.000000 0.100000 0.000000
vn 0.000000 0.100000 0.000000
vn 0.000000 0.100000 0.000000
vn 0.100000 0.000000 0.000000
vn 0.100000 0.000000 0.000000
vn 0.100000 0.000000 0.000000
vn 0.100000 0.000000 0.000000
vn 0.100000 0.000000 0.000000
vn 0.100000 0.000000 0.000000
vn 0.100000 0.000000 0.000000
vn 0.100000 0.000000 0.000000
vn 0.100000 0.000000 0.000000
vn 0.100000 0.000000 0.000000
vn 0.100000 0.000000 0.000000
vn 0.100000 0.000000 0.000000
vn 0.100000 0.000000 0.000000
vn 0.100000 0.000000 0.000000
vn 0.100000 0.000000 0.000000
vn 0.100000 0.000000 0.000000
vn 0.100000 0.000000 0.000000
vn 0.100000 0.000000 0.000000
vn 0.100000 0.000000 0.000000
vn 0.100000 0.000000 0.000000
vn 0.100000 0.000000 0.000000
vn 0.100000 0.000000 0.000000
vn 0.100000 0.000000 0.000000
vn -0.000000 0.099741 0.007199
vn -0.000000 0.099741 0.007199
vn -0.000000 0.099741 0.007199
vn -0.000000 0.099741 0.007199
vn -0.096701 0.000000 -0.025473
vn -0.096701 0.000000 -0.025473
vn -0.087933 0.000000 -0.047621
vn -0.087933 0.000000 -0.047621
vn -0.074176 0.000000 -0.067067
vn -0.074176 0.000000 -0.067067
vn -0.056210 0.000000 -0.082707
vn -0.056210 0.000000 -0.082707
vn -0.035054 0.000000 -0.093655
vn -0.035054 0.000000 -0.093655
vn -0.011910 0.000000 -0.099288
vn -0.011910 0.000000 -0.099288
vn 0.011910 0.000000 -0.099288
vn 0.011910 0.000000 -0.099288
vn 0.035054 0.000000 -0.093655
vn 0.035054 0.000000 -0.093655
vn 0.056210 0.000000 -0.082707
vn 0.056210 0.000000 -0.082707
vn 0.074176 0.000000 -0.067067
vn 0.074176 0.000000 -0.067067
vn 0.087933 0.000000 -0.047621
vn 0.087933 0.000000 -0.047621
vn 0.096701 0.000000 -0.025473
vn 0.096701 0.000000 -0.025473
vn -0.096701 0.000000 -0.025473
vn -0.096701 0.000000 -0.025473
vn -0.100000 0.000000 0.000000
vn -0.100000 0.000000 0.000000
f 328/751/635 321/752/636 327/753/637
f 327/753/637 321/752/636 322/754/638
f 327/753/637 322/754/638 326/755/639
f 326/755/639 322/754/638 323/756/640
f 326/755/639 323/756/640 325/757/641
f 325/757/641 323/756/640 324/758/642
f 331/759/643 321/760/636 330/761/644
f 330/761/644 321/760/636 328/762/635
f 330/761/644 328/762/635 329/763/645
f 327/764/646 326/765/647 328/766/648
f 328/766/648 326/765/647 325/767/649
f 328/766/648 325/767/649 332/768/650
f 333/769/651 334/770/652 332/768/650
f 332/768/650 334/770/652 335/771/653
f 332/768/650 335/771/653 329/772/654
f 329/772/654 335/771/653 336/773/655
f 329/772/654 336/773/655 337/774/656
f 337/774/656 338/775/657 329/772/654
f 329/772/654 338/775/657 348/776/658
f 348/776/658 338/775/657 339/777/659
f 348/776/658 339/777/659 340/778/660
f 348/776/658 340/778/660 343/779/661
f 343/779/661 340/778/660 341/780/662
f 343/779/661 341/780/662 342/781/663
f 348/776/658 343/779/661 347/782/664
f 347/782/664 343/779/661 344/783/665
f 347/782/664 344/783/665 345/784/666
f 345/784/666 346/785/667 347/782/664
f 329/772/654 328/766/648 332/768/650
f 352/786/668 347/787/669 351/788/670
f 351/788/670 347/787/669 346/789/671
f 351/788/670 346/789/671 350/790/672
f 350/790/672 346/789/671 345/791/673
f 350/790/672 345/791/673 349/792/674
f 349/792/674 345/791/673 344/793/675
f 348/794/676 347/795/669 354/796/677
f 354/796/677 347/795/669 352/797/668
f 354/796/677 352/797/668 353/798/678
f 368/799/679 355/800/680 367/801/681
f 367/801/681 355/800/680 356/802/682
f 367/801/681 356/802/682 366/803/683
f 366/803/683 356/802/682 357/804/684
f 366/803/683 357/804/684 365/805/685
f 365/805/685 357/804/684 358/806/686
f 365/805/685 358/806/686 364/807/687
f 364/807/687 358/806/686 359/808/688
f 364/807/687 359/808/688 363/809/689
f 363/809/689 359/808/688 360/810/690
f 363/809/689 360/810/690 362/811/691
f 362/811/691 360/810/690 361/812/692
f 368/813/679 369/814/693 355/815/680
f 355/815/680 369/814/693 370/816/694
f 362/817/691 361/818/692 382/819/695
f 382/819/695 361/818/692 371/820/696
f 382/819/695 371/820/696 381/821/697
f 381/821/697 371/820/696 372/822/698
f 381/821/697 372/822/698 380/823/699
f 380/823/699 372/822/698 373/824/700
f 380/823/699 373/824/700 379/825/701
f 379/825/701 373/824/700 374/826/702
f 379/825/701 374/826/702 378/827/703
f 378/827/703 374/826/702 375/828/704
f 378/827/703 375/828/704 377/829/705
f 377/829/705 375/828/704 376/830/706
f 376/831/706 383/832/707 377/833/705
f 377/833/705 383/832/707 384/834/708
f 371/835/709 361/836/710 376/837/711
f 376/837/711 361/836/710 360/838/712
f 376/837/711 360/838/712 383/839/713
f 383/839/713 360/838/712 359/840/714
f 383/839/713 359/840/714 358/841/715
f 358/841/715 357/842/716 383/839/713
f 383/839/713 357/842/716 388/843/717
f 383/839/713 388/843/717 399/844/718
f 399/844/718 388/843/717 389/845/719
f 399/844/718 389/845/719 390/846/720
f 388/843/717 357/842/716 387/847/721
f 387/847/721 357/842/716 356/848/722
f 387/847/721 356/848/722 386/849/723
f 386/849/723 356/848/722 355/850/724
f 386/849/723 355/850/724 385/851/725
f 385/851/725 355/850/724 370/852/726
f 390/846/720 391/853/727 399/844/718
f 399/844/718 391/853/727 398/854/728
f 398/854/728 391/853/727 392/855/729
f 398/854/728 392/855/729 393/856/730
f 393/856/730 394/857/731 398/854/728
f 398/854/728 394/857/731 395/858/732
f 398/854/728 395/858/732 396/859/733
f 396/859/733 397/860/734 398/854/728
f 375/861/735 374/862/736 376/837/711
f 376/837/711 374/862/736 373/863/737
f 376/837/711 373/863/737 372/864/738
f 372/864/738 371/835/709 376/837/711
f 386/865/739 400/866/740 387/867/741
f 387/867/741 400/866/740 401/868/742
f 387/867/741 401/868/742 388/869/743
f 388/869/743 401/868/742 402/870/744
f 388/869/743 402/870/744 389/871/745
f 389/871/745 402/870/744 403/872/746
f 389/871/745 403/872/746 390/873/747
f 390/873/747 403/872/746 404/874/748
f 390/873/747 404/874/748 391/875/749
f 391/875/749 404/874/748 405/876/750
f 391/875/749 405/876/750 392/877/751
f 392/877/751 405/876/750 406/878/752
f 386/879/739 385/880/753 400/881/740
f 400/881/740 385/880/753 407/882/754
f 392/883/751 406/884/752 393/885/755
f 393/885/755 406/884/752 408/886/756
f 393/885/755 408/886/756 394/887/757
f 394/887/757 408/886/756 409/888/758
f 394/887/757 409/888/758 395/889/759
f 395/889/759 409/888/758 410/890/760
f 395/889/759 410/890/760 396/891/761
f 396/891/761 410/890/760 411/892/762
f 396/891/761 411/892/762 397/893/763
f 397/893/763 411/892/762 412/894/764
f 397/893/763 412/894/764 398/895/765
f 398/895/765 412/894/764 413/896/766
f 413/897/766 414/898/767 398/899/765
f 398/899/765 414/898/767 399/900/768
f 363/901/769 362/902/770 377/903/771
f 377/903/771 362/902/770 382/904/772
f 377/903/771 382/904/772 381/905/773
f 381/905/773 380/906/774 377/903/771
f 377/903/771 380/906/774 379/907/775
f 377/903/771 379/907/775 378/908/776
f 377/903/771 384/909/777 363/901/769
f 363/901/769 384/909/777 364/910/778
f 364/910/778 384/909/777 365/911/779
f 365/911/779 384/909/777 366/912/780
f 366/912/780 384/909/777 414/913/781
f 366/912/780 414/913/781 402/914/782
f 402/914/782 414/913/781 403/915/783
f 403/915/783 414/913/781 404/916/784
f 404/916/784 414/913/781 405/917/785
f 405/917/785 414/913/781 413/918/786
f 405/917/785 413/918/786 406/919/787
f 406/919/787 413/918/786 408/920/788
f 408/920/788 413/918/786 409/921/789
f 409/921/789 413/918/786 410/922/790
f 410/922/790 413/918/786 411/923/791
f 411/923/791 413/918/786 412/924/792
f 366/912/780 402/914/782 367/925/793
f 367/925/793 402/914/782 401/926/794
f 367/925/793 401/926/794 368/927/795
f 368/927/795 401/926/794 400/928/796
f 368/927/795 400/928/796 369/929/797
f 369/929/797 400/928/796 407/930/798
f 429/931/799 415/932/800 428/933/801
f 428/933/801 415/932/800 416/934/802
f 428/933/801 416/934/802 427/935/803
f 427/935/803 416/934/802 417/936/804
f 427/935/803 417/936/804 426/937/805
f 426/937/805 417/936/804 418/938/806
f 426/937/805 418/938/806 425/939/807
f 425/939/807 418/938/806 424/940/808
f 424/940/808 418/938/806 419/941/809
f 424/940/808 419/941/809 423/942/810
f 423/942/810 419/941/809 420/943/811
f 423/942/810 420/943/811 422/944/812
f 422/944/812 420/943/811 330/945/644
f 422/944/812 330/945/644 421/946/813
f 331/947/643 330/948/644 430/949/814
f 430/949/814 330/948/644 420/950/811
f 430/949/814 420/950/811 438/951/815
f 438/951/815 420/950/811 419/952/809
f 438/951/815 419/952/809 437/953/816
f 437/953/816 419/952/809 436/954/817
f 436/954/817 419/952/809 418/955/806
f 436/954/817 418/955/806 435/956/818
f 435/956/818 418/955/806 417/957/804
f 435/956/818 417/957/804 434/958/819
f 434/958/819 417/957/804 433/959/820
f 433/959/820 417/957/804 416/960/802
f 433/959/820 416/960/802 432/961/821
f 432/961/821 416/960/802 415/962/800
f 432/961/821 415/962/800 431/963/822
f 431/964/822 415/965/800 440/966/823
f 440/966/823 415/965/800 439/967/824
f 439/967/824 415/965/800 429/968/799
f 455/969/825 354/970/826 454/971/827
f 454/971/827 354/970/826 441/972/828
f 454/971/827 441/972/828 453/973/829
f 453/973/829 441/972/828 442/974/830
f 453/973/829 442/974/830 452/975/831
f 452/975/831 442/974/830 443/976/832
f 452/975/831 443/976/832 451/977/833
f 451/977/833 443/976/832 450/978/834
f 450/978/834 443/976/832 444/979/835
f 450/978/834 444/979/835 449/980/836
f 449/980/836 444/979/835 445/981/837
f 449/980/836 445/981/837 448/982/838
f 448/982/838 445/981/837 446/983/839
f 448/982/838 446/983/839 447/984/840
f 457/985/841 441/986/842 456/987/843
f 456/987/843 441/986/842 354/988/844
f 456/987/843 354/988/844 353/989/678
f 441/986/842 457/985/841 442/990/845
f 442/990/845 457/985/841 458/991/846
f 442/990/845 458/991/846 459/992/847
f 442/990/845 459/992/847 443/993/848
f 443/993/848 459/992/847 460/994/849
f 443/993/848 460/994/849 444/995/835
f 444/995/835 460/994/849 461/996/850
f 444/995/835 461/996/850 462/997/851
f 444/995/835 462/997/851 445/998/837
f 445/998/837 462/997/851 463/999/852
f 445/998/837 463/999/852 446/1000/839
f 446/1000/839 463/999/852 464/1001/853
f 455/1002/825 465/1003/854 354/1004/826
f 354/1004/826 465/1003/854 466/1005/855
f 354/1004/826 466/1005/855 348/1006/856
f 468/1007/857 481/1008/858 467/1009/859
f 467/1009/859 481/1008/858 482/1010/860
f 467/1009/859 482/1010/860 487/1011/861
f 487/1011/861 482/1010/860 483/1012/862
f 487/1011/861 483/1012/862 486/1013/863
f 486/1013/863 483/1012/862 484/1014/864
f 486/1013/863 484/1014/864 485/1015/865
f 468/1007/857 469/1016/866 481/1008/858
f 481/1008/858 469/1016/866 480/1017/867
f 480/1017/867 469/1016/866 470/1018/868
f 480/1017/867 470/1018/868 479/1019/869
f 479/1019/869 470/1018/868 471/1020/870
f 479/1019/869 471/1020/870 472/1021/871
f 479/1019/869 472/1021/871 478/1022/872
f 478/1022/872 472/1021/871 473/1023/873
f 478/1022/872 473/1023/873 477/1024/874
f 477/1024/874 473/1023/873 474/1025/875
f 477/1024/874 474/1025/875 476/1026/876
f 476/1026/876 474/1025/875 475/1027/877
f 485/1028/865 484/1029/864 489/1030/878
f 489/1030/878 484/1029/864 488/1031/879
f 483/1032/880 480/1033/881 484/1034/882
f 484/1034/882 480/1033/881 490/1035/883
f 484/1034/882 490/1035/883 494/1036/884
f 494/1036/884 490/1035/883 493/1037/885
f 493/1037/885 490/1035/883 492/1038/886
f 492/1038/886 490/1035/883 491/1039/887
f 483/1032/880 482/1040/888 480/1033/881
f 480/1033/881 482/1040/888 481/1041/889
f 495/1042/890 488/1043/891 494/1036/884
f 494/1036/884 488/1043/891 484/1034/882
f 479/1044/892 499/1045/893 480/1046/881
f 480/1046/881 499/1045/893 498/1047/894
f 480/1046/881 498/1047/894 490/1048/883
f 479/1044/892 478/1049/895 499/1045/893
f 499/1045/893 478/1049/895 477/1050/896
f 499/1045/893 477/1050/896 476/1051/897
f 476/1051/897 464/1052/898 499/1045/893
f 499/1045/893 464/1052/898 463/1053/899
f 499/1045/893 463/1053/899 462/1054/900
f 462/1054/900 461/1055/901 499/1045/893
f 499/1045/893 461/1055/901 500/1056/902
f 499/1045/893 500/1056/902 434/1057/903
f 434/1057/903 500/1056/902 435/1058/904
f 435/1058/904 500/1056/902 436/1059/905
f 436/1059/905 500/1056/902 501/1060/906
f 436/1059/905 501/1060/906 437/1061/907
f 437/1061/907 501/1060/906 438/1062/908
f 438/1062/908 501/1060/906 457/1063/909
f 438/1062/908 457/1063/909 430/1064/910
f 430/1064/910 457/1063/909 456/1065/911
f 461/1055/901 460/1066/912 500/1056/902
f 500/1056/902 460/1066/912 459/1067/913
f 500/1056/902 459/1067/913 501/1060/906
f 501/1060/906 459/1067/913 458/1068/914
f 501/1060/906 458/1068/914 457/1063/909
f 434/1057/903 433/1069/915 499/1045/893
f 499/1045/893 433/1069/915 432/1070/916
f 499/1045/893 432/1070/916 431/1071/917
f 431/1071/917 440/1072/918 499/1045/893
f 499/1045/893 440/1072/918 496/1073/919
f 499/1045/893 496/1073/919 497/1074/920
f 497/1074/920 498/1047/894 499/1045/893
f 498/1075/921 506/1076/922 490/1077/923
f 490/1077/923 506/1076/922 507/1078/924
f 490/1077/923 507/1078/924 491/1079/925
f 491/1079/925 507/1078/924 508/1080/926
f 491/1079/925 508/1080/926 509/1081/927
f 497/1082/928 504/1083/929 498/1075/921
f 498/1075/921 504/1083/929 505/1084/930
f 498/1075/921 505/1084/930 506/1076/922
f 504/1083/929 497/1082/928 503/1085/931
f 503/1085/931 497/1082/928 496/1086/932
f 503/1085/931 496/1086/932 502/1087/933
f 502/1087/933 496/1086/932 440/1088/823
f 502/1087/933 440/1088/823 439/1089/824
f 491/1079/925 509/1081/927 492/1090/934
f 492/1090/934 509/1081/927 510/1091/935
f 492/1090/934 510/1091/935 493/1092/936
f 493/1092/936 510/1091/935 511/1093/937
f 493/1092/936 511/1093/937 494/1094/938
f 494/1094/938 511/1093/937 512/1095/939
f 514/1096/940 515/1097/941 513/1098/942
f 513/1098/942 515/1097/941 523/1099/943
f 523/1099/943 515/1097/941 516/1100/944
f 523/1099/943 516/1100/944 522/1101/945
f 522/1101/945 516/1100/944 521/1102/946
f 521/1102/946 516/1100/944 517/1103/947
f 521/1102/946 517/1103/947 520/1104/948
f 520/1104/948 517/1103/947 518/1105/949
f 520/1104/948 518/1105/949 519/1106/950
f 513/1107/951 524/1108/952 526/1109/953
f 526/1109/953 524/1108/952 525/1110/954
f 527/1111/955 528/1112/956 524/1113/957
f 524/1113/957 528/1112/956 525/1114/958
f 514/1115/959 527/1116/960 515/1117/961
f 515/1117/961 527/1116/960 529/1118/962
f 515/1117/961 529/1118/962 516/1119/963
f 516/1119/963 529/1118/962 530/1120/964
f 516/1119/963 530/1120/964 517/1121/965
f 517/1121/965 530/1120/964 531/1122/966
f 517/1121/965 531/1122/966 518/1123/967
f 518/1123/967 531/1122/966 532/1124/968
f 524/1125/952 513/1126/951 537/1127/969
f 537/1127/969 513/1126/951 523/1128/970
f 537/1127/969 523/1128/970 536/1129/971
f 536/1129/971 523/1128/970 522/1130/972
f 536/1129/971 522/1130/972 535/1131/973
f 535/1131/973 522/1130/972 521/1132/974
f 535/1131/973 521/1132/974 534/1133/975
f 534/1133/975 521/1132/974 520/1134/976
f 534/1133/975 520/1134/976 533/1135/977
f 533/1135/977 520/1134/976 519/1136/978
f 528/1137/956 538/1138/979 525/1139/958
f 525/1139/958 538/1138/979 547/1140/980
f 547/1140/980 538/1138/979 539/1141/981
f 547/1140/980 539/1141/981 546/1142/982
f 546/1142/982 539/1141/981 545/1143/983
f 545/1143/983 539/1141/981 540/1144/984
f 545/1143/983 540/1144/984 544/1145/985
f 544/1145/985 540/1144/984 543/1146/986
f 543/1146/986 540/1144/984 542/1147/987
f 542/1147/987 540/1144/984 541/1148/988
f 528/1149/989 548/1150/990 538/1151/991
f 538/1151/991 548/1150/990 549/1152/992
f 538/1151/991 549/1152/992 539/1153/993
f 539/1153/993 549/1152/992 550/1154/994
f 539/1153/993 550/1154/994 540/1155/995
f 540/1155/995 550/1154/994 551/1156/996
f 540/1155/995 551/1156/996 541/1157/997
f 541/1157/997 551/1156/996 552/1158/998
f 513/1159/942 526/1160/999 514/1161/940
f 514/1161/940 526/1160/999 548/1162/1000
f 527/1163/955 524/1164/957 529/1165/1001
f 529/1165/1001 524/1164/957 537/1166/1002
f 529/1165/1001 537/1166/1002 530/1167/1003
f 530/1167/1003 537/1166/1002 536/1168/1004
f 530/1167/1003 536/1168/1004 535/1169/1005
f 530/1167/1003 535/1169/1005 531/1170/1006
f 531/1170/1006 535/1169/1005 534/1171/1007
f 531/1170/1006 534/1171/1007 532/1172/1008
f 532/1172/1008 534/1171/1007 533/1173/1009
f 541/1174/997 552/1175/998 554/1176/1010
f 554/1176/1010 552/1175/998 553/1177/1011
f 555/1178/1012 556/1179/1013 552/1180/1014
f 552/1180/1014 556/1179/1013 553/1181/1015
f 526/1182/953 525/1183/954 561/1184/1016
f 561/1184/1016 525/1183/954 547/1185/1017
f 561/1184/1016 547/1185/1017 560/1186/1018
f 560/1186/1018 547/1185/1017 546/1187/1019
f 560/1186/1018 546/1187/1019 559/1188/1020
f 559/1188/1020 546/1187/1019 545/1189/1021
f 559/1188/1020 545/1189/1021 558/1190/1022
f 558/1190/1022 545/1189/1021 544/1191/1023
f 558/1190/1022 544/1191/1023 557/1192/1024
f 557/1192/1024 544/1191/1023 543/1193/1025
f 557/1192/1024 543/1193/1025 555/1194/1026
f 555/1194/1026 543/1193/1025 542/1195/1027
f 527/1196/960 514/1197/959 528/1198/989
f 528/1198/989 514/1197/959 548/1199/990
f 553/1200/1015 556/1201/1013 584/1202/1028
f 584/1202/1028 556/1201/1013 562/1203/1029
f 584/1202/1028 562/1203/1029 583/1204/1030
f 583/1204/1030 562/1203/1029 582/1205/1031
f 582/1205/1031 562/1203/1029 563/1206/1032
f 582/1205/1031 563/1206/1032 581/1207/1033
f 581/1207/1033 563/1206/1032 564/1208/1034
f 581/1207/1033 564/1208/1034 565/1209/1035
f 581/1207/1033 565/1209/1035 580/1210/1036
f 580/1210/1036 565/1209/1035 566/1211/1037
f 580/1210/1036 566/1211/1037 567/1212/1038
f 567/1212/1038 568/1213/1039 580/1210/1036
f 580/1210/1036 568/1213/1039 569/1214/1040
f 580/1210/1036 569/1214/1040 570/1215/1041
f 580/1210/1036 570/1215/1041 579/1216/1042
f 579/1216/1042 570/1215/1041 571/1217/1043
f 579/1216/1042 571/1217/1043 578/1218/1044
f 578/1218/1044 571/1217/1043 572/1219/1045
f 578/1218/1044 572/1219/1045 577/1220/1046
f 577/1220/1046 572/1219/1045 573/1221/1047
f 577/1220/1046 573/1221/1047 576/1222/1048
f 576/1222/1048 573/1221/1047 574/1223/1049
f 576/1222/1048 574/1223/1049 575/1224/1050
f 575/1224/1050 574/1223/1049 407/1225/754
f 575/1224/1050 407/1225/754 385/1226/753
f 556/1227/1051 585/1228/1052 562/1229/1053
f 562/1229/1053 585/1228/1052 586/1230/1054
f 562/1229/1053 586/1230/1054 563/1231/1055
f 563/1231/1055 586/1230/1054 587/1232/1056
f 563/1231/1055 587/1232/1056 564/1233/1057
f 564/1233/1057 587/1232/1056 588/1234/1058
f 564/1233/1057 588/1234/1058 565/1235/1059
f 565/1235/1059 588/1234/1058 589/1236/1060
f 565/1235/1059 589/1236/1060 566/1237/1061
f 566/1237/1061 589/1236/1060 590/1238/1062
f 566/1237/1061 590/1238/1062 567/1239/1063
f 567/1239/1063 590/1238/1062 591/1240/1064
f 567/1239/1063 591/1240/1064 568/1241/1065
f 568/1241/1065 591/1240/1064 592/1242/1066
f 568/1241/1065 592/1242/1066 569/1243/1067
f 569/1243/1067 592/1242/1066 593/1244/1068
f 569/1243/1067 593/1244/1068 570/1245/1069
f 570/1245/1069 593/1244/1068 594/1246/1070
f 570/1245/1069 594/1246/1070 571/1247/1071
f 571/1247/1071 594/1246/1070 595/1248/1072
f 571/1247/1071 595/1248/1072 572/1249/1073
f 572/1249/1073 595/1248/1072 596/1250/1074
f 572/1249/1073 596/1250/1074 573/1251/1075
f 573/1251/1075 596/1250/1074 597/1252/1076
f 573/1251/1075 597/1252/1076 574/1253/1077
f 574/1253/1077 597/1252/1076 598/1254/1078
f 574/1253/1077 598/1254/1078 407/1255/798
f 407/1255/798 598/1254/1078 369/1256/797
f 541/1257/988 554/1258/1079 542/1259/987
f 542/1259/987 554/1258/1079 585/1260/1080
f 548/1261/1000 526/1262/999 549/1263/1081
f 549/1263/1081 526/1262/999 561/1264/1082
f 549/1263/1081 561/1264/1082 550/1265/1083
f 550/1265/1083 561/1264/1082 560/1266/1084
f 550/1265/1083 560/1266/1084 559/1267/1085
f 550/1265/1083 559/1267/1085 551/1268/1086
f 551/1268/1086 559/1267/1085 558/1269/1087
f 551/1268/1086 558/1269/1087 557/1270/1088
f 557/1270/1088 555/1271/1012 551/1268/1086
f 551/1268/1086 555/1271/1012 552/1272/1014
f 554/1273/1010 553/1274/1011 608/1275/1089
f 608/1275/1089 553/1274/1011 584/1276/1090
f 608/1275/1089 584/1276/1090 607/1277/1091
f 607/1277/1091 584/1276/1090 583/1278/1092
f 607/1277/1091 583/1278/1092 606/1279/1093
f 606/1279/1093 583/1278/1092 582/1280/1094
f 606/1279/1093 582/1280/1094 605/1281/1095
f 605/1281/1095 582/1280/1094 581/1282/1096
f 605/1281/1095 581/1282/1096 604/1283/1097
f 604/1283/1097 581/1282/1096 580/1284/1098
f 604/1283/1097 580/1284/1098 603/1285/1099
f 603/1285/1099 580/1284/1098 579/1286/1100
f 603/1285/1099 579/1286/1100 602/1287/1101
f 602/1287/1101 579/1286/1100 578/1288/1102
f 602/1287/1101 578/1288/1102 601/1289/1103
f 601/1289/1103 578/1288/1102 577/1290/1104
f 601/1289/1103 577/1290/1104 600/1291/1105
f 600/1291/1105 577/1290/1104 576/1292/1106
f 600/1291/1105 576/1292/1106 599/1293/1107
f 599/1293/1107 576/1292/1106 575/1294/1108
f 599/1293/1107 575/1294/1108 370/1295/726
f 370/1295/726 575/1294/1108 385/1296/725
f 414/1297/781 384/1298/777 616/1299/1109
f 616/1299/1109 384/1298/777 609/1300/1110
f 616/1299/1109 609/1300/1110 615/1301/1111
f 615/1301/1111 609/1300/1110 610/1302/1112
f 615/1301/1111 610/1302/1112 614/1303/1113
f 614/1303/1113 610/1302/1112 611/1304/1114
f 614/1303/1113 611/1304/1114 613/1305/1115
f 613/1305/1115 611/1304/1114 612/1306/1116
f 613/1305/1115 612/1306/1116 495/1307/890
f 495/1307/890 612/1306/1116 488/1308/891
f 384/1309/708 383/1310/707 609/1311/1117
f 609/1311/1117 383/1310/707 617/1312/1118
f 609/1311/1117 617/1312/1118 610/1313/1119
f 610/1313/1119 617/1312/1118 618/1314/1120
f 610/1313/1119 618/1314/1120 611/1315/1121
f 611/1315/1121 618/1314/1120 612/1316/1122
f 612/1316/1122 618/1314/1120 619/1317/1123
f 612/1316/1122 619/1317/1123 488/1318/879
f 488/1318/879 619/1317/1123 489/1319/878
f 555/1320/1026 542/1321/1027 556/1322/1051
f 556/1322/1051 542/1321/1027 585/1323/1052
f 487/1324/1124 486/1325/1125 467/1326/1126
f 467/1326/1126 486/1325/1125 485/1327/1127
f 467/1326/1126 485/1327/1127 512/1328/1128
f 512/1328/1128 485/1327/1127 620/1329/1129
f 620/1329/1129 485/1327/1127 489/1330/1130
f 467/1326/1126 512/1328/1128 509/1331/1131
f 509/1331/1131 512/1328/1128 511/1332/1132
f 509/1331/1131 511/1332/1132 510/1333/1133
f 414/1334/767 616/1335/1134 399/1336/768
f 399/1336/768 616/1335/1134 623/1337/1135
f 623/1337/1135 616/1335/1134 615/1338/1136
f 623/1337/1135 615/1338/1136 622/1339/1137
f 622/1339/1137 615/1338/1136 614/1340/1138
f 622/1339/1137 614/1340/1138 613/1341/1139
f 622/1339/1137 613/1341/1139 621/1342/1140
f 621/1342/1140 613/1341/1139 495/1343/1141
f 621/1342/1140 495/1343/1141 620/1344/1142
f 475/1345/1143 474/1346/1144 447/1347/1145
f 447/1347/1145 474/1346/1144 502/1348/1146
f 447/1347/1145 502/1348/1146 429/1349/1147
f 429/1349/1147 502/1348/1146 439/1350/1148
f 502/1348/1146 474/1346/1144 503/1351/1149
f 503/1351/1149 474/1346/1144 473/1352/1150
f 503/1351/1149 473/1352/1150 472/1353/1151
f 503/1351/1149 472/1353/1151 504/1354/1152
f 504/1354/1152 472/1353/1151 471/1355/1153
f 504/1354/1152 471/1355/1153 505/1356/1154
f 505/1356/1154 471/1355/1153 470/1357/1155
f 505/1356/1154 470/1357/1155 506/1358/1156
f 506/1358/1156 470/1357/1155 507/1359/1157
f 507/1359/1157 470/1357/1155 469/1360/1158
f 507/1359/1157 469/1360/1158 508/1361/1159
f 508/1361/1159 469/1360/1158 468/1362/1160
f 508/1361/1159 468/1362/1160 467/1363/1126
f 467/1363/1126 509/1364/1131 508/1361/1159
f 447/1347/1145 429/1349/1147 448/1365/1161
f 448/1365/1161 429/1349/1147 428/1366/1162
f 448/1365/1161 428/1366/1162 449/1367/1163
f 449/1367/1163 428/1366/1162 427/1368/1164
f 449/1367/1163 427/1368/1164 450/1369/1165
f 450/1369/1165 427/1368/1164 426/1370/1166
f 450/1369/1165 426/1370/1166 451/1371/1167
f 451/1371/1167 426/1370/1166 425/1372/1168
f 451/1371/1167 425/1372/1168 424/1373/1169
f 423/1374/1170 453/1375/1171 424/1373/1169
f 424/1373/1169 453/1375/1171 452/1376/1172
f 424/1373/1169 452/1376/1172 451/1371/1167
f 423/1374/1170 422/1377/1173 453/1375/1171
f 453/1375/1171 422/1377/1173 454/1378/1174
f 454/1378/1174 422/1377/1173 455/1379/1175
f 455/1379/1175 422/1377/1173 421/1380/1176
f 455/1379/1175 421/1380/1176 624/1381/1177
f 625/1382/1178 466/1383/1179 624/1381/1177
f 624/1381/1177 466/1383/1179 465/1384/1180
f 624/1381/1177 465/1384/1180 455/1379/1175
f 329/1385/654 348/1386/658 625/1382/1178
f 625/1382/1178 348/1386/658 466/1383/1179
f 617/1387/1181 383/1388/713 626/1389/1182
f 626/1389/1182 383/1388/713 399/1390/718
f 626/1389/1182 399/1390/718 623/1391/1183
f 626/1389/1182 623/1391/1183 627/1392/1184
f 627/1392/1184 623/1391/1183 622/1393/1185
f 627/1392/1184 622/1393/1185 628/1394/1186
f 628/1394/1186 622/1393/1185 621/1395/1187
f 628/1394/1186 621/1395/1187 620/1396/1129
f 620/1396/1129 489/1397/1130 628/1394/1186
f 628/1394/1186 489/1397/1130 619/1398/1188
f 628/1394/1186 619/1398/1188 627/1392/1184
f 627/1392/1184 619/1398/1188 618/1399/1189
f 627/1392/1184 618/1399/1189 626/1389/1182
f 626/1389/1182 618/1399/1189 617/1387/1181
f 640/1400/1190 324/1401/1191 321/1402/1192
f 321/1402/1192 324/1401/1191 323/1403/1193
f 321/1402/1192 323/1403/1193 322/1404/1194
f 331/1405/1195 353/1406/1196 321/1402/1192
f 321/1402/1192 353/1406/1196 635/1407/1197
f 321/1402/1192 635/1407/1197 636/1408/1198
f 430/1409/1199 456/1410/1200 331/1405/1195
f 331/1405/1195 456/1410/1200 353/1406/1196
f 352/1411/1201 629/1412/1202 353/1406/1196
f 353/1406/1196 629/1412/1202 632/1413/1203
f 353/1406/1196 632/1413/1203 633/1414/1204
f 351/1415/1205 350/1416/1206 352/1411/1201
f 352/1411/1201 350/1416/1206 349/1417/1207
f 352/1411/1201 349/1417/1207 629/1412/1202
f 630/1418/1208 631/1419/1209 629/1412/1202
f 629/1412/1202 631/1419/1209 632/1413/1203
f 633/1414/1204 634/1420/1210 353/1406/1196
f 353/1406/1196 634/1420/1210 635/1407/1197
f 636/1408/1198 637/1421/1211 321/1402/1192
f 321/1402/1192 637/1421/1211 640/1400/1190
f 637/1421/1211 638/1422/1212 640/1400/1190
f 640/1400/1190 638/1422/1212 639/1423/1213
f 554/1424/1079 608/1425/1214 585/1426/1080
f 585/1426/1080 608/1425/1214 586/1427/1215
f 586/1427/1215 608/1425/1214 607/1428/1216
f 586/1427/1215 607/1428/1216 606/1429/1217
f 586/1427/1215 606/1429/1217 587/1430/1218
f 587/1430/1218 606/1429/1217 605/1431/1219
f 587/1430/1218 605/1431/1219 588/1432/1220
f 588/1432/1220 605/1431/1219 589/1433/1221
f 589/1433/1221 605/1431/1219 604/1434/1222
f 589/1433/1221 604/1434/1222 590/1435/1223
f 590/1435/1223 604/1434/1222 591/1436/1224
f 591/1436/1224 604/1434/1222 592/1437/1225
f 592/1437/1225 604/1434/1222 593/1438/1226
f 593/1438/1226 604/1434/1222 594/1439/1227
f 594/1439/1227 604/1434/1222 603/1440/1228
f 594/1439/1227 603/1440/1228 595/1441/1229
f 595/1441/1229 603/1440/1228 602/1442/1230
f 595/1441/1229 602/1442/1230 596/1443/1231
f 596/1443/1231 602/1442/1230 601/1444/1232
f 596/1443/1231 601/1444/1232 597/1445/1233
f 597/1445/1233 601/1444/1232 600/1446/1234
f 597/1445/1233 600/1446/1234 598/1447/1235
f 598/1447/1235 600/1446/1234 599/1448/1236
f 598/1447/1235 599/1448/1236 369/1449/693
f 369/1449/693 599/1448/1236 370/1450/694
f 512/1451/939 620/1452/1142 494/1453/938
f 494/1453/938 620/1452/1142 495/1454/1141
f 518/1455/1237 532/1456/1238 519/1457/1239
f 519/1457/1239 532/1456/1238 533/1458/1240
f 332/1459/1241 640/1460/1242 333/1461/1243
f 333/1461/1243 640/1460/1242 639/1462/1244
f 333/1461/1243 639/1462/1244 638/1463/1245
f 333/1461/1243 638/1463/1245 334/1464/1246
f 334/1464/1246 638/1463/1245 637/1465/1247
f 334/1464/1246 637/1465/1247 335/1466/1248
f 335/1466/1248 637/1465/1247 636/1467/1249
f 335/1466/1248 636/1467/1249 336/1468/1250
f 336/1468/1250 636/1467/1249 635/1469/1251
f 336/1468/1250 635/1469/1251 337/1470/1252
f 337/1470/1252 635/1469/1251 634/1471/1253
f 337/1470/1252 634/1471/1253 338/1472/1254
f 338/1472/1254 634/1471/1253 633/1473/1255
f 338/1472/1254 633/1473/1255 339/1474/1256
f 339/1474/1256 633/1473/1255 632/1475/1257
f 339/1474/1256 632/1475/1257 340/1476/1258
f 340/1476/1258 632/1475/1257 631/1477/1259
f 340/1476/1258 631/1477/1259 341/1478/1260
f 341/1478/1260 631/1477/1259 630/1479/1261
f 341/1478/1260 630/1479/1261 342/1480/1262
f 342/1480/1262 630/1479/1261 343/1481/1263
f 343/1481/1263 630/1479/1261 629/1482/1264
f 464/1483/853 476/1484/876 446/1485/839
f 446/1485/839 476/1484/876 475/1486/877
f 446/1485/839 475/1486/877 447/1487/840
f 324/1488/642 640/1489/1265 325/1490/641
f 325/1490/641 640/1489/1265 332/1491/1266
f 421/1492/813 330/1493/644 624/1494/1267
f 624/1494/1267 330/1493/644 625/1495/1268
f 625/1495/1268 330/1493/644 329/1496/645
f 344/1497/675 343/1498/1263 349/1499/674
f 349/1499/674 343/1498/1263 629/1500/1264
g Pin 4

v 2.240000 0.125559 -2.824954
v 2.240737 0.125559 -2.842104
v 2.242941 0.125559 -2.859128
v 2.246598 0.125559 -2.875900
v 2.246598 -0.124441 -2.875900
v 2.242941 -0.124441 -2.859128
v 2.240737 -0.124441 -2.842104
v 2.240000 -0.124441 -2.824954
v 2.240000 -0.124441 0.009146
v 2.240000 0.052128 0.009146
v 2.240000 0.125559 -0.048633
v 2.394948 -0.124441 -3.439064
v 2.408100 -0.124441 -3.472286
v 2.428736 -0.124441 -3.501454
v 2.455685 -0.124441 -3.524915
v 2.487418 -0.124441 -3.541336
v 2.522135 -0.124441 -3.549786
v 2.557865 -0.124441 -3.549786
v 2.592582 -0.124441 -3.541336
v 2.624315 -0.124441 -3.524915
v 2.651264 -0.124441 -3.501454
v 2.671900 -0.124441 -3.472286
v 2.685052 -0.124441 -3.439064
v 2.833402 -0.124441 -2.875900
v 2.837059 -0.124441 -2.859128
v 2.839263 -0.124441 -2.842104
v 2.840000 -0.124441 -2.824954
v 2.840000 -0.124441 0.009146
v 2.833402 0.125559 -2.875900
v 2.837059 0.125559 -2.859128
v 2.839263 0.125559 -2.842104
v 2.840000 0.125559 -2.824954
v 2.840000 0.125559 -0.048633
v 2.840000 0.052128 0.009146
v 2.940000 1.050742 6.155514
v 2.945776 1.050742 6.107796
v 2.962770 1.050742 6.062835
v 2.990000 1.050742 6.023226
v 3.025894 1.050742 5.991258
v 3.068379 1.050742 5.968777
v 3.115000 1.050742 5.957082
v 3.115000 1.300742 5.957082
v 3.068379 1.300742 5.968777
v 3.025894 1.300742 5.991258
v 2.990000 1.300742 6.023226
v 2.962770 1.300742 6.062835
v 2.945776 1.300742 6.107796
v 2.940000 1.300742 6.155514
v 2.940000 1.300742 6.237206
v 2.940000 1.050742 6.237206
v 3.161621 1.050742 5.945387
v 3.204106 1.050742 5.922906
v 3.240000 1.050742 5.890938
v 3.267230 1.050742 5.851330
v 3.284224 1.050742 5.806368
v 3.290000 1.050742 5.758651
v 3.290000 1.300742 5.758651
v 3.284224 1.300742 5.806368
v 3.267230 1.300742 5.851330
v 3.240000 1.300742 5.890938
v 3.204106 1.300742 5.922906
v 3.161621 1.300742 5.945387
v 3.290000 1.050742 1.305686
v 3.290000 1.300742 1.305686
v 2.140000 1.050742 6.237206
v 2.140000 1.050742 6.155514
v 2.134224 1.050742 6.107796
v 2.117230 1.050742 6.062835
v 2.090000 1.050742 6.023226
v 2.054106 1.050742 5.991258
v 2.011621 1.050742 5.968777
v 1.965000 1.050742 5.957082
v 1.918379 1.050742 5.945387
v 1.875894 1.050742 5.922906
v 1.840000 1.050742 5.890938
v 1.812770 1.050742 5.851330
v 1.795776 1.050742 5.806368
v 1.790000 1.050742 5.758651
v 1.790000 1.050742 1.305686
v 2.140000 1.300742 6.155514
v 2.134224 1.300742 6.107796
v 2.117230 1.300742 6.062835
v 2.090000 1.300742 6.023226
v 2.054106 1.300742 5.991258
v 2.011621 1.300742 5.968777
v 1.965000 1.300742 5.957082
v 2.140000 1.300742 6.237206
v 1.918379 1.300742 5.945387
v 1.875894 1.300742 5.922906
v 1.840000 1.300742 5.890938
v 1.812770 1.300742 5.851330
v 1.795776 1.300742 5.806368
v 1.790000 1.300742 5.758651
v 1.790000 1.300742 1.305686
v 2.040000 0.175802 0.166323
v 2.091764 0.171588 0.160968
v 2.140000 0.159233 0.145266
v 2.181421 0.139579 0.120287
v 2.213205 0.113965 0.087735
v 2.233185 0.084137 0.049826
v 2.240000 -0.108254 0.135341
v 2.236579 -0.096843 0.172840
v 2.225887 -0.082702 0.209138
v 2.207647 -0.067107 0.241589
v 2.183297 -0.051898 0.268529
v 2.153339 -0.038212 0.289826
v 2.117901 -0.026955 0.305763
v 2.079170 -0.019818 0.315247
v 2.040000 -0.017384 0.318331
v 2.234777 0.125559 0.009146
v 2.040000 0.179087 0.163738
v 2.074023 0.177221 0.161412
v 2.107731 0.171952 0.154261
v 2.139498 0.163797 0.142017
v 2.167930 0.153839 0.124600
v 2.192004 0.143648 0.102502
v 2.211338 0.134536 0.075502
v 2.225966 0.127900 0.043166
v 1.990000 -0.017384 0.318331
v 1.990000 0.179087 0.163738
v 2.846815 0.084137 0.049826
v 2.866795 0.113965 0.087735
v 2.898579 0.139579 0.120287
v 2.940000 0.159233 0.145266
v 2.988236 0.171588 0.160968
v 3.040000 0.175802 0.166323
v 3.040000 -0.017384 0.318331
v 3.000830 -0.019818 0.315247
v 2.962099 -0.026955 0.305763
v 2.926661 -0.038212 0.289826
v 2.896703 -0.051898 0.268529
v 2.872353 -0.067107 0.241589
v 2.854113 -0.082702 0.209138
v 2.843421 -0.096843 0.172840
v 2.840000 -0.108254 0.135341
v 2.845223 0.125559 0.009146
v 2.854034 0.127900 0.043166
v 2.868662 0.134536 0.075502
v 2.887996 0.143648 0.102502
v 2.912070 0.153839 0.124600
v 2.940502 0.163797 0.142017
v 2.972269 0.171952 0.154261
v 3.005977 0.177221 0.161412
v 3.040000 0.179087 0.163738
v 2.840000 -0.117225 0.093786
v 2.840000 -0.122633 0.051620
v 3.271062 0.064302 0.400450
v 3.257266 0.045013 0.384287
v 3.240356 0.028419 0.368994
v 3.220856 0.014656 0.355187
v 3.198199 0.003124 0.342732
v 3.172922 -0.005992 0.332279
v 3.145789 -0.012416 0.324569
v 3.117784 -0.016166 0.319900
v 3.090000 -0.017384 0.318331
v 3.090000 0.179087 0.163738
v 3.128196 0.181392 0.166701
v 3.165744 0.188652 0.175196
v 3.200401 0.201396 0.188497
v 3.230359 0.219931 0.204798
v 3.255668 0.244402 0.224263
v 3.274488 0.272402 0.246536
v 3.286084 0.302835 0.270743
v 3.290000 0.334508 0.295937
v 3.290000 0.132619 0.454791
v 3.287865 0.109183 0.436150
v 3.281507 0.086248 0.417906
v 3.290000 1.112000 0.914382
v 3.290000 0.956371 1.110034
v 1.849641 0.219931 0.204798
v 1.824332 0.244402 0.224263
v 1.805512 0.272402 0.246536
v 1.793916 0.302835 0.270743
v 1.790000 0.334508 0.295937
v 1.790000 1.112000 0.914382
v 1.951804 0.181392 0.166701
v 1.914256 0.188652 0.175196
v 1.879599 0.201396 0.188497
v 2.540000 0.180247 0.165201
v 2.540000 0.150385 0.117757
v 2.540000 0.131845 0.064852
v 1.962216 -0.016166 0.319900
v 1.934211 -0.012416 0.324569
v 1.907078 -0.005992 0.332279
v 1.881801 0.003124 0.342732
v 1.859144 0.014656 0.355187
v 1.839644 0.028419 0.368994
v 1.822734 0.045013 0.384287
v 1.808938 0.064302 0.400450
v 1.798493 0.086248 0.417906
v 1.792135 0.109183 0.436150
v 1.790000 0.132619 0.454791
v 2.140000 -0.443648 2.247226
v 2.140000 -0.252137 2.407923
v 2.140000 -0.209219 2.367573
v 2.140000 -0.158052 2.338385
v 2.140000 -0.101475 2.321980
v 2.140000 -0.042630 2.319268
v 2.140000 -0.024633 2.069917
v 2.140000 -0.118940 2.072032
v 2.140000 -0.211172 2.091822
v 2.140000 -0.298045 2.128583
v 2.140000 -0.376468 2.181006
v 2.940000 -0.443648 2.247226
v 2.940000 -0.774169 2.641125
v 2.140000 -0.774169 2.641125
v 2.940000 -0.252137 2.407923
v 2.940000 -0.582658 2.801822
v 2.940000 -0.209219 2.367573
v 2.940000 -0.158052 2.338385
v 2.940000 -0.101475 2.321980
v 2.940000 -0.042630 2.319268
v 2.940000 -0.024633 2.069917
v 2.940000 -0.118940 2.072032
v 2.940000 -0.211172 2.091822
v 2.940000 -0.298045 2.128583
v 2.940000 -0.376468 2.181006
v 2.940000 -0.617723 2.856864
v 2.940000 -0.637348 2.919107
v 2.940000 -0.640195 2.984308
v 2.940000 -0.626070 3.048024
v 2.940000 -0.860993 3.133529
v 2.940000 -0.883550 3.049343
v 2.940000 -0.891146 2.962519
v 2.940000 -0.883550 2.875695
v 2.940000 -0.860993 2.791509
v 2.940000 -0.824159 2.712519
v 2.140000 -0.582658 2.801822
v 2.140000 -0.617723 2.856864
v 2.140000 -0.637348 2.919107
v 2.140000 -0.640195 2.984308
v 2.140000 -0.626070 3.048024
v 2.140000 0.565819 6.322711
v 2.940000 0.565819 6.322711
v 2.140000 -0.860993 3.133529
v 2.140000 0.330896 6.408216
v 2.140000 -0.883550 3.049343
v 2.140000 -0.891146 2.962519
v 2.140000 -0.883550 2.875695
v 2.140000 -0.860993 2.791509
v 2.140000 -0.824159 2.712519
v 2.140000 0.374097 6.497924
v 2.140000 0.434216 6.577292
v 2.140000 0.508870 6.643175
v 2.140000 0.595099 6.692959
v 2.140000 0.689482 6.724670
v 2.140000 0.788277 6.737051
v 2.140000 0.887566 6.729610
v 2.140000 0.983413 6.702643
v 2.140000 1.072015 6.657219
v 2.140000 1.149861 6.595139
v 2.140000 1.213862 6.518866
v 2.140000 1.261480 6.431423
v 2.140000 1.290828 6.336279
v 2.140000 1.042729 6.299993
v 2.140000 1.019205 6.358755
v 2.140000 0.981676 6.409726
v 2.140000 0.932549 6.449637
v 2.140000 0.874972 6.475932
v 2.140000 0.812638 6.486923
v 2.140000 0.749541 6.481907
v 2.140000 0.689726 6.461204
v 2.140000 0.637027 6.426143
v 2.140000 0.594823 6.378971
v 2.940000 0.330896 6.408216
v 2.940000 0.374097 6.497924
v 2.940000 0.434216 6.577292
v 2.940000 0.508870 6.643175
v 2.940000 0.595099 6.692959
v 2.940000 0.689482 6.724670
v 2.940000 0.788277 6.737051
v 2.940000 0.887566 6.729610
v 2.940000 0.983413 6.702643
v 2.940000 1.072015 6.657219
v 2.940000 1.149861 6.595139
v 2.940000 1.213862 6.518866
v 2.940000 1.261480 6.431423
v 2.940000 1.290828 6.336279
v 2.940000 1.042729 6.299993
v 2.940000 1.019205 6.358755
v 2.940000 0.981676 6.409726
v 2.940000 0.932549 6.449637
v 2.940000 0.874972 6.475932
v 2.940000 0.812638 6.486923
v 2.940000 0.749541 6.481907
v 2.940000 0.689726 6.461204
v 2.940000 0.637027 6.426143
v 2.940000 0.594823 6.378971
v 3.290000 1.292685 1.216285
v 3.290000 1.268772 1.129765
v 3.290000 1.229775 1.048915
v 3.290000 1.176950 0.976341
v 1.790000 1.176950 0.976341
v 1.790000 1.229775 1.048915
v 1.790000 1.268772 1.129765
v 1.790000 1.292685 1.216285
v 3.290000 1.044457 1.249979
v 3.290000 1.025917 1.197074
v 3.290000 0.996054 1.149631
v 1.790000 0.956371 1.110034
v 1.790000 0.996054 1.149631
v 1.790000 1.025917 1.197074
v 1.790000 1.044457 1.249979
v 2.240000 -0.117225 0.093786
v 2.240000 -0.122633 0.051620
v 2.540000 1.044457 1.249979
v 2.540000 1.025917 1.197074
v 2.540000 0.996054 1.149631
v 2.685052 0.125559 -3.439064
v 2.671900 0.125559 -3.472286
v 2.651264 0.125559 -3.501454
v 2.624315 0.125559 -3.524915
v 2.592582 0.125559 -3.541336
v 2.557865 0.125559 -3.549786
v 2.522135 0.125559 -3.549786
v 2.487418 0.125559 -3.541336
v 2.455685 0.125559 -3.524915
v 2.428736 0.125559 -3.501454
v 2.408100 0.125559 -3.472286
v 2.394948 0.125559 -3.439064
vt 0.012500 0.002576 0.000000
vt -0.012500 0.002576 0.000000
vt 0.012500 0.000859 0.000000
vt -0.012500 0.000859 0.000000
vt 0.012500 -0.000859 0.000000
vt -0.012500 -0.000859 0.000000
vt 0.012500 -0.002576 0.000000
vt -0.012500 -0.002576 0.000000
vt -0.280222 -0.012500 0.000000
vt -0.002590 -0.012500 0.000000
vt -0.286000 -0.005157 0.000000
vt -0.002590 0.012500 0.000000
vt -0.286000 0.012500 0.000000
vt -0.029926 -0.919125 0.000000
vt -0.029706 -0.920827 0.000000
vt -0.030000 -0.917410 0.000000
vt -0.029340 -0.922505 0.000000
vt -0.014505 -0.978821 0.000000
vt -0.013190 -0.982143 0.000000
vt -0.011126 -0.985060 0.000000
vt -0.008431 -0.987406 0.000000
vt -0.030000 -0.634000 0.000000
vt -0.005258 -0.989048 0.000000
vt -0.001787 -0.989893 0.000000
vt 0.001787 -0.989893 0.000000
vt 0.030000 -0.634000 0.000000
vt 0.005258 -0.989048 0.000000
vt 0.008431 -0.987406 0.000000
vt 0.014505 -0.978821 0.000000
vt 0.011126 -0.985060 0.000000
vt 0.013190 -0.982143 0.000000
vt 0.030000 -0.917410 0.000000
vt 0.029340 -0.922505 0.000000
vt 0.029706 -0.920827 0.000000
vt 0.029926 -0.919125 0.000000
vt 0.012500 0.002576 0.000000
vt -0.012500 0.002576 0.000000
vt 0.012500 0.000859 0.000000
vt -0.012500 0.000859 0.000000
vt 0.012500 -0.000859 0.000000
vt -0.012500 -0.000859 0.000000
vt 0.012500 -0.002576 0.000000
vt -0.012500 -0.002576 0.000000
vt -0.024000 0.012500 0.000000
vt -0.307410 0.012500 0.000000
vt -0.024000 -0.005157 0.000000
vt -0.307410 -0.012500 0.000000
vt -0.029778 -0.012500 0.000000
vt -0.012500 -0.062832 0.000000
vt 0.012500 -0.062832 0.000000
vt -0.012500 -0.058014 0.000000
vt 0.012500 -0.058014 0.000000
vt -0.012500 -0.053195 0.000000
vt 0.012500 -0.053195 0.000000
vt -0.012500 -0.048377 0.000000
vt 0.012500 -0.048377 0.000000
vt -0.012500 -0.043559 0.000000
vt 0.012500 -0.043559 0.000000
vt -0.012500 -0.038741 0.000000
vt 0.012500 -0.038741 0.000000
vt -0.012500 -0.033922 0.000000
vt 0.012500 -0.033922 0.000000
vt -0.019686 0.012500 0.000000
vt -0.027856 0.012500 0.000000
vt -0.019686 -0.012500 0.000000
vt -0.027856 -0.012500 0.000000
vt 0.012500 0.013201 0.000000
vt -0.012500 0.013201 0.000000
vt 0.012500 0.008383 0.000000
vt -0.012500 0.008383 0.000000
vt 0.012500 0.003565 0.000000
vt -0.012500 0.003565 0.000000
vt 0.012500 -0.001253 0.000000
vt -0.012500 -0.001253 0.000000
vt 0.012500 -0.006072 0.000000
vt -0.012500 -0.006072 0.000000
vt 0.012500 -0.010890 0.000000
vt -0.012500 -0.010890 0.000000
vt 0.012500 -0.015708 0.000000
vt -0.012500 -0.015708 0.000000
vt 0.600000 0.012500 0.000000
vt 0.154703 0.012500 0.000000
vt 0.600000 -0.012500 0.000000
vt 0.154703 -0.012500 0.000000
vt 0.062162 0.008674 0.000000
vt 0.057500 0.009843 0.000000
vt 0.075000 -0.010000 0.000000
vt 0.052838 0.011013 0.000000
vt 0.075000 -0.455297 0.000000
vt 0.048589 0.013261 0.000000
vt 0.045000 0.016458 0.000000
vt 0.042277 0.020418 0.000000
vt -0.042277 0.020418 0.000000
vt -0.075000 -0.455297 0.000000
vt -0.045000 0.016458 0.000000
vt -0.048589 0.013261 0.000000
vt -0.040578 0.024915 0.000000
vt 0.040578 0.024915 0.000000
vt -0.040000 0.029686 0.000000
vt 0.040000 0.029686 0.000000
vt -0.040000 0.037856 0.000000
vt 0.040000 0.037856 0.000000
vt -0.052838 0.011013 0.000000
vt -0.075000 -0.010000 0.000000
vt -0.057500 0.009843 0.000000
vt -0.062162 0.008674 0.000000
vt -0.066411 0.006426 0.000000
vt -0.070000 0.003229 0.000000
vt -0.072723 -0.000732 0.000000
vt -0.074422 -0.005228 0.000000
vt 0.074422 -0.005228 0.000000
vt 0.072723 -0.000732 0.000000
vt 0.070000 0.003229 0.000000
vt 0.066411 0.006426 0.000000
vt -0.012500 -0.062832 0.000000
vt 0.012500 -0.062832 0.000000
vt -0.012500 -0.058014 0.000000
vt 0.012500 -0.058014 0.000000
vt -0.012500 -0.053195 0.000000
vt 0.012500 -0.053195 0.000000
vt -0.012500 -0.048377 0.000000
vt 0.012500 -0.048377 0.000000
vt -0.012500 -0.043559 0.000000
vt 0.012500 -0.043559 0.000000
vt -0.012500 -0.038741 0.000000
vt 0.012500 -0.038741 0.000000
vt -0.012500 -0.033922 0.000000
vt 0.012500 -0.033922 0.000000
vt -0.580314 -0.012500 0.000000
vt -0.572144 -0.012500 0.000000
vt -0.580314 0.012500 0.000000
vt -0.572144 0.012500 0.000000
vt 0.012500 0.013201 0.000000
vt -0.012500 0.013201 0.000000
vt 0.012500 0.008383 0.000000
vt -0.012500 0.008383 0.000000
vt 0.012500 0.003565 0.000000
vt -0.012500 0.003565 0.000000
vt 0.012500 -0.001253 0.000000
vt -0.012500 -0.001253 0.000000
vt 0.012500 -0.006072 0.000000
vt -0.012500 -0.006072 0.000000
vt 0.012500 -0.010890 0.000000
vt -0.012500 -0.010890 0.000000
vt 0.012500 -0.015708 0.000000
vt -0.012500 -0.015708 0.000000
vt 0.620000 -0.012500 0.000000
vt 1.065297 -0.012500 0.000000
vt 0.620000 0.012500 0.000000
vt 1.065297 0.012500 0.000000
vt -0.052838 0.011013 0.000000
vt -0.057500 0.009843 0.000000
vt -0.075000 -0.010000 0.000000
vt -0.062162 0.008674 0.000000
vt -0.066411 0.006426 0.000000
vt -0.070000 0.003229 0.000000
vt -0.072723 -0.000732 0.000000
vt -0.074422 -0.005228 0.000000
vt -0.075000 -0.455297 0.000000
vt -0.048589 0.013261 0.000000
vt -0.045000 0.016458 0.000000
vt -0.042277 0.020418 0.000000
vt 0.075000 -0.455297 0.000000
vt 0.042277 0.020418 0.000000
vt 0.045000 0.016458 0.000000
vt 0.048589 0.013261 0.000000
vt 0.052838 0.011013 0.000000
vt 0.075000 -0.010000 0.000000
vt 0.057500 0.009843 0.000000
vt 0.062162 0.008674 0.000000
vt 0.066411 0.006426 0.000000
vt 0.070000 0.003229 0.000000
vt 0.072723 -0.000732 0.000000
vt 0.074422 -0.005228 0.000000
vt -0.040578 0.024915 0.000000
vt 0.040578 0.024915 0.000000
vt -0.040000 0.029686 0.000000
vt 0.040000 0.029686 0.000000
vt -0.040000 0.037856 0.000000
vt 0.040000 0.037856 0.000000
vt 0.021426 0.015708 0.000000
vt -0.003156 0.015708 0.000000
vt 0.021427 0.011764 0.000000
vt -0.003156 0.010472 0.000000
vt 0.021401 0.007706 0.000000
vt -0.003156 0.005236 0.000000
vt 0.021301 0.003654 0.000000
vt -0.003156 -0.000000 0.000000
vt 0.021059 -0.000267 0.000000
vt 0.020589 -0.004183 0.000000
vt -0.003156 -0.005236 0.000000
vt 0.019807 -0.008150 0.000000
vt -0.003156 -0.010472 0.000000
vt 0.018674 -0.012034 0.000000
vt -0.003156 -0.015708 0.000000
vt 0.017252 -0.015708 0.000000
vt 0.021426 0.031416 0.000000
vt 0.012082 0.031416 0.000000
vt 0.017853 0.026835 0.000000
vt 0.012082 0.026180 0.000000
vt 0.015933 0.023880 0.000000
vt 0.012082 0.020944 0.000000
vt 0.014455 0.020581 0.000000
vt 0.013502 0.017268 0.000000
vt 0.012082 0.015708 0.000000
vt 0.012936 0.013888 0.000000
vt 0.012082 0.010472 0.000000
vt 0.012641 0.010415 0.000000
vt 0.012525 0.006911 0.000000
vt 0.012082 0.005236 0.000000
vt 0.012497 0.003420 0.000000
vt 0.012082 -0.000000 0.000000
vt 0.012500 -0.000000 0.000000
vt -0.020000 -0.012500 0.000000
vt -0.020000 -0.012082 0.000000
vt -0.025000 -0.012500 0.000000
vt -0.025000 0.012500 0.000000
vt -0.020000 0.012500 0.000000
vt 0.007429 0.015708 0.000000
vt -0.012979 0.015708 0.000000
vt 0.008851 0.012034 0.000000
vt -0.012979 0.010472 0.000000
vt 0.009984 0.008150 0.000000
vt -0.012979 0.005236 0.000000
vt 0.010765 0.004183 0.000000
vt -0.012979 0.000000 0.000000
vt 0.011236 0.000267 0.000000
vt 0.011477 -0.003654 0.000000
vt -0.012979 -0.005236 0.000000
vt 0.011578 -0.007706 0.000000
vt -0.012979 -0.010472 0.000000
vt 0.011603 -0.011764 0.000000
vt -0.012979 -0.015708 0.000000
vt 0.011603 -0.015708 0.000000
vt 0.022745 0.007536 0.000000
vt 0.018894 0.005236 0.000000
vt 0.024664 0.004581 0.000000
vt 0.018894 -0.000000 0.000000
vt 0.028237 0.000000 0.000000
vt 0.018894 0.010472 0.000000
vt 0.021267 0.010834 0.000000
vt 0.020313 0.014148 0.000000
vt 0.018894 0.015708 0.000000
vt 0.019748 0.017528 0.000000
vt 0.018894 0.020944 0.000000
vt 0.019453 0.021001 0.000000
vt 0.019337 0.024505 0.000000
vt 0.018894 0.026180 0.000000
vt 0.019309 0.027996 0.000000
vt 0.018894 0.031416 0.000000
vt 0.019312 0.031416 0.000000
vt 0.001619 0.012620 0.000000
vt 0.000722 0.008464 0.000000
vt 0.017657 0.000000 0.000000
vt 0.000181 0.004247 0.000000
vt -0.000000 0.000000 0.000000
vt 0.010758 0.011599 0.000000
vt -0.014807 0.011893 0.000000
vt 0.010241 0.008774 0.000000
vt -0.015631 0.007929 0.000000
vt 0.009596 0.005849 0.000000
vt -0.016525 0.003964 0.000000
vt 0.008922 0.002925 0.000000
vt -0.017457 0.000000 0.000000
vt 0.008233 -0.000000 0.000000
vt 0.011116 0.014399 0.000000
vt -0.014088 0.015858 0.000000
vt 0.011344 0.017149 0.000000
vt -0.013639 0.019719 0.000000
vt 0.011480 0.019980 0.000000
vt 0.011550 0.022865 0.000000
vt -0.013460 0.023647 0.000000
vt 0.011578 0.025761 0.000000
vt -0.013415 0.027571 0.000000
vt 0.011584 0.028628 0.000000
vt -0.013417 0.031416 0.000000
vt 0.011583 0.031416 0.000000
vt 0.017088 0.012500 0.000000
vt 0.022999 -0.012500 0.000000
vt 0.122345 0.012500 0.000000
vt 0.122345 -0.012500 0.000000
vt -0.074608 -0.591048 0.000000
vt -0.069036 -0.601642 0.000000
vt -0.075000 -0.587001 0.000000
vt 0.069036 -0.601642 0.000000
vt 0.075000 -0.587001 0.000000
vt 0.074608 -0.591048 0.000000
vt 0.073449 -0.594937 0.000000
vt 0.071567 -0.598515 0.000000
vt -0.073449 -0.594937 0.000000
vt -0.071567 -0.598515 0.000000
vt 0.075000 -0.487655 0.000000
vt -0.075000 -0.487655 0.000000
vt -0.066040 0.020002 0.000000
vt 0.000000 0.016853 0.000000
vt -0.069036 0.022471 0.000000
vt 0.066040 0.020002 0.000000
vt 0.069036 0.022471 0.000000
vt -0.062574 0.018159 0.000000
vt -0.058820 0.017042 0.000000
vt -0.055000 0.016667 0.000000
vt -0.050000 0.016667 0.000000
vt -0.046598 0.016369 0.000000
vt -0.043227 0.015480 0.000000
vt -0.040050 0.014009 0.000000
vt 0.000000 0.011236 0.000000
vt 0.040050 0.014009 0.000000
vt 0.037207 0.012002 0.000000
vt 0.034800 0.009568 0.000000
vt 0.000000 0.005618 0.000000
vt 0.032866 0.006716 0.000000
vt 0.031403 0.003413 0.000000
vt -0.031403 0.003413 0.000000
vt 0.030522 0.000000 0.000000
vt -0.030522 0.000000 0.000000
vt -0.037207 0.012002 0.000000
vt -0.034800 0.009568 0.000000
vt -0.032866 0.006716 0.000000
vt 0.043227 0.015480 0.000000
vt 0.046598 0.016369 0.000000
vt 0.050000 0.016667 0.000000
vt 0.055000 0.016667 0.000000
vt 0.058820 0.017042 0.000000
vt 0.062574 0.018159 0.000000
vt -0.267080 0.019719 0.000000
vt -0.292063 0.017149 0.000000
vt -0.266631 0.015858 0.000000
vt -0.291835 0.014399 0.000000
vt -0.265912 0.011893 0.000000
vt -0.291477 0.011599 0.000000
vt -0.290960 0.008774 0.000000
vt -0.267259 0.023647 0.000000
vt -0.292269 0.022865 0.000000
vt -0.292199 0.019980 0.000000
vt -0.292297 0.025761 0.000000
vt -0.267304 0.027571 0.000000
vt -0.292303 0.028628 0.000000
vt -0.267302 0.031416 0.000000
vt -0.292302 0.031416 0.000000
vt -0.265088 0.007929 0.000000
vt -0.290315 0.005849 0.000000
vt -0.264194 0.003964 0.000000
vt -0.289641 0.002925 0.000000
vt -0.263262 0.000000 0.000000
vt -0.288952 -0.000000 0.000000
vt -0.019151 0.016070 0.000000
vt -0.023443 0.012035 0.000000
vt 0.000000 0.000000 0.000000
vt -0.006718 -0.006622 0.000000
vt -0.028560 0.009116 0.000000
vt -0.014560 -0.011864 0.000000
vt -0.023248 -0.015540 0.000000
vt -0.034217 0.007475 0.000000
vt -0.032471 -0.017519 0.000000
vt -0.040102 0.007204 0.000000
vt -0.041901 -0.017731 0.000000
vt 0.040000 0.575990 0.000000
vt -0.040000 0.575990 0.000000
vt 0.040000 0.524571 0.000000
vt -0.040000 0.524571 0.000000
vt -0.565990 -0.012500 0.000000
vt -0.514571 -0.012500 0.000000
vt -0.565990 0.012500 0.000000
vt -0.514571 0.012500 0.000000
vt -0.040000 0.000000 0.000000
vt 0.040000 0.000000 0.000000
vt -0.040000 0.005904 0.000000
vt 0.040000 0.005904 0.000000
vt -0.040000 0.011809 0.000000
vt 0.040000 0.011809 0.000000
vt -0.040000 0.017713 0.000000
vt 0.040000 0.017713 0.000000
vt -0.040000 0.023618 0.000000
vt 0.040000 0.023618 0.000000
vt -0.040000 0.000000 0.000000
vt 0.040000 0.000000 0.000000
vt -0.040000 0.009447 0.000000
vt 0.040000 0.009447 0.000000
vt -0.040000 0.018894 0.000000
vt 0.040000 0.018894 0.000000
vt -0.040000 0.028341 0.000000
vt 0.040000 0.028341 0.000000
vt -0.040000 0.037788 0.000000
vt 0.040000 0.037788 0.000000
vt -0.040000 0.047236 0.000000
vt 0.040000 0.047236 0.000000
vt 0.000000 0.000000 0.000000
vt -0.003507 0.005504 0.000000
vt -0.019151 -0.016070 0.000000
vt -0.024150 -0.008930 0.000000
vt -0.005469 0.011728 0.000000
vt -0.027834 -0.001031 0.000000
vt -0.030089 0.007387 0.000000
vt -0.005754 0.018249 0.000000
vt -0.030849 0.016070 0.000000
vt -0.030089 0.024752 0.000000
vt -0.027834 0.033171 0.000000
vt -0.004341 0.024620 0.000000
vt 0.040000 0.026180 0.000000
vt -0.040000 0.026180 0.000000
vt 0.040000 0.019635 0.000000
vt -0.040000 0.019635 0.000000
vt 0.040000 0.013090 0.000000
vt -0.040000 0.013090 0.000000
vt 0.040000 0.006545 0.000000
vt -0.040000 0.006545 0.000000
vt 0.040000 0.000000 0.000000
vt -0.040000 -0.000000 0.000000
vt -0.034010 0.012500 0.000000
vt -0.085429 0.012500 0.000000
vt -0.034010 -0.012500 0.000000
vt -0.085429 -0.012500 0.000000
vt -0.000000 0.000000 0.000000
vt -0.019151 -0.016070 0.000000
vt 0.004292 -0.004035 0.000000
vt -0.012433 -0.022692 0.000000
vt 0.009409 -0.006954 0.000000
vt -0.004591 -0.027934 0.000000
vt 0.004097 -0.031610 0.000000
vt 0.015066 -0.008594 0.000000
vt 0.013320 -0.033589 0.000000
vt 0.020951 -0.008865 0.000000
vt 0.022750 -0.033801 0.000000
vt 0.040000 0.486871 0.000000
vt -0.040000 0.486871 0.000000
vt 0.040000 0.138386 0.000000
vt -0.040000 0.138386 0.000000
vt -0.123129 0.012500 0.000000
vt -0.471614 0.012500 0.000000
vt -0.123129 -0.012500 0.000000
vt -0.471614 -0.012500 0.000000
vt 0.040000 0.052360 0.000000
vt -0.040000 0.052360 0.000000
vt 0.040000 0.043633 0.000000
vt -0.040000 0.043633 0.000000
vt 0.040000 0.034907 0.000000
vt -0.040000 0.034907 0.000000
vt 0.040000 0.026180 0.000000
vt -0.040000 0.026180 0.000000
vt 0.040000 0.017453 0.000000
vt -0.040000 0.017453 0.000000
vt 0.040000 0.008727 0.000000
vt -0.040000 0.008727 0.000000
vt 0.040000 -0.000000 0.000000
vt -0.040000 0.000000 0.000000
vt 0.040000 0.575990 0.000000
vt -0.040000 0.575990 0.000000
vt 0.040000 0.524571 0.000000
vt -0.040000 0.524571 0.000000
vt -0.023492 -0.008551 0.000000
vt -0.000000 0.000000 0.000000
vt -0.026393 -0.002925 0.000000
vt -0.004320 0.008971 0.000000
vt -0.030613 0.001793 0.000000
vt -0.035883 0.005299 0.000000
vt -0.010332 0.016908 0.000000
vt -0.041864 0.007369 0.000000
vt -0.017797 0.023496 0.000000
vt -0.026420 0.028474 0.000000
vt -0.048174 0.007871 0.000000
vt -0.035859 0.031645 0.000000
vt -0.045738 0.032883 0.000000
vt -0.055667 0.032139 0.000000
vt -0.065252 0.029443 0.000000
vt -0.074112 0.024900 0.000000
vt -0.054408 0.006772 0.000000
vt -0.081896 0.018692 0.000000
vt -0.060165 0.004142 0.000000
vt -0.088297 0.011065 0.000000
vt -0.065078 0.000151 0.000000
vt -0.093058 0.002321 0.000000
vt -0.068831 -0.004946 0.000000
vt -0.095993 -0.007194 0.000000
vt -0.071183 -0.010822 0.000000
vt -0.096985 -0.017101 0.000000
vt -0.071985 -0.017101 0.000000
vt 0.040000 0.139626 0.000000
vt -0.040000 0.139626 0.000000
vt 0.040000 0.129653 0.000000
vt -0.040000 0.129653 0.000000
vt 0.040000 0.119680 0.000000
vt -0.040000 0.119680 0.000000
vt 0.040000 0.109706 0.000000
vt -0.040000 0.109706 0.000000
vt 0.040000 0.099733 0.000000
vt -0.040000 0.099733 0.000000
vt 0.040000 0.089760 0.000000
vt -0.040000 0.089760 0.000000
vt 0.040000 0.079786 0.000000
vt -0.040000 0.079786 0.000000
vt 0.040000 0.069813 0.000000
vt -0.040000 0.069813 0.000000
vt 0.040000 0.059840 0.000000
vt -0.040000 0.059840 0.000000
vt 0.040000 0.049867 0.000000
vt -0.040000 0.049867 0.000000
vt 0.040000 0.039893 0.000000
vt -0.040000 0.039893 0.000000
vt 0.040000 0.029920 0.000000
vt -0.040000 0.029920 0.000000
vt 0.040000 0.019947 0.000000
vt -0.040000 0.019947 0.000000
vt 0.040000 0.009973 0.000000
vt -0.040000 0.009973 0.000000
vt 0.040000 -0.000000 0.000000
vt -0.040000 -0.000000 0.000000
vt -0.476871 -0.012500 0.000000
vt -0.128386 -0.012500 0.000000
vt -0.476871 0.012500 0.000000
vt -0.128386 0.012500 0.000000
vt -0.019151 0.016070 0.000000
vt 0.000000 0.000000 0.000000
vt -0.015645 0.021574 0.000000
vt 0.004999 0.007139 0.000000
vt -0.013682 0.027798 0.000000
vt 0.008682 0.015038 0.000000
vt 0.010938 0.023457 0.000000
vt -0.013397 0.034318 0.000000
vt 0.011698 0.032139 0.000000
vt 0.010938 0.040822 0.000000
vt 0.008682 0.049240 0.000000
vt -0.014810 0.040690 0.000000
vt 0.040000 0.069813 0.000000
vt -0.040000 0.069813 0.000000
vt 0.040000 0.063467 0.000000
vt -0.040000 0.063467 0.000000
vt 0.040000 0.057120 0.000000
vt -0.040000 0.057120 0.000000
vt 0.040000 0.050773 0.000000
vt -0.040000 0.050773 0.000000
vt 0.040000 0.044427 0.000000
vt -0.040000 0.044427 0.000000
vt 0.040000 0.038080 0.000000
vt -0.040000 0.038080 0.000000
vt 0.040000 0.031733 0.000000
vt -0.040000 0.031733 0.000000
vt 0.040000 0.025387 0.000000
vt -0.040000 0.025387 0.000000
vt 0.040000 0.019040 0.000000
vt -0.040000 0.019040 0.000000
vt 0.040000 0.012693 0.000000
vt -0.040000 0.012693 0.000000
vt 0.040000 0.006347 0.000000
vt -0.040000 0.006347 0.000000
vt 0.040000 -0.000000 0.000000
vt -0.040000 -0.000000 0.000000
vt 0.075000 0.044942 0.000000
vt -0.075000 0.044942 0.000000
vt 0.075000 0.035954 0.000000
vt -0.075000 0.035954 0.000000
vt 0.075000 0.026965 0.000000
vt -0.075000 0.026965 0.000000
vt 0.075000 0.017977 0.000000
vt -0.075000 0.017977 0.000000
vt 0.075000 0.008988 0.000000
vt -0.075000 0.008988 0.000000
vt 0.075000 0.000000 0.000000
vt -0.075000 0.000000 0.000000
vt 0.025000 0.000000 0.000000
vt 0.000000 0.000000 0.000000
vt 0.024194 -0.008940 0.000000
vt -0.000629 -0.005571 0.000000
vt 0.021803 -0.017592 0.000000
vt -0.002483 -0.010861 0.000000
vt 0.017903 -0.025677 0.000000
vt 0.012621 -0.032934 0.000000
vt -0.005469 -0.015606 0.000000
vt 0.006126 -0.039130 0.000000
vt -0.009437 -0.019565 0.000000
vt 0.040000 0.486871 0.000000
vt -0.040000 0.486871 0.000000
vt 0.040000 0.138386 0.000000
vt -0.040000 0.138386 0.000000
vt 0.074151 -0.598837 0.000000
vt 0.074787 -0.595907 0.000000
vt 0.073106 -0.601642 0.000000
vt 0.075000 -0.592912 0.000000
vt -0.075000 -0.592912 0.000000
vt -0.075000 -0.487655 0.000000
vt 0.075000 -0.487655 0.000000
vt -0.073106 -0.601642 0.000000
vt -0.074787 -0.595907 0.000000
vt -0.074151 -0.598837 0.000000
vt 0.000000 -0.000000 0.000000
vt 0.000806 -0.008940 0.000000
vt 0.025000 -0.000000 0.000000
vt 0.025629 -0.005571 0.000000
vt 0.003197 -0.017592 0.000000
vt 0.027483 -0.010861 0.000000
vt 0.007097 -0.025677 0.000000
vt 0.012379 -0.032934 0.000000
vt 0.030469 -0.015606 0.000000
vt 0.018874 -0.039130 0.000000
vt 0.034437 -0.019565 0.000000
vt 0.055000 0.033333 0.000000
vt 0.057778 0.033532 0.000000
vt 0.050000 0.033333 0.000000
vt -0.057778 0.033532 0.000000
vt -0.050000 0.033333 0.000000
vt -0.055000 0.033333 0.000000
vt -0.060579 0.034131 0.000000
vt 0.060579 0.034131 0.000000
vt 0.063292 0.035134 0.000000
vt -0.063292 0.035134 0.000000
vt 0.065820 0.036521 0.000000
vt -0.065820 0.036521 0.000000
vt 0.068086 0.038219 0.000000
vt -0.068086 0.038219 0.000000
vt -0.070036 0.040169 0.000000
vt 0.070036 0.040169 0.000000
vt -0.071727 0.042425 0.000000
vt 0.071727 0.042425 0.000000
vt 0.073106 0.044942 0.000000
vt -0.073106 0.044942 0.000000
vt 0.046083 0.032940 0.000000
vt -0.046083 0.032940 0.000000
vt 0.042210 0.031754 0.000000
vt -0.042210 0.031754 0.000000
vt 0.038666 0.029802 0.000000
vt -0.038666 0.029802 0.000000
vt 0.035670 0.027270 0.000000
vt -0.035670 0.027270 0.000000
vt -0.033235 0.024176 0.000000
vt -0.031411 0.020575 0.000000
vt 0.031411 0.020575 0.000000
vt 0.033235 0.024176 0.000000
vt -0.030342 0.016678 0.000000
vt 0.030342 0.016678 0.000000
vt 0.030000 0.012757 0.000000
vt -0.030000 0.012757 0.000000
vt -0.030000 0.008505 0.000000
vt -0.030000 0.004252 0.000000
vt 0.030000 0.004252 0.000000
vt 0.030000 0.008505 0.000000
vt -0.030000 0.000000 0.000000
vt 0.030000 0.000000 0.000000
vt 0.075000 0.016853 0.000000
vt 0.075000 0.022471 0.000000
vt 0.000000 0.016853 0.000000
vt -0.075000 0.022471 0.000000
vt -0.075000 0.016853 0.000000
vt 0.000000 0.011236 0.000000
vt -0.075000 0.011236 0.000000
vt 0.000000 0.005618 0.000000
vt -0.075000 0.005618 0.000000
vt -0.075000 0.000000 0.000000
vt 0.075000 0.000000 0.000000
vt 0.075000 0.005618 0.000000
vt 0.075000 0.011236 0.000000
vt 0.014505 -0.978821 0.000000
vt 0.029340 -0.922505 0.000000
vt 0.030000 -0.917410 0.000000
vt 0.029706 -0.920827 0.000000
vt 0.029926 -0.919125 0.000000
vt 0.030000 -0.639778 0.000000
vt -0.030000 -0.639778 0.000000
vt 0.001787 -0.989893 0.000000
vt 0.005258 -0.989048 0.000000
vt 0.030522 -0.634000 0.000000
vt -0.030522 -0.634000 0.000000
vt -0.030000 -0.917410 0.000000
vt -0.014505 -0.978821 0.000000
vt -0.008431 -0.987406 0.000000
vt -0.005258 -0.989048 0.000000
vt -0.029926 -0.919125 0.000000
vt -0.029706 -0.920827 0.000000
vt -0.029340 -0.922505 0.000000
vt -0.013190 -0.982143 0.000000
vt -0.011126 -0.985060 0.000000
vt -0.001787 -0.989893 0.000000
vt 0.008431 -0.987406 0.000000
vt 0.011126 -0.985060 0.000000
vt 0.013190 -0.982143 0.000000
vt -0.000000 0.000000 0.000000
vt 0.002900 0.005626 0.000000
vt -0.023492 0.008551 0.000000
vt -0.019172 0.017521 0.000000
vt 0.007121 0.010343 0.000000
vt 0.012391 0.013849 0.000000
vt -0.013160 0.025458 0.000000
vt 0.018372 0.015920 0.000000
vt -0.005695 0.032046 0.000000
vt 0.002928 0.037025 0.000000
vt 0.024682 0.016421 0.000000
vt 0.012366 0.040196 0.000000
vt 0.022246 0.041434 0.000000
vt 0.032175 0.040690 0.000000
vt 0.041759 0.037993 0.000000
vt 0.050620 0.033451 0.000000
vt 0.030915 0.015322 0.000000
vt 0.058404 0.027243 0.000000
vt 0.036673 0.012693 0.000000
vt 0.064804 0.019615 0.000000
vt 0.041586 0.008701 0.000000
vt 0.069566 0.010871 0.000000
vt 0.045339 0.003604 0.000000
vt 0.072501 0.001357 0.000000
vt 0.047691 -0.002272 0.000000
vt 0.073492 -0.008551 0.000000
vt 0.048492 -0.008551 0.000000
vt 1.202912 0.012500 0.000000
vt 1.097655 0.012500 0.000000
vt 1.197001 -0.012500 0.000000
vt 1.097655 -0.012500 0.000000
vt 0.115000 0.012500 0.000000
vt 0.035000 0.012500 0.000000
vt 0.115000 -0.012500 0.000000
vt 0.035000 -0.012500 0.000000
vt -0.012500 -0.043260 0.000000
vt 0.012500 -0.043260 0.000000
vt -0.012500 -0.039679 0.000000
vt 0.012500 -0.039679 0.000000
vt 0.012500 -0.036097 0.000000
vt -0.012500 -0.036097 0.000000
vt 0.012500 -0.032516 0.000000
vt -0.012500 -0.032516 0.000000
vt 0.012500 -0.028934 0.000000
vt -0.012500 -0.028934 0.000000
vt 0.012500 -0.025353 0.000000
vt -0.012500 -0.025353 0.000000
vt 0.012500 -0.021771 0.000000
vt -0.012500 -0.021771 0.000000
vt 0.012500 -0.018190 0.000000
vt -0.012500 -0.018190 0.000000
vt 0.012500 -0.014608 0.000000
vt -0.012500 -0.014608 0.000000
vt 0.012500 -0.011027 0.000000
vt -0.012500 -0.011027 0.000000
vt 0.012500 -0.007445 0.000000
vt -0.012500 -0.007445 0.000000
vt -0.012500 -0.003864 0.000000
vt 0.012500 -0.003864 0.000000
vt -0.025000 -0.012500 0.000000
vt -0.020000 -0.012500 0.000000
vt -0.025000 -0.012082 0.000000
vt -0.020000 0.012500 0.000000
vt -0.025000 0.012500 0.000000
vt -0.058238 -0.012500 0.000000
vt -0.000000 -0.012500 0.000000
vt -0.058238 0.012500 0.000000
vt -0.000000 0.012500 0.000000
vt 0.023381 0.012620 0.000000
vt 0.007343 0.000000 0.000000
vt 0.024278 0.008464 0.000000
vt 0.024819 0.004247 0.000000
vt 0.025000 0.000000 0.000000
vt -0.002590 0.012500 0.000000
vt -0.060828 0.012500 0.000000
vt -0.002590 -0.012500 0.000000
vt -0.060828 -0.012500 0.000000
vn -0.100000 -0.000000 0.000000
vn -0.100000 -0.000000 0.000000
vn -0.099632 0.000000 -0.008575
vn -0.099632 0.000000 -0.008575
vn -0.098529 0.000000 -0.017087
vn -0.098529 0.000000 -0.017087
vn -0.096701 0.000000 -0.025473
vn -0.096701 0.000000 -0.025473
vn -0.100000 0.000000 -0.000000
vn -0.100000 0.000000 -0.000000
vn -0.100000 0.000000 -0.000000
vn 0.000000 -0.100000 -0.000000
vn 0.000000 -0.100000 -0.000000
vn 0.000000 -0.100000 -0.000000
vn 0.000000 -0.100000 -0.000000
vn 0.000000 -0.100000 -0.000000
vn 0.000000 -0.100000 -0.000000
vn 0.000000 -0.100000 -0.000000
vn 0.000000 -0.100000 -0.000000
vn 0.000000 -0.100000 -0.000000
vn 0.000000 -0.100000 -0.000000
vn 0.000000 -0.100000 -0.000000
vn 0.000000 -0.100000 -0.000000
vn 0.000000 -0.100000 -0.000000
vn 0.000000 -0.100000 -0.000000
vn 0.000000 -0.100000 -0.000000
vn 0.000000 -0.100000 -0.000000
vn 0.000000 -0.100000 -0.000000
vn 0.000000 -0.100000 -0.000000
vn 0.000000 -0.100000 -0.000000
vn 0.000000 -0.100000 -0.000000
vn 0.000000 -0.100000 -0.000000
vn 0.000000 -0.100000 -0.000000
vn 0.100000 0.000000 -0.000000
vn 0.100000 0.000000 -0.000000
vn 0.099632 0.000000 -0.008575
vn 0.099632 0.000000 -0.008575
vn 0.098529 0.000000 -0.017087
vn 0.098529 0.000000 -0.017087
vn 0.096701 0.000000 -0.025473
vn 0.096701 0.000000 -0.025473
vn 0.100000 0.000000 -0.000000
vn 0.100000 0.000000 -0.000000
vn 0.100000 0.000000 -0.000000
vn 0.100000 -0.000000 -0.000000
vn 0.100000 0.000000 0.000000
vn 0.097112 0.000000 0.023859
vn 0.097112 0.000000 0.023859
vn 0.088615 0.000000 0.046340
vn 0.088615 0.000000 0.046340
vn 0.075000 0.000000 0.066144
vn 0.075000 0.000000 0.066144
vn 0.057053 0.000000 0.082128
vn 0.057053 0.000000 0.082128
vn 0.035811 0.000000 0.093368
vn 0.035811 0.000000 0.093368
vn 0.012500 0.000000 0.099216
vn 0.012500 0.000000 0.099216
vn 0.100000 -0.000000 -0.000000
vn 0.100000 -0.000000 -0.000000
vn 0.035811 0.000000 0.093368
vn 0.035811 0.000000 0.093368
vn 0.057053 0.000000 0.082128
vn 0.057053 0.000000 0.082128
vn 0.075000 0.000000 0.066144
vn 0.075000 0.000000 0.066144
vn 0.088615 0.000000 0.046340
vn 0.088615 0.000000 0.046340
vn 0.097112 0.000000 0.023859
vn 0.097112 0.000000 0.023859
vn 0.100000 0.000000 0.000000
vn 0.100000 -0.000000 -0.000000
vn 0.100000 0.000000 0.000000
vn 0.100000 0.000000 0.000000
vn 0.000000 -0.100000 0.000000
vn 0.000000 -0.100000 0.000000
vn 0.000000 -0.100000 0.000000
vn 0.000000 -0.100000 0.000000
vn 0.000000 -0.100000 0.000000
vn 0.000000 -0.100000 0.000000
vn 0.000000 -0.100000 0.000000
vn 0.000000 -0.100000 0.000000
vn 0.000000 -0.100000 0.000000
vn 0.000000 -0.100000 0.000000
vn 0.000000 -0.100000 0.000000
vn 0.000000 -0.100000 0.000000
vn 0.000000 -0.100000 0.000000
vn 0.000000 -0.100000 0.000000
vn 0.000000 -0.100000 0.000000
vn 0.000000 -0.100000 0.000000
vn 0.000000 -0.100000 0.000000
vn 0.000000 -0.100000 0.000000
vn 0.000000 -0.100000 0.000000
vn 0.000000 -0.100000 0.000000
vn 0.000000 -0.100000 0.000000
vn 0.000000 -0.100000 0.000000
vn 0.000000 -0.100000 0.000000
vn 0.000000 -0.100000 0.000000
vn 0.000000 -0.100000 0.000000
vn 0.000000 -0.100000 0.000000
vn 0.000000 -0.100000 0.000000
vn 0.000000 -0.100000 0.000000
vn 0.000000 -0.100000 0.000000
vn 0.000000 -0.100000 0.000000
vn -0.100000 0.000000 0.000000
vn -0.100000 -0.000000 -0.000000
vn -0.097112 0.000000 0.023859
vn -0.097112 0.000000 0.023859
vn -0.088615 0.000000 0.046340
vn -0.088615 0.000000 0.046340
vn -0.075000 0.000000 0.066144
vn -0.075000 0.000000 0.066144
vn -0.057053 0.000000 0.082128
vn -0.057053 0.000000 0.082128
vn -0.035811 0.000000 0.093368
vn -0.035811 0.000000 0.093368
vn -0.012500 0.000000 0.099216
vn -0.012500 0.000000 0.099216
vn -0.100000 0.000000 0.000000
vn -0.100000 0.000000 0.000000
vn -0.035811 0.000000 0.093368
vn -0.035811 0.000000 0.093368
vn -0.057053 0.000000 0.082128
vn -0.057053 0.000000 0.082128
vn -0.075000 0.000000 0.066144
vn -0.075000 0.000000 0.066144
vn -0.088615 0.000000 0.046340
vn -0.088615 0.000000 0.046340
vn -0.097112 0.000000 0.023859
vn -0.097112 0.000000 0.023859
vn -0.100000 -0.000000 -0.000000
vn -0.100000 0.000000 0.000000
vn -0.100000 -0.000000 -0.000000
vn -0.100000 -0.000000 -0.000000
vn 0.000000 0.100000 -0.000000
vn 0.000000 0.100000 -0.000000
vn 0.000000 0.100000 -0.000000
vn 0.000000 0.100000 -0.000000
vn 0.000000 0.100000 -0.000000
vn 0.000000 0.100000 -0.000000
vn 0.000000 0.100000 -0.000000
vn 0.000000 0.100000 -0.000000
vn 0.000000 0.100000 -0.000000
vn 0.000000 0.100000 -0.000000
vn 0.000000 0.100000 -0.000000
vn 0.000000 0.100000 -0.000000
vn 0.000000 0.100000 -0.000000
vn 0.000000 0.100000 -0.000000
vn 0.000000 0.100000 -0.000000
vn 0.000000 0.100000 -0.000000
vn 0.000000 0.100000 -0.000000
vn 0.000000 0.100000 -0.000000
vn 0.000000 0.100000 -0.000000
vn 0.000000 0.100000 -0.000000
vn 0.000000 0.100000 -0.000000
vn 0.000000 0.100000 -0.000000
vn 0.000000 0.100000 -0.000000
vn 0.000000 0.100000 -0.000000
vn 0.000000 0.100000 -0.000000
vn 0.000000 0.100000 -0.000000
vn 0.000000 0.100000 -0.000000
vn 0.000000 0.100000 -0.000000
vn 0.000000 0.100000 -0.000000
vn 0.000000 0.100000 -0.000000
vn 0.000000 -0.061837 -0.078589
vn 0.000000 -0.061837 -0.078589
vn -0.019590 -0.060639 -0.077066
vn -0.025882 -0.059730 -0.075911
vn -0.038951 -0.056953 -0.072382
vn -0.050000 -0.053552 -0.068060
vn -0.056685 -0.050943 -0.064743
vn -0.070711 -0.043725 -0.055571
vn -0.071649 -0.043137 -0.054823
vn -0.083851 -0.033694 -0.042822
vn -0.086603 -0.030918 -0.039294
vn -0.092944 -0.022817 -0.028998
vn -0.096593 -0.016005 -0.020340
vn -0.098317 -0.011296 -0.014357
vn -0.100000 -0.000000 -0.000000
vn -0.097389 -0.014039 -0.017843
vn -0.092984 -0.022754 -0.028918
vn -0.085682 -0.031884 -0.040521
vn -0.076007 -0.040185 -0.051071
vn -0.063991 -0.047519 -0.060392
vn -0.049753 -0.053640 -0.068171
vn -0.033872 -0.058182 -0.073943
vn -0.017017 -0.060935 -0.077442
vn 0.000000 -0.061837 -0.078589
vn 0.000000 -0.061837 -0.078589
vn 0.000000 -0.061837 -0.078589
vn 0.100000 0.000000 0.000000
vn 0.100000 0.000000 0.000000
vn 0.098317 -0.011296 -0.014357
vn 0.096593 -0.016005 -0.020340
vn 0.092944 -0.022817 -0.028998
vn 0.086603 -0.030918 -0.039294
vn 0.083851 -0.033694 -0.042822
vn 0.070711 -0.043725 -0.055571
vn 0.071649 -0.043137 -0.054823
vn 0.056685 -0.050943 -0.064743
vn 0.050000 -0.053552 -0.068060
vn 0.038951 -0.056953 -0.072382
vn 0.025882 -0.059730 -0.075911
vn 0.019590 -0.060639 -0.077066
vn 0.000000 -0.061837 -0.078589
vn 0.000000 -0.061837 -0.078589
vn 0.092984 -0.022754 -0.028918
vn 0.096593 -0.016005 -0.020340
vn 0.097389 -0.014039 -0.017843
vn 0.100000 0.000000 -0.000000
vn 0.086603 -0.030918 -0.039294
vn 0.085682 -0.031884 -0.040521
vn 0.076007 -0.040185 -0.051071
vn 0.070711 -0.043725 -0.055571
vn 0.063991 -0.047519 -0.060392
vn 0.049753 -0.053640 -0.068171
vn 0.033872 -0.058182 -0.073943
vn 0.017017 -0.060935 -0.077442
vn 0.000000 -0.061837 -0.078589
vn 0.100000 0.000000 0.000000
vn 0.100000 0.000000 0.000000
vn 0.100000 0.000000 0.000000
vn 0.083648 -0.033887 -0.043067
vn 0.082834 -0.034643 -0.044028
vn 0.090531 -0.026266 -0.033381
vn 0.092244 -0.023878 -0.030346
vn 0.095754 -0.017828 -0.022658
vn 0.098042 -0.012177 -0.015476
vn 0.098933 -0.009010 -0.011451
vn 0.100000 -0.000000 -0.000000
vn 0.100000 0.000000 0.000000
vn 0.075184 -0.040772 -0.051818
vn 0.070180 -0.044051 -0.055985
vn 0.065435 -0.046761 -0.059428
vn 0.055205 -0.051560 -0.065528
vn 0.054114 -0.052001 -0.066088
vn 0.041462 -0.056271 -0.071515
vn 0.037876 -0.057230 -0.072734
vn 0.027899 -0.059382 -0.075468
vn 0.019105 -0.060698 -0.077141
vn 0.013895 -0.061237 -0.077826
vn 0.000000 -0.061837 -0.078589
vn 0.000000 -0.061837 -0.078589
vn 0.100000 0.000000 0.000000
vn 0.100000 0.000000 0.000000
vn 0.000000 0.062251 -0.078261
vn 0.000000 0.062251 -0.078261
vn 0.000000 0.062251 -0.078261
vn 0.000000 0.062251 -0.078261
vn 0.000000 0.062251 -0.078261
vn 0.000000 0.062251 -0.078261
vn 0.000000 0.062251 -0.078261
vn 0.000000 0.062251 -0.078261
vn 0.000000 0.062251 -0.078261
vn 0.000000 0.062251 -0.078261
vn 0.000000 0.062251 -0.078261
vn 0.000000 0.062251 -0.078261
vn 0.000000 0.069666 -0.071741
vn 0.000000 0.078125 -0.062422
vn 0.000000 0.069666 -0.071741
vn 0.000000 0.074759 -0.066416
vn 0.000000 0.077652 -0.063010
vn 0.000000 0.078589 -0.061837
vn 0.000000 0.078589 -0.061837
vn 0.000000 0.079321 -0.060895
vn 0.000000 0.081434 -0.058039
vn 0.000000 0.084706 -0.053149
vn 0.000000 0.090070 -0.043445
vn 0.000000 0.084706 -0.053149
vn 0.000000 0.088696 -0.046186
vn 0.000000 0.092766 -0.037343
vn 0.000000 0.097486 -0.022282
vn 0.000000 0.096413 -0.026544
vn 0.000000 0.099070 -0.013609
vn 0.000000 0.099070 -0.013609
vn 0.000000 0.100000 -0.000000
vn 0.000000 0.100000 -0.000000
vn 0.000000 0.088696 -0.046186
vn 0.000000 0.092766 -0.037343
vn 0.000000 0.096413 -0.026544
vn 0.000000 0.081434 -0.058039
vn 0.000000 0.079321 -0.060895
vn 0.000000 0.078589 -0.061837
vn 0.000000 0.078589 -0.061837
vn 0.000000 0.077652 -0.063010
vn 0.000000 0.074759 -0.066416
vn -0.055205 -0.051560 -0.065528
vn -0.065435 -0.046761 -0.059428
vn -0.070180 -0.044051 -0.055985
vn -0.075184 -0.040772 -0.051818
vn -0.082834 -0.034643 -0.044028
vn -0.083648 -0.033887 -0.043067
vn -0.090531 -0.026266 -0.033381
vn -0.037876 -0.057230 -0.072734
vn -0.041462 -0.056271 -0.071515
vn -0.054114 -0.052001 -0.066088
vn -0.027899 -0.059382 -0.075468
vn -0.019105 -0.060698 -0.077141
vn -0.013895 -0.061237 -0.077826
vn -0.092244 -0.023878 -0.030346
vn -0.095754 -0.017828 -0.022658
vn -0.098042 -0.012177 -0.015476
vn -0.098933 -0.009010 -0.011451
vn -0.100000 -0.000000 -0.000000
vn -0.100000 0.000000 0.000000
vn -0.100000 0.000000 0.000000
vn -0.100000 0.000000 0.000000
vn -0.100000 0.000000 0.000000
vn -0.100000 0.000000 0.000000
vn -0.100000 0.000000 0.000000
vn -0.100000 0.000000 0.000000
vn -0.100000 0.000000 0.000000
vn -0.100000 0.000000 0.000000
vn -0.100000 0.000000 0.000000
vn -0.100000 0.000000 0.000000
vn -0.100000 0.000000 0.000000
vn 0.000000 -0.076604 -0.064279
vn 0.000000 -0.076604 -0.064279
vn 0.000000 -0.076604 -0.064279
vn 0.000000 -0.076604 -0.064279
vn 0.100000 -0.000000 0.000000
vn 0.100000 -0.000000 0.000000
vn 0.100000 -0.000000 0.000000
vn 0.100000 -0.000000 0.000000
vn 0.000000 0.076604 0.064279
vn 0.000000 0.076604 0.064279
vn 0.000000 0.059437 0.080419
vn 0.000000 0.059437 0.080419
vn 0.000000 0.038970 0.092094
vn 0.000000 0.038970 0.092094
vn 0.000000 0.016339 0.098656
vn 0.000000 0.016339 0.098656
vn 0.000000 -0.007199 0.099741
vn 0.000000 -0.007199 0.099741
vn 0.000000 -0.063168 -0.077523
vn 0.000000 -0.063168 -0.077523
vn 0.000000 -0.047484 -0.088007
vn 0.000000 -0.047484 -0.088007
vn 0.000000 -0.030109 -0.095360
vn 0.000000 -0.030109 -0.095360
vn 0.000000 -0.011663 -0.099318
vn 0.000000 -0.011663 -0.099318
vn 0.000000 0.007199 -0.099741
vn 0.000000 0.007199 -0.099741
vn 0.100000 0.000000 0.000000
vn 0.100000 0.000000 0.000000
vn 0.100000 0.000000 0.000000
vn 0.100000 0.000000 0.000000
vn 0.100000 0.000000 0.000000
vn 0.100000 0.000000 0.000000
vn 0.100000 0.000000 0.000000
vn 0.100000 0.000000 0.000000
vn 0.100000 0.000000 0.000000
vn 0.100000 0.000000 0.000000
vn 0.000000 0.076604 0.064279
vn 0.000000 0.076604 0.064279
vn 0.000000 0.090631 0.042262
vn 0.000000 0.090631 0.042262
vn 0.000000 0.098481 0.017365
vn 0.000000 0.098481 0.017365
vn 0.000000 0.099619 -0.008716
vn 0.000000 0.099619 -0.008716
vn 0.000000 0.093969 -0.034202
vn 0.000000 0.093969 -0.034202
vn -0.100000 0.000000 -0.000000
vn -0.100000 0.000000 -0.000000
vn 0.100000 0.000000 0.000000
vn 0.100000 0.000000 0.000000
vn 0.100000 0.000000 0.000000
vn 0.100000 0.000000 0.000000
vn 0.100000 0.000000 0.000000
vn 0.100000 0.000000 0.000000
vn 0.100000 0.000000 0.000000
vn 0.100000 0.000000 0.000000
vn 0.100000 0.000000 0.000000
vn 0.000000 0.093969 -0.034202
vn 0.000000 0.093969 -0.034202
vn -0.100000 -0.000000 -0.000000
vn -0.100000 -0.000000 -0.000000
vn -0.100000 -0.000000 -0.000000
vn -0.100000 -0.000000 -0.000000
vn 0.000000 -0.086603 -0.050000
vn 0.000000 -0.086603 -0.050000
vn 0.000000 -0.093969 -0.034202
vn 0.000000 -0.093969 -0.034202
vn 0.000000 -0.098481 -0.017365
vn 0.000000 -0.098481 -0.017365
vn 0.000000 -0.100000 0.000000
vn 0.000000 -0.100000 0.000000
vn 0.000000 -0.098481 0.017365
vn 0.000000 -0.098481 0.017365
vn 0.000000 -0.093969 0.034202
vn 0.000000 -0.093969 0.034202
vn -0.100000 0.000000 0.000000
vn -0.100000 0.000000 0.000000
vn -0.100000 0.000000 0.000000
vn -0.100000 0.000000 0.000000
vn -0.100000 0.000000 0.000000
vn -0.100000 0.000000 0.000000
vn -0.100000 0.000000 0.000000
vn -0.100000 0.000000 0.000000
vn -0.100000 0.000000 0.000000
vn -0.100000 0.000000 0.000000
vn -0.100000 0.000000 0.000000
vn -0.100000 0.000000 0.000000
vn -0.100000 0.000000 0.000000
vn -0.100000 0.000000 0.000000
vn -0.100000 0.000000 0.000000
vn -0.100000 0.000000 0.000000
vn -0.100000 0.000000 0.000000
vn -0.100000 0.000000 0.000000
vn -0.100000 0.000000 0.000000
vn -0.100000 0.000000 0.000000
vn -0.100000 0.000000 0.000000
vn -0.100000 0.000000 0.000000
vn -0.100000 0.000000 0.000000
vn 0.000000 -0.093969 0.034202
vn 0.000000 -0.093969 0.034202
vn 0.000000 -0.085329 0.052144
vn 0.000000 -0.085329 0.052144
vn 0.000000 -0.073305 0.068017
vn 0.000000 -0.073305 0.068017
vn 0.000000 -0.058374 0.081194
vn 0.000000 -0.058374 0.081194
vn 0.000000 -0.041129 0.091151
vn 0.000000 -0.041129 0.091151
vn 0.000000 -0.022252 0.097493
vn 0.000000 -0.022252 0.097493
vn 0.000000 -0.002493 0.099969
vn 0.000000 -0.002493 0.099969
vn -0.000000 0.017365 0.098481
vn -0.000000 0.017365 0.098481
vn -0.000000 0.036534 0.093087
vn -0.000000 0.036534 0.093087
vn -0.000000 0.054255 0.084003
vn -0.000000 0.054255 0.084003
vn -0.000000 0.069824 0.071587
vn -0.000000 0.069824 0.071587
vn -0.000000 0.082624 0.056332
vn -0.000000 0.082624 0.056332
vn -0.000000 0.092148 0.038843
vn -0.000000 0.092148 0.038843
vn -0.000000 0.098017 0.019815
vn -0.000000 0.098017 0.019815
vn 0.100000 0.000000 0.000000
vn 0.100000 0.000000 0.000000
vn -0.100000 0.000000 0.000000
vn -0.100000 0.000000 0.000000
vn -0.100000 0.000000 0.000000
vn -0.100000 0.000000 0.000000
vn -0.100000 0.000000 0.000000
vn -0.100000 0.000000 0.000000
vn -0.100000 0.000000 0.000000
vn -0.100000 0.000000 0.000000
vn 0.000000 0.082368 -0.056706
vn 0.000000 0.082368 -0.056706
vn 0.000000 0.065486 -0.075575
vn 0.000000 0.065486 -0.075575
vn 0.000000 0.044407 -0.089599
vn 0.000000 0.044407 -0.089599
vn 0.000000 0.020481 -0.097880
vn 0.000000 0.020481 -0.097880
vn 0.000000 -0.004758 -0.099887
vn 0.000000 -0.004758 -0.099887
vn 0.000000 -0.029692 -0.095490
vn 0.000000 -0.029692 -0.095490
vn 0.000000 -0.052723 -0.084973
vn 0.000000 -0.052723 -0.084973
vn 0.000000 -0.072373 -0.069008
vn 0.000000 -0.072373 -0.069008
vn 0.000000 -0.087385 -0.048620
vn 0.000000 -0.087385 -0.048620
vn 0.000000 -0.096795 -0.025115
vn 0.000000 -0.096795 -0.025115
vn 0.000000 0.098389 -0.017880
vn 0.000000 0.098389 -0.017880
vn 0.000000 0.093606 -0.035184
vn 0.000000 0.093606 -0.035184
vn 0.000000 0.085806 -0.051354
vn 0.000000 0.085806 -0.051354
vn 0.000000 0.075241 -0.065869
vn 0.000000 0.075241 -0.065869
vn 0.100000 0.000000 0.000000
vn 0.100000 0.000000 0.000000
vn 0.100000 0.000000 0.000000
vn 0.100000 0.000000 0.000000
vn 0.100000 0.000000 0.000000
vn 0.100000 0.000000 0.000000
vn 0.100000 0.000000 0.000000
vn 0.000000 -0.062251 0.078261
vn 0.000000 -0.062251 0.078261
vn 0.000000 -0.062251 0.078261
vn 0.000000 -0.062251 0.078261
vn 0.000000 -0.062251 0.078261
vn 0.000000 -0.062251 0.078261
vn 0.000000 -0.062251 0.078261
vn 0.000000 -0.062251 0.078261
vn 0.000000 -0.062251 0.078261
vn 0.000000 -0.062251 0.078261
vn -0.100000 -0.000000 0.000000
vn -0.100000 -0.000000 0.000000
vn -0.100000 -0.000000 0.000000
vn -0.100000 -0.000000 0.000000
vn -0.100000 -0.000000 0.000000
vn -0.100000 -0.000000 0.000000
vn -0.100000 -0.000000 0.000000
vn -0.100000 -0.000000 0.000000
vn -0.100000 -0.000000 0.000000
vn 0.000000 -0.078589 0.061837
vn 0.000000 -0.078342 0.062149
vn 0.000000 -0.078589 0.061837
vn 0.000000 -0.078342 0.062149
vn 0.000000 -0.078589 0.061837
vn 0.000000 -0.078589 0.061837
vn 0.000000 -0.077593 0.063082
vn 0.000000 -0.077593 0.063082
vn 0.000000 -0.076311 0.064627
vn 0.000000 -0.076311 0.064627
vn 0.000000 -0.074489 0.066719
vn 0.000000 -0.074489 0.066719
vn 0.000000 -0.072181 0.069209
vn 0.000000 -0.072181 0.069209
vn 0.000000 -0.069428 0.071970
vn 0.000000 -0.069428 0.071970
vn 0.000000 -0.066110 0.075029
vn 0.000000 -0.066110 0.075029
vn 0.000000 -0.079072 0.061218
vn 0.000000 -0.079072 0.061218
vn 0.000000 -0.080503 0.059323
vn 0.000000 -0.080503 0.059323
vn 0.000000 -0.082756 0.056137
vn 0.000000 -0.082756 0.056137
vn 0.000000 -0.085492 0.051877
vn 0.000000 -0.085492 0.051877
vn 0.000000 -0.088536 0.046490
vn 0.000000 -0.091652 0.039998
vn 0.000000 -0.091652 0.039998
vn 0.000000 -0.088536 0.046490
vn 0.000000 -0.094488 0.032741
vn 0.000000 -0.094488 0.032741
vn 0.000000 -0.096763 0.025239
vn 0.000000 -0.096763 0.025239
vn 0.000000 -0.098557 0.016928
vn 0.000000 -0.099639 0.008495
vn 0.000000 -0.099639 0.008495
vn 0.000000 -0.098557 0.016928
vn 0.000000 -0.097486 0.022282
vn 0.000000 -0.097486 0.022282
vn 0.000000 -0.097486 0.022282
vn 0.000000 -0.090070 0.043445
vn 0.000000 -0.090070 0.043445
vn 0.000000 -0.078125 0.062422
vn 0.000000 -0.078125 0.062422
vn 0.000000 -0.078125 0.062422
vn 0.000000 -0.090070 0.043445
vn 0.000000 0.100000 0.000000
vn 0.000000 0.100000 0.000000
vn 0.000000 0.100000 0.000000
vn 0.000000 0.100000 0.000000
vn 0.000000 0.100000 0.000000
vn 0.000000 0.100000 0.000000
vn 0.000000 0.100000 0.000000
vn 0.000000 0.100000 0.000000
vn 0.000000 0.100000 0.000000
vn 0.000000 0.100000 0.000000
vn 0.000000 0.100000 0.000000
vn 0.000000 0.100000 0.000000
vn 0.000000 0.100000 0.000000
vn 0.000000 0.100000 0.000000
vn 0.000000 0.100000 0.000000
vn 0.000000 0.100000 0.000000
vn 0.000000 0.100000 0.000000
vn 0.000000 0.100000 0.000000
vn 0.000000 0.100000 0.000000
vn 0.000000 0.100000 0.000000
vn 0.000000 0.100000 0.000000
vn 0.000000 0.100000 0.000000
vn 0.000000 0.100000 0.000000
vn 0.000000 0.100000 0.000000
vn 0.100000 0.000000 0.000000
vn 0.100000 0.000000 0.000000
vn 0.100000 0.000000 0.000000
vn 0.100000 0.000000 0.000000
vn 0.100000 0.000000 0.000000
vn 0.100000 0.000000 0.000000
vn 0.100000 0.000000 0.000000
vn 0.100000 0.000000 0.000000
vn 0.100000 0.000000 0.000000
vn 0.100000 0.000000 0.000000
vn 0.100000 0.000000 0.000000
vn 0.100000 0.000000 0.000000
vn 0.100000 0.000000 0.000000
vn 0.100000 0.000000 0.000000
vn 0.100000 0.000000 0.000000
vn 0.100000 0.000000 0.000000
vn 0.100000 0.000000 0.000000
vn 0.100000 0.000000 0.000000
vn 0.100000 0.000000 0.000000
vn 0.100000 0.000000 0.000000
vn 0.100000 0.000000 0.000000
vn 0.100000 0.000000 0.000000
vn 0.100000 0.000000 0.000000
vn -0.000000 0.099741 0.007199
vn -0.000000 0.099741 0.007199
vn -0.000000 0.099741 0.007199
vn -0.000000 0.099741 0.007199
vn -0.096701 0.000000 -0.025473
vn -0.096701 0.000000 -0.025473
vn -0.087933 0.000000 -0.047621
vn -0.087933 0.000000 -0.047621
vn -0.074176 0.000000 -0.067067
vn -0.074176 0.000000 -0.067067
vn -0.056210 0.000000 -0.082707
vn -0.056210 0.000000 -0.082707
vn -0.035054 0.000000 -0.093655
vn -0.035054 0.000000 -0.093655
vn -0.011910 0.000000 -0.099288
vn -0.011910 0.000000 -0.099288
vn 0.011910 0.000000 -0.099288
vn 0.011910 0.000000 -0.099288
vn 0.035054 0.000000 -0.093655
vn 0.035054 0.000000 -0.093655
vn 0.056210 0.000000 -0.082707
vn 0.056210 0.000000 -0.082707
vn 0.074176 0.000000 -0.067067
vn 0.074176 0.000000 -0.067067
vn 0.087933 0.000000 -0.047621
vn 0.087933 0.000000 -0.047621
vn 0.096701 0.000000 -0.025473
vn 0.096701 0.000000 -0.025473
vn -0.096701 0.000000 -0.025473
vn -0.096701 0.000000 -0.025473
vn -0.100000 0.000000 0.000000
vn -0.100000 0.000000 0.000000
f 648/1501/1269 641/1502/1270 647/1503/1271
f 647/1503/1271 641/1502/1270 642/1504/1272
f 647/1503/1271 642/1504/1272 646/1505/1273
f 646/1505/1273 642/1504/1272 643/1506/1274
f 646/1505/1273 643/1506/1274 645/1507/1275
f 645/1507/1275 643/1506/1274 644/1508/1276
f 651/1509/1277 641/1510/1270 650/1511/1278
f 650/1511/1278 641/1510/1270 648/1512/1269
f 650/1511/1278 648/1512/1269 649/1513/1279
f 647/1514/1280 646/1515/1281 648/1516/1282
f 648/1516/1282 646/1515/1281 645/1517/1283
f 648/1516/1282 645/1517/1283 652/1518/1284
f 653/1519/1285 654/1520/1286 652/1518/1284
f 652/1518/1284 654/1520/1286 655/1521/1287
f 652/1518/1284 655/1521/1287 649/1522/1288
f 649/1522/1288 655/1521/1287 656/1523/1289
f 649/1522/1288 656/1523/1289 657/1524/1290
f 657/1524/1290 658/1525/1291 649/1522/1288
f 649/1522/1288 658/1525/1291 668/1526/1292
f 668/1526/1292 658/1525/1291 659/1527/1293
f 668/1526/1292 659/1527/1293 660/1528/1294
f 668/1526/1292 660/1528/1294 663/1529/1295
f 663/1529/1295 660/1528/1294 661/1530/1296
f 663/1529/1295 661/1530/1296 662/1531/1297
f 668/1526/1292 663/1529/1295 667/1532/1298
f 667/1532/1298 663/1529/1295 664/1533/1299
f 667/1532/1298 664/1533/1299 665/1534/1300
f 665/1534/1300 666/1535/1301 667/1532/1298
f 649/1522/1288 648/1516/1282 652/1518/1284
f 672/1536/1302 667/1537/1303 671/1538/1304
f 671/1538/1304 667/1537/1303 666/1539/1305
f 671/1538/1304 666/1539/1305 670/1540/1306
f 670/1540/1306 666/1539/1305 665/1541/1307
f 670/1540/1306 665/1541/1307 669/1542/1308
f 669/1542/1308 665/1541/1307 664/1543/1309
f 668/1544/1310 667/1545/1303 674/1546/1311
f 674/1546/1311 667/1545/1303 672/1547/1302
f 674/1546/1311 672/1547/1302 673/1548/1312
f 688/1549/1313 675/1550/1314 687/1551/1315
f 687/1551/1315 675/1550/1314 676/1552/1316
f 687/1551/1315 676/1552/1316 686/1553/1317
f 686/1553/1317 676/1552/1316 677/1554/1318
f 686/1553/1317 677/1554/1318 685/1555/1319
f 685/1555/1319 677/1554/1318 678/1556/1320
f 685/1555/1319 678/1556/1320 684/1557/1321
f 684/1557/1321 678/1556/1320 679/1558/1322
f 684/1557/1321 679/1558/1322 683/1559/1323
f 683/1559/1323 679/1558/1322 680/1560/1324
f 683/1559/1323 680/1560/1324 682/1561/1325
f 682/1561/1325 680/1560/1324 681/1562/1326
f 688/1563/1313 689/1564/1327 675/1565/1314
f 675/1565/1314 689/1564/1327 690/1566/1328
f 682/1567/1325 681/1568/1326 702/1569/1329
f 702/1569/1329 681/1568/1326 691/1570/1330
f 702/1569/1329 691/1570/1330 701/1571/1331
f 701/1571/1331 691/1570/1330 692/1572/1332
f 701/1571/1331 692/1572/1332 700/1573/1333
f 700/1573/1333 692/1572/1332 693/1574/1334
f 700/1573/1333 693/1574/1334 699/1575/1335
f 699/1575/1335 693/1574/1334 694/1576/1336
f 699/1575/1335 694/1576/1336 698/1577/1337
f 698/1577/1337 694/1576/1336 695/1578/1338
f 698/1577/1337 695/1578/1338 697/1579/1339
f 697/1579/1339 695/1578/1338 696/1580/1340
f 696/1581/1340 703/1582/1341 697/1583/1339
f 697/1583/1339 703/1582/1341 704/1584/1342
f 691/1585/1343 681/1586/1344 696/1587/1345
f 696/1587/1345 681/1586/1344 680/1588/1346
f 696/1587/1345 680/1588/1346 703/1589/1347
f 703/1589/1347 680/1588/1346 679/1590/1348
f 703/1589/1347 679/1590/1348 678/1591/1349
f 678/1591/1349 677/1592/1350 703/1589/1347
f 703/1589/1347 677/1592/1350 708/1593/1351
f 703/1589/1347 708/1593/1351 719/1594/1352
f 719/1594/1352 708/1593/1351 709/1595/1353
f 719/1594/1352 709/1595/1353 710/1596/1354
f 708/1593/1351 677/1592/1350 707/1597/1355
f 707/1597/1355 677/1592/1350 676/1598/1356
f 707/1597/1355 676/1598/1356 706/1599/1357
f 706/1599/1357 676/1598/1356 675/1600/1358
f 706/1599/1357 675/1600/1358 705/1601/1359
f 705/1601/1359 675/1600/1358 690/1602/1360
f 710/1596/1354 711/1603/1361 719/1594/1352
f 719/1594/1352 711/1603/1361 718/1604/1362
f 718/1604/1362 711/1603/1361 712/1605/1363
f 718/1604/1362 712/1605/1363 713/1606/1364
f 713/1606/1364 714/1607/1365 718/1604/1362
f 718/1604/1362 714/1607/1365 715/1608/1366
f 718/1604/1362 715/1608/1366 716/1609/1367
f 716/1609/1367 717/1610/1368 718/1604/1362
f 695/1611/1369 694/1612/1370 696/1587/1345
f 696/1587/1345 694/1612/1370 693/1613/1371
f 696/1587/1345 693/1613/1371 692/1614/1372
f 692/1614/1372 691/1585/1343 696/1587/1345
f 706/1615/1373 720/1616/1374 707/1617/1375
f 707/1617/1375 720/1616/1374 721/1618/1376
f 707/1617/1375 721/1618/1376 708/1619/1377
f 708/1619/1377 721/1618/1376 722/1620/1378
f 708/1619/1377 722/1620/1378 709/1621/1379
f 709/1621/1379 722/1620/1378 723/1622/1380
f 709/1621/1379 723/1622/1380 710/1623/1381
f 710/1623/1381 723/1622/1380 724/1624/1382
f 710/1623/1381 724/1624/1382 711/1625/1383
f 711/1625/1383 724/1624/1382 725/1626/1384
f 711/1625/1383 725/1626/1384 712/1627/1385
f 712/1627/1385 725/1626/1384 726/1628/1386
f 706/1629/1373 705/1630/1387 720/1631/1374
f 720/1631/1374 705/1630/1387 727/1632/1388
f 712/1633/1385 726/1634/1386 713/1635/1389
f 713/1635/1389 726/1634/1386 728/1636/1390
f 713/1635/1389 728/1636/1390 714/1637/1391
f 714/1637/1391 728/1636/1390 729/1638/1392
f 714/1637/1391 729/1638/1392 715/1639/1393
f 715/1639/1393 729/1638/1392 730/1640/1394
f 715/1639/1393 730/1640/1394 716/1641/1395
f 716/1641/1395 730/1640/1394 731/1642/1396
f 716/1641/1395 731/1642/1396 717/1643/1397
f 717/1643/1397 731/1642/1396 732/1644/1398
f 717/1643/1397 732/1644/1398 718/1645/1399
f 718/1645/1399 732/1644/1398 733/1646/1400
f 733/1647/1400 734/1648/1401 718/1649/1399
f 718/1649/1399 734/1648/1401 719/1650/1402
f 683/1651/1403 682/1652/1404 697/1653/1405
f 697/1653/1405 682/1652/1404 702/1654/1406
f 697/1653/1405 702/1654/1406 701/1655/1407
f 701/1655/1407 700/1656/1408 697/1653/1405
f 697/1653/1405 700/1656/1408 699/1657/1409
f 697/1653/1405 699/1657/1409 698/1658/1410
f 697/1653/1405 704/1659/1411 683/1651/1403
f 683/1651/1403 704/1659/1411 684/1660/1412
f 684/1660/1412 704/1659/1411 685/1661/1413
f 685/1661/1413 704/1659/1411 686/1662/1414
f 686/1662/1414 704/1659/1411 734/1663/1415
f 686/1662/1414 734/1663/1415 722/1664/1416
f 722/1664/1416 734/1663/1415 723/1665/1417
f 723/1665/1417 734/1663/1415 724/1666/1418
f 724/1666/1418 734/1663/1415 725/1667/1419
f 725/1667/1419 734/1663/1415 733/1668/1420
f 725/1667/1419 733/1668/1420 726/1669/1421
f 726/1669/1421 733/1668/1420 728/1670/1422
f 728/1670/1422 733/1668/1420 729/1671/1423
f 729/1671/1423 733/1668/1420 730/1672/1424
f 730/1672/1424 733/1668/1420 731/1673/1425
f 731/1673/1425 733/1668/1420 732/1674/1426
f 686/1662/1414 722/1664/1416 687/1675/1427
f 687/1675/1427 722/1664/1416 721/1676/1428
f 687/1675/1427 721/1676/1428 688/1677/1429
f 688/1677/1429 721/1676/1428 720/1678/1430
f 688/1677/1429 720/1678/1430 689/1679/1431
f 689/1679/1431 720/1678/1430 727/1680/1432
f 749/1681/1433 735/1682/1434 748/1683/1435
f 748/1683/1435 735/1682/1434 736/1684/1436
f 748/1683/1435 736/1684/1436 747/1685/1437
f 747/1685/1437 736/1684/1436 737/1686/1438
f 747/1685/1437 737/1686/1438 746/1687/1439
f 746/1687/1439 737/1686/1438 738/1688/1440
f 746/1687/1439 738/1688/1440 745/1689/1441
f 745/1689/1441 738/1688/1440 744/1690/1442
f 744/1690/1442 738/1688/1440 739/1691/1443
f 744/1690/1442 739/1691/1443 743/1692/1444
f 743/1692/1444 739/1691/1443 740/1693/1445
f 743/1692/1444 740/1693/1445 742/1694/1446
f 742/1694/1446 740/1693/1445 650/1695/1278
f 742/1694/1446 650/1695/1278 741/1696/1447
f 651/1697/1277 650/1698/1278 750/1699/1448
f 750/1699/1448 650/1698/1278 740/1700/1445
f 750/1699/1448 740/1700/1445 758/1701/1449
f 758/1701/1449 740/1700/1445 739/1702/1443
f 758/1701/1449 739/1702/1443 757/1703/1450
f 757/1703/1450 739/1702/1443 756/1704/1451
f 756/1704/1451 739/1702/1443 738/1705/1440
f 756/1704/1451 738/1705/1440 755/1706/1452
f 755/1706/1452 738/1705/1440 737/1707/1438
f 755/1706/1452 737/1707/1438 754/1708/1453
f 754/1708/1453 737/1707/1438 753/1709/1454
f 753/1709/1454 737/1707/1438 736/1710/1436
f 753/1709/1454 736/1710/1436 752/1711/1455
f 752/1711/1455 736/1710/1436 735/1712/1434
f 752/1711/1455 735/1712/1434 751/1713/1456
f 751/1714/1456 735/1715/1434 760/1716/1457
f 760/1716/1457 735/1715/1434 759/1717/1458
f 759/1717/1458 735/1715/1434 749/1718/1433
f 775/1719/1459 674/1720/1460 774/1721/1461
f 774/1721/1461 674/1720/1460 761/1722/1462
f 774/1721/1461 761/1722/1462 773/1723/1463
f 773/1723/1463 761/1722/1462 762/1724/1464
f 773/1723/1463 762/1724/1464 772/1725/1465
f 772/1725/1465 762/1724/1464 763/1726/1466
f 772/1725/1465 763/1726/1466 771/1727/1467
f 771/1727/1467 763/1726/1466 770/1728/1468
f 770/1728/1468 763/1726/1466 764/1729/1469
f 770/1728/1468 764/1729/1469 769/1730/1470
f 769/1730/1470 764/1729/1469 765/1731/1471
f 769/1730/1470 765/1731/1471 768/1732/1472
f 768/1732/1472 765/1731/1471 766/1733/1473
f 768/1732/1472 766/1733/1473 767/1734/1474
f 777/1735/1475 761/1736/1476 776/1737/1477
f 776/1737/1477 761/1736/1476 674/1738/1478
f 776/1737/1477 674/1738/1478 673/1739/1312
f 761/1736/1476 777/1735/1475 762/1740/1479
f 762/1740/1479 777/1735/1475 778/1741/1480
f 762/1740/1479 778/1741/1480 779/1742/1481
f 762/1740/1479 779/1742/1481 763/1743/1482
f 763/1743/1482 779/1742/1481 780/1744/1483
f 763/1743/1482 780/1744/1483 764/1745/1469
f 764/1745/1469 780/1744/1483 781/1746/1484
f 764/1745/1469 781/1746/1484 782/1747/1485
f 764/1745/1469 782/1747/1485 765/1748/1471
f 765/1748/1471 782/1747/1485 783/1749/1486
f 765/1748/1471 783/1749/1486 766/1750/1473
f 766/1750/1473 783/1749/1486 784/1751/1487
f 775/1752/1459 785/1753/1488 674/1754/1460
f 674/1754/1460 785/1753/1488 786/1755/1489
f 674/1754/1460 786/1755/1489 668/1756/1490
f 788/1757/1491 801/1758/1492 787/1759/1493
f 787/1759/1493 801/1758/1492 802/1760/1494
f 787/1759/1493 802/1760/1494 807/1761/1495
f 807/1761/1495 802/1760/1494 803/1762/1496
f 807/1761/1495 803/1762/1496 806/1763/1497
f 806/1763/1497 803/1762/1496 804/1764/1498
f 806/1763/1497 804/1764/1498 805/1765/1499
f 788/1757/1491 789/1766/1500 801/1758/1492
f 801/1758/1492 789/1766/1500 800/1767/1501
f 800/1767/1501 789/1766/1500 790/1768/1502
f 800/1767/1501 790/1768/1502 799/1769/1503
f 799/1769/1503 790/1768/1502 791/1770/1504
f 799/1769/1503 791/1770/1504 792/1771/1505
f 799/1769/1503 792/1771/1505 798/1772/1506
f 798/1772/1506 792/1771/1505 793/1773/1507
f 798/1772/1506 793/1773/1507 797/1774/1508
f 797/1774/1508 793/1773/1507 794/1775/1509
f 797/1774/1508 794/1775/1509 796/1776/1510
f 796/1776/1510 794/1775/1509 795/1777/1511
f 805/1778/1499 804/1779/1498 809/1780/1512
f 809/1780/1512 804/1779/1498 808/1781/1513
f 803/1782/1514 800/1783/1515 804/1784/1516
f 804/1784/1516 800/1783/1515 810/1785/1517
f 804/1784/1516 810/1785/1517 814/1786/1518
f 814/1786/1518 810/1785/1517 813/1787/1519
f 813/1787/1519 810/1785/1517 812/1788/1520
f 812/1788/1520 810/1785/1517 811/1789/1521
f 803/1782/1514 802/1790/1522 800/1783/1515
f 800/1783/1515 802/1790/1522 801/1791/1523
f 815/1792/1524 808/1793/1525 814/1786/1518
f 814/1786/1518 808/1793/1525 804/1784/1516
f 799/1794/1526 819/1795/1527 800/1796/1515
f 800/1796/1515 819/1795/1527 818/1797/1528
f 800/1796/1515 818/1797/1528 810/1798/1517
f 799/1794/1526 798/1799/1529 819/1795/1527
f 819/1795/1527 798/1799/1529 797/1800/1530
f 819/1795/1527 797/1800/1530 796/1801/1531
f 796/1801/1531 784/1802/1532 819/1795/1527
f 819/1795/1527 784/1802/1532 783/1803/1533
f 819/1795/1527 783/1803/1533 782/1804/1534
f 782/1804/1534 781/1805/1535 819/1795/1527
f 819/1795/1527 781/1805/1535 820/1806/1536
f 819/1795/1527 820/1806/1536 754/1807/1537
f 754/1807/1537 820/1806/1536 755/1808/1538
f 755/1808/1538 820/1806/1536 756/1809/1539
f 756/1809/1539 820/1806/1536 821/1810/1540
f 756/1809/1539 821/1810/1540 757/1811/1541
f 757/1811/1541 821/1810/1540 758/1812/1542
f 758/1812/1542 821/1810/1540 777/1813/1543
f 758/1812/1542 777/1813/1543 750/1814/1544
f 750/1814/1544 777/1813/1543 776/1815/1545
f 781/1805/1535 780/1816/1546 820/1806/1536
f 820/1806/1536 780/1816/1546 779/1817/1547
f 820/1806/1536 779/1817/1547 821/1810/1540
f 821/1810/1540 779/1817/1547 778/1818/1548
f 821/1810/1540 778/1818/1548 777/1813/1543
f 754/1807/1537 753/1819/1549 819/1795/1527
f 819/1795/1527 753/1819/1549 752/1820/1550
f 819/1795/1527 752/1820/1550 751/1821/1551
f 751/1821/1551 760/1822/1552 819/1795/1527
f 819/1795/1527 760/1822/1552 816/1823/1553
f 819/1795/1527 816/1823/1553 817/1824/1554
f 817/1824/1554 818/1797/1528 819/1795/1527
f 818/1825/1555 826/1826/1556 810/1827/1557
f 810/1827/1557 826/1826/1556 827/1828/1558
f 810/1827/1557 827/1828/1558 811/1829/1559
f 811/1829/1559 827/1828/1558 828/1830/1560
f 811/1829/1559 828/1830/1560 829/1831/1561
f 817/1832/1562 824/1833/1563 818/1825/1555
f 818/1825/1555 824/1833/1563 825/1834/1564
f 818/1825/1555 825/1834/1564 826/1826/1556
f 824/1833/1563 817/1832/1562 823/1835/1565
f 823/1835/1565 817/1832/1562 816/1836/1566
f 823/1835/1565 816/1836/1566 822/1837/1567
f 822/1837/1567 816/1836/1566 760/1838/1457
f 822/1837/1567 760/1838/1457 759/1839/1458
f 811/1829/1559 829/1831/1561 812/1840/1568
f 812/1840/1568 829/1831/1561 830/1841/1569
f 812/1840/1568 830/1841/1569 813/1842/1570
f 813/1842/1570 830/1841/1569 831/1843/1571
f 813/1842/1570 831/1843/1571 814/1844/1572
f 814/1844/1572 831/1843/1571 832/1845/1573
f 834/1846/1574 835/1847/1575 833/1848/1576
f 833/1848/1576 835/1847/1575 843/1849/1577
f 843/1849/1577 835/1847/1575 836/1850/1578
f 843/1849/1577 836/1850/1578 842/1851/1579
f 842/1851/1579 836/1850/1578 841/1852/1580
f 841/1852/1580 836/1850/1578 837/1853/1581
f 841/1852/1580 837/1853/1581 840/1854/1582
f 840/1854/1582 837/1853/1581 838/1855/1583
f 840/1854/1582 838/1855/1583 839/1856/1584
f 833/1857/1585 844/1858/1586 846/1859/1587
f 846/1859/1587 844/1858/1586 845/1860/1588
f 847/1861/1589 848/1862/1590 844/1863/1591
f 844/1863/1591 848/1862/1590 845/1864/1592
f 834/1865/1593 847/1866/1594 835/1867/1595
f 835/1867/1595 847/1866/1594 849/1868/1596
f 835/1867/1595 849/1868/1596 836/1869/1597
f 836/1869/1597 849/1868/1596 850/1870/1598
f 836/1869/1597 850/1870/1598 837/1871/1599
f 837/1871/1599 850/1870/1598 851/1872/1600
f 837/1871/1599 851/1872/1600 838/1873/1601
f 838/1873/1601 851/1872/1600 852/1874/1602
f 844/1875/1586 833/1876/1585 857/1877/1603
f 857/1877/1603 833/1876/1585 843/1878/1604
f 857/1877/1603 843/1878/1604 856/1879/1605
f 856/1879/1605 843/1878/1604 842/1880/1606
f 856/1879/1605 842/1880/1606 855/1881/1607
f 855/1881/1607 842/1880/1606 841/1882/1608
f 855/1881/1607 841/1882/1608 854/1883/1609
f 854/1883/1609 841/1882/1608 840/1884/1610
f 854/1883/1609 840/1884/1610 853/1885/1611
f 853/1885/1611 840/1884/1610 839/1886/1612
f 848/1887/1590 858/1888/1613 845/1889/1592
f 845/1889/1592 858/1888/1613 867/1890/1614
f 867/1890/1614 858/1888/1613 859/1891/1615
f 867/1890/1614 859/1891/1615 866/1892/1616
f 866/1892/1616 859/1891/1615 865/1893/1617
f 865/1893/1617 859/1891/1615 860/1894/1618
f 865/1893/1617 860/1894/1618 864/1895/1619
f 864/1895/1619 860/1894/1618 863/1896/1620
f 863/1896/1620 860/1894/1618 862/1897/1621
f 862/1897/1621 860/1894/1618 861/1898/1622
f 848/1899/1623 868/1900/1624 858/1901/1625
f 858/1901/1625 868/1900/1624 869/1902/1626
f 858/1901/1625 869/1902/1626 859/1903/1627
f 859/1903/1627 869/1902/1626 870/1904/1628
f 859/1903/1627 870/1904/1628 860/1905/1629
f 860/1905/1629 870/1904/1628 871/1906/1630
f 860/1905/1629 871/1906/1630 861/1907/1631
f 861/1907/1631 871/1906/1630 872/1908/1632
f 833/1909/1576 846/1910/1633 834/1911/1574
f 834/1911/1574 846/1910/1633 868/1912/1634
f 847/1913/1589 844/1914/1591 849/1915/1635
f 849/1915/1635 844/1914/1591 857/1916/1636
f 849/1915/1635 857/1916/1636 850/1917/1637
f 850/1917/1637 857/1916/1636 856/1918/1638
f 850/1917/1637 856/1918/1638 855/1919/1639
f 850/1917/1637 855/1919/1639 851/1920/1640
f 851/1920/1640 855/1919/1639 854/1921/1641
f 851/1920/1640 854/1921/1641 852/1922/1642
f 852/1922/1642 854/1921/1641 853/1923/1643
f 861/1924/1631 872/1925/1632 874/1926/1644
f 874/1926/1644 872/1925/1632 873/1927/1645
f 875/1928/1646 876/1929/1647 872/1930/1648
f 872/1930/1648 876/1929/1647 873/1931/1649
f 846/1932/1587 845/1933/1588 881/1934/1650
f 881/1934/1650 845/1933/1588 867/1935/1651
f 881/1934/1650 867/1935/1651 880/1936/1652
f 880/1936/1652 867/1935/1651 866/1937/1653
f 880/1936/1652 866/1937/1653 879/1938/1654
f 879/1938/1654 866/1937/1653 865/1939/1655
f 879/1938/1654 865/1939/1655 878/1940/1656
f 878/1940/1656 865/1939/1655 864/1941/1657
f 878/1940/1656 864/1941/1657 877/1942/1658
f 877/1942/1658 864/1941/1657 863/1943/1659
f 877/1942/1658 863/1943/1659 875/1944/1660
f 875/1944/1660 863/1943/1659 862/1945/1661
f 847/1946/1594 834/1947/1593 848/1948/1623
f 848/1948/1623 834/1947/1593 868/1949/1624
f 873/1950/1649 876/1951/1647 904/1952/1662
f 904/1952/1662 876/1951/1647 882/1953/1663
f 904/1952/1662 882/1953/1663 903/1954/1664
f 903/1954/1664 882/1953/1663 902/1955/1665
f 902/1955/1665 882/1953/1663 883/1956/1666
f 902/1955/1665 883/1956/1666 901/1957/1667
f 901/1957/1667 883/1956/1666 884/1958/1668
f 901/1957/1667 884/1958/1668 885/1959/1669
f 901/1957/1667 885/1959/1669 900/1960/1670
f 900/1960/1670 885/1959/1669 886/1961/1671
f 900/1960/1670 886/1961/1671 887/1962/1672
f 887/1962/1672 888/1963/1673 900/1960/1670
f 900/1960/1670 888/1963/1673 889/1964/1674
f 900/1960/1670 889/1964/1674 890/1965/1675
f 900/1960/1670 890/1965/1675 899/1966/1676
f 899/1966/1676 890/1965/1675 891/1967/1677
f 899/1966/1676 891/1967/1677 898/1968/1678
f 898/1968/1678 891/1967/1677 892/1969/1679
f 898/1968/1678 892/1969/1679 897/1970/1680
f 897/1970/1680 892/1969/1679 893/1971/1681
f 897/1970/1680 893/1971/1681 896/1972/1682
f 896/1972/1682 893/1971/1681 894/1973/1683
f 896/1972/1682 894/1973/1683 895/1974/1684
f 895/1974/1684 894/1973/1683 727/1975/1388
f 895/1974/1684 727/1975/1388 705/1976/1387
f 876/1977/1685 905/1978/1686 882/1979/1687
f 882/1979/1687 905/1978/1686 906/1980/1688
f 882/1979/1687 906/1980/1688 883/1981/1689
f 883/1981/1689 906/1980/1688 907/1982/1690
f 883/1981/1689 907/1982/1690 884/1983/1691
f 884/1983/1691 907/1982/1690 908/1984/1692
f 884/1983/1691 908/1984/1692 885/1985/1693
f 885/1985/1693 908/1984/1692 909/1986/1694
f 885/1985/1693 909/1986/1694 886/1987/1695
f 886/1987/1695 909/1986/1694 910/1988/1696
f 886/1987/1695 910/1988/1696 887/1989/1697
f 887/1989/1697 910/1988/1696 911/1990/1698
f 887/1989/1697 911/1990/1698 888/1991/1699
f 888/1991/1699 911/1990/1698 912/1992/1700
f 888/1991/1699 912/1992/1700 889/1993/1701
f 889/1993/1701 912/1992/1700 913/1994/1702
f 889/1993/1701 913/1994/1702 890/1995/1703
f 890/1995/1703 913/1994/1702 914/1996/1704
f 890/1995/1703 914/1996/1704 891/1997/1705
f 891/1997/1705 914/1996/1704 915/1998/1706
f 891/1997/1705 915/1998/1706 892/1999/1707
f 892/1999/1707 915/1998/1706 916/2000/1708
f 892/1999/1707 916/2000/1708 893/2001/1709
f 893/2001/1709 916/2000/1708 917/2002/1710
f 893/2001/1709 917/2002/1710 894/2003/1711
f 894/2003/1711 917/2002/1710 918/2004/1712
f 894/2003/1711 918/2004/1712 727/2005/1432
f 727/2005/1432 918/2004/1712 689/2006/1431
f 861/2007/1622 874/2008/1713 862/2009/1621
f 862/2009/1621 874/2008/1713 905/2010/1714
f 868/2011/1634 846/2012/1633 869/2013/1715
f 869/2013/1715 846/2012/1633 881/2014/1716
f 869/2013/1715 881/2014/1716 870/2015/1717
f 870/2015/1717 881/2014/1716 880/2016/1718
f 870/2015/1717 880/2016/1718 879/2017/1719
f 870/2015/1717 879/2017/1719 871/2018/1720
f 871/2018/1720 879/2017/1719 878/2019/1721
f 871/2018/1720 878/2019/1721 877/2020/1722
f 877/2020/1722 875/2021/1646 871/2018/1720
f 871/2018/1720 875/2021/1646 872/2022/1648
f 874/2023/1644 873/2024/1645 928/2025/1723
f 928/2025/1723 873/2024/1645 904/2026/1724
f 928/2025/1723 904/2026/1724 927/2027/1725
f 927/2027/1725 904/2026/1724 903/2028/1726
f 927/2027/1725 903/2028/1726 926/2029/1727
f 926/2029/1727 903/2028/1726 902/2030/1728
f 926/2029/1727 902/2030/1728 925/2031/1729
f 925/2031/1729 902/2030/1728 901/2032/1730
f 925/2031/1729 901/2032/1730 924/2033/1731
f 924/2033/1731 901/2032/1730 900/2034/1732
f 924/2033/1731 900/2034/1732 923/2035/1733
f 923/2035/1733 900/2034/1732 899/2036/1734
f 923/2035/1733 899/2036/1734 922/2037/1735
f 922/2037/1735 899/2036/1734 898/2038/1736
f 922/2037/1735 898/2038/1736 921/2039/1737
f 921/2039/1737 898/2038/1736 897/2040/1738
f 921/2039/1737 897/2040/1738 920/2041/1739
f 920/2041/1739 897/2040/1738 896/2042/1740
f 920/2041/1739 896/2042/1740 919/2043/1741
f 919/2043/1741 896/2042/1740 895/2044/1742
f 919/2043/1741 895/2044/1742 690/2045/1360
f 690/2045/1360 895/2044/1742 705/2046/1359
f 734/2047/1415 704/2048/1411 936/2049/1743
f 936/2049/1743 704/2048/1411 929/2050/1744
f 936/2049/1743 929/2050/1744 935/2051/1745
f 935/2051/1745 929/2050/1744 930/2052/1746
f 935/2051/1745 930/2052/1746 934/2053/1747
f 934/2053/1747 930/2052/1746 931/2054/1748
f 934/2053/1747 931/2054/1748 933/2055/1749
f 933/2055/1749 931/2054/1748 932/2056/1750
f 933/2055/1749 932/2056/1750 815/2057/1524
f 815/2057/1524 932/2056/1750 808/2058/1525
f 704/2059/1342 703/2060/1341 929/2061/1751
f 929/2061/1751 703/2060/1341 937/2062/1752
f 929/2061/1751 937/2062/1752 930/2063/1753
f 930/2063/1753 937/2062/1752 938/2064/1754
f 930/2063/1753 938/2064/1754 931/2065/1755
f 931/2065/1755 938/2064/1754 932/2066/1756
f 932/2066/1756 938/2064/1754 939/2067/1757
f 932/2066/1756 939/2067/1757 808/2068/1513
f 808/2068/1513 939/2067/1757 809/2069/1512
f 875/2070/1660 862/2071/1661 876/2072/1685
f 876/2072/1685 862/2071/1661 905/2073/1686
f 807/2074/1758 806/2075/1759 787/2076/1760
f 787/2076/1760 806/2075/1759 805/2077/1761
f 787/2076/1760 805/2077/1761 832/2078/1762
f 832/2078/1762 805/2077/1761 940/2079/1763
f 940/2079/1763 805/2077/1761 809/2080/1764
f 787/2076/1760 832/2078/1762 829/2081/1765
f 829/2081/1765 832/2078/1762 831/2082/1766
f 829/2081/1765 831/2082/1766 830/2083/1767
f 734/2084/1401 936/2085/1768 719/2086/1402
f 719/2086/1402 936/2085/1768 943/2087/1769
f 943/2087/1769 936/2085/1768 935/2088/1770
f 943/2087/1769 935/2088/1770 942/2089/1771
f 942/2089/1771 935/2088/1770 934/2090/1772
f 942/2089/1771 934/2090/1772 933/2091/1773
f 942/2089/1771 933/2091/1773 941/2092/1774
f 941/2092/1774 933/2091/1773 815/2093/1775
f 941/2092/1774 815/2093/1775 940/2094/1776
f 795/2095/1777 794/2096/1778 767/2097/1779
f 767/2097/1779 794/2096/1778 822/2098/1780
f 767/2097/1779 822/2098/1780 749/2099/1781
f 749/2099/1781 822/2098/1780 759/2100/1782
f 822/2098/1780 794/2096/1778 823/2101/1783
f 823/2101/1783 794/2096/1778 793/2102/1784
f 823/2101/1783 793/2102/1784 792/2103/1785
f 823/2101/1783 792/2103/1785 824/2104/1786
f 824/2104/1786 792/2103/1785 791/2105/1787
f 824/2104/1786 791/2105/1787 825/2106/1788
f 825/2106/1788 791/2105/1787 790/2107/1789
f 825/2106/1788 790/2107/1789 826/2108/1790
f 826/2108/1790 790/2107/1789 827/2109/1791
f 827/2109/1791 790/2107/1789 789/2110/1792
f 827/2109/1791 789/2110/1792 828/2111/1793
f 828/2111/1793 789/2110/1792 788/2112/1794
f 828/2111/1793 788/2112/1794 787/2113/1760
f 787/2113/1760 829/2114/1765 828/2111/1793
f 767/2097/1779 749/2099/1781 768/2115/1795
f 768/2115/1795 749/2099/1781 748/2116/1796
f 768/2115/1795 748/2116/1796 769/2117/1797
f 769/2117/1797 748/2116/1796 747/2118/1798
f 769/2117/1797 747/2118/1798 770/2119/1799
f 770/2119/1799 747/2118/1798 746/2120/1800
f 770/2119/1799 746/2120/1800 771/2121/1801
f 771/2121/1801 746/2120/1800 745/2122/1802
f 771/2121/1801 745/2122/1802 744/2123/1803
f 743/2124/1804 773/2125/1805 744/2123/1803
f 744/2123/1803 773/2125/1805 772/2126/1806
f 744/2123/1803 772/2126/1806 771/2121/1801
f 743/2124/1804 742/2127/1807 773/2125/1805
f 773/2125/1805 742/2127/1807 774/2128/1808
f 774/2128/1808 742/2127/1807 775/2129/1809
f 775/2129/1809 742/2127/1807 741/2130/1810
f 775/2129/1809 741/2130/1810 944/2131/1811
f 945/2132/1812 786/2133/1813 944/2131/1811
f 944/2131/1811 786/2133/1813 785/2134/1814
f 944/2131/1811 785/2134/1814 775/2129/1809
f 649/2135/1288 668/2136/1292 945/2132/1812
f 945/2132/1812 668/2136/1292 786/2133/1813
f 937/2137/1815 703/2138/1347 946/2139/1816
f 946/2139/1816 703/2138/1347 719/2140/1352
f 946/2139/1816 719/2140/1352 943/2141/1817
f 946/2139/1816 943/2141/1817 947/2142/1818
f 947/2142/1818 943/2141/1817 942/2143/1819
f 947/2142/1818 942/2143/1819 948/2144/1820
f 948/2144/1820 942/2143/1819 941/2145/1821
f 948/2144/1820 941/2145/1821 940/2146/1763
f 940/2146/1763 809/2147/1764 948/2144/1820
f 948/2144/1820 809/2147/1764 939/2148/1822
f 948/2144/1820 939/2148/1822 947/2142/1818
f 947/2142/1818 939/2148/1822 938/2149/1823
f 947/2142/1818 938/2149/1823 946/2139/1816
f 946/2139/1816 938/2149/1823 937/2137/1815
f 960/2150/1824 644/2151/1825 641/2152/1826
f 641/2152/1826 644/2151/1825 643/2153/1827
f 641/2152/1826 643/2153/1827 642/2154/1828
f 651/2155/1829 673/2156/1830 641/2152/1826
f 641/2152/1826 673/2156/1830 955/2157/1831
f 641/2152/1826 955/2157/1831 956/2158/1832
f 750/2159/1833 776/2160/1834 651/2155/1829
f 651/2155/1829 776/2160/1834 673/2156/1830
f 672/2161/1835 949/2162/1836 673/2156/1830
f 673/2156/1830 949/2162/1836 952/2163/1837
f 673/2156/1830 952/2163/1837 953/2164/1838
f 671/2165/1839 670/2166/1840 672/2161/1835
f 672/2161/1835 670/2166/1840 669/2167/1841
f 672/2161/1835 669/2167/1841 949/2162/1836
f 950/2168/1842 951/2169/1843 949/2162/1836
f 949/2162/1836 951/2169/1843 952/2163/1837
f 953/2164/1838 954/2170/1844 673/2156/1830
f 673/2156/1830 954/2170/1844 955/2157/1831
f 956/2158/1832 957/2171/1845 641/2152/1826
f 641/2152/1826 957/2171/1845 960/2150/1824
f 957/2171/1845 958/2172/1846 960/2150/1824
f 960/2150/1824 958/2172/1846 959/2173/1847
f 874/2174/1713 928/2175/1848 905/2176/1714
f 905/2176/1714 928/2175/1848 906/2177/1849
f 906/2177/1849 928/2175/1848 927/2178/1850
f 906/2177/1849 927/2178/1850 926/2179/1851
f 906/2177/1849 926/2179/1851 907/2180/1852
f 907/2180/1852 926/2179/1851 925/2181/1853
f 907/2180/1852 925/2181/1853 908/2182/1854
f 908/2182/1854 925/2181/1853 909/2183/1855
f 909/2183/1855 925/2181/1853 924/2184/1856
f 909/2183/1855 924/2184/1856 910/2185/1857
f 910/2185/1857 924/2184/1856 911/2186/1858
f 911/2186/1858 924/2184/1856 912/2187/1859
f 912/2187/1859 924/2184/1856 913/2188/1860
f 913/2188/1860 924/2184/1856 914/2189/1861
f 914/2189/1861 924/2184/1856 923/2190/1862
f 914/2189/1861 923/2190/1862 915/2191/1863
f 915/2191/1863 923/2190/1862 922/2192/1864
f 915/2191/1863 922/2192/1864 916/2193/1865
f 916/2193/1865 922/2192/1864 921/2194/1866
f 916/2193/1865 921/2194/1866 917/2195/1867
f 917/2195/1867 921/2194/1866 920/2196/1868
f 917/2195/1867 920/2196/1868 918/2197/1869
f 918/2197/1869 920/2196/1868 919/2198/1870
f 918/2197/1869 919/2198/1870 689/2199/1327
f 689/2199/1327 919/2198/1870 690/2200/1328
f 832/2201/1573 940/2202/1776 814/2203/1572
f 814/2203/1572 940/2202/1776 815/2204/1775
f 838/2205/1871 852/2206/1872 839/2207/1873
f 839/2207/1873 852/2206/1872 853/2208/1874
f 652/2209/1875 960/2210/1876 653/2211/1877
f 653/2211/1877 960/2210/1876 959/2212/1878
f 653/2211/1877 959/2212/1878 958/2213/1879
f 653/2211/1877 958/2213/1879 654/2214/1880
f 654/2214/1880 958/2213/1879 957/2215/1881
f 654/2214/1880 957/2215/1881 655/2216/1882
f 655/2216/1882 957/2215/1881 956/2217/1883
f 655/2216/1882 956/2217/1883 656/2218/1884
f 656/2218/1884 956/2217/1883 955/2219/1885
f 656/2218/1884 955/2219/1885 657/2220/1886
f 657/2220/1886 955/2219/1885 954/2221/1887
f 657/2220/1886 954/2221/1887 658/2222/1888
f 658/2222/1888 954/2221/1887 953/2223/1889
f 658/2222/1888 953/2223/1889 659/2224/1890
f 659/2224/1890 953/2223/1889 952/2225/1891
f 659/2224/1890 952/2225/1891 660/2226/1892
f 660/2226/1892 952/2225/1891 951/2227/1893
f 660/2226/1892 951/2227/1893 661/2228/1894
f 661/2228/1894 951/2227/1893 950/2229/1895
f 661/2228/1894 950/2229/1895 662/2230/1896
f 662/2230/1896 950/2229/1895 663/2231/1897
f 663/2231/1897 950/2229/1895 949/2232/1898
f 784/2233/1487 796/2234/1510 766/2235/1473
f 766/2235/1473 796/2234/1510 795/2236/1511
f 766/2235/1473 795/2236/1511 767/2237/1474
f 644/2238/1276 960/2239/1899 645/2240/1275
f 645/2240/1275 960/2239/1899 652/2241/1900
f 741/2242/1447 650/2243/1278 944/2244/1901
f 944/2244/1901 650/2243/1278 945/2245/1902
f 945/2245/1902 650/2243/1278 649/2246/1279
f 664/2247/1309 663/2248/1897 669/2249/1308
f 669/2249/1308 663/2248/1897 949/2250/1898
g Pin 1

v -5.380000 0.125559 -2.824954
v -5.379263 0.125559 -2.842104
v -5.377059 0.125559 -2.859128
v -5.373402 0.125559 -2.875900
v -5.373402 -0.124441 -2.875900
v -5.377059 -0.124441 -2.859128
v -5.379263 -0.124441 -2.842104
v -5.380000 -0.124441 -2.824954
v -5.380000 -0.124441 0.009146
v -5.380000 0.052128 0.009146
v -5.380000 0.125559 -0.048633
v -5.225052 -0.124441 -3.439064
v -5.211900 -0.124441 -3.472286
v -5.191264 -0.124441 -3.501454
v -5.164315 -0.124441 -3.524915
v -5.132582 -0.124441 -3.541336
v -5.097865 -0.124441 -3.549786
v -5.062135 -0.124441 -3.549786
v -5.027418 -0.124441 -3.541336
v -4.995685 -0.124441 -3.524915
v -4.968736 -0.124441 -3.501454
v -4.948100 -0.124441 -3.472286
v -4.934948 -0.124441 -3.439064
v -4.786598 -0.124441 -2.875900
v -4.782941 -0.124441 -2.859128
v -4.780737 -0.124441 -2.842104
v -4.780000 -0.124441 -2.824954
v -4.780000 -0.124441 0.009146
v -4.786598 0.125559 -2.875900
v -4.782941 0.125559 -2.859128
v -4.780737 0.125559 -2.842104
v -4.780000 0.125559 -2.824954
v -4.780000 0.125559 -0.048633
v -4.780000 0.052128 0.009146
v -4.680000 1.050742 6.155514
v -4.674224 1.050742 6.107796
v -4.657230 1.050742 6.062835
v -4.630000 1.050742 6.023226
v -4.594106 1.050742 5.991258
v -4.551621 1.050742 5.968777
v -4.505000 1.050742 5.957082
v -4.505000 1.300742 5.957082
v -4.551621 1.300742 5.968777
v -4.594106 1.300742 5.991258
v -4.630000 1.300742 6.023226
v -4.657230 1.300742 6.062835
v -4.674224 1.300742 6.107796
v -4.680000 1.300742 6.155514
v -4.680000 1.300742 6.237206
v -4.680000 1.050742 6.237206
v -4.458379 1.050742 5.945387
v -4.415894 1.050742 5.922906
v -4.380000 1.050742 5.890938
v -4.352770 1.050742 5.851330
v -4.335776 1.050742 5.806368
v -4.330000 1.050742 5.758651
v -4.330000 1.300742 5.758651
v -4.335776 1.300742 5.806368
v -4.352770 1.300742 5.851330
v -4.380000 1.300742 5.890938
v -4.415894 1.300742 5.922906
v -4.458379 1.300742 5.945387
v -4.330000 1.050742 1.305686
v -4.330000 1.300742 1.305686
v -5.480000 1.050742 6.237206
v -5.480000 1.050742 6.155514
v -5.485776 1.050742 6.107796
v -5.502770 1.050742 6.062835
v -5.530000 1.050742 6.023226
v -5.565894 1.050742 5.991258
v -5.608379 1.050742 5.968777
v -5.655000 1.050742 5.957082
v -5.701621 1.050742 5.945387
v -5.744106 1.050742 5.922906
v -5.780000 1.050742 5.890938
v -5.807230 1.050742 5.851330
v -5.824224 1.050742 5.806368
v -5.830000 1.050742 5.758651
v -5.830000 1.050742 1.305686
v -5.480000 1.300742 6.155514
v -5.485776 1.300742 6.107796
v -5.502770 1.300742 6.062835
v -5.530000 1.300742 6.023226
v -5.565894 1.300742 5.991258
v -5.608379 1.300742 5.968777
v -5.655000 1.300742 5.957082
v -5.480000 1.300742 6.237206
v -5.701621 1.300742 5.945387
v -5.744106 1.300742 5.922906
v -5.780000 1.300742 5.890938
v -5.807230 1.300742 5.851330
v -5.824224 1.300742 5.806368
v -5.830000 1.300742 5.758651
v -5.830000 1.300742 1.305686
v -5.580000 0.175802 0.166323
v -5.528236 0.171588 0.160968
v -5.480000 0.159233 0.145266
v -5.438579 0.139579 0.120287
v -5.406795 0.113965 0.087735
v -5.386815 0.084137 0.049826
v -5.380000 -0.108254 0.135341
v -5.383421 -0.096843 0.172840
v -5.394113 -0.082702 0.209138
v -5.412353 -0.067107 0.241589
v -5.436703 -0.051898 0.268529
v -5.466661 -0.038212 0.289826
v -5.502099 -0.026955 0.305763
v -5.540830 -0.019818 0.315247
v -5.580000 -0.017384 0.318331
v -5.385223 0.125559 0.009146
v -5.580000 0.179087 0.163738
v -5.545977 0.177221 0.161412
v -5.512269 0.171952 0.154261
v -5.480502 0.163797 0.142017
v -5.452070 0.153839 0.124600
v -5.427996 0.143648 0.102502
v -5.408662 0.134536 0.075502
v -5.394034 0.127900 0.043166
v -5.630000 -0.017384 0.318331
v -5.630000 0.179087 0.163738
v -4.773185 0.084137 0.049826
v -4.753205 0.113965 0.087735
v -4.721421 0.139579 0.120287
v -4.680000 0.159233 0.145266
v -4.631764 0.171588 0.160968
v -4.580000 0.175802 0.166323
v -4.580000 -0.017384 0.318331
v -4.619170 -0.019818 0.315247
v -4.657901 -0.026955 0.305763
v -4.693339 -0.038212 0.289826
v -4.723297 -0.051898 0.268529
v -4.747647 -0.067107 0.241589
v -4.765887 -0.082702 0.209138
v -4.776579 -0.096843 0.172840
v -4.780000 -0.108254 0.135341
v -4.774777 0.125559 0.009146
v -4.765966 0.127900 0.043166
v -4.751338 0.134536 0.075502
v -4.732004 0.143648 0.102502
v -4.707930 0.153839 0.124600
v -4.679498 0.163797 0.142017
v -4.647731 0.171952 0.154261
v -4.614023 0.177221 0.161412
v -4.580000 0.179087 0.163738
v -4.780000 -0.117225 0.093786
v -4.780000 -0.122633 0.051620
v -4.348938 0.064302 0.400450
v -4.362734 0.045013 0.384287
v -4.379644 0.028419 0.368994
v -4.399144 0.014656 0.355187
v -4.421801 0.003124 0.342732
v -4.447078 -0.005992 0.332279
v -4.474211 -0.012416 0.324569
v -4.502216 -0.016166 0.319900
v -4.530000 -0.017384 0.318331
v -4.530000 0.179087 0.163738
v -4.491804 0.181392 0.166701
v -4.454256 0.188652 0.175196
v -4.419599 0.201396 0.188497
v -4.389641 0.219931 0.204798
v -4.364332 0.244402 0.224263
v -4.345512 0.272402 0.246536
v -4.333916 0.302835 0.270743
v -4.330000 0.334508 0.295937
v -4.330000 0.132619 0.454791
v -4.332135 0.109183 0.436150
v -4.338493 0.086248 0.417906
v -4.330000 1.112000 0.914382
v -4.330000 0.956371 1.110034
v -5.770359 0.219931 0.204798
v -5.795668 0.244402 0.224263
v -5.814488 0.272402 0.246536
v -5.826084 0.302835 0.270743
v -5.830000 0.334508 0.295937
v -5.830000 1.112000 0.914382
v -5.668196 0.181392 0.166701
v -5.705744 0.188652 0.175196
v -5.740401 0.201396 0.188497
v -5.080000 0.180247 0.165201
v -5.080000 0.150385 0.117757
v -5.080000 0.131845 0.064852
v -5.657784 -0.016166 0.319900
v -5.685789 -0.012416 0.324569
v -5.712922 -0.005992 0.332279
v -5.738199 0.003124 0.342732
v -5.760856 0.014656 0.355187
v -5.780356 0.028419 0.368994
v -5.797266 0.045013 0.384287
v -5.811062 0.064302 0.400450
v -5.821507 0.086248 0.417906
v -5.827865 0.109183 0.436150
v -5.830000 0.132619 0.454791
v -5.480000 -0.443648 2.247226
v -5.480000 -0.252137 2.407923
v -5.480000 -0.209219 2.367573
v -5.480000 -0.158052 2.338385
v -5.480000 -0.101475 2.321980
v -5.480000 -0.042630 2.319268
v -5.480000 -0.024633 2.069917
v -5.480000 -0.118940 2.072032
v -5.480000 -0.211172 2.091822
v -5.480000 -0.298045 2.128583
v -5.480000 -0.376468 2.181006
v -4.680000 -0.443648 2.247226
v -4.680000 -0.774169 2.641125
v -5.480000 -0.774169 2.641125
v -4.680000 -0.252137 2.407923
v -4.680000 -0.582658 2.801822
v -4.680000 -0.209219 2.367573
v -4.680000 -0.158052 2.338385
v -4.680000 -0.101475 2.321980
v -4.680000 -0.042630 2.319268
v -4.680000 -0.024633 2.069917
v -4.680000 -0.118940 2.072032
v -4.680000 -0.211172 2.091822
v -4.680000 -0.298045 2.128583
v -4.680000 -0.376468 2.181006
v -4.680000 -0.617723 2.856864
v -4.680000 -0.637348 2.919107
v -4.680000 -0.640195 2.984308
v -4.680000 -0.626070 3.048024
v -4.680000 -0.860993 3.133529
v -4.680000 -0.883550 3.049343
v -4.680000 -0.891146 2.962519
v -4.680000 -0.883550 2.875695
v -4.680000 -0.860993 2.791509
v -4.680000 -0.824159 2.712519
v -5.480000 -0.582658 2.801822
v -5.480000 -0.617723 2.856864
v -5.480000 -0.637348 2.919107
v -5.480000 -0.640195 2.984308
v -5.480000 -0.626070 3.048024
v -5.480000 0.565819 6.322711
v -4.680000 0.565819 6.322711
v -5.480000 -0.860993 3.133529
v -5.480000 0.330896 6.408216
v -5.480000 -0.883550 3.049343
v -5.480000 -0.891146 2.962519
v -5.480000 -0.883550 2.875695
v -5.480000 -0.860993 2.791509
v -5.480000 -0.824159 2.712519
v -5.480000 0.374097 6.497924
v -5.480000 0.434216 6.577292
v -5.480000 0.508870 6.643175
v -5.480000 0.595099 6.692959
v -5.480000 0.689482 6.724670
v -5.480000 0.788277 6.737051
v -5.480000 0.887566 6.729610
v -5.480000 0.983413 6.702643
v -5.480000 1.072015 6.657219
v -5.480000 1.149861 6.595139
v -5.480000 1.213862 6.518866
v -5.480000 1.261480 6.431423
v -5.480000 1.290828 6.336279
v -5.480000 1.042729 6.299993
v -5.480000 1.019205 6.358755
v -5.480000 0.981676 6.409726
v -5.480000 0.932549 6.449637
v -5.480000 0.874972 6.475932
v -5.480000 0.812638 6.486923
v -5.480000 0.749541 6.481907
v -5.480000 0.689726 6.461204
v -5.480000 0.637027 6.426143
v -5.480000 0.594823 6.378971
v -4.680000 0.330896 6.408216
v -4.680000 0.374097 6.497924
v -4.680000 0.434216 6.577292
v -4.680000 0.508870 6.643175
v -4.680000 0.595099 6.692959
v -4.680000 0.689482 6.724670
v -4.680000 0.788277 6.737051
v -4.680000 0.887566 6.729610
v -4.680000 0.983413 6.702643
v -4.680000 1.072015 6.657219
v -4.680000 1.149861 6.595139
v -4.680000 1.213862 6.518866
v -4.680000 1.261480 6.431423
v -4.680000 1.290828 6.336279
v -4.680000 1.042729 6.299993
v -4.680000 1.019205 6.358755
v -4.680000 0.981676 6.409726
v -4.680000 0.932549 6.449637
v -4.680000 0.874972 6.475932
v -4.680000 0.812638 6.486923
v -4.680000 0.749541 6.481907
v -4.680000 0.689726 6.461204
v -4.680000 0.637027 6.426143
v -4.680000 0.594823 6.378971
v -4.330000 1.292685 1.216285
v -4.330000 1.268772 1.129765
v -4.330000 1.229775 1.048915
v -4.330000 1.176950 0.976341
v -5.830000 1.176950 0.976341
v -5.830000 1.229775 1.048915
v -5.830000 1.268772 1.129765
v -5.830000 1.292685 1.216285
v -4.330000 1.044457 1.249979
v -4.330000 1.025917 1.197074
v -4.330000 0.996054 1.149631
v -5.830000 0.956371 1.110034
v -5.830000 0.996054 1.149631
v -5.830000 1.025917 1.197074
v -5.830000 1.044457 1.249979
v -5.380000 -0.117225 0.093786
v -5.380000 -0.122633 0.051620
v -5.080000 1.044457 1.249979
v -5.080000 1.025917 1.197074
v -5.080000 0.996054 1.149631
v -4.934948 0.125559 -3.439064
v -4.948100 0.125559 -3.472286
v -4.968736 0.125559 -3.501454
v -4.995685 0.125559 -3.524915
v -5.027418 0.125559 -3.541336
v -5.062135 0.125559 -3.549786
v -5.097865 0.125559 -3.549786
v -5.132582 0.125559 -3.541336
v -5.164315 0.125559 -3.524915
v -5.191264 0.125559 -3.501454
v -5.211900 0.125559 -3.472286
v -5.225052 0.125559 -3.439064
vt 0.012500 0.002576 0.000000
vt -0.012500 0.002576 0.000000
vt 0.012500 0.000859 0.000000
vt -0.012500 0.000859 0.000000
vt 0.012500 -0.000859 0.000000
vt -0.012500 -0.000859 0.000000
vt 0.012500 -0.002576 0.000000
vt -0.012500 -0.002576 0.000000
vt -0.280222 -0.012500 0.000000
vt -0.002590 -0.012500 0.000000
vt -0.286000 -0.005157 0.000000
vt -0.002590 0.012500 0.000000
vt -0.286000 0.012500 0.000000
vt -0.029926 -0.919125 0.000000
vt -0.029706 -0.920827 0.000000
vt -0.030000 -0.917410 0.000000
vt -0.029340 -0.922505 0.000000
vt -0.014505 -0.978821 0.000000
vt -0.013190 -0.982143 0.000000
vt -0.011126 -0.985060 0.000000
vt -0.008431 -0.987406 0.000000
vt -0.030000 -0.634000 0.000000
vt -0.005258 -0.989048 0.000000
vt -0.001787 -0.989893 0.000000
vt 0.001787 -0.989893 0.000000
vt 0.030000 -0.634000 0.000000
vt 0.005258 -0.989048 0.000000
vt 0.008431 -0.987406 0.000000
vt 0.014505 -0.978821 0.000000
vt 0.011126 -0.985060 0.000000
vt 0.013190 -0.982143 0.000000
vt 0.030000 -0.917410 0.000000
vt 0.029340 -0.922505 0.000000
vt 0.029706 -0.920827 0.000000
vt 0.029926 -0.919125 0.000000
vt 0.012500 0.002576 0.000000
vt -0.012500 0.002576 0.000000
vt 0.012500 0.000859 0.000000
vt -0.012500 0.000859 0.000000
vt 0.012500 -0.000859 0.000000
vt -0.012500 -0.000859 0.000000
vt 0.012500 -0.002576 0.000000
vt -0.012500 -0.002576 0.000000
vt -0.024000 0.012500 0.000000
vt -0.307410 0.012500 0.000000
vt -0.024000 -0.005157 0.000000
vt -0.307410 -0.012500 0.000000
vt -0.029778 -0.012500 0.000000
vt -0.012500 -0.062832 0.000000
vt 0.012500 -0.062832 0.000000
vt -0.012500 -0.058014 0.000000
vt 0.012500 -0.058014 0.000000
vt -0.012500 -0.053195 0.000000
vt 0.012500 -0.053195 0.000000
vt -0.012500 -0.048377 0.000000
vt 0.012500 -0.048377 0.000000
vt -0.012500 -0.043559 0.000000
vt 0.012500 -0.043559 0.000000
vt -0.012500 -0.038741 0.000000
vt 0.012500 -0.038741 0.000000
vt -0.012500 -0.033922 0.000000
vt 0.012500 -0.033922 0.000000
vt -0.019686 0.012500 0.000000
vt -0.027856 0.012500 0.000000
vt -0.019686 -0.012500 0.000000
vt -0.027856 -0.012500 0.000000
vt 0.012500 0.013201 0.000000
vt -0.012500 0.013201 0.000000
vt 0.012500 0.008383 0.000000
vt -0.012500 0.008383 0.000000
vt 0.012500 0.003565 0.000000
vt -0.012500 0.003565 0.000000
vt 0.012500 -0.001253 0.000000
vt -0.012500 -0.001253 0.000000
vt 0.012500 -0.006072 0.000000
vt -0.012500 -0.006072 0.000000
vt 0.012500 -0.010890 0.000000
vt -0.012500 -0.010890 0.000000
vt 0.012500 -0.015708 0.000000
vt -0.012500 -0.015708 0.000000
vt 0.600000 0.012500 0.000000
vt 0.154703 0.012500 0.000000
vt 0.600000 -0.012500 0.000000
vt 0.154703 -0.012500 0.000000
vt 0.062162 0.008674 0.000000
vt 0.057500 0.009843 0.000000
vt 0.075000 -0.010000 0.000000
vt 0.052838 0.011013 0.000000
vt 0.075000 -0.455297 0.000000
vt 0.048589 0.013261 0.000000
vt 0.045000 0.016458 0.000000
vt 0.042277 0.020418 0.000000
vt -0.042277 0.020418 0.000000
vt -0.075000 -0.455297 0.000000
vt -0.045000 0.016458 0.000000
vt -0.048589 0.013261 0.000000
vt -0.040578 0.024915 0.000000
vt 0.040578 0.024915 0.000000
vt -0.040000 0.029686 0.000000
vt 0.040000 0.029686 0.000000
vt -0.040000 0.037856 0.000000
vt 0.040000 0.037856 0.000000
vt -0.052838 0.011013 0.000000
vt -0.075000 -0.010000 0.000000
vt -0.057500 0.009843 0.000000
vt -0.062162 0.008674 0.000000
vt -0.066411 0.006426 0.000000
vt -0.070000 0.003229 0.000000
vt -0.072723 -0.000732 0.000000
vt -0.074422 -0.005228 0.000000
vt 0.074422 -0.005228 0.000000
vt 0.072723 -0.000732 0.000000
vt 0.070000 0.003229 0.000000
vt 0.066411 0.006426 0.000000
vt -0.012500 -0.062832 0.000000
vt 0.012500 -0.062832 0.000000
vt -0.012500 -0.058014 0.000000
vt 0.012500 -0.058014 0.000000
vt -0.012500 -0.053195 0.000000
vt 0.012500 -0.053195 0.000000
vt -0.012500 -0.048377 0.000000
vt 0.012500 -0.048377 0.000000
vt -0.012500 -0.043559 0.000000
vt 0.012500 -0.043559 0.000000
vt -0.012500 -0.038741 0.000000
vt 0.012500 -0.038741 0.000000
vt -0.012500 -0.033922 0.000000
vt 0.012500 -0.033922 0.000000
vt -0.580314 -0.012500 0.000000
vt -0.572144 -0.012500 0.000000
vt -0.580314 0.012500 0.000000
vt -0.572144 0.012500 0.000000
vt 0.012500 0.013201 0.000000
vt -0.012500 0.013201 0.000000
vt 0.012500 0.008383 0.000000
vt -0.012500 0.008383 0.000000
vt 0.012500 0.003565 0.000000
vt -0.012500 0.003565 0.000000
vt 0.012500 -0.001253 0.000000
vt -0.012500 -0.001253 0.000000
vt 0.012500 -0.006072 0.000000
vt -0.012500 -0.006072 0.000000
vt 0.012500 -0.010890 0.000000
vt -0.012500 -0.010890 0.000000
vt 0.012500 -0.015708 0.000000
vt -0.012500 -0.015708 0.000000
vt 0.620000 -0.012500 0.000000
vt 1.065297 -0.012500 0.000000
vt 0.620000 0.012500 0.000000
vt 1.065297 0.012500 0.000000
vt -0.052838 0.011013 0.000000
vt -0.057500 0.009843 0.000000
vt -0.075000 -0.010000 0.000000
vt -0.062162 0.008674 0.000000
vt -0.066411 0.006426 0.000000
vt -0.070000 0.003229 0.000000
vt -0.072723 -0.000732 0.000000
vt -0.074422 -0.005228 0.000000
vt -0.075000 -0.455297 0.000000
vt -0.048589 0.013261 0.000000
vt -0.045000 0.016458 0.000000
vt -0.042277 0.020418 0.000000
vt 0.075000 -0.455297 0.000000
vt 0.042277 0.020418 0.000000
vt 0.045000 0.016458 0.000000
vt 0.048589 0.013261 0.000000
vt 0.052838 0.011013 0.000000
vt 0.075000 -0.010000 0.000000
vt 0.057500 0.009843 0.000000
vt 0.062162 0.008674 0.000000
vt 0.066411 0.006426 0.000000
vt 0.070000 0.003229 0.000000
vt 0.072723 -0.000732 0.000000
vt 0.074422 -0.005228 0.000000
vt -0.040578 0.024915 0.000000
vt 0.040578 0.024915 0.000000
vt -0.040000 0.029686 0.000000
vt 0.040000 0.029686 0.000000
vt -0.040000 0.037856 0.000000
vt 0.040000 0.037856 0.000000
vt 0.021426 0.015708 0.000000
vt -0.003156 0.015708 0.000000
vt 0.021427 0.011764 0.000000
vt -0.003156 0.010472 0.000000
vt 0.021401 0.007706 0.000000
vt -0.003156 0.005236 0.000000
vt 0.021301 0.003654 0.000000
vt -0.003156 0.000000 0.000000
vt 0.021059 -0.000267 0.000000
vt 0.020589 -0.004183 0.000000
vt -0.003156 -0.005236 0.000000
vt 0.019807 -0.008150 0.000000
vt -0.003156 -0.010472 0.000000
vt 0.018674 -0.012034 0.000000
vt -0.003156 -0.015708 0.000000
vt 0.017252 -0.015708 0.000000
vt 0.021426 0.031416 0.000000
vt 0.012082 0.031416 0.000000
vt 0.017853 0.026835 0.000000
vt 0.012082 0.026180 0.000000
vt 0.015933 0.023880 0.000000
vt 0.012082 0.020944 0.000000
vt 0.014455 0.020581 0.000000
vt 0.013502 0.017268 0.000000
vt 0.012082 0.015708 0.000000
vt 0.012936 0.013888 0.000000
vt 0.012082 0.010472 0.000000
vt 0.012641 0.010415 0.000000
vt 0.012525 0.006911 0.000000
vt 0.012082 0.005236 0.000000
vt 0.012497 0.003420 0.000000
vt 0.012082 -0.000000 0.000000
vt 0.012500 -0.000000 0.000000
vt -0.020000 -0.012500 0.000000
vt -0.020000 -0.012082 0.000000
vt -0.025000 -0.012500 0.000000
vt -0.025000 0.012500 0.000000
vt -0.020000 0.012500 0.000000
vt 0.007429 0.015708 0.000000
vt -0.012979 0.015708 0.000000
vt 0.008851 0.012034 0.000000
vt -0.012979 0.010472 0.000000
vt 0.009984 0.008150 0.000000
vt -0.012979 0.005236 0.000000
vt 0.010765 0.004183 0.000000
vt -0.012979 0.000000 0.000000
vt 0.011236 0.000267 0.000000
vt 0.011477 -0.003654 0.000000
vt -0.012979 -0.005236 0.000000
vt 0.011578 -0.007706 0.000000
vt -0.012979 -0.010472 0.000000
vt 0.011603 -0.011764 0.000000
vt -0.012979 -0.015708 0.000000
vt 0.011603 -0.015708 0.000000
vt 0.022745 0.007536 0.000000
vt 0.018894 0.005236 0.000000
vt 0.024664 0.004581 0.000000
vt 0.018894 -0.000000 0.000000
vt 0.028237 0.000000 0.000000
vt 0.018894 0.010472 0.000000
vt 0.021267 0.010834 0.000000
vt 0.020313 0.014148 0.000000
vt 0.018894 0.015708 0.000000
vt 0.019748 0.017528 0.000000
vt 0.018894 0.020944 0.000000
vt 0.019453 0.021001 0.000000
vt 0.019337 0.024505 0.000000
vt 0.018894 0.026180 0.000000
vt 0.019309 0.027996 0.000000
vt 0.018894 0.031416 0.000000
vt 0.019312 0.031416 0.000000
vt 0.001619 0.012620 0.000000
vt 0.000722 0.008464 0.000000
vt 0.017657 0.000000 0.000000
vt 0.000181 0.004247 0.000000
vt -0.000000 0.000000 0.000000
vt 0.010758 0.011599 0.000000
vt -0.014807 0.011893 0.000000
vt 0.010241 0.008774 0.000000
vt -0.015631 0.007929 0.000000
vt 0.009596 0.005849 0.000000
vt -0.016525 0.003964 0.000000
vt 0.008922 0.002925 0.000000
vt -0.017457 0.000000 0.000000
vt 0.008233 -0.000000 0.000000
vt 0.011116 0.014399 0.000000
vt -0.014088 0.015858 0.000000
vt 0.011344 0.017149 0.000000
vt -0.013639 0.019719 0.000000
vt 0.011480 0.019980 0.000000
vt 0.011550 0.022865 0.000000
vt -0.013460 0.023647 0.000000
vt 0.011578 0.025761 0.000000
vt -0.013415 0.027571 0.000000
vt 0.011584 0.028628 0.000000
vt -0.013417 0.031416 0.000000
vt 0.011583 0.031416 0.000000
vt 0.017088 0.012500 0.000000
vt 0.022999 -0.012500 0.000000
vt 0.122345 0.012500 0.000000
vt 0.122345 -0.012500 0.000000
vt -0.074608 -0.591048 0.000000
vt -0.069036 -0.601642 0.000000
vt -0.075000 -0.587001 0.000000
vt 0.069036 -0.601642 0.000000
vt 0.075000 -0.587001 0.000000
vt 0.074608 -0.591048 0.000000
vt 0.073449 -0.594937 0.000000
vt 0.071567 -0.598515 0.000000
vt -0.073449 -0.594937 0.000000
vt -0.071567 -0.598515 0.000000
vt 0.075000 -0.487655 0.000000
vt -0.075000 -0.487655 0.000000
vt -0.066040 0.020002 0.000000
vt 0.000000 0.016853 0.000000
vt -0.069036 0.022471 0.000000
vt 0.066040 0.020002 0.000000
vt 0.069036 0.022471 0.000000
vt -0.062574 0.018159 0.000000
vt -0.058820 0.017042 0.000000
vt -0.055000 0.016667 0.000000
vt -0.050000 0.016667 0.000000
vt -0.046598 0.016369 0.000000
vt -0.043227 0.015480 0.000000
vt -0.040050 0.014009 0.000000
vt 0.000000 0.011236 0.000000
vt 0.040050 0.014009 0.000000
vt 0.037207 0.012002 0.000000
vt 0.034800 0.009568 0.000000
vt -0.000000 0.005618 0.000000
vt 0.032866 0.006716 0.000000
vt 0.031403 0.003413 0.000000
vt -0.031403 0.003413 0.000000
vt 0.030522 0.000000 0.000000
vt -0.030522 0.000000 0.000000
vt -0.037207 0.012002 0.000000
vt -0.034800 0.009568 0.000000
vt -0.032866 0.006716 0.000000
vt 0.043227 0.015480 0.000000
vt 0.046598 0.016369 0.000000
vt 0.050000 0.016667 0.000000
vt 0.055000 0.016667 0.000000
vt 0.058820 0.017042 0.000000
vt 0.062574 0.018159 0.000000
vt -0.267080 0.019719 0.000000
vt -0.292063 0.017149 0.000000
vt -0.266631 0.015858 0.000000
vt -0.291835 0.014399 0.000000
vt -0.265912 0.011893 0.000000
vt -0.291477 0.011599 0.000000
vt -0.290960 0.008774 0.000000
vt -0.267259 0.023647 0.000000
vt -0.292269 0.022865 0.000000
vt -0.292199 0.019980 0.000000
vt -0.292297 0.025761 0.000000
vt -0.267304 0.027571 0.000000
vt -0.292303 0.028628 0.000000
vt -0.267302 0.031416 0.000000
vt -0.292302 0.031416 0.000000
vt -0.265088 0.007929 0.000000
vt -0.290315 0.005849 0.000000
vt -0.264194 0.003964 0.000000
vt -0.289641 0.002925 0.000000
vt -0.263262 0.000000 0.000000
vt -0.288952 -0.000000 0.000000
vt -0.019151 0.016070 0.000000
vt -0.023443 0.012035 0.000000
vt 0.000000 0.000000 0.000000
vt -0.006718 -0.006622 0.000000
vt -0.028560 0.009116 0.000000
vt -0.014560 -0.011864 0.000000
vt -0.023248 -0.015540 0.000000
vt -0.034217 0.007475 0.000000
vt -0.032471 -0.017519 0.000000
vt -0.040102 0.007204 0.000000
vt -0.041901 -0.017731 0.000000
vt 0.040000 0.575990 0.000000
vt -0.040000 0.575990 0.000000
vt 0.040000 0.524571 0.000000
vt -0.040000 0.524571 0.000000
vt -0.565990 -0.012500 0.000000
vt -0.514571 -0.012500 0.000000
vt -0.565990 0.012500 0.000000
vt -0.514571 0.012500 0.000000
vt -0.040000 0.000000 0.000000
vt 0.040000 0.000000 0.000000
vt -0.040000 0.005904 0.000000
vt 0.040000 0.005904 0.000000
vt -0.040000 0.011809 0.000000
vt 0.040000 0.011809 0.000000
vt -0.040000 0.017713 0.000000
vt 0.040000 0.017713 0.000000
vt -0.040000 0.023618 0.000000
vt 0.040000 0.023618 0.000000
vt -0.040000 0.000000 0.000000
vt 0.040000 0.000000 0.000000
vt -0.040000 0.009447 0.000000
vt 0.040000 0.009447 0.000000
vt -0.040000 0.018894 0.000000
vt 0.040000 0.018894 0.000000
vt -0.040000 0.028341 0.000000
vt 0.040000 0.028341 0.000000
vt -0.040000 0.037788 0.000000
vt 0.040000 0.037788 0.000000
vt -0.040000 0.047236 0.000000
vt 0.040000 0.047236 0.000000
vt 0.000000 0.000000 0.000000
vt -0.003507 0.005504 0.000000
vt -0.019151 -0.016070 0.000000
vt -0.024150 -0.008930 0.000000
vt -0.005469 0.011728 0.000000
vt -0.027834 -0.001031 0.000000
vt -0.030089 0.007387 0.000000
vt -0.005754 0.018249 0.000000
vt -0.030849 0.016070 0.000000
vt -0.030089 0.024752 0.000000
vt -0.027834 0.033171 0.000000
vt -0.004341 0.024620 0.000000
vt 0.040000 0.026180 0.000000
vt -0.040000 0.026180 0.000000
vt 0.040000 0.019635 0.000000
vt -0.040000 0.019635 0.000000
vt 0.040000 0.013090 0.000000
vt -0.040000 0.013090 0.000000
vt 0.040000 0.006545 0.000000
vt -0.040000 0.006545 0.000000
vt 0.040000 0.000000 0.000000
vt -0.040000 -0.000000 0.000000
vt -0.034010 0.012500 0.000000
vt -0.085429 0.012500 0.000000
vt -0.034010 -0.012500 0.000000
vt -0.085429 -0.012500 0.000000
vt -0.000000 0.000000 0.000000
vt -0.019151 -0.016070 0.000000
vt 0.004292 -0.004035 0.000000
vt -0.012433 -0.022692 0.000000
vt 0.009409 -0.006954 0.000000
vt -0.004591 -0.027934 0.000000
vt 0.004097 -0.031610 0.000000
vt 0.015066 -0.008594 0.000000
vt 0.013320 -0.033589 0.000000
vt 0.020951 -0.008865 0.000000
vt 0.022750 -0.033801 0.000000
vt 0.040000 0.486871 0.000000
vt -0.040000 0.486871 0.000000
vt 0.040000 0.138386 0.000000
vt -0.040000 0.138386 0.000000
vt -0.123129 0.012500 0.000000
vt -0.471614 0.012500 0.000000
vt -0.123129 -0.012500 0.000000
vt -0.471614 -0.012500 0.000000
vt 0.040000 0.052360 0.000000
vt -0.040000 0.052360 0.000000
vt 0.040000 0.043633 0.000000
vt -0.040000 0.043633 0.000000
vt 0.040000 0.034907 0.000000
vt -0.040000 0.034907 0.000000
vt 0.040000 0.026180 0.000000
vt -0.040000 0.026180 0.000000
vt 0.040000 0.017453 0.000000
vt -0.040000 0.017453 0.000000
vt 0.040000 0.008727 0.000000
vt -0.040000 0.008727 0.000000
vt 0.040000 -0.000000 0.000000
vt -0.040000 0.000000 0.000000
vt 0.040000 0.575990 0.000000
vt -0.040000 0.575990 0.000000
vt 0.040000 0.524571 0.000000
vt -0.040000 0.524571 0.000000
vt -0.023492 -0.008551 0.000000
vt -0.000000 0.000000 0.000000
vt -0.026393 -0.002925 0.000000
vt -0.004320 0.008971 0.000000
vt -0.030613 0.001793 0.000000
vt -0.035883 0.005299 0.000000
vt -0.010332 0.016908 0.000000
vt -0.041864 0.007369 0.000000
vt -0.017797 0.023496 0.000000
vt -0.026420 0.028474 0.000000
vt -0.048174 0.007871 0.000000
vt -0.035859 0.031645 0.000000
vt -0.045738 0.032883 0.000000
vt -0.055667 0.032139 0.000000
vt -0.065252 0.029443 0.000000
vt -0.074112 0.024900 0.000000
vt -0.054408 0.006772 0.000000
vt -0.081896 0.018692 0.000000
vt -0.060165 0.004142 0.000000
vt -0.088297 0.011065 0.000000
vt -0.065078 0.000151 0.000000
vt -0.093058 0.002321 0.000000
vt -0.068831 -0.004946 0.000000
vt -0.095993 -0.007194 0.000000
vt -0.071183 -0.010822 0.000000
vt -0.096985 -0.017101 0.000000
vt -0.071985 -0.017101 0.000000
vt 0.040000 0.139626 0.000000
vt -0.040000 0.139626 0.000000
vt 0.040000 0.129653 0.000000
vt -0.040000 0.129653 0.000000
vt 0.040000 0.119680 0.000000
vt -0.040000 0.119680 0.000000
vt 0.040000 0.109706 0.000000
vt -0.040000 0.109706 0.000000
vt 0.040000 0.099733 0.000000
vt -0.040000 0.099733 0.000000
vt 0.040000 0.089760 0.000000
vt -0.040000 0.089760 0.000000
vt 0.040000 0.079786 0.000000
vt -0.040000 0.079786 0.000000
vt 0.040000 0.069813 0.000000
vt -0.040000 0.069813 0.000000
vt 0.040000 0.059840 0.000000
vt -0.040000 0.059840 0.000000
vt 0.040000 0.049867 0.000000
vt -0.040000 0.049867 0.000000
vt 0.040000 0.039893 0.000000
vt -0.040000 0.039893 0.000000
vt 0.040000 0.029920 0.000000
vt -0.040000 0.029920 0.000000
vt 0.040000 0.019947 0.000000
vt -0.040000 0.019947 0.000000
vt 0.040000 0.009973 0.000000
vt -0.040000 0.009973 0.000000
vt 0.040000 -0.000000 0.000000
vt -0.040000 -0.000000 0.000000
vt -0.476871 -0.012500 0.000000
vt -0.128386 -0.012500 0.000000
vt -0.476871 0.012500 0.000000
vt -0.128386 0.012500 0.000000
vt -0.019151 0.016070 0.000000
vt 0.000000 0.000000 0.000000
vt -0.015645 0.021574 0.000000
vt 0.004999 0.007139 0.000000
vt -0.013682 0.027798 0.000000
vt 0.008682 0.015038 0.000000
vt 0.010938 0.023457 0.000000
vt -0.013397 0.034318 0.000000
vt 0.011698 0.032139 0.000000
vt 0.010938 0.040822 0.000000
vt 0.008682 0.049240 0.000000
vt -0.014810 0.040690 0.000000
vt 0.040000 0.069813 0.000000
vt -0.040000 0.069813 0.000000
vt 0.040000 0.063467 0.000000
vt -0.040000 0.063467 0.000000
vt 0.040000 0.057120 0.000000
vt -0.040000 0.057120 0.000000
vt 0.040000 0.050773 0.000000
vt -0.040000 0.050773 0.000000
vt 0.040000 0.044427 0.000000
vt -0.040000 0.044427 0.000000
vt 0.040000 0.038080 0.000000
vt -0.040000 0.038080 0.000000
vt 0.040000 0.031733 0.000000
vt -0.040000 0.031733 0.000000
vt 0.040000 0.025387 0.000000
vt -0.040000 0.025387 0.000000
vt 0.040000 0.019040 0.000000
vt -0.040000 0.019040 0.000000
vt 0.040000 0.012693 0.000000
vt -0.040000 0.012693 0.000000
vt 0.040000 0.006347 0.000000
vt -0.040000 0.006347 0.000000
vt 0.040000 -0.000000 0.000000
vt -0.040000 -0.000000 0.000000
vt 0.075000 0.044942 0.000000
vt -0.075000 0.044942 0.000000
vt 0.075000 0.035954 0.000000
vt -0.075000 0.035954 0.000000
vt 0.075000 0.026965 0.000000
vt -0.075000 0.026965 0.000000
vt 0.075000 0.017977 0.000000
vt -0.075000 0.017977 0.000000
vt 0.075000 0.008988 0.000000
vt -0.075000 0.008988 0.000000
vt 0.075000 0.000000 0.000000
vt -0.075000 0.000000 0.000000
vt 0.025000 0.000000 0.000000
vt 0.000000 0.000000 0.000000
vt 0.024194 -0.008940 0.000000
vt -0.000629 -0.005571 0.000000
vt 0.021803 -0.017592 0.000000
vt -0.002483 -0.010861 0.000000
vt 0.017903 -0.025677 0.000000
vt 0.012621 -0.032934 0.000000
vt -0.005469 -0.015606 0.000000
vt 0.006126 -0.039130 0.000000
vt -0.009437 -0.019565 0.000000
vt 0.040000 0.486871 0.000000
vt -0.040000 0.486871 0.000000
vt 0.040000 0.138386 0.000000
vt -0.040000 0.138386 0.000000
vt 0.074151 -0.598837 0.000000
vt 0.074787 -0.595907 0.000000
vt 0.073106 -0.601642 0.000000
vt 0.075000 -0.592912 0.000000
vt -0.075000 -0.592912 0.000000
vt -0.075000 -0.487655 0.000000
vt 0.075000 -0.487655 0.000000
vt -0.073106 -0.601642 0.000000
vt -0.074787 -0.595907 0.000000
vt -0.074151 -0.598837 0.000000
vt 0.000000 -0.000000 0.000000
vt 0.000806 -0.008940 0.000000
vt 0.025000 -0.000000 0.000000
vt 0.025629 -0.005571 0.000000
vt 0.003197 -0.017592 0.000000
vt 0.027483 -0.010861 0.000000
vt 0.007097 -0.025677 0.000000
vt 0.012379 -0.032934 0.000000
vt 0.030469 -0.015606 0.000000
vt 0.018874 -0.039130 0.000000
vt 0.034437 -0.019565 0.000000
vt 0.055000 0.033333 0.000000
vt 0.057778 0.033532 0.000000
vt 0.050000 0.033333 0.000000
vt -0.057778 0.033532 0.000000
vt -0.050000 0.033333 0.000000
vt -0.055000 0.033333 0.000000
vt -0.060579 0.034131 0.000000
vt 0.060579 0.034131 0.000000
vt 0.063292 0.035134 0.000000
vt -0.063292 0.035134 0.000000
vt 0.065820 0.036521 0.000000
vt -0.065820 0.036521 0.000000
vt 0.068086 0.038219 0.000000
vt -0.068086 0.038219 0.000000
vt -0.070036 0.040169 0.000000
vt 0.070036 0.040169 0.000000
vt -0.071727 0.042425 0.000000
vt 0.071727 0.042425 0.000000
vt 0.073106 0.044942 0.000000
vt -0.073106 0.044942 0.000000
vt 0.046083 0.032940 0.000000
vt -0.046083 0.032940 0.000000
vt 0.042210 0.031754 0.000000
vt -0.042210 0.031754 0.000000
vt 0.038666 0.029802 0.000000
vt -0.038666 0.029802 0.000000
vt 0.035670 0.027270 0.000000
vt -0.035670 0.027270 0.000000
vt -0.033235 0.024176 0.000000
vt -0.031411 0.020575 0.000000
vt 0.031411 0.020575 0.000000
vt 0.033235 0.024176 0.000000
vt -0.030342 0.016678 0.000000
vt 0.030342 0.016678 0.000000
vt 0.030000 0.012757 0.000000
vt -0.030000 0.012757 0.000000
vt -0.030000 0.008505 0.000000
vt -0.030000 0.004252 0.000000
vt 0.030000 0.004252 0.000000
vt 0.030000 0.008505 0.000000
vt -0.030000 0.000000 0.000000
vt 0.030000 0.000000 0.000000
vt 0.075000 0.016853 0.000000
vt 0.075000 0.022471 0.000000
vt 0.000000 0.016853 0.000000
vt -0.075000 0.022471 0.000000
vt -0.075000 0.016853 0.000000
vt 0.000000 0.011236 0.000000
vt -0.075000 0.011236 0.000000
vt 0.000000 0.005618 0.000000
vt -0.075000 0.005618 0.000000
vt -0.075000 0.000000 0.000000
vt 0.075000 0.000000 0.000000
vt 0.075000 0.005618 0.000000
vt 0.075000 0.011236 0.000000
vt 0.014505 -0.978821 0.000000
vt 0.029340 -0.922505 0.000000
vt 0.030000 -0.917410 0.000000
vt 0.029706 -0.920827 0.000000
vt 0.029926 -0.919125 0.000000
vt 0.030000 -0.639778 0.000000
vt -0.030000 -0.639778 0.000000
vt 0.001787 -0.989893 0.000000
vt 0.005258 -0.989048 0.000000
vt 0.030522 -0.634000 0.000000
vt -0.030522 -0.634000 0.000000
vt -0.030000 -0.917410 0.000000
vt -0.014505 -0.978821 0.000000
vt -0.008431 -0.987406 0.000000
vt -0.005258 -0.989048 0.000000
vt -0.029926 -0.919125 0.000000
vt -0.029706 -0.920827 0.000000
vt -0.029340 -0.922505 0.000000
vt -0.013190 -0.982143 0.000000
vt -0.011126 -0.985060 0.000000
vt -0.001787 -0.989893 0.000000
vt 0.008431 -0.987406 0.000000
vt 0.011126 -0.985060 0.000000
vt 0.013190 -0.982143 0.000000
vt -0.000000 0.000000 0.000000
vt 0.002900 0.005626 0.000000
vt -0.023492 0.008551 0.000000
vt -0.019172 0.017521 0.000000
vt 0.007121 0.010343 0.000000
vt 0.012391 0.013849 0.000000
vt -0.013160 0.025458 0.000000
vt 0.018372 0.015920 0.000000
vt -0.005695 0.032046 0.000000
vt 0.002928 0.037025 0.000000
vt 0.024682 0.016421 0.000000
vt 0.012366 0.040196 0.000000
vt 0.022246 0.041434 0.000000
vt 0.032175 0.040690 0.000000
vt 0.041759 0.037993 0.000000
vt 0.050620 0.033451 0.000000
vt 0.030915 0.015322 0.000000
vt 0.058404 0.027243 0.000000
vt 0.036673 0.012693 0.000000
vt 0.064804 0.019615 0.000000
vt 0.041586 0.008701 0.000000
vt 0.069566 0.010871 0.000000
vt 0.045339 0.003604 0.000000
vt 0.072501 0.001357 0.000000
vt 0.047691 -0.002272 0.000000
vt 0.073492 -0.008551 0.000000
vt 0.048492 -0.008551 0.000000
vt 1.202912 0.012500 0.000000
vt 1.097655 0.012500 0.000000
vt 1.197001 -0.012500 0.000000
vt 1.097655 -0.012500 0.000000
vt 0.115000 0.012500 0.000000
vt 0.035000 0.012500 0.000000
vt 0.115000 -0.012500 0.000000
vt 0.035000 -0.012500 0.000000
vt -0.012500 -0.043260 0.000000
vt 0.012500 -0.043260 0.000000
vt -0.012500 -0.039679 0.000000
vt 0.012500 -0.039679 0.000000
vt 0.012500 -0.036097 0.000000
vt -0.012500 -0.036097 0.000000
vt 0.012500 -0.032516 0.000000
vt -0.012500 -0.032516 0.000000
vt 0.012500 -0.028934 0.000000
vt -0.012500 -0.028934 0.000000
vt 0.012500 -0.025353 0.000000
vt -0.012500 -0.025353 0.000000
vt 0.012500 -0.021771 0.000000
vt -0.012500 -0.021771 0.000000
vt 0.012500 -0.018190 0.000000
vt -0.012500 -0.018190 0.000000
vt 0.012500 -0.014608 0.000000
vt -0.012500 -0.014608 0.000000
vt 0.012500 -0.011027 0.000000
vt -0.012500 -0.011027 0.000000
vt 0.012500 -0.007445 0.000000
vt -0.012500 -0.007445 0.000000
vt -0.012500 -0.003864 0.000000
vt 0.012500 -0.003864 0.000000
vt -0.025000 -0.012500 0.000000
vt -0.020000 -0.012500 0.000000
vt -0.025000 -0.012082 0.000000
vt -0.020000 0.012500 0.000000
vt -0.025000 0.012500 0.000000
vt -0.058238 -0.012500 0.000000
vt -0.000000 -0.012500 0.000000
vt -0.058238 0.012500 0.000000
vt -0.000000 0.012500 0.000000
vt 0.023381 0.012620 0.000000
vt 0.007343 0.000000 0.000000
vt 0.024278 0.008464 0.000000
vt 0.024819 0.004247 0.000000
vt 0.025000 0.000000 0.000000
vt -0.002590 0.012500 0.000000
vt -0.060828 0.012500 0.000000
vt -0.002590 -0.012500 0.000000
vt -0.060828 -0.012500 0.000000
vn -0.100000 -0.000000 0.000000
vn -0.100000 -0.000000 0.000000
vn -0.099632 0.000000 -0.008575
vn -0.099632 0.000000 -0.008575
vn -0.098529 0.000000 -0.017087
vn -0.098529 0.000000 -0.017087
vn -0.096701 0.000000 -0.025473
vn -0.096701 0.000000 -0.025473
vn -0.100000 0.000000 -0.000000
vn -0.100000 0.000000 -0.000000
vn -0.100000 0.000000 -0.000000
vn 0.000000 -0.100000 -0.000000
vn 0.000000 -0.100000 -0.000000
vn 0.000000 -0.100000 -0.000000
vn 0.000000 -0.100000 -0.000000
vn 0.000000 -0.100000 -0.000000
vn 0.000000 -0.100000 -0.000000
vn 0.000000 -0.100000 -0.000000
vn 0.000000 -0.100000 -0.000000
vn 0.000000 -0.100000 -0.000000
vn 0.000000 -0.100000 -0.000000
vn 0.000000 -0.100000 -0.000000
vn 0.000000 -0.100000 -0.000000
vn 0.000000 -0.100000 -0.000000
vn 0.000000 -0.100000 -0.000000
vn 0.000000 -0.100000 -0.000000
vn 0.000000 -0.100000 -0.000000
vn 0.000000 -0.100000 -0.000000
vn 0.000000 -0.100000 -0.000000
vn 0.000000 -0.100000 -0.000000
vn 0.000000 -0.100000 -0.000000
vn 0.000000 -0.100000 -0.000000
vn 0.000000 -0.100000 -0.000000
vn 0.100000 0.000000 -0.000000
vn 0.100000 0.000000 -0.000000
vn 0.099632 0.000000 -0.008575
vn 0.099632 0.000000 -0.008575
vn 0.098529 0.000000 -0.017087
vn 0.098529 0.000000 -0.017087
vn 0.096701 0.000000 -0.025473
vn 0.096701 0.000000 -0.025473
vn 0.100000 0.000000 -0.000000
vn 0.100000 0.000000 -0.000000
vn 0.100000 0.000000 -0.000000
vn 0.100000 -0.000000 -0.000000
vn 0.100000 0.000000 0.000000
vn 0.097112 0.000000 0.023859
vn 0.097112 0.000000 0.023859
vn 0.088615 0.000000 0.046340
vn 0.088615 0.000000 0.046340
vn 0.075000 0.000000 0.066144
vn 0.075000 0.000000 0.066144
vn 0.057053 0.000000 0.082128
vn 0.057053 0.000000 0.082128
vn 0.035811 0.000000 0.093368
vn 0.035811 0.000000 0.093368
vn 0.012500 0.000000 0.099216
vn 0.012500 0.000000 0.099216
vn 0.100000 -0.000000 -0.000000
vn 0.100000 -0.000000 -0.000000
vn 0.035811 0.000000 0.093368
vn 0.035811 0.000000 0.093368
vn 0.057053 0.000000 0.082128
vn 0.057053 0.000000 0.082128
vn 0.075000 0.000000 0.066144
vn 0.075000 0.000000 0.066144
vn 0.088615 0.000000 0.046340
vn 0.088615 0.000000 0.046340
vn 0.097112 0.000000 0.023859
vn 0.097112 0.000000 0.023859
vn 0.100000 0.000000 0.000000
vn 0.100000 -0.000000 -0.000000
vn 0.100000 0.000000 0.000000
vn 0.100000 0.000000 0.000000
vn 0.000000 -0.100000 0.000000
vn 0.000000 -0.100000 0.000000
vn 0.000000 -0.100000 0.000000
vn 0.000000 -0.100000 0.000000
vn 0.000000 -0.100000 0.000000
vn 0.000000 -0.100000 0.000000
vn 0.000000 -0.100000 0.000000
vn 0.000000 -0.100000 0.000000
vn 0.000000 -0.100000 0.000000
vn 0.000000 -0.100000 0.000000
vn 0.000000 -0.100000 0.000000
vn 0.000000 -0.100000 0.000000
vn 0.000000 -0.100000 0.000000
vn 0.000000 -0.100000 0.000000
vn 0.000000 -0.100000 0.000000
vn 0.000000 -0.100000 0.000000
vn 0.000000 -0.100000 0.000000
vn 0.000000 -0.100000 0.000000
vn 0.000000 -0.100000 0.000000
vn 0.000000 -0.100000 0.000000
vn 0.000000 -0.100000 0.000000
vn 0.000000 -0.100000 0.000000
vn 0.000000 -0.100000 0.000000
vn 0.000000 -0.100000 0.000000
vn 0.000000 -0.100000 0.000000
vn 0.000000 -0.100000 0.000000
vn 0.000000 -0.100000 0.000000
vn 0.000000 -0.100000 0.000000
vn 0.000000 -0.100000 0.000000
vn 0.000000 -0.100000 0.000000
vn -0.100000 0.000000 0.000000
vn -0.100000 -0.000000 -0.000000
vn -0.097112 0.000000 0.023859
vn -0.097112 0.000000 0.023859
vn -0.088615 0.000000 0.046340
vn -0.088615 0.000000 0.046340
vn -0.075000 0.000000 0.066144
vn -0.075000 0.000000 0.066144
vn -0.057053 0.000000 0.082128
vn -0.057053 0.000000 0.082128
vn -0.035811 0.000000 0.093368
vn -0.035811 0.000000 0.093368
vn -0.012500 0.000000 0.099216
vn -0.012500 0.000000 0.099216
vn -0.100000 0.000000 0.000000
vn -0.100000 0.000000 0.000000
vn -0.035811 0.000000 0.093368
vn -0.035811 0.000000 0.093368
vn -0.057053 0.000000 0.082128
vn -0.057053 0.000000 0.082128
vn -0.075000 0.000000 0.066144
vn -0.075000 0.000000 0.066144
vn -0.088615 0.000000 0.046340
vn -0.088615 0.000000 0.046340
vn -0.097112 0.000000 0.023859
vn -0.097112 0.000000 0.023859
vn -0.100000 -0.000000 -0.000000
vn -0.100000 0.000000 0.000000
vn -0.100000 -0.000000 -0.000000
vn -0.100000 -0.000000 -0.000000
vn 0.000000 0.100000 -0.000000
vn 0.000000 0.100000 -0.000000
vn 0.000000 0.100000 -0.000000
vn 0.000000 0.100000 -0.000000
vn 0.000000 0.100000 -0.000000
vn 0.000000 0.100000 -0.000000
vn 0.000000 0.100000 -0.000000
vn 0.000000 0.100000 -0.000000
vn 0.000000 0.100000 -0.000000
vn 0.000000 0.100000 -0.000000
vn 0.000000 0.100000 -0.000000
vn 0.000000 0.100000 -0.000000
vn 0.000000 0.100000 -0.000000
vn 0.000000 0.100000 -0.000000
vn 0.000000 0.100000 -0.000000
vn 0.000000 0.100000 -0.000000
vn 0.000000 0.100000 -0.000000
vn 0.000000 0.100000 -0.000000
vn 0.000000 0.100000 -0.000000
vn 0.000000 0.100000 -0.000000
vn 0.000000 0.100000 -0.000000
vn 0.000000 0.100000 -0.000000
vn 0.000000 0.100000 -0.000000
vn 0.000000 0.100000 -0.000000
vn 0.000000 0.100000 -0.000000
vn 0.000000 0.100000 -0.000000
vn 0.000000 0.100000 -0.000000
vn 0.000000 0.100000 -0.000000
vn 0.000000 0.100000 -0.000000
vn 0.000000 0.100000 -0.000000
vn 0.000000 -0.061837 -0.078589
vn 0.000000 -0.061837 -0.078589
vn -0.019590 -0.060639 -0.077066
vn -0.025882 -0.059730 -0.075911
vn -0.038951 -0.056953 -0.072382
vn -0.050000 -0.053552 -0.068060
vn -0.056685 -0.050943 -0.064743
vn -0.070711 -0.043725 -0.055571
vn -0.071649 -0.043137 -0.054823
vn -0.083851 -0.033694 -0.042822
vn -0.086603 -0.030918 -0.039294
vn -0.092944 -0.022817 -0.028998
vn -0.096593 -0.016005 -0.020340
vn -0.098317 -0.011296 -0.014357
vn -0.100000 -0.000000 -0.000000
vn -0.097389 -0.014039 -0.017843
vn -0.092984 -0.022754 -0.028918
vn -0.085682 -0.031884 -0.040521
vn -0.076007 -0.040185 -0.051071
vn -0.063991 -0.047519 -0.060392
vn -0.049753 -0.053640 -0.068171
vn -0.033872 -0.058182 -0.073943
vn -0.017017 -0.060935 -0.077442
vn 0.000000 -0.061837 -0.078589
vn 0.000000 -0.061837 -0.078589
vn 0.000000 -0.061837 -0.078589
vn 0.100000 0.000000 0.000000
vn 0.100000 0.000000 0.000000
vn 0.098317 -0.011296 -0.014357
vn 0.096593 -0.016005 -0.020340
vn 0.092944 -0.022817 -0.028998
vn 0.086603 -0.030918 -0.039294
vn 0.083851 -0.033694 -0.042822
vn 0.070711 -0.043725 -0.055571
vn 0.071649 -0.043137 -0.054823
vn 0.056685 -0.050943 -0.064743
vn 0.050000 -0.053552 -0.068060
vn 0.038951 -0.056953 -0.072382
vn 0.025882 -0.059730 -0.075911
vn 0.019590 -0.060639 -0.077066
vn 0.000000 -0.061837 -0.078589
vn 0.000000 -0.061837 -0.078589
vn 0.092984 -0.022754 -0.028918
vn 0.096593 -0.016005 -0.020340
vn 0.097389 -0.014039 -0.017843
vn 0.100000 0.000000 -0.000000
vn 0.086603 -0.030918 -0.039294
vn 0.085682 -0.031884 -0.040521
vn 0.076007 -0.040185 -0.051071
vn 0.070711 -0.043725 -0.055571
vn 0.063991 -0.047519 -0.060392
vn 0.049753 -0.053640 -0.068171
vn 0.033872 -0.058182 -0.073943
vn 0.017017 -0.060935 -0.077442
vn 0.000000 -0.061837 -0.078589
vn 0.100000 0.000000 0.000000
vn 0.100000 0.000000 0.000000
vn 0.100000 0.000000 0.000000
vn 0.083648 -0.033887 -0.043067
vn 0.082834 -0.034643 -0.044028
vn 0.090531 -0.026266 -0.033381
vn 0.092244 -0.023878 -0.030346
vn 0.095754 -0.017828 -0.022658
vn 0.098042 -0.012177 -0.015476
vn 0.098933 -0.009010 -0.011451
vn 0.100000 -0.000000 -0.000000
vn 0.100000 0.000000 0.000000
vn 0.075184 -0.040772 -0.051818
vn 0.070180 -0.044051 -0.055985
vn 0.065435 -0.046761 -0.059428
vn 0.055205 -0.051560 -0.065528
vn 0.054114 -0.052001 -0.066088
vn 0.041462 -0.056271 -0.071515
vn 0.037876 -0.057230 -0.072734
vn 0.027899 -0.059382 -0.075468
vn 0.019105 -0.060698 -0.077141
vn 0.013895 -0.061237 -0.077826
vn 0.000000 -0.061837 -0.078589
vn 0.000000 -0.061837 -0.078589
vn 0.100000 0.000000 0.000000
vn 0.100000 0.000000 0.000000
vn 0.000000 0.062251 -0.078261
vn 0.000000 0.062251 -0.078261
vn 0.000000 0.062251 -0.078261
vn 0.000000 0.062251 -0.078261
vn 0.000000 0.062251 -0.078261
vn 0.000000 0.062251 -0.078261
vn 0.000000 0.062251 -0.078261
vn 0.000000 0.062251 -0.078261
vn 0.000000 0.062251 -0.078261
vn 0.000000 0.062251 -0.078261
vn 0.000000 0.062251 -0.078261
vn 0.000000 0.062251 -0.078261
vn 0.000000 0.069666 -0.071741
vn 0.000000 0.078125 -0.062422
vn 0.000000 0.069666 -0.071741
vn 0.000000 0.074759 -0.066416
vn 0.000000 0.077652 -0.063010
vn 0.000000 0.078589 -0.061837
vn 0.000000 0.078589 -0.061837
vn 0.000000 0.079321 -0.060895
vn 0.000000 0.081434 -0.058039
vn 0.000000 0.084706 -0.053149
vn 0.000000 0.090070 -0.043445
vn 0.000000 0.084706 -0.053149
vn 0.000000 0.088696 -0.046186
vn 0.000000 0.092766 -0.037343
vn 0.000000 0.097486 -0.022282
vn 0.000000 0.096413 -0.026544
vn 0.000000 0.099070 -0.013609
vn 0.000000 0.099070 -0.013609
vn 0.000000 0.100000 -0.000000
vn 0.000000 0.100000 -0.000000
vn 0.000000 0.088696 -0.046186
vn 0.000000 0.092766 -0.037343
vn 0.000000 0.096413 -0.026544
vn 0.000000 0.081434 -0.058039
vn 0.000000 0.079321 -0.060895
vn 0.000000 0.078589 -0.061837
vn 0.000000 0.078589 -0.061837
vn 0.000000 0.077652 -0.063010
vn 0.000000 0.074759 -0.066416
vn -0.055205 -0.051560 -0.065528
vn -0.065435 -0.046761 -0.059428
vn -0.070180 -0.044051 -0.055985
vn -0.075184 -0.040772 -0.051818
vn -0.082834 -0.034643 -0.044028
vn -0.083648 -0.033887 -0.043067
vn -0.090531 -0.026266 -0.033381
vn -0.037876 -0.057230 -0.072734
vn -0.041462 -0.056271 -0.071515
vn -0.054114 -0.052001 -0.066088
vn -0.027899 -0.059382 -0.075468
vn -0.019105 -0.060698 -0.077141
vn -0.013895 -0.061237 -0.077826
vn -0.092244 -0.023878 -0.030346
vn -0.095754 -0.017828 -0.022658
vn -0.098042 -0.012177 -0.015476
vn -0.098933 -0.009010 -0.011451
vn -0.100000 -0.000000 -0.000000
vn -0.100000 0.000000 0.000000
vn -0.100000 0.000000 0.000000
vn -0.100000 0.000000 0.000000
vn -0.100000 0.000000 0.000000
vn -0.100000 0.000000 0.000000
vn -0.100000 0.000000 0.000000
vn -0.100000 0.000000 0.000000
vn -0.100000 0.000000 0.000000
vn -0.100000 0.000000 0.000000
vn -0.100000 0.000000 0.000000
vn -0.100000 0.000000 0.000000
vn -0.100000 0.000000 0.000000
vn 0.000000 -0.076604 -0.064279
vn 0.000000 -0.076604 -0.064279
vn 0.000000 -0.076604 -0.064279
vn 0.000000 -0.076604 -0.064279
vn 0.100000 -0.000000 0.000000
vn 0.100000 -0.000000 0.000000
vn 0.100000 -0.000000 0.000000
vn 0.100000 -0.000000 0.000000
vn 0.000000 0.076604 0.064279
vn 0.000000 0.076604 0.064279
vn 0.000000 0.059437 0.080419
vn 0.000000 0.059437 0.080419
vn 0.000000 0.038970 0.092094
vn 0.000000 0.038970 0.092094
vn 0.000000 0.016339 0.098656
vn 0.000000 0.016339 0.098656
vn 0.000000 -0.007199 0.099741
vn 0.000000 -0.007199 0.099741
vn 0.000000 -0.063168 -0.077523
vn 0.000000 -0.063168 -0.077523
vn 0.000000 -0.047484 -0.088007
vn 0.000000 -0.047484 -0.088007
vn 0.000000 -0.030109 -0.095360
vn 0.000000 -0.030109 -0.095360
vn 0.000000 -0.011663 -0.099318
vn 0.000000 -0.011663 -0.099318
vn 0.000000 0.007199 -0.099741
vn 0.000000 0.007199 -0.099741
vn 0.100000 0.000000 0.000000
vn 0.100000 0.000000 0.000000
vn 0.100000 0.000000 0.000000
vn 0.100000 0.000000 0.000000
vn 0.100000 0.000000 0.000000
vn 0.100000 0.000000 0.000000
vn 0.100000 0.000000 0.000000
vn 0.100000 0.000000 0.000000
vn 0.100000 0.000000 0.000000
vn 0.100000 0.000000 0.000000
vn 0.000000 0.076604 0.064279
vn 0.000000 0.076604 0.064279
vn 0.000000 0.090631 0.042262
vn 0.000000 0.090631 0.042262
vn 0.000000 0.098481 0.017365
vn 0.000000 0.098481 0.017365
vn 0.000000 0.099619 -0.008716
vn 0.000000 0.099619 -0.008716
vn 0.000000 0.093969 -0.034202
vn 0.000000 0.093969 -0.034202
vn -0.100000 0.000000 -0.000000
vn -0.100000 0.000000 -0.000000
vn 0.100000 0.000000 0.000000
vn 0.100000 0.000000 0.000000
vn 0.100000 0.000000 0.000000
vn 0.100000 0.000000 0.000000
vn 0.100000 0.000000 0.000000
vn 0.100000 0.000000 0.000000
vn 0.100000 0.000000 0.000000
vn 0.100000 0.000000 0.000000
vn 0.100000 0.000000 0.000000
vn 0.000000 0.093969 -0.034202
vn 0.000000 0.093969 -0.034202
vn -0.100000 -0.000000 -0.000000
vn -0.100000 -0.000000 -0.000000
vn -0.100000 -0.000000 -0.000000
vn -0.100000 -0.000000 -0.000000
vn 0.000000 -0.086603 -0.050000
vn 0.000000 -0.086603 -0.050000
vn 0.000000 -0.093969 -0.034202
vn 0.000000 -0.093969 -0.034202
vn 0.000000 -0.098481 -0.017365
vn 0.000000 -0.098481 -0.017365
vn 0.000000 -0.100000 0.000000
vn 0.000000 -0.100000 0.000000
vn 0.000000 -0.098481 0.017365
vn 0.000000 -0.098481 0.017365
vn 0.000000 -0.093969 0.034202
vn 0.000000 -0.093969 0.034202
vn -0.100000 0.000000 0.000000
vn -0.100000 0.000000 0.000000
vn -0.100000 0.000000 0.000000
vn -0.100000 0.000000 0.000000
vn -0.100000 0.000000 0.000000
vn -0.100000 0.000000 0.000000
vn -0.100000 0.000000 0.000000
vn -0.100000 0.000000 0.000000
vn -0.100000 0.000000 0.000000
vn -0.100000 0.000000 0.000000
vn -0.100000 0.000000 0.000000
vn -0.100000 0.000000 0.000000
vn -0.100000 0.000000 0.000000
vn -0.100000 0.000000 0.000000
vn -0.100000 0.000000 0.000000
vn -0.100000 0.000000 0.000000
vn -0.100000 0.000000 0.000000
vn -0.100000 0.000000 0.000000
vn -0.100000 0.000000 0.000000
vn -0.100000 0.000000 0.000000
vn -0.100000 0.000000 0.000000
vn -0.100000 0.000000 0.000000
vn -0.100000 0.000000 0.000000
vn 0.000000 -0.093969 0.034202
vn 0.000000 -0.093969 0.034202
vn 0.000000 -0.085329 0.052144
vn 0.000000 -0.085329 0.052144
vn 0.000000 -0.073305 0.068017
vn 0.000000 -0.073305 0.068017
vn 0.000000 -0.058374 0.081194
vn 0.000000 -0.058374 0.081194
vn 0.000000 -0.041129 0.091151
vn 0.000000 -0.041129 0.091151
vn 0.000000 -0.022252 0.097493
vn 0.000000 -0.022252 0.097493
vn 0.000000 -0.002493 0.099969
vn 0.000000 -0.002493 0.099969
vn -0.000000 0.017365 0.098481
vn -0.000000 0.017365 0.098481
vn -0.000000 0.036534 0.093087
vn -0.000000 0.036534 0.093087
vn -0.000000 0.054255 0.084003
vn -0.000000 0.054255 0.084003
vn -0.000000 0.069824 0.071587
vn -0.000000 0.069824 0.071587
vn -0.000000 0.082624 0.056332
vn -0.000000 0.082624 0.056332
vn -0.000000 0.092148 0.038843
vn -0.000000 0.092148 0.038843
vn -0.000000 0.098017 0.019815
vn -0.000000 0.098017 0.019815
vn 0.100000 0.000000 0.000000
vn 0.100000 0.000000 0.000000
vn -0.100000 0.000000 0.000000
vn -0.100000 0.000000 0.000000
vn -0.100000 0.000000 0.000000
vn -0.100000 0.000000 0.000000
vn -0.100000 0.000000 0.000000
vn -0.100000 0.000000 0.000000
vn -0.100000 0.000000 0.000000
vn -0.100000 0.000000 0.000000
vn 0.000000 0.082368 -0.056706
vn 0.000000 0.082368 -0.056706
vn 0.000000 0.065486 -0.075575
vn 0.000000 0.065486 -0.075575
vn 0.000000 0.044407 -0.089599
vn 0.000000 0.044407 -0.089599
vn 0.000000 0.020481 -0.097880
vn 0.000000 0.020481 -0.097880
vn 0.000000 -0.004758 -0.099887
vn 0.000000 -0.004758 -0.099887
vn 0.000000 -0.029692 -0.095490
vn 0.000000 -0.029692 -0.095490
vn 0.000000 -0.052723 -0.084973
vn 0.000000 -0.052723 -0.084973
vn 0.000000 -0.072373 -0.069008
vn 0.000000 -0.072373 -0.069008
vn 0.000000 -0.087385 -0.048620
vn 0.000000 -0.087385 -0.048620
vn 0.000000 -0.096795 -0.025115
vn 0.000000 -0.096795 -0.025115
vn 0.000000 0.098389 -0.017880
vn 0.000000 0.098389 -0.017880
vn 0.000000 0.093606 -0.035184
vn 0.000000 0.093606 -0.035184
vn 0.000000 0.085806 -0.051354
vn 0.000000 0.085806 -0.051354
vn 0.000000 0.075241 -0.065869
vn 0.000000 0.075241 -0.065869
vn 0.100000 0.000000 0.000000
vn 0.100000 0.000000 0.000000
vn 0.100000 0.000000 0.000000
vn 0.100000 0.000000 0.000000
vn 0.100000 0.000000 0.000000
vn 0.100000 0.000000 0.000000
vn 0.100000 0.000000 0.000000
vn 0.000000 -0.062251 0.078261
vn 0.000000 -0.062251 0.078261
vn 0.000000 -0.062251 0.078261
vn 0.000000 -0.062251 0.078261
vn 0.000000 -0.062251 0.078261
vn 0.000000 -0.062251 0.078261
vn 0.000000 -0.062251 0.078261
vn 0.000000 -0.062251 0.078261
vn 0.000000 -0.062251 0.078261
vn 0.000000 -0.062251 0.078261
vn -0.100000 -0.000000 0.000000
vn -0.100000 -0.000000 0.000000
vn -0.100000 -0.000000 0.000000
vn -0.100000 -0.000000 0.000000
vn -0.100000 -0.000000 0.000000
vn -0.100000 -0.000000 0.000000
vn -0.100000 -0.000000 0.000000
vn -0.100000 -0.000000 0.000000
vn -0.100000 -0.000000 0.000000
vn 0.000000 -0.078589 0.061837
vn 0.000000 -0.078342 0.062149
vn 0.000000 -0.078589 0.061837
vn 0.000000 -0.078342 0.062149
vn 0.000000 -0.078589 0.061837
vn 0.000000 -0.078589 0.061837
vn 0.000000 -0.077593 0.063082
vn 0.000000 -0.077593 0.063082
vn 0.000000 -0.076311 0.064627
vn 0.000000 -0.076311 0.064627
vn 0.000000 -0.074489 0.066719
vn 0.000000 -0.074489 0.066719
vn 0.000000 -0.072181 0.069209
vn 0.000000 -0.072181 0.069209
vn 0.000000 -0.069428 0.071970
vn 0.000000 -0.069428 0.071970
vn 0.000000 -0.066110 0.075029
vn 0.000000 -0.066110 0.075029
vn 0.000000 -0.079072 0.061218
vn 0.000000 -0.079072 0.061218
vn 0.000000 -0.080503 0.059323
vn 0.000000 -0.080503 0.059323
vn 0.000000 -0.082756 0.056137
vn 0.000000 -0.082756 0.056137
vn 0.000000 -0.085492 0.051877
vn 0.000000 -0.085492 0.051877
vn 0.000000 -0.088536 0.046490
vn 0.000000 -0.091652 0.039998
vn 0.000000 -0.091652 0.039998
vn 0.000000 -0.088536 0.046490
vn 0.000000 -0.094488 0.032741
vn 0.000000 -0.094488 0.032741
vn 0.000000 -0.096763 0.025239
vn 0.000000 -0.096763 0.025239
vn 0.000000 -0.098557 0.016928
vn 0.000000 -0.099639 0.008495
vn 0.000000 -0.099639 0.008495
vn 0.000000 -0.098557 0.016928
vn 0.000000 -0.097486 0.022282
vn 0.000000 -0.097486 0.022282
vn 0.000000 -0.097486 0.022282
vn 0.000000 -0.090070 0.043445
vn 0.000000 -0.090070 0.043445
vn 0.000000 -0.078125 0.062422
vn 0.000000 -0.078125 0.062422
vn 0.000000 -0.078125 0.062422
vn 0.000000 -0.090070 0.043445
vn 0.000000 0.100000 0.000000
vn 0.000000 0.100000 0.000000
vn 0.000000 0.100000 0.000000
vn 0.000000 0.100000 0.000000
vn 0.000000 0.100000 0.000000
vn 0.000000 0.100000 0.000000
vn 0.000000 0.100000 0.000000
vn 0.000000 0.100000 0.000000
vn 0.000000 0.100000 0.000000
vn 0.000000 0.100000 0.000000
vn 0.000000 0.100000 0.000000
vn 0.000000 0.100000 0.000000
vn 0.000000 0.100000 0.000000
vn 0.000000 0.100000 0.000000
vn 0.000000 0.100000 0.000000
vn 0.000000 0.100000 0.000000
vn 0.000000 0.100000 0.000000
vn 0.000000 0.100000 0.000000
vn 0.000000 0.100000 0.000000
vn 0.000000 0.100000 0.000000
vn 0.000000 0.100000 0.000000
vn 0.000000 0.100000 0.000000
vn 0.000000 0.100000 0.000000
vn 0.000000 0.100000 0.000000
vn 0.100000 0.000000 0.000000
vn 0.100000 0.000000 0.000000
vn 0.100000 0.000000 0.000000
vn 0.100000 0.000000 0.000000
vn 0.100000 0.000000 0.000000
vn 0.100000 0.000000 0.000000
vn 0.100000 0.000000 0.000000
vn 0.100000 0.000000 0.000000
vn 0.100000 0.000000 0.000000
vn 0.100000 0.000000 0.000000
vn 0.100000 0.000000 0.000000
vn 0.100000 0.000000 0.000000
vn 0.100000 0.000000 0.000000
vn 0.100000 0.000000 0.000000
vn 0.100000 0.000000 0.000000
vn 0.100000 0.000000 0.000000
vn 0.100000 0.000000 0.000000
vn 0.100000 0.000000 0.000000
vn 0.100000 0.000000 0.000000
vn 0.100000 0.000000 0.000000
vn 0.100000 0.000000 0.000000
vn 0.100000 0.000000 0.000000
vn 0.100000 0.000000 0.000000
vn -0.000000 0.099741 0.007199
vn -0.000000 0.099741 0.007199
vn -0.000000 0.099741 0.007199
vn -0.000000 0.099741 0.007199
vn -0.096701 0.000000 -0.025473
vn -0.096701 0.000000 -0.025473
vn -0.087933 0.000000 -0.047621
vn -0.087933 0.000000 -0.047621
vn -0.074176 0.000000 -0.067067
vn -0.074176 0.000000 -0.067067
vn -0.056210 0.000000 -0.082707
vn -0.056210 0.000000 -0.082707
vn -0.035054 0.000000 -0.093655
vn -0.035054 0.000000 -0.093655
vn -0.011910 0.000000 -0.099288
vn -0.011910 0.000000 -0.099288
vn 0.011910 0.000000 -0.099288
vn 0.011910 0.000000 -0.099288
vn 0.035054 0.000000 -0.093655
vn 0.035054 0.000000 -0.093655
vn 0.056210 0.000000 -0.082707
vn 0.056210 0.000000 -0.082707
vn 0.074176 0.000000 -0.067067
vn 0.074176 0.000000 -0.067067
vn 0.087933 0.000000 -0.047621
vn 0.087933 0.000000 -0.047621
vn 0.096701 0.000000 -0.025473
vn 0.096701 0.000000 -0.025473
vn -0.096701 0.000000 -0.025473
vn -0.096701 0.000000 -0.025473
vn -0.100000 0.000000 0.000000
vn -0.100000 0.000000 0.000000
f 968/2251/1903 961/2252/1904 967/2253/1905
f 967/2253/1905 961/2252/1904 962/2254/1906
f 967/2253/1905 962/2254/1906 966/2255/1907
f 966/2255/1907 962/2254/1906 963/2256/1908
f 966/2255/1907 963/2256/1908 965/2257/1909
f 965/2257/1909 963/2256/1908 964/2258/1910
f 971/2259/1911 961/2260/1904 970/2261/1912
f 970/2261/1912 961/2260/1904 968/2262/1903
f 970/2261/1912 968/2262/1903 969/2263/1913
f 967/2264/1914 966/2265/1915 968/2266/1916
f 968/2266/1916 966/2265/1915 965/2267/1917
f 968/2266/1916 965/2267/1917 972/2268/1918
f 973/2269/1919 974/2270/1920 972/2268/1918
f 972/2268/1918 974/2270/1920 975/2271/1921
f 972/2268/1918 975/2271/1921 969/2272/1922
f 969/2272/1922 975/2271/1921 976/2273/1923
f 969/2272/1922 976/2273/1923 977/2274/1924
f 977/2274/1924 978/2275/1925 969/2272/1922
f 969/2272/1922 978/2275/1925 988/2276/1926
f 988/2276/1926 978/2275/1925 979/2277/1927
f 988/2276/1926 979/2277/1927 980/2278/1928
f 988/2276/1926 980/2278/1928 983/2279/1929
f 983/2279/1929 980/2278/1928 981/2280/1930
f 983/2279/1929 981/2280/1930 982/2281/1931
f 988/2276/1926 983/2279/1929 987/2282/1932
f 987/2282/1932 983/2279/1929 984/2283/1933
f 987/2282/1932 984/2283/1933 985/2284/1934
f 985/2284/1934 986/2285/1935 987/2282/1932
f 969/2272/1922 968/2266/1916 972/2268/1918
f 992/2286/1936 987/2287/1937 991/2288/1938
f 991/2288/1938 987/2287/1937 986/2289/1939
f 991/2288/1938 986/2289/1939 990/2290/1940
f 990/2290/1940 986/2289/1939 985/2291/1941
f 990/2290/1940 985/2291/1941 989/2292/1942
f 989/2292/1942 985/2291/1941 984/2293/1943
f 988/2294/1944 987/2295/1937 994/2296/1945
f 994/2296/1945 987/2295/1937 992/2297/1936
f 994/2296/1945 992/2297/1936 993/2298/1946
f 1008/2299/1947 995/2300/1948 1007/2301/1949
f 1007/2301/1949 995/2300/1948 996/2302/1950
f 1007/2301/1949 996/2302/1950 1006/2303/1951
f 1006/2303/1951 996/2302/1950 997/2304/1952
f 1006/2303/1951 997/2304/1952 1005/2305/1953
f 1005/2305/1953 997/2304/1952 998/2306/1954
f 1005/2305/1953 998/2306/1954 1004/2307/1955
f 1004/2307/1955 998/2306/1954 999/2308/1956
f 1004/2307/1955 999/2308/1956 1003/2309/1957
f 1003/2309/1957 999/2308/1956 1000/2310/1958
f 1003/2309/1957 1000/2310/1958 1002/2311/1959
f 1002/2311/1959 1000/2310/1958 1001/2312/1960
f 1008/2313/1947 1009/2314/1961 995/2315/1948
f 995/2315/1948 1009/2314/1961 1010/2316/1962
f 1002/2317/1959 1001/2318/1960 1022/2319/1963
f 1022/2319/1963 1001/2318/1960 1011/2320/1964
f 1022/2319/1963 1011/2320/1964 1021/2321/1965
f 1021/2321/1965 1011/2320/1964 1012/2322/1966
f 1021/2321/1965 1012/2322/1966 1020/2323/1967
f 1020/2323/1967 1012/2322/1966 1013/2324/1968
f 1020/2323/1967 1013/2324/1968 1019/2325/1969
f 1019/2325/1969 1013/2324/1968 1014/2326/1970
f 1019/2325/1969 1014/2326/1970 1018/2327/1971
f 1018/2327/1971 1014/2326/1970 1015/2328/1972
f 1018/2327/1971 1015/2328/1972 1017/2329/1973
f 1017/2329/1973 1015/2328/1972 1016/2330/1974
f 1016/2331/1974 1023/2332/1975 1017/2333/1973
f 1017/2333/1973 1023/2332/1975 1024/2334/1976
f 1011/2335/1977 1001/2336/1978 1016/2337/1979
f 1016/2337/1979 1001/2336/1978 1000/2338/1980
f 1016/2337/1979 1000/2338/1980 1023/2339/1981
f 1023/2339/1981 1000/2338/1980 999/2340/1982
f 1023/2339/1981 999/2340/1982 998/2341/1983
f 998/2341/1983 997/2342/1984 1023/2339/1981
f 1023/2339/1981 997/2342/1984 1028/2343/1985
f 1023/2339/1981 1028/2343/1985 1039/2344/1986
f 1039/2344/1986 1028/2343/1985 1029/2345/1987
f 1039/2344/1986 1029/2345/1987 1030/2346/1988
f 1028/2343/1985 997/2342/1984 1027/2347/1989
f 1027/2347/1989 997/2342/1984 996/2348/1990
f 1027/2347/1989 996/2348/1990 1026/2349/1991
f 1026/2349/1991 996/2348/1990 995/2350/1992
f 1026/2349/1991 995/2350/1992 1025/2351/1993
f 1025/2351/1993 995/2350/1992 1010/2352/1994
f 1030/2346/1988 1031/2353/1995 1039/2344/1986
f 1039/2344/1986 1031/2353/1995 1038/2354/1996
f 1038/2354/1996 1031/2353/1995 1032/2355/1997
f 1038/2354/1996 1032/2355/1997 1033/2356/1998
f 1033/2356/1998 1034/2357/1999 1038/2354/1996
f 1038/2354/1996 1034/2357/1999 1035/2358/2000
f 1038/2354/1996 1035/2358/2000 1036/2359/2001
f 1036/2359/2001 1037/2360/2002 1038/2354/1996
f 1015/2361/2003 1014/2362/2004 1016/2337/1979
f 1016/2337/1979 1014/2362/2004 1013/2363/2005
f 1016/2337/1979 1013/2363/2005 1012/2364/2006
f 1012/2364/2006 1011/2335/1977 1016/2337/1979
f 1026/2365/2007 1040/2366/2008 1027/2367/2009
f 1027/2367/2009 1040/2366/2008 1041/2368/2010
f 1027/2367/2009 1041/2368/2010 1028/2369/2011
f 1028/2369/2011 1041/2368/2010 1042/2370/2012
f 1028/2369/2011 1042/2370/2012 1029/2371/2013
f 1029/2371/2013 1042/2370/2012 1043/2372/2014
f 1029/2371/2013 1043/2372/2014 1030/2373/2015
f 1030/2373/2015 1043/2372/2014 1044/2374/2016
f 1030/2373/2015 1044/2374/2016 1031/2375/2017
f 1031/2375/2017 1044/2374/2016 1045/2376/2018
f 1031/2375/2017 1045/2376/2018 1032/2377/2019
f 1032/2377/2019 1045/2376/2018 1046/2378/2020
f 1026/2379/2007 1025/2380/2021 1040/2381/2008
f 1040/2381/2008 1025/2380/2021 1047/2382/2022
f 1032/2383/2019 1046/2384/2020 1033/2385/2023
f 1033/2385/2023 1046/2384/2020 1048/2386/2024
f 1033/2385/2023 1048/2386/2024 1034/2387/2025
f 1034/2387/2025 1048/2386/2024 1049/2388/2026
f 1034/2387/2025 1049/2388/2026 1035/2389/2027
f 1035/2389/2027 1049/2388/2026 1050/2390/2028
f 1035/2389/2027 1050/2390/2028 1036/2391/2029
f 1036/2391/2029 1050/2390/2028 1051/2392/2030
f 1036/2391/2029 1051/2392/2030 1037/2393/2031
f 1037/2393/2031 1051/2392/2030 1052/2394/2032
f 1037/2393/2031 1052/2394/2032 1038/2395/2033
f 1038/2395/2033 1052/2394/2032 1053/2396/2034
f 1053/2397/2034 1054/2398/2035 1038/2399/2033
f 1038/2399/2033 1054/2398/2035 1039/2400/2036
f 1003/2401/2037 1002/2402/2038 1017/2403/2039
f 1017/2403/2039 1002/2402/2038 1022/2404/2040
f 1017/2403/2039 1022/2404/2040 1021/2405/2041
f 1021/2405/2041 1020/2406/2042 1017/2403/2039
f 1017/2403/2039 1020/2406/2042 1019/2407/2043
f 1017/2403/2039 1019/2407/2043 1018/2408/2044
f 1017/2403/2039 1024/2409/2045 1003/2401/2037
f 1003/2401/2037 1024/2409/2045 1004/2410/2046
f 1004/2410/2046 1024/2409/2045 1005/2411/2047
f 1005/2411/2047 1024/2409/2045 1006/2412/2048
f 1006/2412/2048 1024/2409/2045 1054/2413/2049
f 1006/2412/2048 1054/2413/2049 1042/2414/2050
f 1042/2414/2050 1054/2413/2049 1043/2415/2051
f 1043/2415/2051 1054/2413/2049 1044/2416/2052
f 1044/2416/2052 1054/2413/2049 1045/2417/2053
f 1045/2417/2053 1054/2413/2049 1053/2418/2054
f 1045/2417/2053 1053/2418/2054 1046/2419/2055
f 1046/2419/2055 1053/2418/2054 1048/2420/2056
f 1048/2420/2056 1053/2418/2054 1049/2421/2057
f 1049/2421/2057 1053/2418/2054 1050/2422/2058
f 1050/2422/2058 1053/2418/2054 1051/2423/2059
f 1051/2423/2059 1053/2418/2054 1052/2424/2060
f 1006/2412/2048 1042/2414/2050 1007/2425/2061
f 1007/2425/2061 1042/2414/2050 1041/2426/2062
f 1007/2425/2061 1041/2426/2062 1008/2427/2063
f 1008/2427/2063 1041/2426/2062 1040/2428/2064
f 1008/2427/2063 1040/2428/2064 1009/2429/2065
f 1009/2429/2065 1040/2428/2064 1047/2430/2066
f 1069/2431/2067 1055/2432/2068 1068/2433/2069
f 1068/2433/2069 1055/2432/2068 1056/2434/2070
f 1068/2433/2069 1056/2434/2070 1067/2435/2071
f 1067/2435/2071 1056/2434/2070 1057/2436/2072
f 1067/2435/2071 1057/2436/2072 1066/2437/2073
f 1066/2437/2073 1057/2436/2072 1058/2438/2074
f 1066/2437/2073 1058/2438/2074 1065/2439/2075
f 1065/2439/2075 1058/2438/2074 1064/2440/2076
f 1064/2440/2076 1058/2438/2074 1059/2441/2077
f 1064/2440/2076 1059/2441/2077 1063/2442/2078
f 1063/2442/2078 1059/2441/2077 1060/2443/2079
f 1063/2442/2078 1060/2443/2079 1062/2444/2080
f 1062/2444/2080 1060/2443/2079 970/2445/1912
f 1062/2444/2080 970/2445/1912 1061/2446/2081
f 971/2447/1911 970/2448/1912 1070/2449/2082
f 1070/2449/2082 970/2448/1912 1060/2450/2079
f 1070/2449/2082 1060/2450/2079 1078/2451/2083
f 1078/2451/2083 1060/2450/2079 1059/2452/2077
f 1078/2451/2083 1059/2452/2077 1077/2453/2084
f 1077/2453/2084 1059/2452/2077 1076/2454/2085
f 1076/2454/2085 1059/2452/2077 1058/2455/2074
f 1076/2454/2085 1058/2455/2074 1075/2456/2086
f 1075/2456/2086 1058/2455/2074 1057/2457/2072
f 1075/2456/2086 1057/2457/2072 1074/2458/2087
f 1074/2458/2087 1057/2457/2072 1073/2459/2088
f 1073/2459/2088 1057/2457/2072 1056/2460/2070
f 1073/2459/2088 1056/2460/2070 1072/2461/2089
f 1072/2461/2089 1056/2460/2070 1055/2462/2068
f 1072/2461/2089 1055/2462/2068 1071/2463/2090
f 1071/2464/2090 1055/2465/2068 1080/2466/2091
f 1080/2466/2091 1055/2465/2068 1079/2467/2092
f 1079/2467/2092 1055/2465/2068 1069/2468/2067
f 1095/2469/2093 994/2470/2094 1094/2471/2095
f 1094/2471/2095 994/2470/2094 1081/2472/2096
f 1094/2471/2095 1081/2472/2096 1093/2473/2097
f 1093/2473/2097 1081/2472/2096 1082/2474/2098
f 1093/2473/2097 1082/2474/2098 1092/2475/2099
f 1092/2475/2099 1082/2474/2098 1083/2476/2100
f 1092/2475/2099 1083/2476/2100 1091/2477/2101
f 1091/2477/2101 1083/2476/2100 1090/2478/2102
f 1090/2478/2102 1083/2476/2100 1084/2479/2103
f 1090/2478/2102 1084/2479/2103 1089/2480/2104
f 1089/2480/2104 1084/2479/2103 1085/2481/2105
f 1089/2480/2104 1085/2481/2105 1088/2482/2106
f 1088/2482/2106 1085/2481/2105 1086/2483/2107
f 1088/2482/2106 1086/2483/2107 1087/2484/2108
f 1097/2485/2109 1081/2486/2110 1096/2487/2111
f 1096/2487/2111 1081/2486/2110 994/2488/2112
f 1096/2487/2111 994/2488/2112 993/2489/1946
f 1081/2486/2110 1097/2485/2109 1082/2490/2113
f 1082/2490/2113 1097/2485/2109 1098/2491/2114
f 1082/2490/2113 1098/2491/2114 1099/2492/2115
f 1082/2490/2113 1099/2492/2115 1083/2493/2116
f 1083/2493/2116 1099/2492/2115 1100/2494/2117
f 1083/2493/2116 1100/2494/2117 1084/2495/2103
f 1084/2495/2103 1100/2494/2117 1101/2496/2118
f 1084/2495/2103 1101/2496/2118 1102/2497/2119
f 1084/2495/2103 1102/2497/2119 1085/2498/2105
f 1085/2498/2105 1102/2497/2119 1103/2499/2120
f 1085/2498/2105 1103/2499/2120 1086/2500/2107
f 1086/2500/2107 1103/2499/2120 1104/2501/2121
f 1095/2502/2093 1105/2503/2122 994/2504/2094
f 994/2504/2094 1105/2503/2122 1106/2505/2123
f 994/2504/2094 1106/2505/2123 988/2506/2124
f 1108/2507/2125 1121/2508/2126 1107/2509/2127
f 1107/2509/2127 1121/2508/2126 1122/2510/2128
f 1107/2509/2127 1122/2510/2128 1127/2511/2129
f 1127/2511/2129 1122/2510/2128 1123/2512/2130
f 1127/2511/2129 1123/2512/2130 1126/2513/2131
f 1126/2513/2131 1123/2512/2130 1124/2514/2132
f 1126/2513/2131 1124/2514/2132 1125/2515/2133
f 1108/2507/2125 1109/2516/2134 1121/2508/2126
f 1121/2508/2126 1109/2516/2134 1120/2517/2135
f 1120/2517/2135 1109/2516/2134 1110/2518/2136
f 1120/2517/2135 1110/2518/2136 1119/2519/2137
f 1119/2519/2137 1110/2518/2136 1111/2520/2138
f 1119/2519/2137 1111/2520/2138 1112/2521/2139
f 1119/2519/2137 1112/2521/2139 1118/2522/2140
f 1118/2522/2140 1112/2521/2139 1113/2523/2141
f 1118/2522/2140 1113/2523/2141 1117/2524/2142
f 1117/2524/2142 1113/2523/2141 1114/2525/2143
f 1117/2524/2142 1114/2525/2143 1116/2526/2144
f 1116/2526/2144 1114/2525/2143 1115/2527/2145
f 1125/2528/2133 1124/2529/2132 1129/2530/2146
f 1129/2530/2146 1124/2529/2132 1128/2531/2147
f 1123/2532/2148 1120/2533/2149 1124/2534/2150
f 1124/2534/2150 1120/2533/2149 1130/2535/2151
f 1124/2534/2150 1130/2535/2151 1134/2536/2152
f 1134/2536/2152 1130/2535/2151 1133/2537/2153
f 1133/2537/2153 1130/2535/2151 1132/2538/2154
f 1132/2538/2154 1130/2535/2151 1131/2539/2155
f 1123/2532/2148 1122/2540/2156 1120/2533/2149
f 1120/2533/2149 1122/2540/2156 1121/2541/2157
f 1135/2542/2158 1128/2543/2159 1134/2536/2152
f 1134/2536/2152 1128/2543/2159 1124/2534/2150
f 1119/2544/2160 1139/2545/2161 1120/2546/2149
f 1120/2546/2149 1139/2545/2161 1138/2547/2162
f 1120/2546/2149 1138/2547/2162 1130/2548/2151
f 1119/2544/2160 1118/2549/2163 1139/2545/2161
f 1139/2545/2161 1118/2549/2163 1117/2550/2164
f 1139/2545/2161 1117/2550/2164 1116/2551/2165
f 1116/2551/2165 1104/2552/2166 1139/2545/2161
f 1139/2545/2161 1104/2552/2166 1103/2553/2167
f 1139/2545/2161 1103/2553/2167 1102/2554/2168
f 1102/2554/2168 1101/2555/2169 1139/2545/2161
f 1139/2545/2161 1101/2555/2169 1140/2556/2170
f 1139/2545/2161 1140/2556/2170 1074/2557/2171
f 1074/2557/2171 1140/2556/2170 1075/2558/2172
f 1075/2558/2172 1140/2556/2170 1076/2559/2173
f 1076/2559/2173 1140/2556/2170 1141/2560/2174
f 1076/2559/2173 1141/2560/2174 1077/2561/2175
f 1077/2561/2175 1141/2560/2174 1078/2562/2176
f 1078/2562/2176 1141/2560/2174 1097/2563/2177
f 1078/2562/2176 1097/2563/2177 1070/2564/2178
f 1070/2564/2178 1097/2563/2177 1096/2565/2179
f 1101/2555/2169 1100/2566/2180 1140/2556/2170
f 1140/2556/2170 1100/2566/2180 1099/2567/2181
f 1140/2556/2170 1099/2567/2181 1141/2560/2174
f 1141/2560/2174 1099/2567/2181 1098/2568/2182
f 1141/2560/2174 1098/2568/2182 1097/2563/2177
f 1074/2557/2171 1073/2569/2183 1139/2545/2161
f 1139/2545/2161 1073/2569/2183 1072/2570/2184
f 1139/2545/2161 1072/2570/2184 1071/2571/2185
f 1071/2571/2185 1080/2572/2186 1139/2545/2161
f 1139/2545/2161 1080/2572/2186 1136/2573/2187
f 1139/2545/2161 1136/2573/2187 1137/2574/2188
f 1137/2574/2188 1138/2547/2162 1139/2545/2161
f 1138/2575/2189 1146/2576/2190 1130/2577/2191
f 1130/2577/2191 1146/2576/2190 1147/2578/2192
f 1130/2577/2191 1147/2578/2192 1131/2579/2193
f 1131/2579/2193 1147/2578/2192 1148/2580/2194
f 1131/2579/2193 1148/2580/2194 1149/2581/2195
f 1137/2582/2196 1144/2583/2197 1138/2575/2189
f 1138/2575/2189 1144/2583/2197 1145/2584/2198
f 1138/2575/2189 1145/2584/2198 1146/2576/2190
f 1144/2583/2197 1137/2582/2196 1143/2585/2199
f 1143/2585/2199 1137/2582/2196 1136/2586/2200
f 1143/2585/2199 1136/2586/2200 1142/2587/2201
f 1142/2587/2201 1136/2586/2200 1080/2588/2091
f 1142/2587/2201 1080/2588/2091 1079/2589/2092
f 1131/2579/2193 1149/2581/2195 1132/2590/2202
f 1132/2590/2202 1149/2581/2195 1150/2591/2203
f 1132/2590/2202 1150/2591/2203 1133/2592/2204
f 1133/2592/2204 1150/2591/2203 1151/2593/2205
f 1133/2592/2204 1151/2593/2205 1134/2594/2206
f 1134/2594/2206 1151/2593/2205 1152/2595/2207
f 1154/2596/2208 1155/2597/2209 1153/2598/2210
f 1153/2598/2210 1155/2597/2209 1163/2599/2211
f 1163/2599/2211 1155/2597/2209 1156/2600/2212
f 1163/2599/2211 1156/2600/2212 1162/2601/2213
f 1162/2601/2213 1156/2600/2212 1161/2602/2214
f 1161/2602/2214 1156/2600/2212 1157/2603/2215
f 1161/2602/2214 1157/2603/2215 1160/2604/2216
f 1160/2604/2216 1157/2603/2215 1158/2605/2217
f 1160/2604/2216 1158/2605/2217 1159/2606/2218
f 1153/2607/2219 1164/2608/2220 1166/2609/2221
f 1166/2609/2221 1164/2608/2220 1165/2610/2222
f 1167/2611/2223 1168/2612/2224 1164/2613/2225
f 1164/2613/2225 1168/2612/2224 1165/2614/2226
f 1154/2615/2227 1167/2616/2228 1155/2617/2229
f 1155/2617/2229 1167/2616/2228 1169/2618/2230
f 1155/2617/2229 1169/2618/2230 1156/2619/2231
f 1156/2619/2231 1169/2618/2230 1170/2620/2232
f 1156/2619/2231 1170/2620/2232 1157/2621/2233
f 1157/2621/2233 1170/2620/2232 1171/2622/2234
f 1157/2621/2233 1171/2622/2234 1158/2623/2235
f 1158/2623/2235 1171/2622/2234 1172/2624/2236
f 1164/2625/2220 1153/2626/2219 1177/2627/2237
f 1177/2627/2237 1153/2626/2219 1163/2628/2238
f 1177/2627/2237 1163/2628/2238 1176/2629/2239
f 1176/2629/2239 1163/2628/2238 1162/2630/2240
f 1176/2629/2239 1162/2630/2240 1175/2631/2241
f 1175/2631/2241 1162/2630/2240 1161/2632/2242
f 1175/2631/2241 1161/2632/2242 1174/2633/2243
f 1174/2633/2243 1161/2632/2242 1160/2634/2244
f 1174/2633/2243 1160/2634/2244 1173/2635/2245
f 1173/2635/2245 1160/2634/2244 1159/2636/2246
f 1168/2637/2224 1178/2638/2247 1165/2639/2226
f 1165/2639/2226 1178/2638/2247 1187/2640/2248
f 1187/2640/2248 1178/2638/2247 1179/2641/2249
f 1187/2640/2248 1179/2641/2249 1186/2642/2250
f 1186/2642/2250 1179/2641/2249 1185/2643/2251
f 1185/2643/2251 1179/2641/2249 1180/2644/2252
f 1185/2643/2251 1180/2644/2252 1184/2645/2253
f 1184/2645/2253 1180/2644/2252 1183/2646/2254
f 1183/2646/2254 1180/2644/2252 1182/2647/2255
f 1182/2647/2255 1180/2644/2252 1181/2648/2256
f 1168/2649/2257 1188/2650/2258 1178/2651/2259
f 1178/2651/2259 1188/2650/2258 1189/2652/2260
f 1178/2651/2259 1189/2652/2260 1179/2653/2261
f 1179/2653/2261 1189/2652/2260 1190/2654/2262
f 1179/2653/2261 1190/2654/2262 1180/2655/2263
f 1180/2655/2263 1190/2654/2262 1191/2656/2264
f 1180/2655/2263 1191/2656/2264 1181/2657/2265
f 1181/2657/2265 1191/2656/2264 1192/2658/2266
f 1153/2659/2210 1166/2660/2267 1154/2661/2208
f 1154/2661/2208 1166/2660/2267 1188/2662/2268
f 1167/2663/2223 1164/2664/2225 1169/2665/2269
f 1169/2665/2269 1164/2664/2225 1177/2666/2270
f 1169/2665/2269 1177/2666/2270 1170/2667/2271
f 1170/2667/2271 1177/2666/2270 1176/2668/2272
f 1170/2667/2271 1176/2668/2272 1175/2669/2273
f 1170/2667/2271 1175/2669/2273 1171/2670/2274
f 1171/2670/2274 1175/2669/2273 1174/2671/2275
f 1171/2670/2274 1174/2671/2275 1172/2672/2276
f 1172/2672/2276 1174/2671/2275 1173/2673/2277
f 1181/2674/2265 1192/2675/2266 1194/2676/2278
f 1194/2676/2278 1192/2675/2266 1193/2677/2279
f 1195/2678/2280 1196/2679/2281 1192/2680/2282
f 1192/2680/2282 1196/2679/2281 1193/2681/2283
f 1166/2682/2221 1165/2683/2222 1201/2684/2284
f 1201/2684/2284 1165/2683/2222 1187/2685/2285
f 1201/2684/2284 1187/2685/2285 1200/2686/2286
f 1200/2686/2286 1187/2685/2285 1186/2687/2287
f 1200/2686/2286 1186/2687/2287 1199/2688/2288
f 1199/2688/2288 1186/2687/2287 1185/2689/2289
f 1199/2688/2288 1185/2689/2289 1198/2690/2290
f 1198/2690/2290 1185/2689/2289 1184/2691/2291
f 1198/2690/2290 1184/2691/2291 1197/2692/2292
f 1197/2692/2292 1184/2691/2291 1183/2693/2293
f 1197/2692/2292 1183/2693/2293 1195/2694/2294
f 1195/2694/2294 1183/2693/2293 1182/2695/2295
f 1167/2696/2228 1154/2697/2227 1168/2698/2257
f 1168/2698/2257 1154/2697/2227 1188/2699/2258
f 1193/2700/2283 1196/2701/2281 1224/2702/2296
f 1224/2702/2296 1196/2701/2281 1202/2703/2297
f 1224/2702/2296 1202/2703/2297 1223/2704/2298
f 1223/2704/2298 1202/2703/2297 1222/2705/2299
f 1222/2705/2299 1202/2703/2297 1203/2706/2300
f 1222/2705/2299 1203/2706/2300 1221/2707/2301
f 1221/2707/2301 1203/2706/2300 1204/2708/2302
f 1221/2707/2301 1204/2708/2302 1205/2709/2303
f 1221/2707/2301 1205/2709/2303 1220/2710/2304
f 1220/2710/2304 1205/2709/2303 1206/2711/2305
f 1220/2710/2304 1206/2711/2305 1207/2712/2306
f 1207/2712/2306 1208/2713/2307 1220/2710/2304
f 1220/2710/2304 1208/2713/2307 1209/2714/2308
f 1220/2710/2304 1209/2714/2308 1210/2715/2309
f 1220/2710/2304 1210/2715/2309 1219/2716/2310
f 1219/2716/2310 1210/2715/2309 1211/2717/2311
f 1219/2716/2310 1211/2717/2311 1218/2718/2312
f 1218/2718/2312 1211/2717/2311 1212/2719/2313
f 1218/2718/2312 1212/2719/2313 1217/2720/2314
f 1217/2720/2314 1212/2719/2313 1213/2721/2315
f 1217/2720/2314 1213/2721/2315 1216/2722/2316
f 1216/2722/2316 1213/2721/2315 1214/2723/2317
f 1216/2722/2316 1214/2723/2317 1215/2724/2318
f 1215/2724/2318 1214/2723/2317 1047/2725/2022
f 1215/2724/2318 1047/2725/2022 1025/2726/2021
f 1196/2727/2319 1225/2728/2320 1202/2729/2321
f 1202/2729/2321 1225/2728/2320 1226/2730/2322
f 1202/2729/2321 1226/2730/2322 1203/2731/2323
f 1203/2731/2323 1226/2730/2322 1227/2732/2324
f 1203/2731/2323 1227/2732/2324 1204/2733/2325
f 1204/2733/2325 1227/2732/2324 1228/2734/2326
f 1204/2733/2325 1228/2734/2326 1205/2735/2327
f 1205/2735/2327 1228/2734/2326 1229/2736/2328
f 1205/2735/2327 1229/2736/2328 1206/2737/2329
f 1206/2737/2329 1229/2736/2328 1230/2738/2330
f 1206/2737/2329 1230/2738/2330 1207/2739/2331
f 1207/2739/2331 1230/2738/2330 1231/2740/2332
f 1207/2739/2331 1231/2740/2332 1208/2741/2333
f 1208/2741/2333 1231/2740/2332 1232/2742/2334
f 1208/2741/2333 1232/2742/2334 1209/2743/2335
f 1209/2743/2335 1232/2742/2334 1233/2744/2336
f 1209/2743/2335 1233/2744/2336 1210/2745/2337
f 1210/2745/2337 1233/2744/2336 1234/2746/2338
f 1210/2745/2337 1234/2746/2338 1211/2747/2339
f 1211/2747/2339 1234/2746/2338 1235/2748/2340
f 1211/2747/2339 1235/2748/2340 1212/2749/2341
f 1212/2749/2341 1235/2748/2340 1236/2750/2342
f 1212/2749/2341 1236/2750/2342 1213/2751/2343
f 1213/2751/2343 1236/2750/2342 1237/2752/2344
f 1213/2751/2343 1237/2752/2344 1214/2753/2345
f 1214/2753/2345 1237/2752/2344 1238/2754/2346
f 1214/2753/2345 1238/2754/2346 1047/2755/2066
f 1047/2755/2066 1238/2754/2346 1009/2756/2065
f 1181/2757/2256 1194/2758/2347 1182/2759/2255
f 1182/2759/2255 1194/2758/2347 1225/2760/2348
f 1188/2761/2268 1166/2762/2267 1189/2763/2349
f 1189/2763/2349 1166/2762/2267 1201/2764/2350
f 1189/2763/2349 1201/2764/2350 1190/2765/2351
f 1190/2765/2351 1201/2764/2350 1200/2766/2352
f 1190/2765/2351 1200/2766/2352 1199/2767/2353
f 1190/2765/2351 1199/2767/2353 1191/2768/2354
f 1191/2768/2354 1199/2767/2353 1198/2769/2355
f 1191/2768/2354 1198/2769/2355 1197/2770/2356
f 1197/2770/2356 1195/2771/2280 1191/2768/2354
f 1191/2768/2354 1195/2771/2280 1192/2772/2282
f 1194/2773/2278 1193/2774/2279 1248/2775/2357
f 1248/2775/2357 1193/2774/2279 1224/2776/2358
f 1248/2775/2357 1224/2776/2358 1247/2777/2359
f 1247/2777/2359 1224/2776/2358 1223/2778/2360
f 1247/2777/2359 1223/2778/2360 1246/2779/2361
f 1246/2779/2361 1223/2778/2360 1222/2780/2362
f 1246/2779/2361 1222/2780/2362 1245/2781/2363
f 1245/2781/2363 1222/2780/2362 1221/2782/2364
f 1245/2781/2363 1221/2782/2364 1244/2783/2365
f 1244/2783/2365 1221/2782/2364 1220/2784/2366
f 1244/2783/2365 1220/2784/2366 1243/2785/2367
f 1243/2785/2367 1220/2784/2366 1219/2786/2368
f 1243/2785/2367 1219/2786/2368 1242/2787/2369
f 1242/2787/2369 1219/2786/2368 1218/2788/2370
f 1242/2787/2369 1218/2788/2370 1241/2789/2371
f 1241/2789/2371 1218/2788/2370 1217/2790/2372
f 1241/2789/2371 1217/2790/2372 1240/2791/2373
f 1240/2791/2373 1217/2790/2372 1216/2792/2374
f 1240/2791/2373 1216/2792/2374 1239/2793/2375
f 1239/2793/2375 1216/2792/2374 1215/2794/2376
f 1239/2793/2375 1215/2794/2376 1010/2795/1994
f 1010/2795/1994 1215/2794/2376 1025/2796/1993
f 1054/2797/2049 1024/2798/2045 1256/2799/2377
f 1256/2799/2377 1024/2798/2045 1249/2800/2378
f 1256/2799/2377 1249/2800/2378 1255/2801/2379
f 1255/2801/2379 1249/2800/2378 1250/2802/2380
f 1255/2801/2379 1250/2802/2380 1254/2803/2381
f 1254/2803/2381 1250/2802/2380 1251/2804/2382
f 1254/2803/2381 1251/2804/2382 1253/2805/2383
f 1253/2805/2383 1251/2804/2382 1252/2806/2384
f 1253/2805/2383 1252/2806/2384 1135/2807/2158
f 1135/2807/2158 1252/2806/2384 1128/2808/2159
f 1024/2809/1976 1023/2810/1975 1249/2811/2385
f 1249/2811/2385 1023/2810/1975 1257/2812/2386
f 1249/2811/2385 1257/2812/2386 1250/2813/2387
f 1250/2813/2387 1257/2812/2386 1258/2814/2388
f 1250/2813/2387 1258/2814/2388 1251/2815/2389
f 1251/2815/2389 1258/2814/2388 1252/2816/2390
f 1252/2816/2390 1258/2814/2388 1259/2817/2391
f 1252/2816/2390 1259/2817/2391 1128/2818/2147
f 1128/2818/2147 1259/2817/2391 1129/2819/2146
f 1195/2820/2294 1182/2821/2295 1196/2822/2319
f 1196/2822/2319 1182/2821/2295 1225/2823/2320
f 1127/2824/2392 1126/2825/2393 1107/2826/2394
f 1107/2826/2394 1126/2825/2393 1125/2827/2395
f 1107/2826/2394 1125/2827/2395 1152/2828/2396
f 1152/2828/2396 1125/2827/2395 1260/2829/2397
f 1260/2829/2397 1125/2827/2395 1129/2830/2398
f 1107/2826/2394 1152/2828/2396 1149/2831/2399
f 1149/2831/2399 1152/2828/2396 1151/2832/2400
f 1149/2831/2399 1151/2832/2400 1150/2833/2401
f 1054/2834/2035 1256/2835/2402 1039/2836/2036
f 1039/2836/2036 1256/2835/2402 1263/2837/2403
f 1263/2837/2403 1256/2835/2402 1255/2838/2404
f 1263/2837/2403 1255/2838/2404 1262/2839/2405
f 1262/2839/2405 1255/2838/2404 1254/2840/2406
f 1262/2839/2405 1254/2840/2406 1253/2841/2407
f 1262/2839/2405 1253/2841/2407 1261/2842/2408
f 1261/2842/2408 1253/2841/2407 1135/2843/2409
f 1261/2842/2408 1135/2843/2409 1260/2844/2410
f 1115/2845/2411 1114/2846/2412 1087/2847/2413
f 1087/2847/2413 1114/2846/2412 1142/2848/2414
f 1087/2847/2413 1142/2848/2414 1069/2849/2415
f 1069/2849/2415 1142/2848/2414 1079/2850/2416
f 1142/2848/2414 1114/2846/2412 1143/2851/2417
f 1143/2851/2417 1114/2846/2412 1113/2852/2418
f 1143/2851/2417 1113/2852/2418 1112/2853/2419
f 1143/2851/2417 1112/2853/2419 1144/2854/2420
f 1144/2854/2420 1112/2853/2419 1111/2855/2421
f 1144/2854/2420 1111/2855/2421 1145/2856/2422
f 1145/2856/2422 1111/2855/2421 1110/2857/2423
f 1145/2856/2422 1110/2857/2423 1146/2858/2424
f 1146/2858/2424 1110/2857/2423 1147/2859/2425
f 1147/2859/2425 1110/2857/2423 1109/2860/2426
f 1147/2859/2425 1109/2860/2426 1148/2861/2427
f 1148/2861/2427 1109/2860/2426 1108/2862/2428
f 1148/2861/2427 1108/2862/2428 1107/2863/2394
f 1107/2863/2394 1149/2864/2399 1148/2861/2427
f 1087/2847/2413 1069/2849/2415 1088/2865/2429
f 1088/2865/2429 1069/2849/2415 1068/2866/2430
f 1088/2865/2429 1068/2866/2430 1089/2867/2431
f 1089/2867/2431 1068/2866/2430 1067/2868/2432
f 1089/2867/2431 1067/2868/2432 1090/2869/2433
f 1090/2869/2433 1067/2868/2432 1066/2870/2434
f 1090/2869/2433 1066/2870/2434 1091/2871/2435
f 1091/2871/2435 1066/2870/2434 1065/2872/2436
f 1091/2871/2435 1065/2872/2436 1064/2873/2437
f 1063/2874/2438 1093/2875/2439 1064/2873/2437
f 1064/2873/2437 1093/2875/2439 1092/2876/2440
f 1064/2873/2437 1092/2876/2440 1091/2871/2435
f 1063/2874/2438 1062/2877/2441 1093/2875/2439
f 1093/2875/2439 1062/2877/2441 1094/2878/2442
f 1094/2878/2442 1062/2877/2441 1095/2879/2443
f 1095/2879/2443 1062/2877/2441 1061/2880/2444
f 1095/2879/2443 1061/2880/2444 1264/2881/2445
f 1265/2882/2446 1106/2883/2447 1264/2881/2445
f 1264/2881/2445 1106/2883/2447 1105/2884/2448
f 1264/2881/2445 1105/2884/2448 1095/2879/2443
f 969/2885/1922 988/2886/1926 1265/2882/2446
f 1265/2882/2446 988/2886/1926 1106/2883/2447
f 1257/2887/2449 1023/2888/1981 1266/2889/2450
f 1266/2889/2450 1023/2888/1981 1039/2890/1986
f 1266/2889/2450 1039/2890/1986 1263/2891/2451
f 1266/2889/2450 1263/2891/2451 1267/2892/2452
f 1267/2892/2452 1263/2891/2451 1262/2893/2453
f 1267/2892/2452 1262/2893/2453 1268/2894/2454
f 1268/2894/2454 1262/2893/2453 1261/2895/2455
f 1268/2894/2454 1261/2895/2455 1260/2896/2397
f 1260/2896/2397 1129/2897/2398 1268/2894/2454
f 1268/2894/2454 1129/2897/2398 1259/2898/2456
f 1268/2894/2454 1259/2898/2456 1267/2892/2452
f 1267/2892/2452 1259/2898/2456 1258/2899/2457
f 1267/2892/2452 1258/2899/2457 1266/2889/2450
f 1266/2889/2450 1258/2899/2457 1257/2887/2449
f 1280/2900/2458 964/2901/2459 961/2902/2460
f 961/2902/2460 964/2901/2459 963/2903/2461
f 961/2902/2460 963/2903/2461 962/2904/2462
f 971/2905/2463 993/2906/2464 961/2902/2460
f 961/2902/2460 993/2906/2464 1275/2907/2465
f 961/2902/2460 1275/2907/2465 1276/2908/2466
f 1070/2909/2467 1096/2910/2468 971/2905/2463
f 971/2905/2463 1096/2910/2468 993/2906/2464
f 992/2911/2469 1269/2912/2470 993/2906/2464
f 993/2906/2464 1269/2912/2470 1272/2913/2471
f 993/2906/2464 1272/2913/2471 1273/2914/2472
f 991/2915/2473 990/2916/2474 992/2911/2469
f 992/2911/2469 990/2916/2474 989/2917/2475
f 992/2911/2469 989/2917/2475 1269/2912/2470
f 1270/2918/2476 1271/2919/2477 1269/2912/2470
f 1269/2912/2470 1271/2919/2477 1272/2913/2471
f 1273/2914/2472 1274/2920/2478 993/2906/2464
f 993/2906/2464 1274/2920/2478 1275/2907/2465
f 1276/2908/2466 1277/2921/2479 961/2902/2460
f 961/2902/2460 1277/2921/2479 1280/2900/2458
f 1277/2921/2479 1278/2922/2480 1280/2900/2458
f 1280/2900/2458 1278/2922/2480 1279/2923/2481
f 1194/2924/2347 1248/2925/2482 1225/2926/2348
f 1225/2926/2348 1248/2925/2482 1226/2927/2483
f 1226/2927/2483 1248/2925/2482 1247/2928/2484
f 1226/2927/2483 1247/2928/2484 1246/2929/2485
f 1226/2927/2483 1246/2929/2485 1227/2930/2486
f 1227/2930/2486 1246/2929/2485 1245/2931/2487
f 1227/2930/2486 1245/2931/2487 1228/2932/2488
f 1228/2932/2488 1245/2931/2487 1229/2933/2489
f 1229/2933/2489 1245/2931/2487 1244/2934/2490
f 1229/2933/2489 1244/2934/2490 1230/2935/2491
f 1230/2935/2491 1244/2934/2490 1231/2936/2492
f 1231/2936/2492 1244/2934/2490 1232/2937/2493
f 1232/2937/2493 1244/2934/2490 1233/2938/2494
f 1233/2938/2494 1244/2934/2490 1234/2939/2495
f 1234/2939/2495 1244/2934/2490 1243/2940/2496
f 1234/2939/2495 1243/2940/2496 1235/2941/2497
f 1235/2941/2497 1243/2940/2496 1242/2942/2498
f 1235/2941/2497 1242/2942/2498 1236/2943/2499
f 1236/2943/2499 1242/2942/2498 1241/2944/2500
f 1236/2943/2499 1241/2944/2500 1237/2945/2501
f 1237/2945/2501 1241/2944/2500 1240/2946/2502
f 1237/2945/2501 1240/2946/2502 1238/2947/2503
f 1238/2947/2503 1240/2946/2502 1239/2948/2504
f 1238/2947/2503 1239/2948/2504 1009/2949/1961
f 1009/2949/1961 1239/2948/2504 1010/2950/1962
f 1152/2951/2207 1260/2952/2410 1134/2953/2206
f 1134/2953/2206 1260/2952/2410 1135/2954/2409
f 1158/2955/2505 1172/2956/2506 1159/2957/2507
f 1159/2957/2507 1172/2956/2506 1173/2958/2508
f 972/2959/2509 1280/2960/2510 973/2961/2511
f 973/2961/2511 1280/2960/2510 1279/2962/2512
f 973/2961/2511 1279/2962/2512 1278/2963/2513
f 973/2961/2511 1278/2963/2513 974/2964/2514
f 974/2964/2514 1278/2963/2513 1277/2965/2515
f 974/2964/2514 1277/2965/2515 975/2966/2516
f 975/2966/2516 1277/2965/2515 1276/2967/2517
f 975/2966/2516 1276/2967/2517 976/2968/2518
f 976/2968/2518 1276/2967/2517 1275/2969/2519
f 976/2968/2518 1275/2969/2519 977/2970/2520
f 977/2970/2520 1275/2969/2519 1274/2971/2521
f 977/2970/2520 1274/2971/2521 978/2972/2522
f 978/2972/2522 1274/2971/2521 1273/2973/2523
f 978/2972/2522 1273/2973/2523 979/2974/2524
f 979/2974/2524 1273/2973/2523 1272/2975/2525
f 979/2974/2524 1272/2975/2525 980/2976/2526
f 980/2976/2526 1272/2975/2525 1271/2977/2527
f 980/2976/2526 1271/2977/2527 981/2978/2528
f 981/2978/2528 1271/2977/2527 1270/2979/2529
f 981/2978/2528 1270/2979/2529 982/2980/2530
f 982/2980/2530 1270/2979/2529 983/2981/2531
f 983/2981/2531 1270/2979/2529 1269/2982/2532
f 1104/2983/2121 1116/2984/2144 1086/2985/2107
f 1086/2985/2107 1116/2984/2144 1115/2986/2145
f 1086/2985/2107 1115/2986/2145 1087/2987/2108
f 964/2988/1910 1280/2989/2533 965/2990/1909
f 965/2990/1909 1280/2989/2533 972/2991/2534
f 1061/2992/2081 970/2993/1912 1264/2994/2535
f 1264/2994/2535 970/2993/1912 1265/2995/2536
f 1265/2995/2536 970/2993/1912 969/2996/1913
f 984/2997/1943 983/2998/2531 989/2999/1942
f 989/2999/1942 983/2998/2531 1269/3000/2532
g Pin 5

v 4.780000 0.125559 -2.824954
v 4.780737 0.125559 -2.842104
v 4.782941 0.125559 -2.859128
v 4.786598 0.125559 -2.875900
v 4.786598 -0.124441 -2.875900
v 4.782941 -0.124441 -2.859128
v 4.780737 -0.124441 -2.842104
v 4.780000 -0.124441 -2.824954
v 4.780000 -0.124441 0.009146
v 4.780000 0.052128 0.009146
v 4.780000 0.125559 -0.048633
v 4.934948 -0.124441 -3.439064
v 4.948100 -0.124441 -3.472286
v 4.968736 -0.124441 -3.501454
v 4.995685 -0.124441 -3.524915
v 5.027418 -0.124441 -3.541336
v 5.062135 -0.124441 -3.549786
v 5.097865 -0.124441 -3.549786
v 5.132582 -0.124441 -3.541336
v 5.164315 -0.124441 -3.524915
v 5.191264 -0.124441 -3.501454
v 5.211900 -0.124441 -3.472286
v 5.225052 -0.124441 -3.439064
v 5.373402 -0.124441 -2.875900
v 5.377059 -0.124441 -2.859128
v 5.379263 -0.124441 -2.842104
v 5.380000 -0.124441 -2.824954
v 5.380000 -0.124441 0.009146
v 5.373402 0.125559 -2.875900
v 5.377059 0.125559 -2.859128
v 5.379263 0.125559 -2.842104
v 5.380000 0.125559 -2.824954
v 5.380000 0.125559 -0.048633
v 5.380000 0.052128 0.009146
v 5.480000 1.050742 6.155514
v 5.485776 1.050742 6.107796
v 5.502770 1.050742 6.062835
v 5.530000 1.050742 6.023226
v 5.565894 1.050742 5.991258
v 5.608379 1.050742 5.968777
v 5.655000 1.050742 5.957082
v 5.655000 1.300742 5.957082
v 5.608379 1.300742 5.968777
v 5.565894 1.300742 5.991258
v 5.530000 1.300742 6.023226
v 5.502770 1.300742 6.062835
v 5.485776 1.300742 6.107796
v 5.480000 1.300742 6.155514
v 5.480000 1.300742 6.237206
v 5.480000 1.050742 6.237206
v 5.701621 1.050742 5.945387
v 5.744106 1.050742 5.922906
v 5.780000 1.050742 5.890938
v 5.807230 1.050742 5.851330
v 5.824224 1.050742 5.806368
v 5.830000 1.050742 5.758651
v 5.830000 1.300742 5.758651
v 5.824224 1.300742 5.806368
v 5.807230 1.300742 5.851330
v 5.780000 1.300742 5.890938
v 5.744106 1.300742 5.922906
v 5.701621 1.300742 5.945387
v 5.830000 1.050742 1.305686
v 5.830000 1.300742 1.305686
v 4.680000 1.050742 6.237206
v 4.680000 1.050742 6.155514
v 4.674224 1.050742 6.107796
v 4.657230 1.050742 6.062835
v 4.630000 1.050742 6.023226
v 4.594106 1.050742 5.991258
v 4.551621 1.050742 5.968777
v 4.505000 1.050742 5.957082
v 4.458379 1.050742 5.945387
v 4.415894 1.050742 5.922906
v 4.380000 1.050742 5.890938
v 4.352770 1.050742 5.851330
v 4.335776 1.050742 5.806368
v 4.330000 1.050742 5.758651
v 4.330000 1.050742 1.305686
v 4.680000 1.300742 6.155514
v 4.674224 1.300742 6.107796
v 4.657230 1.300742 6.062835
v 4.630000 1.300742 6.023226
v 4.594106 1.300742 5.991258
v 4.551621 1.300742 5.968777
v 4.505000 1.300742 5.957082
v 4.680000 1.300742 6.237206
v 4.458379 1.300742 5.945387
v 4.415894 1.300742 5.922906
v 4.380000 1.300742 5.890938
v 4.352770 1.300742 5.851330
v 4.335776 1.300742 5.806368
v 4.330000 1.300742 5.758651
v 4.330000 1.300742 1.305686
v 4.580000 0.175802 0.166323
v 4.631764 0.171588 0.160968
v 4.680000 0.159233 0.145266
v 4.721421 0.139579 0.120287
v 4.753205 0.113965 0.087735
v 4.773185 0.084137 0.049826
v 4.780000 -0.108254 0.135341
v 4.776579 -0.096843 0.172840
v 4.765887 -0.082702 0.209138
v 4.747647 -0.067107 0.241589
v 4.723297 -0.051898 0.268529
v 4.693339 -0.038212 0.289826
v 4.657901 -0.026955 0.305763
v 4.619170 -0.019818 0.315247
v 4.580000 -0.017384 0.318331
v 4.774777 0.125559 0.009146
v 4.580000 0.179087 0.163738
v 4.614023 0.177221 0.161412
v 4.647731 0.171952 0.154261
v 4.679498 0.163797 0.142017
v 4.707930 0.153839 0.124600
v 4.732004 0.143648 0.102502
v 4.751338 0.134536 0.075502
v 4.765966 0.127900 0.043166
v 4.530000 -0.017384 0.318331
v 4.530000 0.179087 0.163738
v 5.386815 0.084137 0.049826
v 5.406795 0.113965 0.087735
v 5.438579 0.139579 0.120287
v 5.480000 0.159233 0.145266
v 5.528236 0.171588 0.160968
v 5.580000 0.175802 0.166323
v 5.580000 -0.017384 0.318331
v 5.540830 -0.019818 0.315247
v 5.502099 -0.026955 0.305763
v 5.466661 -0.038212 0.289826
v 5.436703 -0.051898 0.268529
v 5.412353 -0.067107 0.241589
v 5.394113 -0.082702 0.209138
v 5.383421 -0.096843 0.172840
v 5.380000 -0.108254 0.135341
v 5.385223 0.125559 0.009146
v 5.394034 0.127900 0.043166
v 5.408662 0.134536 0.075502
v 5.427996 0.143648 0.102502
v 5.452070 0.153839 0.124600
v 5.480502 0.163797 0.142017
v 5.512269 0.171952 0.154261
v 5.545977 0.177221 0.161412
v 5.580000 0.179087 0.163738
v 5.380000 -0.117225 0.093786
v 5.380000 -0.122633 0.051620
v 5.811062 0.064302 0.400450
v 5.797266 0.045013 0.384287
v 5.780356 0.028419 0.368994
v 5.760856 0.014656 0.355187
v 5.738199 0.003124 0.342732
v 5.712922 -0.005992 0.332279
v 5.685789 -0.012416 0.324569
v 5.657784 -0.016166 0.319900
v 5.630000 -0.017384 0.318331
v 5.630000 0.179087 0.163738
v 5.668196 0.181392 0.166701
v 5.705744 0.188652 0.175196
v 5.740401 0.201396 0.188497
v 5.770359 0.219931 0.204798
v 5.795668 0.244402 0.224263
v 5.814488 0.272402 0.246536
v 5.826084 0.302835 0.270743
v 5.830000 0.334508 0.295937
v 5.830000 0.132619 0.454791
v 5.827865 0.109183 0.436150
v 5.821507 0.086248 0.417906
v 5.830000 1.112000 0.914382
v 5.830000 0.956371 1.110034
v 4.389641 0.219931 0.204798
v 4.364332 0.244402 0.224263
v 4.345512 0.272402 0.246536
v 4.333916 0.302835 0.270743
v 4.330000 0.334508 0.295937
v 4.330000 1.112000 0.914382
v 4.491804 0.181392 0.166701
v 4.454256 0.188652 0.175196
v 4.419599 0.201396 0.188497
v 5.080000 0.180247 0.165201
v 5.080000 0.150385 0.117757
v 5.080000 0.131845 0.064852
v 4.502216 -0.016166 0.319900
v 4.474211 -0.012416 0.324569
v 4.447078 -0.005992 0.332279
v 4.421801 0.003124 0.342732
v 4.399144 0.014656 0.355187
v 4.379644 0.028419 0.368994
v 4.362734 0.045013 0.384287
v 4.348938 0.064302 0.400450
v 4.338493 0.086248 0.417906
v 4.332135 0.109183 0.436150
v 4.330000 0.132619 0.454791
v 4.680000 -0.443648 2.247226
v 4.680000 -0.252137 2.407923
v 4.680000 -0.209219 2.367573
v 4.680000 -0.158052 2.338385
v 4.680000 -0.101475 2.321980
v 4.680000 -0.042630 2.319268
v 4.680000 -0.024633 2.069917
v 4.680000 -0.118940 2.072032
v 4.680000 -0.211172 2.091822
v 4.680000 -0.298045 2.128583
v 4.680000 -0.376468 2.181006
v 5.480000 -0.443648 2.247226
v 5.480000 -0.774169 2.641125
v 4.680000 -0.774169 2.641125
v 5.480000 -0.252137 2.407923
v 5.480000 -0.582658 2.801822
v 5.480000 -0.209219 2.367573
v 5.480000 -0.158052 2.338385
v 5.480000 -0.101475 2.321980
v 5.480000 -0.042630 2.319268
v 5.480000 -0.024633 2.069917
v 5.480000 -0.118940 2.072032
v 5.480000 -0.211172 2.091822
v 5.480000 -0.298045 2.128583
v 5.480000 -0.376468 2.181006
v 5.480000 -0.617723 2.856864
v 5.480000 -0.637348 2.919107
v 5.480000 -0.640195 2.984308
v 5.480000 -0.626070 3.048024
v 5.480000 -0.860993 3.133529
v 5.480000 -0.883550 3.049343
v 5.480000 -0.891146 2.962519
v 5.480000 -0.883550 2.875695
v 5.480000 -0.860993 2.791509
v 5.480000 -0.824159 2.712519
v 4.680000 -0.582658 2.801822
v 4.680000 -0.617723 2.856864
v 4.680000 -0.637348 2.919107
v 4.680000 -0.640195 2.984308
v 4.680000 -0.626070 3.048024
v 4.680000 0.565819 6.322711
v 5.480000 0.565819 6.322711
v 4.680000 -0.860993 3.133529
v 4.680000 0.330896 6.408216
v 4.680000 -0.883550 3.049343
v 4.680000 -0.891146 2.962519
v 4.680000 -0.883550 2.875695
v 4.680000 -0.860993 2.791509
v 4.680000 -0.824159 2.712519
v 4.680000 0.374097 6.497924
v 4.680000 0.434216 6.577292
v 4.680000 0.508870 6.643175
v 4.680000 0.595099 6.692959
v 4.680000 0.689482 6.724670
v 4.680000 0.788277 6.737051
v 4.680000 0.887566 6.729610
v 4.680000 0.983413 6.702643
v 4.680000 1.072015 6.657219
v 4.680000 1.149861 6.595139
v 4.680000 1.213862 6.518866
v 4.680000 1.261480 6.431423
v 4.680000 1.290828 6.336279
v 4.680000 1.042729 6.299993
v 4.680000 1.019205 6.358755
v 4.680000 0.981676 6.409726
v 4.680000 0.932549 6.449637
v 4.680000 0.874972 6.475932
v 4.680000 0.812638 6.486923
v 4.680000 0.749541 6.481907
v 4.680000 0.689726 6.461204
v 4.680000 0.637027 6.426143
v 4.680000 0.594823 6.378971
v 5.480000 0.330896 6.408216
v 5.480000 0.374097 6.497924
v 5.480000 0.434216 6.577292
v 5.480000 0.508870 6.643175
v 5.480000 0.595099 6.692959
v 5.480000 0.689482 6.724670
v 5.480000 0.788277 6.737051
v 5.480000 0.887566 6.729610
v 5.480000 0.983413 6.702643
v 5.480000 1.072015 6.657219
v 5.480000 1.149861 6.595139
v 5.480000 1.213862 6.518866
v 5.480000 1.261480 6.431423
v 5.480000 1.290828 6.336279
v 5.480000 1.042729 6.299993
v 5.480000 1.019205 6.358755
v 5.480000 0.981676 6.409726
v 5.480000 0.932549 6.449637
v 5.480000 0.874972 6.475932
v 5.480000 0.812638 6.486923
v 5.480000 0.749541 6.481907
v 5.480000 0.689726 6.461204
v 5.480000 0.637027 6.426143
v 5.480000 0.594823 6.378971
v 5.830000 1.292685 1.216285
v 5.830000 1.268772 1.129765
v 5.830000 1.229775 1.048915
v 5.830000 1.176950 0.976341
v 4.330000 1.176950 0.976341
v 4.330000 1.229775 1.048915
v 4.330000 1.268772 1.129765
v 4.330000 1.292685 1.216285
v 5.830000 1.044457 1.249979
v 5.830000 1.025917 1.197074
v 5.830000 0.996054 1.149631
v 4.330000 0.956371 1.110034
v 4.330000 0.996054 1.149631
v 4.330000 1.025917 1.197074
v 4.330000 1.044457 1.249979
v 4.780000 -0.117225 0.093786
v 4.780000 -0.122633 0.051620
v 5.080000 1.044457 1.249979
v 5.080000 1.025917 1.197074
v 5.080000 0.996054 1.149631
v 5.225052 0.125559 -3.439064
v 5.211900 0.125559 -3.472286
v 5.191264 0.125559 -3.501454
v 5.164315 0.125559 -3.524915
v 5.132582 0.125559 -3.541336
v 5.097865 0.125559 -3.549786
v 5.062135 0.125559 -3.549786
v 5.027418 0.125559 -3.541336
v 4.995685 0.125559 -3.524915
v 4.968736 0.125559 -3.501454
v 4.948100 0.125559 -3.472286
v 4.934948 0.125559 -3.439064
vt 0.012500 0.002576 0.000000
vt -0.012500 0.002576 0.000000
vt 0.012500 0.000859 0.000000
vt -0.012500 0.000859 0.000000
vt 0.012500 -0.000859 0.000000
vt -0.012500 -0.000859 0.000000
vt 0.012500 -0.002576 0.000000
vt -0.012500 -0.002576 0.000000
vt -0.280222 -0.012500 0.000000
vt -0.002590 -0.012500 0.000000
vt -0.286000 -0.005157 0.000000
vt -0.002590 0.012500 0.000000
vt -0.286000 0.012500 0.000000
vt -0.029926 -0.919125 0.000000
vt -0.029706 -0.920827 0.000000
vt -0.030000 -0.917410 0.000000
vt -0.029340 -0.922505 0.000000
vt -0.014505 -0.978821 0.000000
vt -0.013190 -0.982143 0.000000
vt -0.011126 -0.985060 0.000000
vt -0.008431 -0.987406 0.000000
vt -0.030000 -0.634000 0.000000
vt -0.005258 -0.989048 0.000000
vt -0.001787 -0.989893 0.000000
vt 0.001787 -0.989893 0.000000
vt 0.030000 -0.634000 0.000000
vt 0.005258 -0.989048 0.000000
vt 0.008431 -0.987406 0.000000
vt 0.014505 -0.978821 0.000000
vt 0.011126 -0.985060 0.000000
vt 0.013190 -0.982143 0.000000
vt 0.030000 -0.917410 0.000000
vt 0.029340 -0.922505 0.000000
vt 0.029706 -0.920827 0.000000
vt 0.029926 -0.919125 0.000000
vt 0.012500 0.002576 0.000000
vt -0.012500 0.002576 0.000000
vt 0.012500 0.000859 0.000000
vt -0.012500 0.000859 0.000000
vt 0.012500 -0.000859 0.000000
vt -0.012500 -0.000859 0.000000
vt 0.012500 -0.002576 0.000000
vt -0.012500 -0.002576 0.000000
vt -0.024000 0.012500 0.000000
vt -0.307410 0.012500 0.000000
vt -0.024000 -0.005157 0.000000
vt -0.307410 -0.012500 0.000000
vt -0.029778 -0.012500 0.000000
vt -0.012500 -0.062832 0.000000
vt 0.012500 -0.062832 0.000000
vt -0.012500 -0.058014 0.000000
vt 0.012500 -0.058014 0.000000
vt -0.012500 -0.053195 0.000000
vt 0.012500 -0.053195 0.000000
vt -0.012500 -0.048377 0.000000
vt 0.012500 -0.048377 0.000000
vt -0.012500 -0.043559 0.000000
vt 0.012500 -0.043559 0.000000
vt -0.012500 -0.038741 0.000000
vt 0.012500 -0.038741 0.000000
vt -0.012500 -0.033922 0.000000
vt 0.012500 -0.033922 0.000000
vt -0.019686 0.012500 0.000000
vt -0.027856 0.012500 0.000000
vt -0.019686 -0.012500 0.000000
vt -0.027856 -0.012500 0.000000
vt 0.012500 0.013201 0.000000
vt -0.012500 0.013201 0.000000
vt 0.012500 0.008383 0.000000
vt -0.012500 0.008383 0.000000
vt 0.012500 0.003565 0.000000
vt -0.012500 0.003565 0.000000
vt 0.012500 -0.001253 0.000000
vt -0.012500 -0.001253 0.000000
vt 0.012500 -0.006072 0.000000
vt -0.012500 -0.006072 0.000000
vt 0.012500 -0.010890 0.000000
vt -0.012500 -0.010890 0.000000
vt 0.012500 -0.015708 0.000000
vt -0.012500 -0.015708 0.000000
vt 0.600000 0.012500 0.000000
vt 0.154703 0.012500 0.000000
vt 0.600000 -0.012500 0.000000
vt 0.154703 -0.012500 0.000000
vt 0.062162 0.008674 0.000000
vt 0.057500 0.009843 0.000000
vt 0.075000 -0.010000 0.000000
vt 0.052838 0.011013 0.000000
vt 0.075000 -0.455297 0.000000
vt 0.048589 0.013261 0.000000
vt 0.045000 0.016458 0.000000
vt 0.042277 0.020418 0.000000
vt -0.042277 0.020418 0.000000
vt -0.075000 -0.455297 0.000000
vt -0.045000 0.016458 0.000000
vt -0.048589 0.013261 0.000000
vt -0.040578 0.024915 0.000000
vt 0.040578 0.024915 0.000000
vt -0.040000 0.029686 0.000000
vt 0.040000 0.029686 0.000000
vt -0.040000 0.037856 0.000000
vt 0.040000 0.037856 0.000000
vt -0.052838 0.011013 0.000000
vt -0.075000 -0.010000 0.000000
vt -0.057500 0.009843 0.000000
vt -0.062162 0.008674 0.000000
vt -0.066411 0.006426 0.000000
vt -0.070000 0.003229 0.000000
vt -0.072723 -0.000732 0.000000
vt -0.074422 -0.005228 0.000000
vt 0.074422 -0.005228 0.000000
vt 0.072723 -0.000732 0.000000
vt 0.070000 0.003229 0.000000
vt 0.066411 0.006426 0.000000
vt -0.012500 -0.062832 0.000000
vt 0.012500 -0.062832 0.000000
vt -0.012500 -0.058014 0.000000
vt 0.012500 -0.058014 0.000000
vt -0.012500 -0.053195 0.000000
vt 0.012500 -0.053195 0.000000
vt -0.012500 -0.048377 0.000000
vt 0.012500 -0.048377 0.000000
vt -0.012500 -0.043559 0.000000
vt 0.012500 -0.043559 0.000000
vt -0.012500 -0.038741 0.000000
vt 0.012500 -0.038741 0.000000
vt -0.012500 -0.033922 0.000000
vt 0.012500 -0.033922 0.000000
vt -0.580314 -0.012500 0.000000
vt -0.572144 -0.012500 0.000000
vt -0.580314 0.012500 0.000000
vt -0.572144 0.012500 0.000000
vt 0.012500 0.013201 0.000000
vt -0.012500 0.013201 0.000000
vt 0.012500 0.008383 0.000000
vt -0.012500 0.008383 0.000000
vt 0.012500 0.003565 0.000000
vt -0.012500 0.003565 0.000000
vt 0.012500 -0.001253 0.000000
vt -0.012500 -0.001253 0.000000
vt 0.012500 -0.006072 0.000000
vt -0.012500 -0.006072 0.000000
vt 0.012500 -0.010890 0.000000
vt -0.012500 -0.010890 0.000000
vt 0.012500 -0.015708 0.000000
vt -0.012500 -0.015708 0.000000
vt 0.620000 -0.012500 0.000000
vt 1.065297 -0.012500 0.000000
vt 0.620000 0.012500 0.000000
vt 1.065297 0.012500 0.000000
vt -0.052838 0.011013 0.000000
vt -0.057500 0.009843 0.000000
vt -0.075000 -0.010000 0.000000
vt -0.062162 0.008674 0.000000
vt -0.066411 0.006426 0.000000
vt -0.070000 0.003229 0.000000
vt -0.072723 -0.000732 0.000000
vt -0.074422 -0.005228 0.000000
vt -0.075000 -0.455297 0.000000
vt -0.048589 0.013261 0.000000
vt -0.045000 0.016458 0.000000
vt -0.042277 0.020418 0.000000
vt 0.075000 -0.455297 0.000000
vt 0.042277 0.020418 0.000000
vt 0.045000 0.016458 0.000000
vt 0.048589 0.013261 0.000000
vt 0.052838 0.011013 0.000000
vt 0.075000 -0.010000 0.000000
vt 0.057500 0.009843 0.000000
vt 0.062162 0.008674 0.000000
vt 0.066411 0.006426 0.000000
vt 0.070000 0.003229 0.000000
vt 0.072723 -0.000732 0.000000
vt 0.074422 -0.005228 0.000000
vt -0.040578 0.024915 0.000000
vt 0.040578 0.024915 0.000000
vt -0.040000 0.029686 0.000000
vt 0.040000 0.029686 0.000000
vt -0.040000 0.037856 0.000000
vt 0.040000 0.037856 0.000000
vt 0.021426 0.015708 0.000000
vt -0.003156 0.015708 0.000000
vt 0.021427 0.011764 0.000000
vt -0.003156 0.010472 0.000000
vt 0.021401 0.007706 0.000000
vt -0.003156 0.005236 0.000000
vt 0.021301 0.003654 0.000000
vt -0.003156 -0.000000 0.000000
vt 0.021059 -0.000267 0.000000
vt 0.020589 -0.004183 0.000000
vt -0.003156 -0.005236 0.000000
vt 0.019807 -0.008150 0.000000
vt -0.003156 -0.010472 0.000000
vt 0.018674 -0.012034 0.000000
vt -0.003156 -0.015708 0.000000
vt 0.017252 -0.015708 0.000000
vt 0.021426 0.031416 0.000000
vt 0.012082 0.031416 0.000000
vt 0.017853 0.026835 0.000000
vt 0.012082 0.026180 0.000000
vt 0.015933 0.023880 0.000000
vt 0.012082 0.020944 0.000000
vt 0.014455 0.020581 0.000000
vt 0.013502 0.017268 0.000000
vt 0.012082 0.015708 0.000000
vt 0.012936 0.013888 0.000000
vt 0.012082 0.010472 0.000000
vt 0.012641 0.010415 0.000000
vt 0.012525 0.006911 0.000000
vt 0.012082 0.005236 0.000000
vt 0.012497 0.003420 0.000000
vt 0.012082 -0.000000 0.000000
vt 0.012500 -0.000000 0.000000
vt -0.020000 -0.012500 0.000000
vt -0.020000 -0.012082 0.000000
vt -0.025000 -0.012500 0.000000
vt -0.025000 0.012500 0.000000
vt -0.020000 0.012500 0.000000
vt 0.007429 0.015708 0.000000
vt -0.012979 0.015708 0.000000
vt 0.008851 0.012034 0.000000
vt -0.012979 0.010472 0.000000
vt 0.009984 0.008150 0.000000
vt -0.012979 0.005236 0.000000
vt 0.010765 0.004183 0.000000
vt -0.012979 -0.000000 0.000000
vt 0.011236 0.000267 0.000000
vt 0.011477 -0.003654 0.000000
vt -0.012979 -0.005236 0.000000
vt 0.011578 -0.007706 0.000000
vt -0.012979 -0.010472 0.000000
vt 0.011603 -0.011764 0.000000
vt -0.012979 -0.015708 0.000000
vt 0.011603 -0.015708 0.000000
vt 0.022745 0.007536 0.000000
vt 0.018894 0.005236 0.000000
vt 0.024664 0.004581 0.000000
vt 0.018894 -0.000000 0.000000
vt 0.028237 0.000000 0.000000
vt 0.018894 0.010472 0.000000
vt 0.021267 0.010834 0.000000
vt 0.020313 0.014148 0.000000
vt 0.018894 0.015708 0.000000
vt 0.019748 0.017528 0.000000
vt 0.018894 0.020944 0.000000
vt 0.019453 0.021001 0.000000
vt 0.019337 0.024505 0.000000
vt 0.018894 0.026180 0.000000
vt 0.019309 0.027996 0.000000
vt 0.018894 0.031416 0.000000
vt 0.019312 0.031416 0.000000
vt 0.001619 0.012620 0.000000
vt 0.000722 0.008464 0.000000
vt 0.017657 0.000000 0.000000
vt 0.000181 0.004247 0.000000
vt -0.000000 0.000000 0.000000
vt 0.010758 0.011599 0.000000
vt -0.014807 0.011893 0.000000
vt 0.010241 0.008774 0.000000
vt -0.015631 0.007929 0.000000
vt 0.009596 0.005849 0.000000
vt -0.016525 0.003964 0.000000
vt 0.008922 0.002925 0.000000
vt -0.017457 0.000000 0.000000
vt 0.008233 -0.000000 0.000000
vt 0.011116 0.014399 0.000000
vt -0.014088 0.015858 0.000000
vt 0.011344 0.017149 0.000000
vt -0.013639 0.019719 0.000000
vt 0.011480 0.019980 0.000000
vt 0.011550 0.022865 0.000000
vt -0.013460 0.023647 0.000000
vt 0.011578 0.025761 0.000000
vt -0.013415 0.027571 0.000000
vt 0.011584 0.028628 0.000000
vt -0.013417 0.031416 0.000000
vt 0.011583 0.031416 0.000000
vt 0.017088 0.012500 0.000000
vt 0.022999 -0.012500 0.000000
vt 0.122345 0.012500 0.000000
vt 0.122345 -0.012500 0.000000
vt -0.074608 -0.591048 0.000000
vt -0.069036 -0.601642 0.000000
vt -0.075000 -0.587001 0.000000
vt 0.069036 -0.601642 0.000000
vt 0.075000 -0.587001 0.000000
vt 0.074608 -0.591048 0.000000
vt 0.073449 -0.594937 0.000000
vt 0.071567 -0.598515 0.000000
vt -0.073449 -0.594937 0.000000
vt -0.071567 -0.598515 0.000000
vt 0.075000 -0.487655 0.000000
vt -0.075000 -0.487655 0.000000
vt -0.066040 0.020002 0.000000
vt 0.000000 0.016853 0.000000
vt -0.069036 0.022471 0.000000
vt 0.066040 0.020002 0.000000
vt 0.069036 0.022471 0.000000
vt -0.062574 0.018159 0.000000
vt -0.058820 0.017042 0.000000
vt -0.055000 0.016667 0.000000
vt -0.050000 0.016667 0.000000
vt -0.046598 0.016369 0.000000
vt -0.043227 0.015480 0.000000
vt -0.040050 0.014009 0.000000
vt 0.000000 0.011236 0.000000
vt 0.040050 0.014009 0.000000
vt 0.037207 0.012002 0.000000
vt 0.034800 0.009568 0.000000
vt 0.000000 0.005618 0.000000
vt 0.032866 0.006716 0.000000
vt 0.031403 0.003413 0.000000
vt -0.031403 0.003413 0.000000
vt 0.030522 0.000000 0.000000
vt -0.030522 0.000000 0.000000
vt -0.037207 0.012002 0.000000
vt -0.034800 0.009568 0.000000
vt -0.032866 0.006716 0.000000
vt 0.043227 0.015480 0.000000
vt 0.046598 0.016369 0.000000
vt 0.050000 0.016667 0.000000
vt 0.055000 0.016667 0.000000
vt 0.058820 0.017042 0.000000
vt 0.062574 0.018159 0.000000
vt -0.267080 0.019719 0.000000
vt -0.292063 0.017149 0.000000
vt -0.266631 0.015858 0.000000
vt -0.291835 0.014399 0.000000
vt -0.265912 0.011893 0.000000
vt -0.291477 0.011599 0.000000
vt -0.290960 0.008774 0.000000
vt -0.267259 0.023647 0.000000
vt -0.292269 0.022865 0.000000
vt -0.292199 0.019980 0.000000
vt -0.292297 0.025761 0.000000
vt -0.267304 0.027571 0.000000
vt -0.292303 0.028628 0.000000
vt -0.267302 0.031416 0.000000
vt -0.292302 0.031416 0.000000
vt -0.265088 0.007929 0.000000
vt -0.290315 0.005849 0.000000
vt -0.264194 0.003964 0.000000
vt -0.289641 0.002925 0.000000
vt -0.263262 0.000000 0.000000
vt -0.288952 -0.000000 0.000000
vt -0.019151 0.016070 0.000000
vt -0.023443 0.012035 0.000000
vt 0.000000 0.000000 0.000000
vt -0.006718 -0.006622 0.000000
vt -0.028560 0.009116 0.000000
vt -0.014560 -0.011864 0.000000
vt -0.023248 -0.015540 0.000000
vt -0.034217 0.007475 0.000000
vt -0.032471 -0.017519 0.000000
vt -0.040102 0.007204 0.000000
vt -0.041901 -0.017731 0.000000
vt 0.040000 0.575990 0.000000
vt -0.040000 0.575990 0.000000
vt 0.040000 0.524571 0.000000
vt -0.040000 0.524571 0.000000
vt -0.565990 -0.012500 0.000000
vt -0.514571 -0.012500 0.000000
vt -0.565990 0.012500 0.000000
vt -0.514571 0.012500 0.000000
vt -0.040000 0.000000 0.000000
vt 0.040000 0.000000 0.000000
vt -0.040000 0.005904 0.000000
vt 0.040000 0.005904 0.000000
vt -0.040000 0.011809 0.000000
vt 0.040000 0.011809 0.000000
vt -0.040000 0.017713 0.000000
vt 0.040000 0.017713 0.000000
vt -0.040000 0.023618 0.000000
vt 0.040000 0.023618 0.000000
vt -0.040000 0.000000 0.000000
vt 0.040000 0.000000 0.000000
vt -0.040000 0.009447 0.000000
vt 0.040000 0.009447 0.000000
vt -0.040000 0.018894 0.000000
vt 0.040000 0.018894 0.000000
vt -0.040000 0.028341 0.000000
vt 0.040000 0.028341 0.000000
vt -0.040000 0.037788 0.000000
vt 0.040000 0.037788 0.000000
vt -0.040000 0.047236 0.000000
vt 0.040000 0.047236 0.000000
vt 0.000000 0.000000 0.000000
vt -0.003507 0.005504 0.000000
vt -0.019151 -0.016070 0.000000
vt -0.024150 -0.008930 0.000000
vt -0.005469 0.011728 0.000000
vt -0.027834 -0.001031 0.000000
vt -0.030089 0.007387 0.000000
vt -0.005754 0.018249 0.000000
vt -0.030849 0.016070 0.000000
vt -0.030089 0.024752 0.000000
vt -0.027834 0.033171 0.000000
vt -0.004341 0.024620 0.000000
vt 0.040000 0.026180 0.000000
vt -0.040000 0.026180 0.000000
vt 0.040000 0.019635 0.000000
vt -0.040000 0.019635 0.000000
vt 0.040000 0.013090 0.000000
vt -0.040000 0.013090 0.000000
vt 0.040000 0.006545 0.000000
vt -0.040000 0.006545 0.000000
vt 0.040000 0.000000 0.000000
vt -0.040000 -0.000000 0.000000
vt -0.034010 0.012500 0.000000
vt -0.085429 0.012500 0.000000
vt -0.034010 -0.012500 0.000000
vt -0.085429 -0.012500 0.000000
vt -0.000000 0.000000 0.000000
vt -0.019151 -0.016070 0.000000
vt 0.004292 -0.004035 0.000000
vt -0.012433 -0.022692 0.000000
vt 0.009409 -0.006954 0.000000
vt -0.004591 -0.027934 0.000000
vt 0.004097 -0.031610 0.000000
vt 0.015066 -0.008594 0.000000
vt 0.013320 -0.033589 0.000000
vt 0.020951 -0.008865 0.000000
vt 0.022750 -0.033801 0.000000
vt 0.040000 0.486871 0.000000
vt -0.040000 0.486871 0.000000
vt 0.040000 0.138386 0.000000
vt -0.040000 0.138386 0.000000
vt -0.123129 0.012500 0.000000
vt -0.471614 0.012500 0.000000
vt -0.123129 -0.012500 0.000000
vt -0.471614 -0.012500 0.000000
vt 0.040000 0.052360 0.000000
vt -0.040000 0.052360 0.000000
vt 0.040000 0.043633 0.000000
vt -0.040000 0.043633 0.000000
vt 0.040000 0.034907 0.000000
vt -0.040000 0.034907 0.000000
vt 0.040000 0.026180 0.000000
vt -0.040000 0.026180 0.000000
vt 0.040000 0.017453 0.000000
vt -0.040000 0.017453 0.000000
vt 0.040000 0.008727 0.000000
vt -0.040000 0.008727 0.000000
vt 0.040000 -0.000000 0.000000
vt -0.040000 0.000000 0.000000
vt 0.040000 0.575990 0.000000
vt -0.040000 0.575990 0.000000
vt 0.040000 0.524571 0.000000
vt -0.040000 0.524571 0.000000
vt -0.023492 -0.008551 0.000000
vt -0.000000 0.000000 0.000000
vt -0.026393 -0.002925 0.000000
vt -0.004320 0.008971 0.000000
vt -0.030613 0.001793 0.000000
vt -0.035883 0.005299 0.000000
vt -0.010332 0.016908 0.000000
vt -0.041864 0.007369 0.000000
vt -0.017797 0.023496 0.000000
vt -0.026420 0.028474 0.000000
vt -0.048174 0.007871 0.000000
vt -0.035859 0.031645 0.000000
vt -0.045738 0.032883 0.000000
vt -0.055667 0.032139 0.000000
vt -0.065252 0.029443 0.000000
vt -0.074112 0.024900 0.000000
vt -0.054408 0.006772 0.000000
vt -0.081896 0.018692 0.000000
vt -0.060165 0.004142 0.000000
vt -0.088297 0.011065 0.000000
vt -0.065078 0.000151 0.000000
vt -0.093058 0.002321 0.000000
vt -0.068831 -0.004946 0.000000
vt -0.095993 -0.007194 0.000000
vt -0.071183 -0.010822 0.000000
vt -0.096985 -0.017101 0.000000
vt -0.071985 -0.017101 0.000000
vt 0.040000 0.139626 0.000000
vt -0.040000 0.139626 0.000000
vt 0.040000 0.129653 0.000000
vt -0.040000 0.129653 0.000000
vt 0.040000 0.119680 0.000000
vt -0.040000 0.119680 0.000000
vt 0.040000 0.109706 0.000000
vt -0.040000 0.109706 0.000000
vt 0.040000 0.099733 0.000000
vt -0.040000 0.099733 0.000000
vt 0.040000 0.089760 0.000000
vt -0.040000 0.089760 0.000000
vt 0.040000 0.079786 0.000000
vt -0.040000 0.079786 0.000000
vt 0.040000 0.069813 0.000000
vt -0.040000 0.069813 0.000000
vt 0.040000 0.059840 0.000000
vt -0.040000 0.059840 0.000000
vt 0.040000 0.049867 0.000000
vt -0.040000 0.049867 0.000000
vt 0.040000 0.039893 0.000000
vt -0.040000 0.039893 0.000000
vt 0.040000 0.029920 0.000000
vt -0.040000 0.029920 0.000000
vt 0.040000 0.019947 0.000000
vt -0.040000 0.019947 0.000000
vt 0.040000 0.009973 0.000000
vt -0.040000 0.009973 0.000000
vt 0.040000 -0.000000 0.000000
vt -0.040000 -0.000000 0.000000
vt -0.476871 -0.012500 0.000000
vt -0.128386 -0.012500 0.000000
vt -0.476871 0.012500 0.000000
vt -0.128386 0.012500 0.000000
vt -0.019151 0.016070 0.000000
vt 0.000000 0.000000 0.000000
vt -0.015645 0.021574 0.000000
vt 0.004999 0.007139 0.000000
vt -0.013682 0.027798 0.000000
vt 0.008682 0.015038 0.000000
vt 0.010938 0.023457 0.000000
vt -0.013397 0.034318 0.000000
vt 0.011698 0.032139 0.000000
vt 0.010938 0.040822 0.000000
vt 0.008682 0.049240 0.000000
vt -0.014810 0.040690 0.000000
vt 0.040000 0.069813 0.000000
vt -0.040000 0.069813 0.000000
vt 0.040000 0.063467 0.000000
vt -0.040000 0.063467 0.000000
vt 0.040000 0.057120 0.000000
vt -0.040000 0.057120 0.000000
vt 0.040000 0.050773 0.000000
vt -0.040000 0.050773 0.000000
vt 0.040000 0.044427 0.000000
vt -0.040000 0.044427 0.000000
vt 0.040000 0.038080 0.000000
vt -0.040000 0.038080 0.000000
vt 0.040000 0.031733 0.000000
vt -0.040000 0.031733 0.000000
vt 0.040000 0.025387 0.000000
vt -0.040000 0.025387 0.000000
vt 0.040000 0.019040 0.000000
vt -0.040000 0.019040 0.000000
vt 0.040000 0.012693 0.000000
vt -0.040000 0.012693 0.000000
vt 0.040000 0.006347 0.000000
vt -0.040000 0.006347 0.000000
vt 0.040000 -0.000000 0.000000
vt -0.040000 -0.000000 0.000000
vt 0.075000 0.044942 0.000000
vt -0.075000 0.044942 0.000000
vt 0.075000 0.035954 0.000000
vt -0.075000 0.035954 0.000000
vt 0.075000 0.026965 0.000000
vt -0.075000 0.026965 0.000000
vt 0.075000 0.017977 0.000000
vt -0.075000 0.017977 0.000000
vt 0.075000 0.008988 0.000000
vt -0.075000 0.008988 0.000000
vt 0.075000 0.000000 0.000000
vt -0.075000 0.000000 0.000000
vt 0.025000 0.000000 0.000000
vt 0.000000 0.000000 0.000000
vt 0.024194 -0.008940 0.000000
vt -0.000629 -0.005571 0.000000
vt 0.021803 -0.017592 0.000000
vt -0.002483 -0.010861 0.000000
vt 0.017903 -0.025677 0.000000
vt 0.012621 -0.032934 0.000000
vt -0.005469 -0.015606 0.000000
vt 0.006126 -0.039130 0.000000
vt -0.009437 -0.019565 0.000000
vt 0.040000 0.486871 0.000000
vt -0.040000 0.486871 0.000000
vt 0.040000 0.138386 0.000000
vt -0.040000 0.138386 0.000000
vt 0.074151 -0.598837 0.000000
vt 0.074787 -0.595907 0.000000
vt 0.073106 -0.601642 0.000000
vt 0.075000 -0.592912 0.000000
vt -0.075000 -0.592912 0.000000
vt -0.075000 -0.487655 0.000000
vt 0.075000 -0.487655 0.000000
vt -0.073106 -0.601642 0.000000
vt -0.074787 -0.595907 0.000000
vt -0.074151 -0.598837 0.000000
vt 0.000000 -0.000000 0.000000
vt 0.000806 -0.008940 0.000000
vt 0.025000 -0.000000 0.000000
vt 0.025629 -0.005571 0.000000
vt 0.003197 -0.017592 0.000000
vt 0.027483 -0.010861 0.000000
vt 0.007097 -0.025677 0.000000
vt 0.012379 -0.032934 0.000000
vt 0.030469 -0.015606 0.000000
vt 0.018874 -0.039130 0.000000
vt 0.034437 -0.019565 0.000000
vt 0.055000 0.033333 0.000000
vt 0.057778 0.033532 0.000000
vt 0.050000 0.033333 0.000000
vt -0.057778 0.033532 0.000000
vt -0.050000 0.033333 0.000000
vt -0.055000 0.033333 0.000000
vt -0.060579 0.034131 0.000000
vt 0.060579 0.034131 0.000000
vt 0.063292 0.035134 0.000000
vt -0.063292 0.035134 0.000000
vt 0.065820 0.036521 0.000000
vt -0.065820 0.036521 0.000000
vt 0.068086 0.038219 0.000000
vt -0.068086 0.038219 0.000000
vt -0.070036 0.040169 0.000000
vt 0.070036 0.040169 0.000000
vt -0.071727 0.042425 0.000000
vt 0.071727 0.042425 0.000000
vt 0.073106 0.044942 0.000000
vt -0.073106 0.044942 0.000000
vt 0.046083 0.032940 0.000000
vt -0.046083 0.032940 0.000000
vt 0.042210 0.031754 0.000000
vt -0.042210 0.031754 0.000000
vt 0.038666 0.029802 0.000000
vt -0.038666 0.029802 0.000000
vt 0.035670 0.027270 0.000000
vt -0.035670 0.027270 0.000000
vt -0.033235 0.024176 0.000000
vt -0.031411 0.020575 0.000000
vt 0.031411 0.020575 0.000000
vt 0.033235 0.024176 0.000000
vt -0.030342 0.016678 0.000000
vt 0.030342 0.016678 0.000000
vt 0.030000 0.012757 0.000000
vt -0.030000 0.012757 0.000000
vt -0.030000 0.008505 0.000000
vt -0.030000 0.004252 0.000000
vt 0.030000 0.004252 0.000000
vt 0.030000 0.008505 0.000000
vt -0.030000 0.000000 0.000000
vt 0.030000 0.000000 0.000000
vt 0.075000 0.016853 0.000000
vt 0.075000 0.022471 0.000000
vt 0.000000 0.016853 0.000000
vt -0.075000 0.022471 0.000000
vt -0.075000 0.016853 0.000000
vt 0.000000 0.011236 0.000000
vt -0.075000 0.011236 0.000000
vt 0.000000 0.005618 0.000000
vt -0.075000 0.005618 0.000000
vt -0.075000 0.000000 0.000000
vt 0.075000 0.000000 0.000000
vt 0.075000 0.005618 0.000000
vt 0.075000 0.011236 0.000000
vt 0.014505 -0.978821 0.000000
vt 0.029340 -0.922505 0.000000
vt 0.030000 -0.917410 0.000000
vt 0.029706 -0.920827 0.000000
vt 0.029926 -0.919125 0.000000
vt 0.030000 -0.639778 0.000000
vt -0.030000 -0.639778 0.000000
vt 0.001787 -0.989893 0.000000
vt 0.005258 -0.989048 0.000000
vt 0.030522 -0.634000 0.000000
vt -0.030522 -0.634000 0.000000
vt -0.030000 -0.917410 0.000000
vt -0.014505 -0.978821 0.000000
vt -0.008431 -0.987406 0.000000
vt -0.005258 -0.989048 0.000000
vt -0.029926 -0.919125 0.000000
vt -0.029706 -0.920827 0.000000
vt -0.029340 -0.922505 0.000000
vt -0.013190 -0.982143 0.000000
vt -0.011126 -0.985060 0.000000
vt -0.001787 -0.989893 0.000000
vt 0.008431 -0.987406 0.000000
vt 0.011126 -0.985060 0.000000
vt 0.013190 -0.982143 0.000000
vt -0.000000 0.000000 0.000000
vt 0.002900 0.005626 0.000000
vt -0.023492 0.008551 0.000000
vt -0.019172 0.017521 0.000000
vt 0.007121 0.010343 0.000000
vt 0.012391 0.013849 0.000000
vt -0.013160 0.025458 0.000000
vt 0.018372 0.015920 0.000000
vt -0.005695 0.032046 0.000000
vt 0.002928 0.037025 0.000000
vt 0.024682 0.016421 0.000000
vt 0.012366 0.040196 0.000000
vt 0.022246 0.041434 0.000000
vt 0.032175 0.040690 0.000000
vt 0.041759 0.037993 0.000000
vt 0.050620 0.033451 0.000000
vt 0.030915 0.015322 0.000000
vt 0.058404 0.027243 0.000000
vt 0.036673 0.012693 0.000000
vt 0.064804 0.019615 0.000000
vt 0.041586 0.008701 0.000000
vt 0.069566 0.010871 0.000000
vt 0.045339 0.003604 0.000000
vt 0.072501 0.001357 0.000000
vt 0.047691 -0.002272 0.000000
vt 0.073492 -0.008551 0.000000
vt 0.048492 -0.008551 0.000000
vt 1.202912 0.012500 0.000000
vt 1.097655 0.012500 0.000000
vt 1.197001 -0.012500 0.000000
vt 1.097655 -0.012500 0.000000
vt 0.115000 0.012500 0.000000
vt 0.035000 0.012500 0.000000
vt 0.115000 -0.012500 0.000000
vt 0.035000 -0.012500 0.000000
vt -0.012500 -0.043260 0.000000
vt 0.012500 -0.043260 0.000000
vt -0.012500 -0.039679 0.000000
vt 0.012500 -0.039679 0.000000
vt 0.012500 -0.036097 0.000000
vt -0.012500 -0.036097 0.000000
vt 0.012500 -0.032516 0.000000
vt -0.012500 -0.032516 0.000000
vt 0.012500 -0.028934 0.000000
vt -0.012500 -0.028934 0.000000
vt 0.012500 -0.025353 0.000000
vt -0.012500 -0.025353 0.000000
vt 0.012500 -0.021771 0.000000
vt -0.012500 -0.021771 0.000000
vt 0.012500 -0.018190 0.000000
vt -0.012500 -0.018190 0.000000
vt 0.012500 -0.014608 0.000000
vt -0.012500 -0.014608 0.000000
vt 0.012500 -0.011027 0.000000
vt -0.012500 -0.011027 0.000000
vt 0.012500 -0.007445 0.000000
vt -0.012500 -0.007445 0.000000
vt -0.012500 -0.003864 0.000000
vt 0.012500 -0.003864 0.000000
vt -0.025000 -0.012500 0.000000
vt -0.020000 -0.012500 0.000000
vt -0.025000 -0.012082 0.000000
vt -0.020000 0.012500 0.000000
vt -0.025000 0.012500 0.000000
vt -0.058238 -0.012500 0.000000
vt -0.000000 -0.012500 0.000000
vt -0.058238 0.012500 0.000000
vt -0.000000 0.012500 0.000000
vt 0.023381 0.012620 0.000000
vt 0.007343 0.000000 0.000000
vt 0.024278 0.008464 0.000000
vt 0.024819 0.004247 0.000000
vt 0.025000 0.000000 0.000000
vt -0.002590 0.012500 0.000000
vt -0.060828 0.012500 0.000000
vt -0.002590 -0.012500 0.000000
vt -0.060828 -0.012500 0.000000
vn -0.100000 0.000000 -0.000000
vn -0.100000 0.000000 -0.000000
vn -0.099632 0.000000 -0.008575
vn -0.099632 0.000000 -0.008575
vn -0.098529 0.000000 -0.017087
vn -0.098529 0.000000 -0.017087
vn -0.096701 0.000000 -0.025473
vn -0.096701 0.000000 -0.025473
vn -0.100000 0.000000 -0.000000
vn -0.100000 0.000000 -0.000000
vn -0.100000 0.000000 -0.000000
vn 0.000000 -0.100000 -0.000000
vn 0.000000 -0.100000 -0.000000
vn 0.000000 -0.100000 -0.000000
vn 0.000000 -0.100000 -0.000000
vn 0.000000 -0.100000 -0.000000
vn 0.000000 -0.100000 -0.000000
vn 0.000000 -0.100000 -0.000000
vn 0.000000 -0.100000 -0.000000
vn 0.000000 -0.100000 -0.000000
vn 0.000000 -0.100000 -0.000000
vn 0.000000 -0.100000 -0.000000
vn 0.000000 -0.100000 -0.000000
vn 0.000000 -0.100000 -0.000000
vn 0.000000 -0.100000 -0.000000
vn 0.000000 -0.100000 -0.000000
vn 0.000000 -0.100000 -0.000000
vn 0.000000 -0.100000 -0.000000
vn 0.000000 -0.100000 -0.000000
vn 0.000000 -0.100000 -0.000000
vn 0.000000 -0.100000 -0.000000
vn 0.000000 -0.100000 -0.000000
vn 0.000000 -0.100000 -0.000000
vn 0.100000 0.000000 -0.000000
vn 0.100000 0.000000 -0.000000
vn 0.099632 0.000000 -0.008575
vn 0.099632 0.000000 -0.008575
vn 0.098529 0.000000 -0.017087
vn 0.098529 0.000000 -0.017087
vn 0.096701 0.000000 -0.025473
vn 0.096701 0.000000 -0.025473
vn 0.100000 0.000000 -0.000000
vn 0.100000 0.000000 -0.000000
vn 0.100000 0.000000 -0.000000
vn 0.100000 -0.000000 -0.000000
vn 0.100000 0.000000 0.000000
vn 0.097112 0.000000 0.023859
vn 0.097112 0.000000 0.023859
vn 0.088615 0.000000 0.046340
vn 0.088615 0.000000 0.046340
vn 0.075000 0.000000 0.066144
vn 0.075000 0.000000 0.066144
vn 0.057053 0.000000 0.082128
vn 0.057053 0.000000 0.082128
vn 0.035811 0.000000 0.093368
vn 0.035811 0.000000 0.093368
vn 0.012500 0.000000 0.099216
vn 0.012500 0.000000 0.099216
vn 0.100000 -0.000000 -0.000000
vn 0.100000 -0.000000 -0.000000
vn 0.035811 0.000000 0.093368
vn 0.035811 0.000000 0.093368
vn 0.057053 0.000000 0.082128
vn 0.057053 0.000000 0.082128
vn 0.075000 0.000000 0.066144
vn 0.075000 0.000000 0.066144
vn 0.088615 0.000000 0.046340
vn 0.088615 0.000000 0.046340
vn 0.097112 0.000000 0.023859
vn 0.097112 0.000000 0.023859
vn 0.100000 0.000000 0.000000
vn 0.100000 -0.000000 -0.000000
vn 0.100000 0.000000 0.000000
vn 0.100000 0.000000 0.000000
vn 0.000000 -0.100000 0.000000
vn 0.000000 -0.100000 0.000000
vn 0.000000 -0.100000 0.000000
vn 0.000000 -0.100000 0.000000
vn 0.000000 -0.100000 0.000000
vn 0.000000 -0.100000 0.000000
vn 0.000000 -0.100000 0.000000
vn 0.000000 -0.100000 0.000000
vn 0.000000 -0.100000 0.000000
vn 0.000000 -0.100000 0.000000
vn 0.000000 -0.100000 0.000000
vn 0.000000 -0.100000 0.000000
vn 0.000000 -0.100000 0.000000
vn 0.000000 -0.100000 0.000000
vn 0.000000 -0.100000 0.000000
vn 0.000000 -0.100000 0.000000
vn 0.000000 -0.100000 0.000000
vn 0.000000 -0.100000 0.000000
vn 0.000000 -0.100000 0.000000
vn 0.000000 -0.100000 0.000000
vn 0.000000 -0.100000 0.000000
vn 0.000000 -0.100000 0.000000
vn 0.000000 -0.100000 0.000000
vn 0.000000 -0.100000 0.000000
vn 0.000000 -0.100000 0.000000
vn 0.000000 -0.100000 0.000000
vn 0.000000 -0.100000 0.000000
vn 0.000000 -0.100000 0.000000
vn 0.000000 -0.100000 0.000000
vn 0.000000 -0.100000 0.000000
vn -0.100000 0.000000 0.000000
vn -0.100000 -0.000000 -0.000000
vn -0.097112 0.000000 0.023859
vn -0.097112 0.000000 0.023859
vn -0.088615 0.000000 0.046340
vn -0.088615 0.000000 0.046340
vn -0.075000 0.000000 0.066144
vn -0.075000 0.000000 0.066144
vn -0.057053 0.000000 0.082128
vn -0.057053 0.000000 0.082128
vn -0.035811 0.000000 0.093368
vn -0.035811 0.000000 0.093368
vn -0.012500 0.000000 0.099216
vn -0.012500 0.000000 0.099216
vn -0.100000 0.000000 0.000000
vn -0.100000 0.000000 0.000000
vn -0.035811 0.000000 0.093368
vn -0.035811 0.000000 0.093368
vn -0.057053 0.000000 0.082128
vn -0.057053 0.000000 0.082128
vn -0.075000 0.000000 0.066144
vn -0.075000 0.000000 0.066144
vn -0.088615 0.000000 0.046340
vn -0.088615 0.000000 0.046340
vn -0.097112 0.000000 0.023859
vn -0.097112 0.000000 0.023859
vn -0.100000 -0.000000 -0.000000
vn -0.100000 0.000000 0.000000
vn -0.100000 -0.000000 -0.000000
vn -0.100000 -0.000000 -0.000000
vn 0.000000 0.100000 -0.000000
vn 0.000000 0.100000 -0.000000
vn 0.000000 0.100000 -0.000000
vn 0.000000 0.100000 -0.000000
vn 0.000000 0.100000 -0.000000
vn 0.000000 0.100000 -0.000000
vn 0.000000 0.100000 -0.000000
vn 0.000000 0.100000 -0.000000
vn 0.000000 0.100000 -0.000000
vn 0.000000 0.100000 -0.000000
vn 0.000000 0.100000 -0.000000
vn 0.000000 0.100000 -0.000000
vn 0.000000 0.100000 -0.000000
vn 0.000000 0.100000 -0.000000
vn 0.000000 0.100000 -0.000000
vn 0.000000 0.100000 -0.000000
vn 0.000000 0.100000 -0.000000
vn 0.000000 0.100000 -0.000000
vn 0.000000 0.100000 -0.000000
vn 0.000000 0.100000 -0.000000
vn 0.000000 0.100000 -0.000000
vn 0.000000 0.100000 -0.000000
vn 0.000000 0.100000 -0.000000
vn 0.000000 0.100000 -0.000000
vn 0.000000 0.100000 -0.000000
vn 0.000000 0.100000 -0.000000
vn 0.000000 0.100000 -0.000000
vn 0.000000 0.100000 -0.000000
vn 0.000000 0.100000 -0.000000
vn 0.000000 0.100000 -0.000000
vn 0.000000 -0.061837 -0.078589
vn 0.000000 -0.061837 -0.078589
vn -0.019590 -0.060639 -0.077066
vn -0.025882 -0.059730 -0.075911
vn -0.038951 -0.056953 -0.072382
vn -0.050000 -0.053552 -0.068060
vn -0.056685 -0.050943 -0.064743
vn -0.070711 -0.043725 -0.055571
vn -0.071649 -0.043137 -0.054823
vn -0.083851 -0.033694 -0.042822
vn -0.086603 -0.030918 -0.039294
vn -0.092944 -0.022817 -0.028998
vn -0.096593 -0.016005 -0.020340
vn -0.098317 -0.011296 -0.014357
vn -0.100000 -0.000000 -0.000000
vn -0.097389 -0.014039 -0.017843
vn -0.092984 -0.022754 -0.028918
vn -0.085682 -0.031884 -0.040521
vn -0.076007 -0.040185 -0.051071
vn -0.063991 -0.047519 -0.060392
vn -0.049753 -0.053640 -0.068171
vn -0.033872 -0.058182 -0.073943
vn -0.017017 -0.060935 -0.077442
vn 0.000000 -0.061837 -0.078589
vn 0.000000 -0.061837 -0.078589
vn 0.000000 -0.061837 -0.078589
vn 0.100000 0.000000 0.000000
vn 0.100000 0.000000 0.000000
vn 0.098317 -0.011296 -0.014357
vn 0.096593 -0.016005 -0.020340
vn 0.092944 -0.022817 -0.028998
vn 0.086603 -0.030918 -0.039294
vn 0.083851 -0.033694 -0.042822
vn 0.070711 -0.043725 -0.055571
vn 0.071649 -0.043137 -0.054823
vn 0.056685 -0.050943 -0.064743
vn 0.050000 -0.053552 -0.068060
vn 0.038951 -0.056953 -0.072382
vn 0.025882 -0.059730 -0.075911
vn 0.019590 -0.060639 -0.077066
vn 0.000000 -0.061837 -0.078589
vn 0.000000 -0.061837 -0.078589
vn 0.092984 -0.022754 -0.028918
vn 0.096593 -0.016005 -0.020340
vn 0.097389 -0.014039 -0.017843
vn 0.100000 0.000000 -0.000000
vn 0.086603 -0.030918 -0.039294
vn 0.085682 -0.031884 -0.040521
vn 0.076007 -0.040185 -0.051071
vn 0.070711 -0.043725 -0.055571
vn 0.063991 -0.047519 -0.060392
vn 0.049753 -0.053640 -0.068171
vn 0.033872 -0.058182 -0.073943
vn 0.017017 -0.060935 -0.077442
vn 0.000000 -0.061837 -0.078589
vn 0.100000 0.000000 0.000000
vn 0.100000 0.000000 0.000000
vn 0.100000 0.000000 0.000000
vn 0.083648 -0.033887 -0.043067
vn 0.082834 -0.034643 -0.044028
vn 0.090531 -0.026266 -0.033381
vn 0.092244 -0.023878 -0.030346
vn 0.095754 -0.017828 -0.022658
vn 0.098042 -0.012177 -0.015476
vn 0.098933 -0.009010 -0.011451
vn 0.100000 -0.000000 -0.000000
vn 0.100000 0.000000 0.000000
vn 0.075184 -0.040772 -0.051818
vn 0.070180 -0.044051 -0.055985
vn 0.065435 -0.046761 -0.059428
vn 0.055205 -0.051560 -0.065528
vn 0.054114 -0.052001 -0.066088
vn 0.041462 -0.056271 -0.071515
vn 0.037876 -0.057230 -0.072734
vn 0.027899 -0.059382 -0.075468
vn 0.019105 -0.060698 -0.077141
vn 0.013895 -0.061237 -0.077826
vn 0.000000 -0.061837 -0.078589
vn 0.000000 -0.061837 -0.078589
vn 0.100000 0.000000 0.000000
vn 0.100000 0.000000 0.000000
vn 0.000000 0.062251 -0.078261
vn 0.000000 0.062251 -0.078261
vn 0.000000 0.062251 -0.078261
vn 0.000000 0.062251 -0.078261
vn 0.000000 0.062251 -0.078261
vn 0.000000 0.062251 -0.078261
vn 0.000000 0.062251 -0.078261
vn 0.000000 0.062251 -0.078261
vn 0.000000 0.062251 -0.078261
vn 0.000000 0.062251 -0.078261
vn 0.000000 0.062251 -0.078261
vn 0.000000 0.062251 -0.078261
vn 0.000000 0.069666 -0.071741
vn 0.000000 0.078125 -0.062422
vn 0.000000 0.069666 -0.071741
vn 0.000000 0.074759 -0.066416
vn 0.000000 0.077652 -0.063010
vn 0.000000 0.078589 -0.061837
vn 0.000000 0.078589 -0.061837
vn 0.000000 0.079321 -0.060895
vn 0.000000 0.081434 -0.058039
vn 0.000000 0.084706 -0.053149
vn 0.000000 0.090070 -0.043445
vn 0.000000 0.084706 -0.053149
vn 0.000000 0.088696 -0.046186
vn 0.000000 0.092766 -0.037343
vn 0.000000 0.097486 -0.022282
vn 0.000000 0.096413 -0.026544
vn 0.000000 0.099070 -0.013609
vn 0.000000 0.099070 -0.013609
vn 0.000000 0.100000 -0.000000
vn 0.000000 0.100000 -0.000000
vn 0.000000 0.088696 -0.046186
vn 0.000000 0.092766 -0.037343
vn 0.000000 0.096413 -0.026544
vn 0.000000 0.081434 -0.058039
vn 0.000000 0.079321 -0.060895
vn 0.000000 0.078589 -0.061837
vn 0.000000 0.078589 -0.061837
vn 0.000000 0.077652 -0.063010
vn 0.000000 0.074759 -0.066416
vn -0.055205 -0.051560 -0.065528
vn -0.065435 -0.046761 -0.059428
vn -0.070180 -0.044051 -0.055985
vn -0.075184 -0.040772 -0.051818
vn -0.082834 -0.034643 -0.044028
vn -0.083648 -0.033887 -0.043067
vn -0.090531 -0.026266 -0.033381
vn -0.037876 -0.057230 -0.072734
vn -0.041462 -0.056271 -0.071515
vn -0.054114 -0.052001 -0.066088
vn -0.027899 -0.059382 -0.075468
vn -0.019105 -0.060698 -0.077141
vn -0.013895 -0.061237 -0.077826
vn -0.092244 -0.023878 -0.030346
vn -0.095754 -0.017828 -0.022658
vn -0.098042 -0.012177 -0.015476
vn -0.098933 -0.009010 -0.011451
vn -0.100000 -0.000000 -0.000000
vn -0.100000 0.000000 0.000000
vn -0.100000 0.000000 0.000000
vn -0.100000 0.000000 0.000000
vn -0.100000 0.000000 0.000000
vn -0.100000 0.000000 0.000000
vn -0.100000 0.000000 0.000000
vn -0.100000 0.000000 0.000000
vn -0.100000 0.000000 0.000000
vn -0.100000 0.000000 0.000000
vn -0.100000 0.000000 0.000000
vn -0.100000 0.000000 0.000000
vn -0.100000 0.000000 0.000000
vn 0.000000 -0.076604 -0.064279
vn 0.000000 -0.076604 -0.064279
vn 0.000000 -0.076604 -0.064279
vn 0.000000 -0.076604 -0.064279
vn 0.100000 -0.000000 0.000000
vn 0.100000 -0.000000 0.000000
vn 0.100000 -0.000000 0.000000
vn 0.100000 -0.000000 0.000000
vn 0.000000 0.076604 0.064279
vn 0.000000 0.076604 0.064279
vn 0.000000 0.059437 0.080419
vn 0.000000 0.059437 0.080419
vn 0.000000 0.038970 0.092094
vn 0.000000 0.038970 0.092094
vn 0.000000 0.016339 0.098656
vn 0.000000 0.016339 0.098656
vn 0.000000 -0.007199 0.099741
vn 0.000000 -0.007199 0.099741
vn 0.000000 -0.063168 -0.077523
vn 0.000000 -0.063168 -0.077523
vn 0.000000 -0.047484 -0.088007
vn 0.000000 -0.047484 -0.088007
vn 0.000000 -0.030109 -0.095360
vn 0.000000 -0.030109 -0.095360
vn 0.000000 -0.011663 -0.099318
vn 0.000000 -0.011663 -0.099318
vn 0.000000 0.007199 -0.099741
vn 0.000000 0.007199 -0.099741
vn 0.100000 0.000000 0.000000
vn 0.100000 0.000000 0.000000
vn 0.100000 0.000000 0.000000
vn 0.100000 0.000000 0.000000
vn 0.100000 0.000000 0.000000
vn 0.100000 0.000000 0.000000
vn 0.100000 0.000000 0.000000
vn 0.100000 0.000000 0.000000
vn 0.100000 0.000000 0.000000
vn 0.100000 0.000000 0.000000
vn 0.000000 0.076604 0.064279
vn 0.000000 0.076604 0.064279
vn 0.000000 0.090631 0.042262
vn 0.000000 0.090631 0.042262
vn 0.000000 0.098481 0.017365
vn 0.000000 0.098481 0.017365
vn 0.000000 0.099619 -0.008716
vn 0.000000 0.099619 -0.008716
vn 0.000000 0.093969 -0.034202
vn 0.000000 0.093969 -0.034202
vn -0.100000 0.000000 -0.000000
vn -0.100000 0.000000 -0.000000
vn 0.100000 0.000000 0.000000
vn 0.100000 0.000000 0.000000
vn 0.100000 0.000000 0.000000
vn 0.100000 0.000000 0.000000
vn 0.100000 0.000000 0.000000
vn 0.100000 0.000000 0.000000
vn 0.100000 0.000000 0.000000
vn 0.100000 0.000000 0.000000
vn 0.100000 0.000000 0.000000
vn 0.000000 0.093969 -0.034202
vn 0.000000 0.093969 -0.034202
vn -0.100000 -0.000000 -0.000000
vn -0.100000 -0.000000 -0.000000
vn -0.100000 -0.000000 -0.000000
vn -0.100000 -0.000000 -0.000000
vn 0.000000 -0.086603 -0.050000
vn 0.000000 -0.086603 -0.050000
vn 0.000000 -0.093969 -0.034202
vn 0.000000 -0.093969 -0.034202
vn 0.000000 -0.098481 -0.017365
vn 0.000000 -0.098481 -0.017365
vn 0.000000 -0.100000 0.000000
vn 0.000000 -0.100000 0.000000
vn 0.000000 -0.098481 0.017365
vn 0.000000 -0.098481 0.017365
vn 0.000000 -0.093969 0.034202
vn 0.000000 -0.093969 0.034202
vn -0.100000 0.000000 0.000000
vn -0.100000 0.000000 0.000000
vn -0.100000 0.000000 0.000000
vn -0.100000 0.000000 0.000000
vn -0.100000 0.000000 0.000000
vn -0.100000 0.000000 0.000000
vn -0.100000 0.000000 0.000000
vn -0.100000 0.000000 0.000000
vn -0.100000 0.000000 0.000000
vn -0.100000 0.000000 0.000000
vn -0.100000 0.000000 0.000000
vn -0.100000 0.000000 0.000000
vn -0.100000 0.000000 0.000000
vn -0.100000 0.000000 0.000000
vn -0.100000 0.000000 0.000000
vn -0.100000 0.000000 0.000000
vn -0.100000 0.000000 0.000000
vn -0.100000 0.000000 0.000000
vn -0.100000 0.000000 0.000000
vn -0.100000 0.000000 0.000000
vn -0.100000 0.000000 0.000000
vn -0.100000 0.000000 0.000000
vn -0.100000 0.000000 0.000000
vn 0.000000 -0.093969 0.034202
vn 0.000000 -0.093969 0.034202
vn 0.000000 -0.085329 0.052144
vn 0.000000 -0.085329 0.052144
vn 0.000000 -0.073305 0.068017
vn 0.000000 -0.073305 0.068017
vn 0.000000 -0.058374 0.081194
vn 0.000000 -0.058374 0.081194
vn 0.000000 -0.041129 0.091151
vn 0.000000 -0.041129 0.091151
vn 0.000000 -0.022252 0.097493
vn 0.000000 -0.022252 0.097493
vn 0.000000 -0.002493 0.099969
vn 0.000000 -0.002493 0.099969
vn -0.000000 0.017365 0.098481
vn -0.000000 0.017365 0.098481
vn -0.000000 0.036534 0.093087
vn -0.000000 0.036534 0.093087
vn -0.000000 0.054255 0.084003
vn -0.000000 0.054255 0.084003
vn -0.000000 0.069824 0.071587
vn -0.000000 0.069824 0.071587
vn -0.000000 0.082624 0.056332
vn -0.000000 0.082624 0.056332
vn -0.000000 0.092148 0.038843
vn -0.000000 0.092148 0.038843
vn -0.000000 0.098017 0.019815
vn -0.000000 0.098017 0.019815
vn 0.100000 0.000000 0.000000
vn 0.100000 0.000000 0.000000
vn -0.100000 0.000000 0.000000
vn -0.100000 0.000000 0.000000
vn -0.100000 0.000000 0.000000
vn -0.100000 0.000000 0.000000
vn -0.100000 0.000000 0.000000
vn -0.100000 0.000000 0.000000
vn -0.100000 0.000000 0.000000
vn -0.100000 0.000000 0.000000
vn 0.000000 0.082368 -0.056706
vn 0.000000 0.082368 -0.056706
vn 0.000000 0.065486 -0.075575
vn 0.000000 0.065486 -0.075575
vn 0.000000 0.044407 -0.089599
vn 0.000000 0.044407 -0.089599
vn 0.000000 0.020481 -0.097880
vn 0.000000 0.020481 -0.097880
vn 0.000000 -0.004758 -0.099887
vn 0.000000 -0.004758 -0.099887
vn 0.000000 -0.029692 -0.095490
vn 0.000000 -0.029692 -0.095490
vn 0.000000 -0.052723 -0.084973
vn 0.000000 -0.052723 -0.084973
vn 0.000000 -0.072373 -0.069008
vn 0.000000 -0.072373 -0.069008
vn 0.000000 -0.087385 -0.048620
vn 0.000000 -0.087385 -0.048620
vn 0.000000 -0.096795 -0.025115
vn 0.000000 -0.096795 -0.025115
vn 0.000000 0.098389 -0.017880
vn 0.000000 0.098389 -0.017880
vn 0.000000 0.093606 -0.035184
vn 0.000000 0.093606 -0.035184
vn 0.000000 0.085806 -0.051354
vn 0.000000 0.085806 -0.051354
vn 0.000000 0.075241 -0.065869
vn 0.000000 0.075241 -0.065869
vn 0.100000 0.000000 0.000000
vn 0.100000 0.000000 0.000000
vn 0.100000 0.000000 0.000000
vn 0.100000 0.000000 0.000000
vn 0.100000 0.000000 0.000000
vn 0.100000 0.000000 0.000000
vn 0.100000 0.000000 0.000000
vn 0.000000 -0.062251 0.078261
vn 0.000000 -0.062251 0.078261
vn 0.000000 -0.062251 0.078261
vn 0.000000 -0.062251 0.078261
vn 0.000000 -0.062251 0.078261
vn 0.000000 -0.062251 0.078261
vn 0.000000 -0.062251 0.078261
vn 0.000000 -0.062251 0.078261
vn 0.000000 -0.062251 0.078261
vn 0.000000 -0.062251 0.078261
vn -0.100000 -0.000000 0.000000
vn -0.100000 -0.000000 0.000000
vn -0.100000 -0.000000 0.000000
vn -0.100000 -0.000000 0.000000
vn -0.100000 -0.000000 0.000000
vn -0.100000 -0.000000 0.000000
vn -0.100000 -0.000000 0.000000
vn -0.100000 -0.000000 0.000000
vn -0.100000 -0.000000 0.000000
vn 0.000000 -0.078589 0.061837
vn 0.000000 -0.078342 0.062149
vn 0.000000 -0.078589 0.061837
vn 0.000000 -0.078342 0.062149
vn 0.000000 -0.078589 0.061837
vn 0.000000 -0.078589 0.061837
vn 0.000000 -0.077593 0.063082
vn 0.000000 -0.077593 0.063082
vn 0.000000 -0.076311 0.064627
vn 0.000000 -0.076311 0.064627
vn 0.000000 -0.074489 0.066719
vn 0.000000 -0.074489 0.066719
vn 0.000000 -0.072181 0.069209
vn 0.000000 -0.072181 0.069209
vn 0.000000 -0.069428 0.071970
vn 0.000000 -0.069428 0.071970
vn 0.000000 -0.066110 0.075029
vn 0.000000 -0.066110 0.075029
vn 0.000000 -0.079072 0.061218
vn 0.000000 -0.079072 0.061218
vn 0.000000 -0.080503 0.059323
vn 0.000000 -0.080503 0.059323
vn 0.000000 -0.082756 0.056137
vn 0.000000 -0.082756 0.056137
vn 0.000000 -0.085492 0.051877
vn 0.000000 -0.085492 0.051877
vn 0.000000 -0.088536 0.046490
vn 0.000000 -0.091652 0.039998
vn 0.000000 -0.091652 0.039998
vn 0.000000 -0.088536 0.046490
vn 0.000000 -0.094488 0.032741
vn 0.000000 -0.094488 0.032741
vn 0.000000 -0.096763 0.025239
vn 0.000000 -0.096763 0.025239
vn 0.000000 -0.098557 0.016928
vn 0.000000 -0.099639 0.008495
vn 0.000000 -0.099639 0.008495
vn 0.000000 -0.098557 0.016928
vn 0.000000 -0.097486 0.022282
vn 0.000000 -0.097486 0.022282
vn 0.000000 -0.097486 0.022282
vn 0.000000 -0.090070 0.043445
vn 0.000000 -0.090070 0.043445
vn 0.000000 -0.078125 0.062422
vn 0.000000 -0.078125 0.062422
vn 0.000000 -0.078125 0.062422
vn 0.000000 -0.090070 0.043445
vn 0.000000 0.100000 0.000000
vn 0.000000 0.100000 0.000000
vn 0.000000 0.100000 0.000000
vn 0.000000 0.100000 0.000000
vn 0.000000 0.100000 0.000000
vn 0.000000 0.100000 0.000000
vn 0.000000 0.100000 0.000000
vn 0.000000 0.100000 0.000000
vn 0.000000 0.100000 0.000000
vn 0.000000 0.100000 0.000000
vn 0.000000 0.100000 0.000000
vn 0.000000 0.100000 0.000000
vn 0.000000 0.100000 0.000000
vn 0.000000 0.100000 0.000000
vn 0.000000 0.100000 0.000000
vn 0.000000 0.100000 0.000000
vn 0.000000 0.100000 0.000000
vn 0.000000 0.100000 0.000000
vn 0.000000 0.100000 0.000000
vn 0.000000 0.100000 0.000000
vn 0.000000 0.100000 0.000000
vn 0.000000 0.100000 0.000000
vn 0.000000 0.100000 0.000000
vn 0.000000 0.100000 0.000000
vn 0.100000 0.000000 0.000000
vn 0.100000 0.000000 0.000000
vn 0.100000 0.000000 0.000000
vn 0.100000 0.000000 0.000000
vn 0.100000 0.000000 0.000000
vn 0.100000 0.000000 0.000000
vn 0.100000 0.000000 0.000000
vn 0.100000 0.000000 0.000000
vn 0.100000 0.000000 0.000000
vn 0.100000 0.000000 0.000000
vn 0.100000 0.000000 0.000000
vn 0.100000 0.000000 0.000000
vn 0.100000 0.000000 0.000000
vn 0.100000 0.000000 0.000000
vn 0.100000 0.000000 0.000000
vn 0.100000 0.000000 0.000000
vn 0.100000 0.000000 0.000000
vn 0.100000 0.000000 0.000000
vn 0.100000 0.000000 0.000000
vn 0.100000 0.000000 0.000000
vn 0.100000 0.000000 0.000000
vn 0.100000 0.000000 0.000000
vn 0.100000 0.000000 0.000000
vn -0.000000 0.099741 0.007199
vn -0.000000 0.099741 0.007199
vn -0.000000 0.099741 0.007199
vn -0.000000 0.099741 0.007199
vn -0.096701 0.000000 -0.025473
vn -0.096701 0.000000 -0.025473
vn -0.087933 0.000000 -0.047621
vn -0.087933 0.000000 -0.047621
vn -0.074176 0.000000 -0.067067
vn -0.074176 0.000000 -0.067067
vn -0.056210 0.000000 -0.082707
vn -0.056210 0.000000 -0.082707
vn -0.035054 0.000000 -0.093655
vn -0.035054 0.000000 -0.093655
vn -0.011910 0.000000 -0.099288
vn -0.011910 0.000000 -0.099288
vn 0.011910 0.000000 -0.099288
vn 0.011910 0.000000 -0.099288
vn 0.035054 0.000000 -0.093655
vn 0.035054 0.000000 -0.093655
vn 0.056210 0.000000 -0.082707
vn 0.056210 0.000000 -0.082707
vn 0.074176 0.000000 -0.067067
vn 0.074176 0.000000 -0.067067
vn 0.087933 0.000000 -0.047621
vn 0.087933 0.000000 -0.047621
vn 0.096701 0.000000 -0.025473
vn 0.096701 0.000000 -0.025473
vn -0.096701 0.000000 -0.025473
vn -0.096701 0.000000 -0.025473
vn -0.100000 0.000000 0.000000
vn -0.100000 0.000000 0.000000
f 1288/3001/2537 1281/3002/2538 1287/3003/2539
f 1287/3003/2539 1281/3002/2538 1282/3004/2540
f 1287/3003/2539 1282/3004/2540 1286/3005/2541
f 1286/3005/2541 1282/3004/2540 1283/3006/2542
f 1286/3005/2541 1283/3006/2542 1285/3007/2543
f 1285/3007/2543 1283/3006/2542 1284/3008/2544
f 1291/3009/2545 1281/3010/2538 1290/3011/2546
f 1290/3011/2546 1281/3010/2538 1288/3012/2537
f 1290/3011/2546 1288/3012/2537 1289/3013/2547
f 1287/3014/2548 1286/3015/2549 1288/3016/2550
f 1288/3016/2550 1286/3015/2549 1285/3017/2551
f 1288/3016/2550 1285/3017/2551 1292/3018/2552
f 1293/3019/2553 1294/3020/2554 1292/3018/2552
f 1292/3018/2552 1294/3020/2554 1295/3021/2555
f 1292/3018/2552 1295/3021/2555 1289/3022/2556
f 1289/3022/2556 1295/3021/2555 1296/3023/2557
f 1289/3022/2556 1296/3023/2557 1297/3024/2558
f 1297/3024/2558 1298/3025/2559 1289/3022/2556
f 1289/3022/2556 1298/3025/2559 1308/3026/2560
f 1308/3026/2560 1298/3025/2559 1299/3027/2561
f 1308/3026/2560 1299/3027/2561 1300/3028/2562
f 1308/3026/2560 1300/3028/2562 1303/3029/2563
f 1303/3029/2563 1300/3028/2562 1301/3030/2564
f 1303/3029/2563 1301/3030/2564 1302/3031/2565
f 1308/3026/2560 1303/3029/2563 1307/3032/2566
f 1307/3032/2566 1303/3029/2563 1304/3033/2567
f 1307/3032/2566 1304/3033/2567 1305/3034/2568
f 1305/3034/2568 1306/3035/2569 1307/3032/2566
f 1289/3022/2556 1288/3016/2550 1292/3018/2552
f 1312/3036/2570 1307/3037/2571 1311/3038/2572
f 1311/3038/2572 1307/3037/2571 1306/3039/2573
f 1311/3038/2572 1306/3039/2573 1310/3040/2574
f 1310/3040/2574 1306/3039/2573 1305/3041/2575
f 1310/3040/2574 1305/3041/2575 1309/3042/2576
f 1309/3042/2576 1305/3041/2575 1304/3043/2577
f 1308/3044/2578 1307/3045/2571 1314/3046/2579
f 1314/3046/2579 1307/3045/2571 1312/3047/2570
f 1314/3046/2579 1312/3047/2570 1313/3048/2580
f 1328/3049/2581 1315/3050/2582 1327/3051/2583
f 1327/3051/2583 1315/3050/2582 1316/3052/2584
f 1327/3051/2583 1316/3052/2584 1326/3053/2585
f 1326/3053/2585 1316/3052/2584 1317/3054/2586
f 1326/3053/2585 1317/3054/2586 1325/3055/2587
f 1325/3055/2587 1317/3054/2586 1318/3056/2588
f 1325/3055/2587 1318/3056/2588 1324/3057/2589
f 1324/3057/2589 1318/3056/2588 1319/3058/2590
f 1324/3057/2589 1319/3058/2590 1323/3059/2591
f 1323/3059/2591 1319/3058/2590 1320/3060/2592
f 1323/3059/2591 1320/3060/2592 1322/3061/2593
f 1322/3061/2593 1320/3060/2592 1321/3062/2594
f 1328/3063/2581 1329/3064/2595 1315/3065/2582
f 1315/3065/2582 1329/3064/2595 1330/3066/2596
f 1322/3067/2593 1321/3068/2594 1342/3069/2597
f 1342/3069/2597 1321/3068/2594 1331/3070/2598
f 1342/3069/2597 1331/3070/2598 1341/3071/2599
f 1341/3071/2599 1331/3070/2598 1332/3072/2600
f 1341/3071/2599 1332/3072/2600 1340/3073/2601
f 1340/3073/2601 1332/3072/2600 1333/3074/2602
f 1340/3073/2601 1333/3074/2602 1339/3075/2603
f 1339/3075/2603 1333/3074/2602 1334/3076/2604
f 1339/3075/2603 1334/3076/2604 1338/3077/2605
f 1338/3077/2605 1334/3076/2604 1335/3078/2606
f 1338/3077/2605 1335/3078/2606 1337/3079/2607
f 1337/3079/2607 1335/3078/2606 1336/3080/2608
f 1336/3081/2608 1343/3082/2609 1337/3083/2607
f 1337/3083/2607 1343/3082/2609 1344/3084/2610
f 1331/3085/2611 1321/3086/2612 1336/3087/2613
f 1336/3087/2613 1321/3086/2612 1320/3088/2614
f 1336/3087/2613 1320/3088/2614 1343/3089/2615
f 1343/3089/2615 1320/3088/2614 1319/3090/2616
f 1343/3089/2615 1319/3090/2616 1318/3091/2617
f 1318/3091/2617 1317/3092/2618 1343/3089/2615
f 1343/3089/2615 1317/3092/2618 1348/3093/2619
f 1343/3089/2615 1348/3093/2619 1359/3094/2620
f 1359/3094/2620 1348/3093/2619 1349/3095/2621
f 1359/3094/2620 1349/3095/2621 1350/3096/2622
f 1348/3093/2619 1317/3092/2618 1347/3097/2623
f 1347/3097/2623 1317/3092/2618 1316/3098/2624
f 1347/3097/2623 1316/3098/2624 1346/3099/2625
f 1346/3099/2625 1316/3098/2624 1315/3100/2626
f 1346/3099/2625 1315/3100/2626 1345/3101/2627
f 1345/3101/2627 1315/3100/2626 1330/3102/2628
f 1350/3096/2622 1351/3103/2629 1359/3094/2620
f 1359/3094/2620 1351/3103/2629 1358/3104/2630
f 1358/3104/2630 1351/3103/2629 1352/3105/2631
f 1358/3104/2630 1352/3105/2631 1353/3106/2632
f 1353/3106/2632 1354/3107/2633 1358/3104/2630
f 1358/3104/2630 1354/3107/2633 1355/3108/2634
f 1358/3104/2630 1355/3108/2634 1356/3109/2635
f 1356/3109/2635 1357/3110/2636 1358/3104/2630
f 1335/3111/2637 1334/3112/2638 1336/3087/2613
f 1336/3087/2613 1334/3112/2638 1333/3113/2639
f 1336/3087/2613 1333/3113/2639 1332/3114/2640
f 1332/3114/2640 1331/3085/2611 1336/3087/2613
f 1346/3115/2641 1360/3116/2642 1347/3117/2643
f 1347/3117/2643 1360/3116/2642 1361/3118/2644
f 1347/3117/2643 1361/3118/2644 1348/3119/2645
f 1348/3119/2645 1361/3118/2644 1362/3120/2646
f 1348/3119/2645 1362/3120/2646 1349/3121/2647
f 1349/3121/2647 1362/3120/2646 1363/3122/2648
f 1349/3121/2647 1363/3122/2648 1350/3123/2649
f 1350/3123/2649 1363/3122/2648 1364/3124/2650
f 1350/3123/2649 1364/3124/2650 1351/3125/2651
f 1351/3125/2651 1364/3124/2650 1365/3126/2652
f 1351/3125/2651 1365/3126/2652 1352/3127/2653
f 1352/3127/2653 1365/3126/2652 1366/3128/2654
f 1346/3129/2641 1345/3130/2655 1360/3131/2642
f 1360/3131/2642 1345/3130/2655 1367/3132/2656
f 1352/3133/2653 1366/3134/2654 1353/3135/2657
f 1353/3135/2657 1366/3134/2654 1368/3136/2658
f 1353/3135/2657 1368/3136/2658 1354/3137/2659
f 1354/3137/2659 1368/3136/2658 1369/3138/2660
f 1354/3137/2659 1369/3138/2660 1355/3139/2661
f 1355/3139/2661 1369/3138/2660 1370/3140/2662
f 1355/3139/2661 1370/3140/2662 1356/3141/2663
f 1356/3141/2663 1370/3140/2662 1371/3142/2664
f 1356/3141/2663 1371/3142/2664 1357/3143/2665
f 1357/3143/2665 1371/3142/2664 1372/3144/2666
f 1357/3143/2665 1372/3144/2666 1358/3145/2667
f 1358/3145/2667 1372/3144/2666 1373/3146/2668
f 1373/3147/2668 1374/3148/2669 1358/3149/2667
f 1358/3149/2667 1374/3148/2669 1359/3150/2670
f 1323/3151/2671 1322/3152/2672 1337/3153/2673
f 1337/3153/2673 1322/3152/2672 1342/3154/2674
f 1337/3153/2673 1342/3154/2674 1341/3155/2675
f 1341/3155/2675 1340/3156/2676 1337/3153/2673
f 1337/3153/2673 1340/3156/2676 1339/3157/2677
f 1337/3153/2673 1339/3157/2677 1338/3158/2678
f 1337/3153/2673 1344/3159/2679 1323/3151/2671
f 1323/3151/2671 1344/3159/2679 1324/3160/2680
f 1324/3160/2680 1344/3159/2679 1325/3161/2681
f 1325/3161/2681 1344/3159/2679 1326/3162/2682
f 1326/3162/2682 1344/3159/2679 1374/3163/2683
f 1326/3162/2682 1374/3163/2683 1362/3164/2684
f 1362/3164/2684 1374/3163/2683 1363/3165/2685
f 1363/3165/2685 1374/3163/2683 1364/3166/2686
f 1364/3166/2686 1374/3163/2683 1365/3167/2687
f 1365/3167/2687 1374/3163/2683 1373/3168/2688
f 1365/3167/2687 1373/3168/2688 1366/3169/2689
f 1366/3169/2689 1373/3168/2688 1368/3170/2690
f 1368/3170/2690 1373/3168/2688 1369/3171/2691
f 1369/3171/2691 1373/3168/2688 1370/3172/2692
f 1370/3172/2692 1373/3168/2688 1371/3173/2693
f 1371/3173/2693 1373/3168/2688 1372/3174/2694
f 1326/3162/2682 1362/3164/2684 1327/3175/2695
f 1327/3175/2695 1362/3164/2684 1361/3176/2696
f 1327/3175/2695 1361/3176/2696 1328/3177/2697
f 1328/3177/2697 1361/3176/2696 1360/3178/2698
f 1328/3177/2697 1360/3178/2698 1329/3179/2699
f 1329/3179/2699 1360/3178/2698 1367/3180/2700
f 1389/3181/2701 1375/3182/2702 1388/3183/2703
f 1388/3183/2703 1375/3182/2702 1376/3184/2704
f 1388/3183/2703 1376/3184/2704 1387/3185/2705
f 1387/3185/2705 1376/3184/2704 1377/3186/2706
f 1387/3185/2705 1377/3186/2706 1386/3187/2707
f 1386/3187/2707 1377/3186/2706 1378/3188/2708
f 1386/3187/2707 1378/3188/2708 1385/3189/2709
f 1385/3189/2709 1378/3188/2708 1384/3190/2710
f 1384/3190/2710 1378/3188/2708 1379/3191/2711
f 1384/3190/2710 1379/3191/2711 1383/3192/2712
f 1383/3192/2712 1379/3191/2711 1380/3193/2713
f 1383/3192/2712 1380/3193/2713 1382/3194/2714
f 1382/3194/2714 1380/3193/2713 1290/3195/2546
f 1382/3194/2714 1290/3195/2546 1381/3196/2715
f 1291/3197/2545 1290/3198/2546 1390/3199/2716
f 1390/3199/2716 1290/3198/2546 1380/3200/2713
f 1390/3199/2716 1380/3200/2713 1398/3201/2717
f 1398/3201/2717 1380/3200/2713 1379/3202/2711
f 1398/3201/2717 1379/3202/2711 1397/3203/2718
f 1397/3203/2718 1379/3202/2711 1396/3204/2719
f 1396/3204/2719 1379/3202/2711 1378/3205/2708
f 1396/3204/2719 1378/3205/2708 1395/3206/2720
f 1395/3206/2720 1378/3205/2708 1377/3207/2706
f 1395/3206/2720 1377/3207/2706 1394/3208/2721
f 1394/3208/2721 1377/3207/2706 1393/3209/2722
f 1393/3209/2722 1377/3207/2706 1376/3210/2704
f 1393/3209/2722 1376/3210/2704 1392/3211/2723
f 1392/3211/2723 1376/3210/2704 1375/3212/2702
f 1392/3211/2723 1375/3212/2702 1391/3213/2724
f 1391/3214/2724 1375/3215/2702 1400/3216/2725
f 1400/3216/2725 1375/3215/2702 1399/3217/2726
f 1399/3217/2726 1375/3215/2702 1389/3218/2701
f 1415/3219/2727 1314/3220/2728 1414/3221/2729
f 1414/3221/2729 1314/3220/2728 1401/3222/2730
f 1414/3221/2729 1401/3222/2730 1413/3223/2731
f 1413/3223/2731 1401/3222/2730 1402/3224/2732
f 1413/3223/2731 1402/3224/2732 1412/3225/2733
f 1412/3225/2733 1402/3224/2732 1403/3226/2734
f 1412/3225/2733 1403/3226/2734 1411/3227/2735
f 1411/3227/2735 1403/3226/2734 1410/3228/2736
f 1410/3228/2736 1403/3226/2734 1404/3229/2737
f 1410/3228/2736 1404/3229/2737 1409/3230/2738
f 1409/3230/2738 1404/3229/2737 1405/3231/2739
f 1409/3230/2738 1405/3231/2739 1408/3232/2740
f 1408/3232/2740 1405/3231/2739 1406/3233/2741
f 1408/3232/2740 1406/3233/2741 1407/3234/2742
f 1417/3235/2743 1401/3236/2744 1416/3237/2745
f 1416/3237/2745 1401/3236/2744 1314/3238/2746
f 1416/3237/2745 1314/3238/2746 1313/3239/2580
f 1401/3236/2744 1417/3235/2743 1402/3240/2747
f 1402/3240/2747 1417/3235/2743 1418/3241/2748
f 1402/3240/2747 1418/3241/2748 1419/3242/2749
f 1402/3240/2747 1419/3242/2749 1403/3243/2750
f 1403/3243/2750 1419/3242/2749 1420/3244/2751
f 1403/3243/2750 1420/3244/2751 1404/3245/2737
f 1404/3245/2737 1420/3244/2751 1421/3246/2752
f 1404/3245/2737 1421/3246/2752 1422/3247/2753
f 1404/3245/2737 1422/3247/2753 1405/3248/2739
f 1405/3248/2739 1422/3247/2753 1423/3249/2754
f 1405/3248/2739 1423/3249/2754 1406/3250/2741
f 1406/3250/2741 1423/3249/2754 1424/3251/2755
f 1415/3252/2727 1425/3253/2756 1314/3254/2728
f 1314/3254/2728 1425/3253/2756 1426/3255/2757
f 1314/3254/2728 1426/3255/2757 1308/3256/2758
f 1428/3257/2759 1441/3258/2760 1427/3259/2761
f 1427/3259/2761 1441/3258/2760 1442/3260/2762
f 1427/3259/2761 1442/3260/2762 1447/3261/2763
f 1447/3261/2763 1442/3260/2762 1443/3262/2764
f 1447/3261/2763 1443/3262/2764 1446/3263/2765
f 1446/3263/2765 1443/3262/2764 1444/3264/2766
f 1446/3263/2765 1444/3264/2766 1445/3265/2767
f 1428/3257/2759 1429/3266/2768 1441/3258/2760
f 1441/3258/2760 1429/3266/2768 1440/3267/2769
f 1440/3267/2769 1429/3266/2768 1430/3268/2770
f 1440/3267/2769 1430/3268/2770 1439/3269/2771
f 1439/3269/2771 1430/3268/2770 1431/3270/2772
f 1439/3269/2771 1431/3270/2772 1432/3271/2773
f 1439/3269/2771 1432/3271/2773 1438/3272/2774
f 1438/3272/2774 1432/3271/2773 1433/3273/2775
f 1438/3272/2774 1433/3273/2775 1437/3274/2776
f 1437/3274/2776 1433/3273/2775 1434/3275/2777
f 1437/3274/2776 1434/3275/2777 1436/3276/2778
f 1436/3276/2778 1434/3275/2777 1435/3277/2779
f 1445/3278/2767 1444/3279/2766 1449/3280/2780
f 1449/3280/2780 1444/3279/2766 1448/3281/2781
f 1443/3282/2782 1440/3283/2783 1444/3284/2784
f 1444/3284/2784 1440/3283/2783 1450/3285/2785
f 1444/3284/2784 1450/3285/2785 1454/3286/2786
f 1454/3286/2786 1450/3285/2785 1453/3287/2787
f 1453/3287/2787 1450/3285/2785 1452/3288/2788
f 1452/3288/2788 1450/3285/2785 1451/3289/2789
f 1443/3282/2782 1442/3290/2790 1440/3283/2783
f 1440/3283/2783 1442/3290/2790 1441/3291/2791
f 1455/3292/2792 1448/3293/2793 1454/3286/2786
f 1454/3286/2786 1448/3293/2793 1444/3284/2784
f 1439/3294/2794 1459/3295/2795 1440/3296/2783
f 1440/3296/2783 1459/3295/2795 1458/3297/2796
f 1440/3296/2783 1458/3297/2796 1450/3298/2785
f 1439/3294/2794 1438/3299/2797 1459/3295/2795
f 1459/3295/2795 1438/3299/2797 1437/3300/2798
f 1459/3295/2795 1437/3300/2798 1436/3301/2799
f 1436/3301/2799 1424/3302/2800 1459/3295/2795
f 1459/3295/2795 1424/3302/2800 1423/3303/2801
f 1459/3295/2795 1423/3303/2801 1422/3304/2802
f 1422/3304/2802 1421/3305/2803 1459/3295/2795
f 1459/3295/2795 1421/3305/2803 1460/3306/2804
f 1459/3295/2795 1460/3306/2804 1394/3307/2805
f 1394/3307/2805 1460/3306/2804 1395/3308/2806
f 1395/3308/2806 1460/3306/2804 1396/3309/2807
f 1396/3309/2807 1460/3306/2804 1461/3310/2808
f 1396/3309/2807 1461/3310/2808 1397/3311/2809
f 1397/3311/2809 1461/3310/2808 1398/3312/2810
f 1398/3312/2810 1461/3310/2808 1417/3313/2811
f 1398/3312/2810 1417/3313/2811 1390/3314/2812
f 1390/3314/2812 1417/3313/2811 1416/3315/2813
f 1421/3305/2803 1420/3316/2814 1460/3306/2804
f 1460/3306/2804 1420/3316/2814 1419/3317/2815
f 1460/3306/2804 1419/3317/2815 1461/3310/2808
f 1461/3310/2808 1419/3317/2815 1418/3318/2816
f 1461/3310/2808 1418/3318/2816 1417/3313/2811
f 1394/3307/2805 1393/3319/2817 1459/3295/2795
f 1459/3295/2795 1393/3319/2817 1392/3320/2818
f 1459/3295/2795 1392/3320/2818 1391/3321/2819
f 1391/3321/2819 1400/3322/2820 1459/3295/2795
f 1459/3295/2795 1400/3322/2820 1456/3323/2821
f 1459/3295/2795 1456/3323/2821 1457/3324/2822
f 1457/3324/2822 1458/3297/2796 1459/3295/2795
f 1458/3325/2823 1466/3326/2824 1450/3327/2825
f 1450/3327/2825 1466/3326/2824 1467/3328/2826
f 1450/3327/2825 1467/3328/2826 1451/3329/2827
f 1451/3329/2827 1467/3328/2826 1468/3330/2828
f 1451/3329/2827 1468/3330/2828 1469/3331/2829
f 1457/3332/2830 1464/3333/2831 1458/3325/2823
f 1458/3325/2823 1464/3333/2831 1465/3334/2832
f 1458/3325/2823 1465/3334/2832 1466/3326/2824
f 1464/3333/2831 1457/3332/2830 1463/3335/2833
f 1463/3335/2833 1457/3332/2830 1456/3336/2834
f 1463/3335/2833 1456/3336/2834 1462/3337/2835
f 1462/3337/2835 1456/3336/2834 1400/3338/2725
f 1462/3337/2835 1400/3338/2725 1399/3339/2726
f 1451/3329/2827 1469/3331/2829 1452/3340/2836
f 1452/3340/2836 1469/3331/2829 1470/3341/2837
f 1452/3340/2836 1470/3341/2837 1453/3342/2838
f 1453/3342/2838 1470/3341/2837 1471/3343/2839
f 1453/3342/2838 1471/3343/2839 1454/3344/2840
f 1454/3344/2840 1471/3343/2839 1472/3345/2841
f 1474/3346/2842 1475/3347/2843 1473/3348/2844
f 1473/3348/2844 1475/3347/2843 1483/3349/2845
f 1483/3349/2845 1475/3347/2843 1476/3350/2846
f 1483/3349/2845 1476/3350/2846 1482/3351/2847
f 1482/3351/2847 1476/3350/2846 1481/3352/2848
f 1481/3352/2848 1476/3350/2846 1477/3353/2849
f 1481/3352/2848 1477/3353/2849 1480/3354/2850
f 1480/3354/2850 1477/3353/2849 1478/3355/2851
f 1480/3354/2850 1478/3355/2851 1479/3356/2852
f 1473/3357/2853 1484/3358/2854 1486/3359/2855
f 1486/3359/2855 1484/3358/2854 1485/3360/2856
f 1487/3361/2857 1488/3362/2858 1484/3363/2859
f 1484/3363/2859 1488/3362/2858 1485/3364/2860
f 1474/3365/2861 1487/3366/2862 1475/3367/2863
f 1475/3367/2863 1487/3366/2862 1489/3368/2864
f 1475/3367/2863 1489/3368/2864 1476/3369/2865
f 1476/3369/2865 1489/3368/2864 1490/3370/2866
f 1476/3369/2865 1490/3370/2866 1477/3371/2867
f 1477/3371/2867 1490/3370/2866 1491/3372/2868
f 1477/3371/2867 1491/3372/2868 1478/3373/2869
f 1478/3373/2869 1491/3372/2868 1492/3374/2870
f 1484/3375/2854 1473/3376/2853 1497/3377/2871
f 1497/3377/2871 1473/3376/2853 1483/3378/2872
f 1497/3377/2871 1483/3378/2872 1496/3379/2873
f 1496/3379/2873 1483/3378/2872 1482/3380/2874
f 1496/3379/2873 1482/3380/2874 1495/3381/2875
f 1495/3381/2875 1482/3380/2874 1481/3382/2876
f 1495/3381/2875 1481/3382/2876 1494/3383/2877
f 1494/3383/2877 1481/3382/2876 1480/3384/2878
f 1494/3383/2877 1480/3384/2878 1493/3385/2879
f 1493/3385/2879 1480/3384/2878 1479/3386/2880
f 1488/3387/2858 1498/3388/2881 1485/3389/2860
f 1485/3389/2860 1498/3388/2881 1507/3390/2882
f 1507/3390/2882 1498/3388/2881 1499/3391/2883
f 1507/3390/2882 1499/3391/2883 1506/3392/2884
f 1506/3392/2884 1499/3391/2883 1505/3393/2885
f 1505/3393/2885 1499/3391/2883 1500/3394/2886
f 1505/3393/2885 1500/3394/2886 1504/3395/2887
f 1504/3395/2887 1500/3394/2886 1503/3396/2888
f 1503/3396/2888 1500/3394/2886 1502/3397/2889
f 1502/3397/2889 1500/3394/2886 1501/3398/2890
f 1488/3399/2891 1508/3400/2892 1498/3401/2893
f 1498/3401/2893 1508/3400/2892 1509/3402/2894
f 1498/3401/2893 1509/3402/2894 1499/3403/2895
f 1499/3403/2895 1509/3402/2894 1510/3404/2896
f 1499/3403/2895 1510/3404/2896 1500/3405/2897
f 1500/3405/2897 1510/3404/2896 1511/3406/2898
f 1500/3405/2897 1511/3406/2898 1501/3407/2899
f 1501/3407/2899 1511/3406/2898 1512/3408/2900
f 1473/3409/2844 1486/3410/2901 1474/3411/2842
f 1474/3411/2842 1486/3410/2901 1508/3412/2902
f 1487/3413/2857 1484/3414/2859 1489/3415/2903
f 1489/3415/2903 1484/3414/2859 1497/3416/2904
f 1489/3415/2903 1497/3416/2904 1490/3417/2905
f 1490/3417/2905 1497/3416/2904 1496/3418/2906
f 1490/3417/2905 1496/3418/2906 1495/3419/2907
f 1490/3417/2905 1495/3419/2907 1491/3420/2908
f 1491/3420/2908 1495/3419/2907 1494/3421/2909
f 1491/3420/2908 1494/3421/2909 1492/3422/2910
f 1492/3422/2910 1494/3421/2909 1493/3423/2911
f 1501/3424/2899 1512/3425/2900 1514/3426/2912
f 1514/3426/2912 1512/3425/2900 1513/3427/2913
f 1515/3428/2914 1516/3429/2915 1512/3430/2916
f 1512/3430/2916 1516/3429/2915 1513/3431/2917
f 1486/3432/2855 1485/3433/2856 1521/3434/2918
f 1521/3434/2918 1485/3433/2856 1507/3435/2919
f 1521/3434/2918 1507/3435/2919 1520/3436/2920
f 1520/3436/2920 1507/3435/2919 1506/3437/2921
f 1520/3436/2920 1506/3437/2921 1519/3438/2922
f 1519/3438/2922 1506/3437/2921 1505/3439/2923
f 1519/3438/2922 1505/3439/2923 1518/3440/2924
f 1518/3440/2924 1505/3439/2923 1504/3441/2925
f 1518/3440/2924 1504/3441/2925 1517/3442/2926
f 1517/3442/2926 1504/3441/2925 1503/3443/2927
f 1517/3442/2926 1503/3443/2927 1515/3444/2928
f 1515/3444/2928 1503/3443/2927 1502/3445/2929
f 1487/3446/2862 1474/3447/2861 1488/3448/2891
f 1488/3448/2891 1474/3447/2861 1508/3449/2892
f 1513/3450/2917 1516/3451/2915 1544/3452/2930
f 1544/3452/2930 1516/3451/2915 1522/3453/2931
f 1544/3452/2930 1522/3453/2931 1543/3454/2932
f 1543/3454/2932 1522/3453/2931 1542/3455/2933
f 1542/3455/2933 1522/3453/2931 1523/3456/2934
f 1542/3455/2933 1523/3456/2934 1541/3457/2935
f 1541/3457/2935 1523/3456/2934 1524/3458/2936
f 1541/3457/2935 1524/3458/2936 1525/3459/2937
f 1541/3457/2935 1525/3459/2937 1540/3460/2938
f 1540/3460/2938 1525/3459/2937 1526/3461/2939
f 1540/3460/2938 1526/3461/2939 1527/3462/2940
f 1527/3462/2940 1528/3463/2941 1540/3460/2938
f 1540/3460/2938 1528/3463/2941 1529/3464/2942
f 1540/3460/2938 1529/3464/2942 1530/3465/2943
f 1540/3460/2938 1530/3465/2943 1539/3466/2944
f 1539/3466/2944 1530/3465/2943 1531/3467/2945
f 1539/3466/2944 1531/3467/2945 1538/3468/2946
f 1538/3468/2946 1531/3467/2945 1532/3469/2947
f 1538/3468/2946 1532/3469/2947 1537/3470/2948
f 1537/3470/2948 1532/3469/2947 1533/3471/2949
f 1537/3470/2948 1533/3471/2949 1536/3472/2950
f 1536/3472/2950 1533/3471/2949 1534/3473/2951
f 1536/3472/2950 1534/3473/2951 1535/3474/2952
f 1535/3474/2952 1534/3473/2951 1367/3475/2656
f 1535/3474/2952 1367/3475/2656 1345/3476/2655
f 1516/3477/2953 1545/3478/2954 1522/3479/2955
f 1522/3479/2955 1545/3478/2954 1546/3480/2956
f 1522/3479/2955 1546/3480/2956 1523/3481/2957
f 1523/3481/2957 1546/3480/2956 1547/3482/2958
f 1523/3481/2957 1547/3482/2958 1524/3483/2959
f 1524/3483/2959 1547/3482/2958 1548/3484/2960
f 1524/3483/2959 1548/3484/2960 1525/3485/2961
f 1525/3485/2961 1548/3484/2960 1549/3486/2962
f 1525/3485/2961 1549/3486/2962 1526/3487/2963
f 1526/3487/2963 1549/3486/2962 1550/3488/2964
f 1526/3487/2963 1550/3488/2964 1527/3489/2965
f 1527/3489/2965 1550/3488/2964 1551/3490/2966
f 1527/3489/2965 1551/3490/2966 1528/3491/2967
f 1528/3491/2967 1551/3490/2966 1552/3492/2968
f 1528/3491/2967 1552/3492/2968 1529/3493/2969
f 1529/3493/2969 1552/3492/2968 1553/3494/2970
f 1529/3493/2969 1553/3494/2970 1530/3495/2971
f 1530/3495/2971 1553/3494/2970 1554/3496/2972
f 1530/3495/2971 1554/3496/2972 1531/3497/2973
f 1531/3497/2973 1554/3496/2972 1555/3498/2974
f 1531/3497/2973 1555/3498/2974 1532/3499/2975
f 1532/3499/2975 1555/3498/2974 1556/3500/2976
f 1532/3499/2975 1556/3500/2976 1533/3501/2977
f 1533/3501/2977 1556/3500/2976 1557/3502/2978
f 1533/3501/2977 1557/3502/2978 1534/3503/2979
f 1534/3503/2979 1557/3502/2978 1558/3504/2980
f 1534/3503/2979 1558/3504/2980 1367/3505/2700
f 1367/3505/2700 1558/3504/2980 1329/3506/2699
f 1501/3507/2890 1514/3508/2981 1502/3509/2889
f 1502/3509/2889 1514/3508/2981 1545/3510/2982
f 1508/3511/2902 1486/3512/2901 1509/3513/2983
f 1509/3513/2983 1486/3512/2901 1521/3514/2984
f 1509/3513/2983 1521/3514/2984 1510/3515/2985
f 1510/3515/2985 1521/3514/2984 1520/3516/2986
f 1510/3515/2985 1520/3516/2986 1519/3517/2987
f 1510/3515/2985 1519/3517/2987 1511/3518/2988
f 1511/3518/2988 1519/3517/2987 1518/3519/2989
f 1511/3518/2988 1518/3519/2989 1517/3520/2990
f 1517/3520/2990 1515/3521/2914 1511/3518/2988
f 1511/3518/2988 1515/3521/2914 1512/3522/2916
f 1514/3523/2912 1513/3524/2913 1568/3525/2991
f 1568/3525/2991 1513/3524/2913 1544/3526/2992
f 1568/3525/2991 1544/3526/2992 1567/3527/2993
f 1567/3527/2993 1544/3526/2992 1543/3528/2994
f 1567/3527/2993 1543/3528/2994 1566/3529/2995
f 1566/3529/2995 1543/3528/2994 1542/3530/2996
f 1566/3529/2995 1542/3530/2996 1565/3531/2997
f 1565/3531/2997 1542/3530/2996 1541/3532/2998
f 1565/3531/2997 1541/3532/2998 1564/3533/2999
f 1564/3533/2999 1541/3532/2998 1540/3534/3000
f 1564/3533/2999 1540/3534/3000 1563/3535/3001
f 1563/3535/3001 1540/3534/3000 1539/3536/3002
f 1563/3535/3001 1539/3536/3002 1562/3537/3003
f 1562/3537/3003 1539/3536/3002 1538/3538/3004
f 1562/3537/3003 1538/3538/3004 1561/3539/3005
f 1561/3539/3005 1538/3538/3004 1537/3540/3006
f 1561/3539/3005 1537/3540/3006 1560/3541/3007
f 1560/3541/3007 1537/3540/3006 1536/3542/3008
f 1560/3541/3007 1536/3542/3008 1559/3543/3009
f 1559/3543/3009 1536/3542/3008 1535/3544/3010
f 1559/3543/3009 1535/3544/3010 1330/3545/2628
f 1330/3545/2628 1535/3544/3010 1345/3546/2627
f 1374/3547/2683 1344/3548/2679 1576/3549/3011
f 1576/3549/3011 1344/3548/2679 1569/3550/3012
f 1576/3549/3011 1569/3550/3012 1575/3551/3013
f 1575/3551/3013 1569/3550/3012 1570/3552/3014
f 1575/3551/3013 1570/3552/3014 1574/3553/3015
f 1574/3553/3015 1570/3552/3014 1571/3554/3016
f 1574/3553/3015 1571/3554/3016 1573/3555/3017
f 1573/3555/3017 1571/3554/3016 1572/3556/3018
f 1573/3555/3017 1572/3556/3018 1455/3557/2792
f 1455/3557/2792 1572/3556/3018 1448/3558/2793
f 1344/3559/2610 1343/3560/2609 1569/3561/3019
f 1569/3561/3019 1343/3560/2609 1577/3562/3020
f 1569/3561/3019 1577/3562/3020 1570/3563/3021
f 1570/3563/3021 1577/3562/3020 1578/3564/3022
f 1570/3563/3021 1578/3564/3022 1571/3565/3023
f 1571/3565/3023 1578/3564/3022 1572/3566/3024
f 1572/3566/3024 1578/3564/3022 1579/3567/3025
f 1572/3566/3024 1579/3567/3025 1448/3568/2781
f 1448/3568/2781 1579/3567/3025 1449/3569/2780
f 1515/3570/2928 1502/3571/2929 1516/3572/2953
f 1516/3572/2953 1502/3571/2929 1545/3573/2954
f 1447/3574/3026 1446/3575/3027 1427/3576/3028
f 1427/3576/3028 1446/3575/3027 1445/3577/3029
f 1427/3576/3028 1445/3577/3029 1472/3578/3030
f 1472/3578/3030 1445/3577/3029 1580/3579/3031
f 1580/3579/3031 1445/3577/3029 1449/3580/3032
f 1427/3576/3028 1472/3578/3030 1469/3581/3033
f 1469/3581/3033 1472/3578/3030 1471/3582/3034
f 1469/3581/3033 1471/3582/3034 1470/3583/3035
f 1374/3584/2669 1576/3585/3036 1359/3586/2670
f 1359/3586/2670 1576/3585/3036 1583/3587/3037
f 1583/3587/3037 1576/3585/3036 1575/3588/3038
f 1583/3587/3037 1575/3588/3038 1582/3589/3039
f 1582/3589/3039 1575/3588/3038 1574/3590/3040
f 1582/3589/3039 1574/3590/3040 1573/3591/3041
f 1582/3589/3039 1573/3591/3041 1581/3592/3042
f 1581/3592/3042 1573/3591/3041 1455/3593/3043
f 1581/3592/3042 1455/3593/3043 1580/3594/3044
f 1435/3595/3045 1434/3596/3046 1407/3597/3047
f 1407/3597/3047 1434/3596/3046 1462/3598/3048
f 1407/3597/3047 1462/3598/3048 1389/3599/3049
f 1389/3599/3049 1462/3598/3048 1399/3600/3050
f 1462/3598/3048 1434/3596/3046 1463/3601/3051
f 1463/3601/3051 1434/3596/3046 1433/3602/3052
f 1463/3601/3051 1433/3602/3052 1432/3603/3053
f 1463/3601/3051 1432/3603/3053 1464/3604/3054
f 1464/3604/3054 1432/3603/3053 1431/3605/3055
f 1464/3604/3054 1431/3605/3055 1465/3606/3056
f 1465/3606/3056 1431/3605/3055 1430/3607/3057
f 1465/3606/3056 1430/3607/3057 1466/3608/3058
f 1466/3608/3058 1430/3607/3057 1467/3609/3059
f 1467/3609/3059 1430/3607/3057 1429/3610/3060
f 1467/3609/3059 1429/3610/3060 1468/3611/3061
f 1468/3611/3061 1429/3610/3060 1428/3612/3062
f 1468/3611/3061 1428/3612/3062 1427/3613/3028
f 1427/3613/3028 1469/3614/3033 1468/3611/3061
f 1407/3597/3047 1389/3599/3049 1408/3615/3063
f 1408/3615/3063 1389/3599/3049 1388/3616/3064
f 1408/3615/3063 1388/3616/3064 1409/3617/3065
f 1409/3617/3065 1388/3616/3064 1387/3618/3066
f 1409/3617/3065 1387/3618/3066 1410/3619/3067
f 1410/3619/3067 1387/3618/3066 1386/3620/3068
f 1410/3619/3067 1386/3620/3068 1411/3621/3069
f 1411/3621/3069 1386/3620/3068 1385/3622/3070
f 1411/3621/3069 1385/3622/3070 1384/3623/3071
f 1383/3624/3072 1413/3625/3073 1384/3623/3071
f 1384/3623/3071 1413/3625/3073 1412/3626/3074
f 1384/3623/3071 1412/3626/3074 1411/3621/3069
f 1383/3624/3072 1382/3627/3075 1413/3625/3073
f 1413/3625/3073 1382/3627/3075 1414/3628/3076
f 1414/3628/3076 1382/3627/3075 1415/3629/3077
f 1415/3629/3077 1382/3627/3075 1381/3630/3078
f 1415/3629/3077 1381/3630/3078 1584/3631/3079
f 1585/3632/3080 1426/3633/3081 1584/3631/3079
f 1584/3631/3079 1426/3633/3081 1425/3634/3082
f 1584/3631/3079 1425/3634/3082 1415/3629/3077
f 1289/3635/2556 1308/3636/2560 1585/3632/3080
f 1585/3632/3080 1308/3636/2560 1426/3633/3081
f 1577/3637/3083 1343/3638/2615 1586/3639/3084
f 1586/3639/3084 1343/3638/2615 1359/3640/2620
f 1586/3639/3084 1359/3640/2620 1583/3641/3085
f 1586/3639/3084 1583/3641/3085 1587/3642/3086
f 1587/3642/3086 1583/3641/3085 1582/3643/3087
f 1587/3642/3086 1582/3643/3087 1588/3644/3088
f 1588/3644/3088 1582/3643/3087 1581/3645/3089
f 1588/3644/3088 1581/3645/3089 1580/3646/3031
f 1580/3646/3031 1449/3647/3032 1588/3644/3088
f 1588/3644/3088 1449/3647/3032 1579/3648/3090
f 1588/3644/3088 1579/3648/3090 1587/3642/3086
f 1587/3642/3086 1579/3648/3090 1578/3649/3091
f 1587/3642/3086 1578/3649/3091 1586/3639/3084
f 1586/3639/3084 1578/3649/3091 1577/3637/3083
f 1600/3650/3092 1284/3651/3093 1281/3652/3094
f 1281/3652/3094 1284/3651/3093 1283/3653/3095
f 1281/3652/3094 1283/3653/3095 1282/3654/3096
f 1291/3655/3097 1313/3656/3098 1281/3652/3094
f 1281/3652/3094 1313/3656/3098 1595/3657/3099
f 1281/3652/3094 1595/3657/3099 1596/3658/3100
f 1390/3659/3101 1416/3660/3102 1291/3655/3097
f 1291/3655/3097 1416/3660/3102 1313/3656/3098
f 1312/3661/3103 1589/3662/3104 1313/3656/3098
f 1313/3656/3098 1589/3662/3104 1592/3663/3105
f 1313/3656/3098 1592/3663/3105 1593/3664/3106
f 1311/3665/3107 1310/3666/3108 1312/3661/3103
f 1312/3661/3103 1310/3666/3108 1309/3667/3109
f 1312/3661/3103 1309/3667/3109 1589/3662/3104
f 1590/3668/3110 1591/3669/3111 1589/3662/3104
f 1589/3662/3104 1591/3669/3111 1592/3663/3105
f 1593/3664/3106 1594/3670/3112 1313/3656/3098
f 1313/3656/3098 1594/3670/3112 1595/3657/3099
f 1596/3658/3100 1597/3671/3113 1281/3652/3094
f 1281/3652/3094 1597/3671/3113 1600/3650/3092
f 1597/3671/3113 1598/3672/3114 1600/3650/3092
f 1600/3650/3092 1598/3672/3114 1599/3673/3115
f 1514/3674/2981 1568/3675/3116 1545/3676/2982
f 1545/3676/2982 1568/3675/3116 1546/3677/3117
f 1546/3677/3117 1568/3675/3116 1567/3678/3118
f 1546/3677/3117 1567/3678/3118 1566/3679/3119
f 1546/3677/3117 1566/3679/3119 1547/3680/3120
f 1547/3680/3120 1566/3679/3119 1565/3681/3121
f 1547/3680/3120 1565/3681/3121 1548/3682/3122
f 1548/3682/3122 1565/3681/3121 1549/3683/3123
f 1549/3683/3123 1565/3681/3121 1564/3684/3124
f 1549/3683/3123 1564/3684/3124 1550/3685/3125
f 1550/3685/3125 1564/3684/3124 1551/3686/3126
f 1551/3686/3126 1564/3684/3124 1552/3687/3127
f 1552/3687/3127 1564/3684/3124 1553/3688/3128
f 1553/3688/3128 1564/3684/3124 1554/3689/3129
f 1554/3689/3129 1564/3684/3124 1563/3690/3130
f 1554/3689/3129 1563/3690/3130 1555/3691/3131
f 1555/3691/3131 1563/3690/3130 1562/3692/3132
f 1555/3691/3131 1562/3692/3132 1556/3693/3133
f 1556/3693/3133 1562/3692/3132 1561/3694/3134
f 1556/3693/3133 1561/3694/3134 1557/3695/3135
f 1557/3695/3135 1561/3694/3134 1560/3696/3136
f 1557/3695/3135 1560/3696/3136 1558/3697/3137
f 1558/3697/3137 1560/3696/3136 1559/3698/3138
f 1558/3697/3137 1559/3698/3138 1329/3699/2595
f 1329/3699/2595 1559/3698/3138 1330/3700/2596
f 1472/3701/2841 1580/3702/3044 1454/3703/2840
f 1454/3703/2840 1580/3702/3044 1455/3704/3043
f 1478/3705/3139 1492/3706/3140 1479/3707/3141
f 1479/3707/3141 1492/3706/3140 1493/3708/3142
f 1292/3709/3143 1600/3710/3144 1293/3711/3145
f 1293/3711/3145 1600/3710/3144 1599/3712/3146
f 1293/3711/3145 1599/3712/3146 1598/3713/3147
f 1293/3711/3145 1598/3713/3147 1294/3714/3148
f 1294/3714/3148 1598/3713/3147 1597/3715/3149
f 1294/3714/3148 1597/3715/3149 1295/3716/3150
f 1295/3716/3150 1597/3715/3149 1596/3717/3151
f 1295/3716/3150 1596/3717/3151 1296/3718/3152
f 1296/3718/3152 1596/3717/3151 1595/3719/3153
f 1296/3718/3152 1595/3719/3153 1297/3720/3154
f 1297/3720/3154 1595/3719/3153 1594/3721/3155
f 1297/3720/3154 1594/3721/3155 1298/3722/3156
f 1298/3722/3156 1594/3721/3155 1593/3723/3157
f 1298/3722/3156 1593/3723/3157 1299/3724/3158
f 1299/3724/3158 1593/3723/3157 1592/3725/3159
f 1299/3724/3158 1592/3725/3159 1300/3726/3160
f 1300/3726/3160 1592/3725/3159 1591/3727/3161
f 1300/3726/3160 1591/3727/3161 1301/3728/3162
f 1301/3728/3162 1591/3727/3161 1590/3729/3163
f 1301/3728/3162 1590/3729/3163 1302/3730/3164
f 1302/3730/3164 1590/3729/3163 1303/3731/3165
f 1303/3731/3165 1590/3729/3163 1589/3732/3166
f 1424/3733/2755 1436/3734/2778 1406/3735/2741
f 1406/3735/2741 1436/3734/2778 1435/3736/2779
f 1406/3735/2741 1435/3736/2779 1407/3737/2742
f 1284/3738/2544 1600/3739/3167 1285/3740/2543
f 1285/3740/2543 1600/3739/3167 1292/3741/3168
f 1381/3742/2715 1290/3743/2546 1584/3744/3169
f 1584/3744/3169 1290/3743/2546 1585/3745/3170
f 1585/3745/3170 1290/3743/2546 1289/3746/2547
f 1304/3747/2577 1303/3748/3165 1309/3749/2576
f 1309/3749/2576 1303/3748/3165 1589/3750/3166
g Body

v -8.037236 1.489458 7.129116
v -8.039570 1.484630 7.129146
v -8.039570 1.455109 7.129146
v -8.028364 1.412628 7.128445
v -8.022843 1.389181 7.127578
v -8.021169 1.365131 7.127245
v -8.021253 1.359230 7.127262
v -8.021406 1.347916 7.127294
v -8.021704 1.320527 7.127355
v -8.021815 1.292183 7.127377
v -8.021835 1.279344 7.127381
v -8.021841 1.272478 7.127382
v -8.021841 0.652944 7.127382
v -7.993189 0.624291 7.116274
v -7.980702 0.611805 7.107224
v -7.969944 0.601047 7.096174
v -7.961230 0.592333 7.083450
v -7.954817 0.585919 7.069425
v -7.950891 0.581994 7.054511
v -7.949570 0.580673 7.039146
v -7.949570 1.577124 7.039146
v -7.949989 1.576704 7.047822
v -7.951243 1.575451 7.056418
v -7.956199 1.570494 7.073047
v -7.964255 1.562439 7.088417
v -7.975110 1.551583 7.101955
v -7.988362 1.538332 7.113158
v -8.003517 1.523176 7.121609
v -8.020013 1.506681 7.126995
v -8.016276 1.078898 7.126079
v -7.975931 1.078898 7.102785
v -7.994570 1.078898 7.117088
v -7.961628 1.078898 7.084146
v -7.952637 1.078898 7.062440
v -8.036645 1.272492 7.123060
v -8.050491 1.272504 7.116270
v -8.062979 1.272514 7.107222
v -8.073736 1.272522 7.096172
v -8.082449 1.272527 7.083448
v -8.088865 1.272529 7.069425
v -8.092786 1.272527 7.054510
v -8.094112 1.272523 7.039146
v -8.094112 0.580673 7.039146
v -8.092791 0.581994 7.054511
v -8.088866 0.585919 7.069425
v -8.082452 0.592333 7.083450
v -8.073738 0.601047 7.096174
v -8.062980 0.611805 7.107224
v -8.050494 0.624291 7.116274
v -8.058993 0.926601 7.110477
v -8.041388 0.926601 7.121064
v -8.073738 0.926601 7.096174
v -8.084857 0.926601 7.078900
v -8.091768 0.926601 7.059554
v -8.040555 1.365689 7.120825
v -8.057995 1.366192 7.110197
v -8.072590 1.366612 7.095908
v -8.083587 1.366929 7.078694
v -8.090420 1.367126 7.059443
v -8.092738 1.367192 7.039146
v -8.093857 1.319746 7.039146
v -8.091613 1.314407 7.059112
v -8.037457 1.282742 7.122628
v -8.052020 1.282770 7.115248
v -8.067736 1.282801 7.102785
v -8.075969 1.282817 7.093260
v -8.082788 1.282830 7.082651
v -8.088094 1.282840 7.071191
v -8.091787 1.282847 7.059112
v -8.037286 1.313789 7.122628
v -8.051848 1.313952 7.115248
v -8.067563 1.314130 7.102785
v -8.075795 1.314225 7.093260
v -8.082614 1.314304 7.082651
v -8.087919 1.314366 7.071191
v -8.036487 1.352729 7.122628
v -8.051045 1.353132 7.115248
v -8.066755 1.353565 7.102785
v -8.074985 1.353791 7.093260
v -8.081801 1.353978 7.082651
v -8.087105 1.354123 7.071191
v -8.090797 1.354225 7.059112
v -8.041485 1.406555 7.125495
v -8.053601 1.400948 7.120582
v -8.071254 1.392777 7.109128
v -8.092033 1.383160 7.090347
v -8.092352 1.376299 7.078611
v -8.092567 1.371280 7.065973
v -8.092695 1.368221 7.052717
v -8.036467 1.380419 7.123190
v -8.055088 1.376042 7.113078
v -8.070821 1.372344 7.098692
v -8.082757 1.369538 7.080864
v -8.090206 1.367787 7.060626
v -8.041749 1.394423 7.123190
v -8.058622 1.385412 7.113078
v -8.072878 1.377799 7.098692
v -8.083694 1.372023 7.080864
v -8.090444 1.368418 7.060626
v -8.064444 1.393561 7.113078
v -8.076267 1.382542 7.098692
v -8.085237 1.374183 7.080864
v -8.090835 1.368966 7.060626
v -8.080761 1.386257 7.098692
v -8.087283 1.375874 7.080864
v -8.091354 1.369395 7.060626
v -8.091966 1.369676 7.060626
v -8.089695 1.376984 7.080864
v -8.045296 1.460600 7.129146
v -8.051482 1.465564 7.129146
v -8.058082 1.469965 7.129146
v -8.059165 1.469894 7.129144
v -8.081947 1.467033 7.128269
v -8.104036 1.461249 7.126489
v -8.124934 1.452082 7.124843
v -8.143913 1.439303 7.124255
v -8.130994 1.424049 7.114471
v -8.120022 1.411093 7.100081
v -8.111667 1.401228 7.081965
v -8.106441 1.395056 7.061231
v -8.104662 1.392956 7.039146
v -8.104654 1.392964 7.040569
v -8.103315 1.394213 7.057262
v -8.099791 1.397602 7.073298
v -8.094727 1.403344 7.087927
v -8.092252 1.407306 7.094416
v -8.090770 1.411139 7.099171
v -8.089594 1.416716 7.104574
v -8.088680 1.425808 7.111542
v -8.090075 1.411319 7.099727
v -8.090921 1.401317 7.090494
v -8.091219 1.397200 7.087507
v -8.091369 1.394952 7.086464
v -8.091443 1.393784 7.086142
v -8.091517 1.392590 7.085988
v -8.091590 1.391371 7.086016
v -8.091660 1.390181 7.086225
v -8.091787 1.387902 7.087088
v -8.086428 1.411992 7.102785
v -8.048233 1.428529 7.126079
v -8.102621 1.459632 7.126079
v -8.041301 1.413815 7.126079
v -8.061919 1.407028 7.117088
v -8.079624 1.401199 7.102785
v -8.078373 1.394895 7.102785
v -8.058519 1.441128 7.126079
v -8.073534 1.425453 7.117088
v -8.082363 1.407014 7.102785
v -8.066595 1.416954 7.117088
v -8.071548 1.450863 7.126079
v -8.082324 1.432020 7.117088
v -8.103140 1.395619 7.062440
v -8.098677 1.403424 7.084146
v -8.091577 1.415839 7.102785
v -8.086546 1.457156 7.126079
v -8.092441 1.436265 7.117088
v -8.097503 1.418326 7.102785
v -8.101388 1.404561 7.084146
v -8.103830 1.395908 7.062440
v -8.104569 1.396022 7.062440
v -8.104294 1.405009 7.084146
v -8.103856 1.419305 7.102785
v -8.103286 1.437935 7.117088
v -8.114212 1.436932 7.117088
v -8.110256 1.418717 7.102785
v -8.107221 1.404740 7.084146
v -8.105313 1.395953 7.062440
v -8.124570 1.433313 7.117088
v -8.116324 1.416597 7.102785
v -8.109997 1.403770 7.084146
v -8.106019 1.395707 7.062440
v -8.096327 1.401669 7.084146
v -8.102542 1.395172 7.062440
v -8.078686 1.388475 7.102785
v -7.949570 0.580673 6.929146
v -7.949570 1.577124 6.929146
v -8.045184 1.512291 7.125555
v -8.052555 1.533465 7.116298
v -8.058862 1.551583 7.101955
v -8.063690 1.565452 7.083470
v -8.066720 1.574157 7.062064
v -8.067753 1.577124 7.039146
v -8.338680 1.362485 7.039146
v -8.337167 1.362301 7.053073
v -8.332664 1.361753 7.066664
v -8.325279 1.360854 7.079593
v -8.315191 1.359626 7.091547
v -8.302642 1.358098 7.102238
v -8.287934 1.356308 7.111410
v -8.253506 1.352117 7.124352
v -8.190457 1.401150 7.124593
v -8.186056 1.395685 7.121944
v -8.178731 1.386590 7.115928
v -8.172044 1.378286 7.108292
v -8.166109 1.370916 7.099161
v -8.161082 1.364674 7.088773
v -8.157055 1.359674 7.077330
v -8.154110 1.356017 7.065047
v -8.152323 1.353797 7.052247
v -8.151721 1.353050 7.039146
v -8.128196 1.373016 7.039146
v -8.151492 1.408429 7.115248
v -8.114012 1.388064 7.059112
v -8.139715 1.418408 7.115248
v -8.129558 1.406416 7.102785
v -8.124236 1.400134 7.093260
v -8.119829 1.394931 7.082651
v -8.116400 1.390882 7.071191
v -8.149291 1.358143 7.059112
v -8.151682 1.360958 7.071191
v -8.155116 1.365003 7.082651
v -8.159529 1.370201 7.093260
v -8.164857 1.376477 7.102785
v -8.175029 1.388458 7.115248
v -8.125777 1.378095 7.059112
v -8.128165 1.380913 7.071191
v -8.131596 1.384960 7.082651
v -8.136006 1.390161 7.093260
v -8.141329 1.396441 7.102785
v -8.258017 1.317643 7.111410
v -8.259945 1.302917 7.102238
v -8.261589 1.290351 7.091547
v -8.262911 1.280250 7.079593
v -8.263879 1.272855 7.066664
v -8.264469 1.268346 7.053073
v -8.264667 1.266831 7.039146
v -8.067753 1.577124 6.929146
v -8.338680 1.362485 6.929146
v -8.092738 1.367192 6.929146
v -8.093389 1.343530 6.929146
v -8.093856 1.319864 6.929146
v -8.094056 1.296195 6.929146
v -8.094112 1.272523 6.929146
v -8.094112 0.580673 6.929146
v -8.088680 1.425808 6.929146
v -8.090089 1.411182 6.929146
v -8.091264 1.396540 6.929146
v -8.092095 1.381873 6.929146
v -8.104662 1.392956 6.929146
v -8.097681 1.399810 6.929146
v -8.094667 1.403454 6.929146
v -8.092227 1.407359 6.929146
v -8.090534 1.411604 6.929146
v -8.089683 1.415250 6.929146
v -8.089636 1.415518 6.929146
v -8.089530 1.416163 6.929146
v -8.151721 1.353050 6.929146
v -8.139962 1.363033 6.929146
v -8.128200 1.373013 6.929146
v -8.116433 1.382987 6.929146
v -8.264667 1.266831 6.929146
v 7.600000 1.900559 1.359146
v -7.600000 1.900559 1.359146
v -7.600482 1.910361 1.359627
v -7.601921 1.920068 1.361067
v -7.607612 1.938828 1.366758
v -7.616853 1.956116 1.375999
v -7.629289 1.971270 1.388435
v -7.644443 1.983706 1.403589
v -7.661732 1.992947 1.420878
v -7.680491 1.998638 1.439637
v -7.700000 2.000559 1.459146
v 7.700000 2.000559 1.459146
v 7.680491 1.998638 1.439637
v 7.661732 1.992947 1.420878
v 7.644443 1.983706 1.403589
v 7.629289 1.971270 1.388435
v 7.616853 1.956116 1.375999
v 7.607612 1.938828 1.366758
v 7.601921 1.920068 1.361067
v 7.600482 1.910361 1.359627
v -7.150000 1.926441 1.362553
v -6.600000 1.926441 1.362553
v -6.050000 1.926441 1.362553
v -5.500000 1.926441 1.362553
v -4.950000 1.926441 1.362553
v -4.400000 1.926441 1.362553
v -3.850000 1.926441 1.362553
v -3.300000 1.926441 1.362553
v -2.750000 1.926441 1.362553
v -2.200000 1.926441 1.362553
v -1.650000 1.926441 1.362553
v -1.100000 1.926441 1.362553
v -0.550000 1.926441 1.362553
v -0.000000 1.926441 1.362553
v 0.550000 1.926441 1.362553
v 1.100000 1.926441 1.362553
v 1.650000 1.926441 1.362553
v 2.200000 1.926441 1.362553
v 2.750000 1.926441 1.362553
v 3.300000 1.926441 1.362553
v 3.850000 1.926441 1.362553
v 4.400000 1.926441 1.362553
v 4.950000 1.926441 1.362553
v 5.500000 1.926441 1.362553
v 6.050000 1.926441 1.362553
v 6.600000 1.926441 1.362553
v 7.150000 1.926441 1.362553
v -7.150000 1.950559 1.372543
v -6.600000 1.950559 1.372543
v -6.050000 1.950559 1.372543
v -5.500000 1.950559 1.372543
v -4.950000 1.950559 1.372543
v -4.400000 1.950559 1.372543
v -3.850000 1.950559 1.372543
v -3.300000 1.950559 1.372543
v -2.750000 1.950559 1.372543
v -2.200000 1.950559 1.372543
v -1.650000 1.950559 1.372543
v -1.100000 1.950559 1.372543
v -0.550000 1.950559 1.372543
v -0.000000 1.950559 1.372543
v 0.550000 1.950559 1.372543
v 1.100000 1.950559 1.372543
v 1.650000 1.950559 1.372543
v 2.200000 1.950559 1.372543
v 2.750000 1.950559 1.372543
v 3.300000 1.950559 1.372543
v 3.850000 1.950559 1.372543
v 4.400000 1.950559 1.372543
v 4.950000 1.950559 1.372543
v 5.500000 1.950559 1.372543
v 6.050000 1.950559 1.372543
v 6.600000 1.950559 1.372543
v 7.150000 1.950559 1.372543
v -7.150000 1.971270 1.388435
v -6.600000 1.971270 1.388435
v -6.050000 1.971270 1.388435
v -5.500000 1.971270 1.388435
v -4.950000 1.971270 1.388435
v -4.400000 1.971270 1.388435
v -3.850000 1.971270 1.388435
v -3.300000 1.971270 1.388435
v -2.750000 1.971270 1.388435
v -2.200000 1.971270 1.388435
v -1.650000 1.971270 1.388435
v -1.100000 1.971270 1.388435
v -0.550000 1.971270 1.388435
v -0.000000 1.971270 1.388435
v 0.550000 1.971270 1.388435
v 1.100000 1.971270 1.388435
v 1.650000 1.971270 1.388435
v 2.200000 1.971270 1.388435
v 2.750000 1.971270 1.388435
v 3.300000 1.971270 1.388435
v 3.850000 1.971270 1.388435
v 4.400000 1.971270 1.388435
v 4.950000 1.971270 1.388435
v 5.500000 1.971270 1.388435
v 6.050000 1.971270 1.388435
v 6.600000 1.971270 1.388435
v 7.150000 1.971270 1.388435
v -7.150000 1.987162 1.409146
v -6.600000 1.987162 1.409146
v -6.050000 1.987162 1.409146
v -5.500000 1.987162 1.409146
v -4.950000 1.987162 1.409146
v -4.400000 1.987162 1.409146
v -3.850000 1.987162 1.409146
v -3.300000 1.987162 1.409146
v -2.750000 1.987162 1.409146
v -2.200000 1.987162 1.409146
v -1.650000 1.987162 1.409146
v -1.100000 1.987162 1.409146
v -0.550000 1.987162 1.409146
v -0.000000 1.987162 1.409146
v 0.550000 1.987162 1.409146
v 1.100000 1.987162 1.409146
v 1.650000 1.987162 1.409146
v 2.200000 1.987162 1.409146
v 2.750000 1.987162 1.409146
v 3.300000 1.987162 1.409146
v 3.850000 1.987162 1.409146
v 4.400000 1.987162 1.409146
v 4.950000 1.987162 1.409146
v 5.500000 1.987162 1.409146
v 6.050000 1.987162 1.409146
v 6.600000 1.987162 1.409146
v 7.150000 1.987162 1.409146
v -7.150000 1.997152 1.433264
v -6.600000 1.997152 1.433264
v -6.050000 1.997152 1.433264
v -5.500000 1.997152 1.433264
v -4.950000 1.997152 1.433264
v -4.400000 1.997152 1.433264
v -3.850000 1.997152 1.433264
v -3.300000 1.997152 1.433264
v -2.750000 1.997152 1.433264
v -2.200000 1.997152 1.433264
v -1.650000 1.997152 1.433264
v -1.100000 1.997152 1.433264
v -0.550000 1.997152 1.433264
v -0.000000 1.997152 1.433264
v 0.550000 1.997152 1.433264
v 1.100000 1.997152 1.433264
v 1.650000 1.997152 1.433264
v 2.200000 1.997152 1.433264
v 2.750000 1.997152 1.433264
v 3.300000 1.997152 1.433264
v 3.850000 1.997152 1.433264
v 4.400000 1.997152 1.433264
v 4.950000 1.997152 1.433264
v 5.500000 1.997152 1.433264
v 6.050000 1.997152 1.433264
v 6.600000 1.997152 1.433264
v 7.150000 1.997152 1.433264
v -7.600000 1.900559 -0.000854
v -7.600482 1.910361 -0.000373
v -7.601921 1.920068 0.001067
v -7.607612 1.938828 0.006758
v -7.616853 1.956116 0.015999
v -7.629289 1.971270 0.028435
v -7.644443 1.983706 0.043589
v -7.661732 1.992947 0.060878
v -7.680491 1.998638 0.079637
v -7.700000 2.000559 0.099146
v -7.603407 1.926441 0.485813
v -7.603407 1.926441 0.972479
v -7.613397 1.950559 0.485813
v -7.613397 1.950559 0.972479
v -7.629289 1.971270 0.485813
v -7.629289 1.971270 0.972479
v -7.650000 1.987162 0.485813
v -7.650000 1.987162 0.972479
v -7.674118 1.997152 0.485813
v -7.674118 1.997152 0.972479
v -7.600000 -1.899441 1.359146
v 7.600000 -1.899441 1.359146
v 7.600482 -1.909242 1.359627
v 7.601921 -1.918950 1.361067
v 7.607612 -1.937709 1.366758
v 7.616853 -1.954998 1.375999
v 7.629289 -1.970151 1.388435
v 7.644443 -1.982588 1.403589
v 7.661732 -1.991829 1.420878
v 7.680491 -1.997519 1.439637
v 7.700000 -1.999441 1.459146
v -7.700000 -1.999441 1.459146
v -7.680491 -1.997519 1.439637
v -7.661732 -1.991829 1.420878
v -7.644443 -1.982588 1.403589
v -7.629289 -1.970151 1.388435
v -7.616853 -1.954998 1.375999
v -7.607612 -1.937709 1.366758
v -7.601921 -1.918950 1.361067
v -7.600482 -1.909242 1.359627
v 7.150000 -1.925323 1.362553
v 6.600000 -1.925323 1.362553
v 6.050000 -1.925323 1.362553
v 5.500000 -1.925323 1.362553
v 4.950000 -1.925323 1.362553
v 4.400000 -1.925323 1.362553
v 3.850000 -1.925323 1.362553
v 3.300000 -1.925323 1.362553
v 2.750000 -1.925323 1.362553
v 2.200000 -1.925323 1.362553
v 1.650000 -1.925323 1.362553
v 1.100000 -1.925323 1.362553
v 0.550000 -1.925323 1.362553
v -0.000000 -1.925323 1.362553
v -0.550000 -1.925323 1.362553
v -1.100000 -1.925323 1.362553
v -1.650000 -1.925323 1.362553
v -2.200000 -1.925323 1.362553
v -2.750000 -1.925323 1.362553
v -3.300000 -1.925323 1.362553
v -3.850000 -1.925323 1.362553
v -4.400000 -1.925323 1.362553
v -4.950000 -1.925323 1.362553
v -5.500000 -1.925323 1.362553
v -6.050000 -1.925323 1.362553
v -6.600000 -1.925323 1.362553
v -7.150000 -1.925323 1.362553
v 7.150000 -1.949441 1.372543
v 6.600000 -1.949441 1.372543
v 6.050000 -1.949441 1.372543
v 5.500000 -1.949441 1.372543
v 4.950000 -1.949441 1.372543
v 4.400000 -1.949441 1.372543
v 3.850000 -1.949441 1.372543
v 3.300000 -1.949441 1.372543
v 2.750000 -1.949441 1.372543
v 2.200000 -1.949441 1.372543
v 1.650000 -1.949441 1.372543
v 1.100000 -1.949441 1.372543
v 0.550000 -1.949441 1.372543
v -0.000000 -1.949441 1.372543
v -0.550000 -1.949441 1.372543
v -1.100000 -1.949441 1.372543
v -1.650000 -1.949441 1.372543
v -2.200000 -1.949441 1.372543
v -2.750000 -1.949441 1.372543
v -3.300000 -1.949441 1.372543
v -3.850000 -1.949441 1.372543
v -4.400000 -1.949441 1.372543
v -4.950000 -1.949441 1.372543
v -5.500000 -1.949441 1.372543
v -6.050000 -1.949441 1.372543
v -6.600000 -1.949441 1.372543
v -7.150000 -1.949441 1.372543
v 7.150000 -1.970151 1.388435
v 6.600000 -1.970151 1.388435
v 6.050000 -1.970151 1.388435
v 5.500000 -1.970151 1.388435
v 4.950000 -1.970151 1.388435
v 4.400000 -1.970151 1.388435
v 3.850000 -1.970151 1.388435
v 3.300000 -1.970151 1.388435
v 2.750000 -1.970151 1.388435
v 2.200000 -1.970151 1.388435
v 1.650000 -1.970151 1.388435
v 1.100000 -1.970151 1.388435
v 0.550000 -1.970151 1.388435
v -0.000000 -1.970151 1.388435
v -0.550000 -1.970151 1.388435
v -1.100000 -1.970151 1.388435
v -1.650000 -1.970151 1.388435
v -2.200000 -1.970151 1.388435
v -2.750000 -1.970151 1.388435
v -3.300000 -1.970151 1.388435
v -3.850000 -1.970151 1.388435
v -4.400000 -1.970151 1.388435
v -4.950000 -1.970151 1.388435
v -5.500000 -1.970151 1.388435
v -6.050000 -1.970151 1.388435
v -6.600000 -1.970151 1.388435
v -7.150000 -1.970151 1.388435
v 7.150000 -1.986043 1.409146
v 6.600000 -1.986043 1.409146
v 6.050000 -1.986043 1.409146
v 5.500000 -1.986043 1.409146
v 4.950000 -1.986043 1.409146
v 4.400000 -1.986043 1.409146
v 3.850000 -1.986043 1.409146
v 3.300000 -1.986043 1.409146
v 2.750000 -1.986043 1.409146
v 2.200000 -1.986043 1.409146
v 1.650000 -1.986043 1.409146
v 1.100000 -1.986043 1.409146
v 0.550000 -1.986043 1.409146
v -0.000000 -1.986043 1.409146
v -0.550000 -1.986043 1.409146
v -1.100000 -1.986043 1.409146
v -1.650000 -1.986043 1.409146
v -2.200000 -1.986043 1.409146
v -2.750000 -1.986043 1.409146
v -3.300000 -1.986043 1.409146
v -3.850000 -1.986043 1.409146
v -4.400000 -1.986043 1.409146
v -4.950000 -1.986043 1.409146
v -5.500000 -1.986043 1.409146
v -6.050000 -1.986043 1.409146
v -6.600000 -1.986043 1.409146
v -7.150000 -1.986043 1.409146
v 7.150000 -1.996033 1.433264
v 6.600000 -1.996033 1.433264
v 6.050000 -1.996033 1.433264
v 5.500000 -1.996033 1.433264
v 4.950000 -1.996033 1.433264
v 4.400000 -1.996033 1.433264
v 3.850000 -1.996033 1.433264
v 3.300000 -1.996033 1.433264
v 2.750000 -1.996033 1.433264
v 2.200000 -1.996033 1.433264
v 1.650000 -1.996033 1.433264
v 1.100000 -1.996033 1.433264
v 0.550000 -1.996033 1.433264
v -0.000000 -1.996033 1.433264
v -0.550000 -1.996033 1.433264
v -1.100000 -1.996033 1.433264
v -1.650000 -1.996033 1.433264
v -2.200000 -1.996033 1.433264
v -2.750000 -1.996033 1.433264
v -3.300000 -1.996033 1.433264
v -3.850000 -1.996033 1.433264
v -4.400000 -1.996033 1.433264
v -4.950000 -1.996033 1.433264
v -5.500000 -1.996033 1.433264
v -6.050000 -1.996033 1.433264
v -6.600000 -1.996033 1.433264
v -7.150000 -1.996033 1.433264
v -7.700000 -1.999441 0.099146
v -7.680491 -1.997519 0.079637
v -7.661732 -1.991829 0.060878
v -7.644443 -1.982588 0.043589
v -7.629289 -1.970151 0.028435
v -7.616853 -1.954998 0.015999
v -7.607612 -1.937709 0.006758
v -7.601921 -1.918950 0.001067
v -7.600482 -1.909242 -0.000373
v -7.600000 -1.899441 -0.000854
v -7.674118 -1.996033 0.485813
v -7.674118 -1.996033 0.972479
v -7.650000 -1.986043 0.485813
v -7.650000 -1.986043 0.972479
v -7.629289 -1.970151 0.485813
v -7.629289 -1.970151 0.972479
v -7.613397 -1.949441 0.485813
v -7.613397 -1.949441 0.972479
v -7.603407 -1.925323 0.485813
v -7.603407 -1.925323 0.972479
v 7.700000 2.000559 0.099146
v 7.680491 1.998638 0.079637
v 7.661732 1.992947 0.060878
v 7.644443 1.983706 0.043589
v 7.629289 1.971270 0.028435
v 7.616853 1.956116 0.015999
v 7.607612 1.938828 0.006758
v 7.601921 1.920068 0.001067
v 7.600482 1.910361 -0.000373
v 7.600000 1.900559 -0.000854
v 7.674118 1.997152 0.485813
v 7.674118 1.997152 0.972479
v 7.650000 1.987162 0.485813
v 7.650000 1.987162 0.972479
v 7.629289 1.971270 0.485813
v 7.629289 1.971270 0.972479
v 7.613397 1.950559 0.485813
v 7.613397 1.950559 0.972479
v 7.603407 1.926441 0.485813
v 7.603407 1.926441 0.972479
v -9.000000 1.900559 -0.000854
v -9.025882 1.900559 0.002553
v -9.050000 1.900559 0.012543
v -9.070711 1.900559 0.028435
v -9.086603 1.900559 0.049146
v -9.096593 1.900559 0.073264
v -9.100000 1.900559 0.099146
v -9.096593 1.926441 0.099146
v -9.086603 1.950559 0.099146
v -9.070711 1.971270 0.099146
v -9.050000 1.987162 0.099146
v -9.025882 1.997152 0.099146
v -9.000000 2.000559 0.099146
v -9.000000 1.997152 0.073264
v -9.000000 1.987162 0.049146
v -9.000000 1.971270 0.028435
v -9.000000 1.950559 0.012543
v -9.000000 1.926441 0.002553
v -9.059494 1.976801 0.073697
v -9.051888 1.970226 0.049606
v -9.040746 1.958902 0.028890
v -9.026828 1.943603 0.012963
v -9.011081 1.925370 0.002909
v -9.024811 1.911641 0.002909
v -9.043044 1.927387 0.012963
v -9.058343 1.941306 0.028890
v -9.069666 1.952447 0.049606
v -9.076242 1.960053 0.073697
v -9.055426 1.908372 0.016279
v -9.071780 1.920671 0.032489
v -9.083242 1.931600 0.053242
v -9.089032 1.940413 0.077123
v -9.091750 1.909012 0.060282
v -9.097047 1.919134 0.083755
v -9.039854 1.989591 0.077123
v -9.031041 1.983802 0.053242
v -9.020112 1.972339 0.032489
v -9.007813 1.955985 0.016279
v -9.018574 1.997606 0.083755
v -9.008453 1.992309 0.060282
v 7.600000 -1.899441 -0.000854
v 7.600482 -1.909242 -0.000373
v 7.601921 -1.918950 0.001067
v 7.607612 -1.937709 0.006758
v 7.616853 -1.954998 0.015999
v 7.629289 -1.970151 0.028435
v 7.644443 -1.982588 0.043589
v 7.661732 -1.991829 0.060878
v 7.680491 -1.997519 0.079637
v 7.700000 -1.999441 0.099146
v 7.603407 -1.925323 0.485813
v 7.603407 -1.925323 0.972479
v 7.613397 -1.949441 0.485813
v 7.613397 -1.949441 0.972479
v 7.629289 -1.970151 0.485813
v 7.629289 -1.970151 0.972479
v 7.650000 -1.986043 0.485813
v 7.650000 -1.986043 0.972479
v 7.674118 -1.996033 0.485813
v 7.674118 -1.996033 0.972479
v -9.000000 -1.899441 -0.000854
v -9.000000 -1.925323 0.002553
v -9.000000 -1.949441 0.012543
v -9.000000 -1.970151 0.028435
v -9.000000 -1.986043 0.049146
v -9.000000 -1.996033 0.073264
v -9.000000 -1.999441 0.099146
v -9.025882 -1.996033 0.099146
v -9.050000 -1.986043 0.099146
v -9.070711 -1.970151 0.099146
v -9.086603 -1.949441 0.099146
v -9.096593 -1.925323 0.099146
v -9.100000 -1.899441 0.099146
v -9.096593 -1.899441 0.073264
v -9.086603 -1.899441 0.049146
v -9.070711 -1.899441 0.028435
v -9.050000 -1.899441 0.012543
v -9.025882 -1.899441 0.002553
v -9.076242 -1.958934 0.073697
v -9.069666 -1.951329 0.049606
v -9.058343 -1.940187 0.028890
v -9.043044 -1.926269 0.012963
v -9.024811 -1.910522 0.002909
v -9.011081 -1.924252 0.002909
v -9.026828 -1.942484 0.012963
v -9.040746 -1.957784 0.028890
v -9.051888 -1.969107 0.049606
v -9.059494 -1.975683 0.073697
v -9.007813 -1.954867 0.016279
v -9.020112 -1.971221 0.032489
v -9.031041 -1.982683 0.053242
v -9.039854 -1.988473 0.077123
v -9.008453 -1.991191 0.060282
v -9.018574 -1.996488 0.083755
v -9.089032 -1.939294 0.077123
v -9.083242 -1.930481 0.053242
v -9.071780 -1.919553 0.032489
v -9.055426 -1.907254 0.016279
v -9.097047 -1.918015 0.083755
v -9.091750 -1.907894 0.060282
v 9.000000 1.900559 -0.000854
v 9.000000 1.926441 0.002553
v 9.000000 1.950559 0.012543
v 9.000000 1.971270 0.028435
v 9.000000 1.987162 0.049146
v 9.000000 1.997152 0.073264
v 9.000000 2.000559 0.099146
v 9.025882 1.997152 0.099146
v 9.050000 1.987162 0.099146
v 9.070711 1.971270 0.099146
v 9.086603 1.950559 0.099146
v 9.096593 1.926441 0.099146
v 9.100000 1.900559 0.099146
v 9.096593 1.900559 0.073264
v 9.086603 1.900559 0.049146
v 9.070711 1.900559 0.028435
v 9.050000 1.900559 0.012543
v 9.025882 1.900559 0.002553
v 9.076242 1.960053 0.073697
v 9.069666 1.952447 0.049606
v 9.058343 1.941306 0.028890
v 9.043044 1.927387 0.012963
v 9.024811 1.911641 0.002909
v 9.011081 1.925370 0.002909
v 9.026828 1.943603 0.012963
v 9.040746 1.958902 0.028890
v 9.051888 1.970226 0.049606
v 9.059494 1.976801 0.073697
v 9.007813 1.955985 0.016279
v 9.020112 1.972339 0.032489
v 9.031041 1.983802 0.053242
v 9.039854 1.989591 0.077123
v 9.008453 1.992309 0.060282
v 9.018574 1.997606 0.083755
v 9.089032 1.940413 0.077123
v 9.083242 1.931600 0.053242
v 9.071780 1.920671 0.032489
v 9.055426 1.908372 0.016279
v 9.097047 1.919134 0.083755
v 9.091750 1.909012 0.060282
v -9.000000 1.900559 6.929146
v -9.000000 1.926441 6.925738
v -9.000000 1.950559 6.915748
v -9.000000 1.971270 6.899857
v -9.000000 1.987162 6.879146
v -9.000000 1.997152 6.855028
v -9.000000 2.000559 6.829146
v -9.025882 1.997152 6.829146
v -9.050000 1.987162 6.829146
v -9.070711 1.971270 6.829146
v -9.086603 1.950559 6.829146
v -9.096593 1.926441 6.829146
v -9.100000 1.900559 6.829146
v -9.096593 1.900559 6.855028
v -9.086603 1.900559 6.879146
v -9.070711 1.900559 6.899857
v -9.050000 1.900559 6.915748
v -9.025882 1.900559 6.925738
v -9.018574 1.997606 6.844537
v -9.076242 1.960053 6.854594
v -9.069666 1.952447 6.878686
v -9.058343 1.941306 6.899401
v -9.043044 1.927387 6.915329
v -9.024811 1.911641 6.925383
v -9.011081 1.925370 6.925383
v -9.026828 1.943603 6.915329
v -9.040746 1.958902 6.899401
v -9.051888 1.970226 6.878686
v -9.059494 1.976801 6.854594
v -9.007813 1.955985 6.912013
v -9.020112 1.972339 6.895803
v -9.031041 1.983802 6.875050
v -9.039854 1.989591 6.851169
v -9.008453 1.992309 6.868010
v -9.089032 1.940413 6.851169
v -9.083242 1.931600 6.875050
v -9.071780 1.920671 6.895803
v -9.055426 1.908372 6.912013
v -9.097047 1.919134 6.844537
v -9.091750 1.909012 6.868010
v -9.096593 1.926441 6.268313
v -9.096593 1.926441 5.707479
v -9.096593 1.926441 5.146646
v -9.096593 1.926441 4.585813
v -9.096593 1.926441 4.024979
v -9.096593 1.926441 3.464146
v -9.096593 1.926441 2.903313
v -9.096593 1.926441 2.342479
v -9.096593 1.926441 1.781646
v -9.096593 1.926441 1.220813
v -9.096593 1.926441 0.659979
v -9.086603 1.950559 6.268313
v -9.086603 1.950559 5.707479
v -9.086603 1.950559 5.146646
v -9.086603 1.950559 4.585813
v -9.086603 1.950559 4.024979
v -9.086603 1.950559 3.464146
v -9.086603 1.950559 2.903313
v -9.086603 1.950559 2.342479
v -9.086603 1.950559 1.781646
v -9.086603 1.950559 1.220813
v -9.086603 1.950559 0.659979
v -9.070711 1.971270 6.268313
v -9.070711 1.971270 5.707479
v -9.070711 1.971270 5.146646
v -9.070711 1.971270 4.585813
v -9.070711 1.971270 4.024979
v -9.070711 1.971270 3.464146
v -9.070711 1.971270 2.903313
v -9.070711 1.971270 2.342479
v -9.070711 1.971270 1.781646
v -9.070711 1.971270 1.220813
v -9.070711 1.971270 0.659979
v -9.050000 1.987162 6.268313
v -9.050000 1.987162 5.707479
v -9.050000 1.987162 5.146646
v -9.050000 1.987162 4.585813
v -9.050000 1.987162 4.024979
v -9.050000 1.987162 3.464146
v -9.050000 1.987162 2.903313
v -9.050000 1.987162 2.342479
v -9.050000 1.987162 1.781646
v -9.050000 1.987162 1.220813
v -9.050000 1.987162 0.659979
v -9.025882 1.997152 6.268313
v -9.025882 1.997152 5.707479
v -9.025882 1.997152 5.146646
v -9.025882 1.997152 4.585813
v -9.025882 1.997152 4.024979
v -9.025882 1.997152 3.464146
v -9.025882 1.997152 2.903313
v -9.025882 1.997152 2.342479
v -9.025882 1.997152 1.781646
v -9.025882 1.997152 1.220813
v -9.025882 1.997152 0.659979
v 9.000000 -1.899441 -0.000854
v 9.025882 -1.899441 0.002553
v 9.050000 -1.899441 0.012543
v 9.070711 -1.899441 0.028435
v 9.086603 -1.899441 0.049146
v 9.096593 -1.899441 0.073264
v 9.100000 -1.899441 0.099146
v 9.096593 -1.925323 0.099146
v 9.086603 -1.949441 0.099146
v 9.070711 -1.970151 0.099146
v 9.050000 -1.986043 0.099146
v 9.025882 -1.996033 0.099146
v 9.000000 -1.999441 0.099146
v 9.000000 -1.996033 0.073264
v 9.000000 -1.986043 0.049146
v 9.000000 -1.970151 0.028435
v 9.000000 -1.949441 0.012543
v 9.000000 -1.925323 0.002553
v 9.059494 -1.975683 0.073697
v 9.051888 -1.969107 0.049606
v 9.040746 -1.957784 0.028890
v 9.026828 -1.942484 0.012963
v 9.011081 -1.924252 0.002909
v 9.024811 -1.910522 0.002909
v 9.043044 -1.926269 0.012963
v 9.058343 -1.940187 0.028890
v 9.069666 -1.951329 0.049606
v 9.076242 -1.958934 0.073697
v 9.055426 -1.907254 0.016279
v 9.071780 -1.919553 0.032489
v 9.083242 -1.930481 0.053242
v 9.089032 -1.939294 0.077123
v 9.091750 -1.907894 0.060282
v 9.097047 -1.918015 0.083755
v 9.039854 -1.988473 0.077123
v 9.031041 -1.982683 0.053242
v 9.020112 -1.971221 0.032489
v 9.007813 -1.954867 0.016279
v 9.018574 -1.996488 0.083755
v 9.008453 -1.991191 0.060282
v -9.000000 -1.899441 6.929146
v -9.025882 -1.899441 6.925738
v -9.050000 -1.899441 6.915748
v -9.070711 -1.899441 6.899857
v -9.086603 -1.899441 6.879146
v -9.096593 -1.899441 6.855028
v -9.100000 -1.899441 6.829146
v -9.096593 -1.925323 6.829146
v -9.086603 -1.949441 6.829146
v -9.070711 -1.970151 6.829146
v -9.050000 -1.986043 6.829146
v -9.025882 -1.996033 6.829146
v -9.000000 -1.999441 6.829146
v -9.000000 -1.996033 6.855028
v -9.000000 -1.986043 6.879146
v -9.000000 -1.970151 6.899857
v -9.000000 -1.949441 6.915748
v -9.000000 -1.925323 6.925738
v -9.038864 -1.907894 6.920896
v -9.015391 -1.918015 6.926193
v -9.082867 -1.907254 6.884572
v -9.066657 -1.919553 6.900926
v -9.045904 -1.930481 6.912388
v -9.022023 -1.939294 6.918178
v -9.096237 -1.910522 6.853957
v -9.086183 -1.926269 6.872189
v -9.070255 -1.940187 6.887489
v -9.049540 -1.951329 6.898812
v -9.025449 -1.958934 6.905388
v -9.096237 -1.924252 6.840227
v -9.086183 -1.942484 6.855974
v -9.070255 -1.957784 6.869892
v -9.049540 -1.969107 6.881034
v -9.025449 -1.975683 6.888640
v -9.082867 -1.954867 6.836959
v -9.066657 -1.971221 6.849258
v -9.045904 -1.982683 6.860186
v -9.022023 -1.988473 6.869000
v -9.038864 -1.991191 6.837599
v -9.015391 -1.996488 6.847720
v -9.025882 -1.996033 6.268313
v -9.025882 -1.996033 5.707479
v -9.025882 -1.996033 5.146646
v -9.025882 -1.996033 4.585813
v -9.025882 -1.996033 4.024979
v -9.025882 -1.996033 3.464146
v -9.025882 -1.996033 2.903313
v -9.025882 -1.996033 2.342479
v -9.025882 -1.996033 1.781646
v -9.025882 -1.996033 1.220813
v -9.025882 -1.996033 0.659979
v -9.050000 -1.986043 6.268313
v -9.050000 -1.986043 5.707479
v -9.050000 -1.986043 5.146646
v -9.050000 -1.986043 4.585813
v -9.050000 -1.986043 4.024979
v -9.050000 -1.986043 3.464146
v -9.050000 -1.986043 2.903313
v -9.050000 -1.986043 2.342479
v -9.050000 -1.986043 1.781646
v -9.050000 -1.986043 1.220813
v -9.050000 -1.986043 0.659979
v -9.070711 -1.970151 6.268313
v -9.070711 -1.970151 5.707479
v -9.070711 -1.970151 5.146646
v -9.070711 -1.970151 4.585813
v -9.070711 -1.970151 4.024979
v -9.070711 -1.970151 3.464146
v -9.070711 -1.970151 2.903313
v -9.070711 -1.970151 2.342479
v -9.070711 -1.970151 1.781646
v -9.070711 -1.970151 1.220813
v -9.070711 -1.970151 0.659979
v -9.086603 -1.949441 6.268313
v -9.086603 -1.949441 5.707479
v -9.086603 -1.949441 5.146646
v -9.086603 -1.949441 4.585813
v -9.086603 -1.949441 4.024979
v -9.086603 -1.949441 3.464146
v -9.086603 -1.949441 2.903313
v -9.086603 -1.949441 2.342479
v -9.086603 -1.949441 1.781646
v -9.086603 -1.949441 1.220813
v -9.086603 -1.949441 0.659979
v -9.096593 -1.925323 6.268313
v -9.096593 -1.925323 5.707479
v -9.096593 -1.925323 5.146646
v -9.096593 -1.925323 4.585813
v -9.096593 -1.925323 4.024979
v -9.096593 -1.925323 3.464146
v -9.096593 -1.925323 2.903313
v -9.096593 -1.925323 2.342479
v -9.096593 -1.925323 1.781646
v -9.096593 -1.925323 1.220813
v -9.096593 -1.925323 0.659979
v 9.000000 1.900559 6.929146
v 9.025882 1.900559 6.925738
v 9.050000 1.900559 6.915748
v 9.070711 1.900559 6.899857
v 9.086603 1.900559 6.879146
v 9.096593 1.900559 6.855028
v 9.100000 1.900559 6.829146
v 9.096593 1.926441 6.829146
v 9.086603 1.950559 6.829146
v 9.070711 1.971270 6.829146
v 9.050000 1.987162 6.829146
v 9.025882 1.997152 6.829146
v 9.000000 2.000559 6.829146
v 9.000000 1.997152 6.855028
v 9.000000 1.987162 6.879146
v 9.000000 1.971270 6.899857
v 9.000000 1.950559 6.915748
v 9.000000 1.926441 6.925738
v 9.097047 1.919134 6.844537
v 9.059494 1.976801 6.854594
v 9.051888 1.970226 6.878686
v 9.040746 1.958902 6.899401
v 9.026828 1.943603 6.915329
v 9.011081 1.925370 6.925383
v 9.024811 1.911641 6.925383
v 9.043044 1.927387 6.915329
v 9.058343 1.941306 6.899401
v 9.069666 1.952447 6.878686
v 9.076242 1.960053 6.854594
v 9.055426 1.908372 6.912013
v 9.071780 1.920671 6.895803
v 9.083242 1.931600 6.875050
v 9.089032 1.940413 6.851169
v 9.091750 1.909012 6.868010
v 9.039854 1.989591 6.851169
v 9.031041 1.983802 6.875050
v 9.020112 1.972339 6.895803
v 9.007813 1.955985 6.912013
v 9.018574 1.997606 6.844537
v 9.008453 1.992309 6.868010
v 9.096593 1.926441 0.659979
v 9.096593 1.926441 1.220813
v 9.096593 1.926441 1.781646
v 9.096593 1.926441 2.342479
v 9.096593 1.926441 2.903313
v 9.096593 1.926441 3.464146
v 9.096593 1.926441 4.024979
v 9.096593 1.926441 4.585813
v 9.096593 1.926441 5.146646
v 9.096593 1.926441 5.707479
v 9.096593 1.926441 6.268313
v 9.086603 1.950559 0.659979
v 9.086603 1.950559 1.220813
v 9.086603 1.950559 1.781646
v 9.086603 1.950559 2.342479
v 9.086603 1.950559 2.903313
v 9.086603 1.950559 3.464146
v 9.086603 1.950559 4.024979
v 9.086603 1.950559 4.585813
v 9.086603 1.950559 5.146646
v 9.086603 1.950559 5.707479
v 9.086603 1.950559 6.268313
v 9.070711 1.971270 0.659979
v 9.070711 1.971270 1.220813
v 9.070711 1.971270 1.781646
v 9.070711 1.971270 2.342479
v 9.070711 1.971270 2.903313
v 9.070711 1.971270 3.464146
v 9.070711 1.971270 4.024979
v 9.070711 1.971270 4.585813
v 9.070711 1.971270 5.146646
v 9.070711 1.971270 5.707479
v 9.070711 1.971270 6.268313
v 9.050000 1.987162 0.659979
v 9.050000 1.987162 1.220813
v 9.050000 1.987162 1.781646
v 9.050000 1.987162 2.342479
v 9.050000 1.987162 2.903313
v 9.050000 1.987162 3.464146
v 9.050000 1.987162 4.024979
v 9.050000 1.987162 4.585813
v 9.050000 1.987162 5.146646
v 9.050000 1.987162 5.707479
v 9.050000 1.987162 6.268313
v 9.025882 1.997152 0.659979
v 9.025882 1.997152 1.220813
v 9.025882 1.997152 1.781646
v 9.025882 1.997152 2.342479
v 9.025882 1.997152 2.903313
v 9.025882 1.997152 3.464146
v 9.025882 1.997152 4.024979
v 9.025882 1.997152 4.585813
v 9.025882 1.997152 5.146646
v 9.025882 1.997152 5.707479
v 9.025882 1.997152 6.268313
v -8.437500 1.997152 6.855028
v -7.875000 1.997152 6.855028
v -7.312500 1.997152 6.855028
v -6.750000 1.997152 6.855028
v -6.187500 1.997152 6.855028
v -5.625000 1.997152 6.855028
v -5.062500 1.997152 6.855028
v -4.500000 1.997152 6.855028
v -3.937500 1.997152 6.855028
v -3.375000 1.997152 6.855028
v -2.812500 1.997152 6.855028
v -2.250000 1.997152 6.855028
v -1.687500 1.997152 6.855028
v -1.125000 1.997152 6.855028
v -0.562500 1.997152 6.855028
v 0.000000 1.997152 6.855028
v 0.562500 1.997152 6.855028
v 1.125000 1.997152 6.855028
v 1.687500 1.997152 6.855028
v 2.250000 1.997152 6.855028
v 2.812500 1.997152 6.855028
v 3.375000 1.997152 6.855028
v 3.937500 1.997152 6.855028
v 4.500000 1.997152 6.855028
v 5.062500 1.997152 6.855028
v 5.625000 1.997152 6.855028
v 6.187500 1.997152 6.855028
v 6.750000 1.997152 6.855028
v 7.312500 1.997152 6.855028
v 7.875000 1.997152 6.855028
v 8.437500 1.997152 6.855028
v -8.437500 1.987162 6.879146
v -7.875000 1.987162 6.879146
v -7.312500 1.987162 6.879146
v -6.750000 1.987162 6.879146
v -6.187500 1.987162 6.879146
v -5.625000 1.987162 6.879146
v -5.062500 1.987162 6.879146
v -4.500000 1.987162 6.879146
v -3.937500 1.987162 6.879146
v -3.375000 1.987162 6.879146
v -2.812500 1.987162 6.879146
v -2.250000 1.987162 6.879146
v -1.687500 1.987162 6.879146
v -1.125000 1.987162 6.879146
v -0.562500 1.987162 6.879146
v 0.000000 1.987162 6.879146
v 0.562500 1.987162 6.879146
v 1.125000 1.987162 6.879146
v 1.687500 1.987162 6.879146
v 2.250000 1.987162 6.879146
v 2.812500 1.987162 6.879146
v 3.375000 1.987162 6.879146
v 3.937500 1.987162 6.879146
v 4.500000 1.987162 6.879146
v 5.062500 1.987162 6.879146
v 5.625000 1.987162 6.879146
v 6.187500 1.987162 6.879146
v 6.750000 1.987162 6.879146
v 7.312500 1.987162 6.879146
v 7.875000 1.987162 6.879146
v 8.437500 1.987162 6.879146
v -8.437500 1.971270 6.899857
v -7.875000 1.971270 6.899857
v -7.312500 1.971270 6.899857
v -6.750000 1.971270 6.899857
v -6.187500 1.971270 6.899857
v -5.625000 1.971270 6.899857
v -5.062500 1.971270 6.899857
v -4.500000 1.971270 6.899857
v -3.937500 1.971270 6.899857
v -3.375000 1.971270 6.899857
v -2.812500 1.971270 6.899857
v -2.250000 1.971270 6.899857
v -1.687500 1.971270 6.899857
v -1.125000 1.971270 6.899857
v -0.562500 1.971270 6.899857
v 0.000000 1.971270 6.899857
v 0.562500 1.971270 6.899857
v 1.125000 1.971270 6.899857
v 1.687500 1.971270 6.899857
v 2.250000 1.971270 6.899857
v 2.812500 1.971270 6.899857
v 3.375000 1.971270 6.899857
v 3.937500 1.971270 6.899857
v 4.500000 1.971270 6.899857
v 5.062500 1.971270 6.899857
v 5.625000 1.971270 6.899857
v 6.187500 1.971270 6.899857
v 6.750000 1.971270 6.899857
v 7.312500 1.971270 6.899857
v 7.875000 1.971270 6.899857
v 8.437500 1.971270 6.899857
v -8.437500 1.950559 6.915748
v -7.875000 1.950559 6.915748
v -7.312500 1.950559 6.915748
v -6.750000 1.950559 6.915748
v -6.187500 1.950559 6.915748
v -5.625000 1.950559 6.915748
v -5.062500 1.950559 6.915748
v -4.500000 1.950559 6.915748
v -3.937500 1.950559 6.915748
v -3.375000 1.950559 6.915748
v -2.812500 1.950559 6.915748
v -2.250000 1.950559 6.915748
v -1.687500 1.950559 6.915748
v -1.125000 1.950559 6.915748
v -0.562500 1.950559 6.915748
v 0.000000 1.950559 6.915748
v 0.562500 1.950559 6.915748
v 1.125000 1.950559 6.915748
v 1.687500 1.950559 6.915748
v 2.250000 1.950559 6.915748
v 2.812500 1.950559 6.915748
v 3.375000 1.950559 6.915748
v 3.937500 1.950559 6.915748
v 4.500000 1.950559 6.915748
v 5.062500 1.950559 6.915748
v 5.625000 1.950559 6.915748
v 6.187500 1.950559 6.915748
v 6.750000 1.950559 6.915748
v 7.312500 1.950559 6.915748
v 7.875000 1.950559 6.915748
v 8.437500 1.950559 6.915748
v -8.437500 1.926441 6.925738
v -7.875000 1.926441 6.925738
v -7.312500 1.926441 6.925738
v -6.750000 1.926441 6.925738
v -6.187500 1.926441 6.925738
v -5.625000 1.926441 6.925738
v -5.062500 1.926441 6.925738
v -4.500000 1.926441 6.925738
v -3.937500 1.926441 6.925738
v -3.375000 1.926441 6.925738
v -2.812500 1.926441 6.925738
v -2.250000 1.926441 6.925738
v -1.687500 1.926441 6.925738
v -1.125000 1.926441 6.925738
v -0.562500 1.926441 6.925738
v 0.000000 1.926441 6.925738
v 0.562500 1.926441 6.925738
v 1.125000 1.926441 6.925738
v 1.687500 1.926441 6.925738
v 2.250000 1.926441 6.925738
v 2.812500 1.926441 6.925738
v 3.375000 1.926441 6.925738
v 3.937500 1.926441 6.925738
v 4.500000 1.926441 6.925738
v 5.062500 1.926441 6.925738
v 5.625000 1.926441 6.925738
v 6.187500 1.926441 6.925738
v 6.750000 1.926441 6.925738
v 7.312500 1.926441 6.925738
v 7.875000 1.926441 6.925738
v 8.437500 1.926441 6.925738
v 9.000000 -1.899441 6.929146
v 9.000000 -1.925323 6.925738
v 9.000000 -1.949441 6.915748
v 9.000000 -1.970151 6.899857
v 9.000000 -1.986043 6.879146
v 9.000000 -1.996033 6.855028
v 9.000000 -1.999441 6.829146
v 9.025882 -1.996033 6.829146
v 9.050000 -1.986043 6.829146
v 9.070711 -1.970151 6.829146
v 9.086603 -1.949441 6.829146
v 9.096593 -1.925323 6.829146
v 9.100000 -1.899441 6.829146
v 9.096593 -1.899441 6.855028
v 9.086603 -1.899441 6.879146
v 9.070711 -1.899441 6.899857
v 9.050000 -1.899441 6.915748
v 9.025882 -1.899441 6.925738
v 9.097047 -1.914832 6.847720
v 9.008453 -1.938305 6.920896
v 9.018574 -1.914832 6.926193
v 9.007813 -1.982308 6.884572
v 9.020112 -1.966098 6.900926
v 9.031041 -1.945345 6.912388
v 9.039854 -1.921464 6.918178
v 9.011081 -1.995678 6.853957
v 9.026828 -1.985624 6.872189
v 9.040746 -1.969696 6.887489
v 9.051888 -1.948981 6.898812
v 9.059494 -1.924889 6.905388
v 9.024811 -1.995678 6.840227
v 9.043044 -1.985624 6.855974
v 9.058343 -1.969696 6.869892
v 9.069666 -1.948981 6.881034
v 9.076242 -1.924889 6.888640
v 9.055426 -1.982308 6.836959
v 9.071780 -1.966098 6.849258
v 9.083242 -1.945345 6.860186
v 9.089032 -1.921464 6.869000
v 9.091750 -1.938305 6.837599
v 9.096593 -1.925323 6.268313
v 9.096593 -1.925323 5.707479
v 9.096593 -1.925323 5.146646
v 9.096593 -1.925323 4.585813
v 9.096593 -1.925323 4.024979
v 9.096593 -1.925323 3.464146
v 9.096593 -1.925323 2.903313
v 9.096593 -1.925323 2.342479
v 9.096593 -1.925323 1.781646
v 9.096593 -1.925323 1.220813
v 9.096593 -1.925323 0.659979
v 9.086603 -1.949441 6.268313
v 9.086603 -1.949441 5.707479
v 9.086603 -1.949441 5.146646
v 9.086603 -1.949441 4.585813
v 9.086603 -1.949441 4.024979
v 9.086603 -1.949441 3.464146
v 9.086603 -1.949441 2.903313
v 9.086603 -1.949441 2.342479
v 9.086603 -1.949441 1.781646
v 9.086603 -1.949441 1.220813
v 9.086603 -1.949441 0.659979
v 9.070711 -1.970151 6.268313
v 9.070711 -1.970151 5.707479
v 9.070711 -1.970151 5.146646
v 9.070711 -1.970151 4.585813
v 9.070711 -1.970151 4.024979
v 9.070711 -1.970151 3.464146
v 9.070711 -1.970151 2.903313
v 9.070711 -1.970151 2.342479
v 9.070711 -1.970151 1.781646
v 9.070711 -1.970151 1.220813
v 9.070711 -1.970151 0.659979
v 9.050000 -1.986043 6.268313
v 9.050000 -1.986043 5.707479
v 9.050000 -1.986043 5.146646
v 9.050000 -1.986043 4.585813
v 9.050000 -1.986043 4.024979
v 9.050000 -1.986043 3.464146
v 9.050000 -1.986043 2.903313
v 9.050000 -1.986043 2.342479
v 9.050000 -1.986043 1.781646
v 9.050000 -1.986043 1.220813
v 9.050000 -1.986043 0.659979
v 9.025882 -1.996033 6.268313
v 9.025882 -1.996033 5.707479
v 9.025882 -1.996033 5.146646
v 9.025882 -1.996033 4.585813
v 9.025882 -1.996033 4.024979
v 9.025882 -1.996033 3.464146
v 9.025882 -1.996033 2.903313
v 9.025882 -1.996033 2.342479
v 9.025882 -1.996033 1.781646
v 9.025882 -1.996033 1.220813
v 9.025882 -1.996033 0.659979
v 9.096593 1.357702 6.855028
v 9.096593 0.814845 6.855028
v 9.096593 0.271988 6.855028
v 9.096593 -0.270869 6.855028
v 9.096593 -0.813726 6.855028
v 9.096593 -1.356584 6.855028
v 9.086603 1.357702 6.879146
v 9.086603 0.814845 6.879146
v 9.086603 0.271988 6.879146
v 9.086603 -0.270869 6.879146
v 9.086603 -0.813726 6.879146
v 9.086603 -1.356584 6.879146
v 9.070711 1.357702 6.899857
v 9.070711 0.814845 6.899857
v 9.070711 0.271988 6.899857
v 9.070711 -0.270869 6.899857
v 9.070711 -0.813726 6.899857
v 9.070711 -1.356584 6.899857
v 9.050000 1.357702 6.915748
v 9.050000 0.814845 6.915748
v 9.050000 0.271988 6.915748
v 9.050000 -0.270869 6.915748
v 9.050000 -0.813726 6.915748
v 9.050000 -1.356584 6.915748
v 9.025882 1.357702 6.925738
v 9.025882 0.814845 6.925738
v 9.025882 0.271988 6.925738
v 9.025882 -0.270869 6.925738
v 9.025882 -0.813726 6.925738
v 9.025882 -1.356584 6.925738
v 8.437500 -1.996033 6.855028
v 7.875000 -1.996033 6.855028
v 7.312500 -1.996033 6.855028
v 6.750000 -1.996033 6.855028
v 6.187500 -1.996033 6.855028
v 5.625000 -1.996033 6.855028
v 5.062500 -1.996033 6.855028
v 4.500000 -1.996033 6.855028
v 3.937500 -1.996033 6.855028
v 3.375000 -1.996033 6.855028
v 2.812500 -1.996033 6.855028
v 2.250000 -1.996033 6.855028
v 1.687500 -1.996033 6.855028
v 1.125000 -1.996033 6.855028
v 0.562500 -1.996033 6.855028
v 0.000000 -1.996033 6.855028
v -0.562500 -1.996033 6.855028
v -1.125000 -1.996033 6.855028
v -1.687500 -1.996033 6.855028
v -2.250000 -1.996033 6.855028
v -2.812500 -1.996033 6.855028
v -3.375000 -1.996033 6.855028
v -3.937500 -1.996033 6.855028
v -4.500000 -1.996033 6.855028
v -5.062500 -1.996033 6.855028
v -5.625000 -1.996033 6.855028
v -6.187500 -1.996033 6.855028
v -6.750000 -1.996033 6.855028
v -7.312500 -1.996033 6.855028
v -7.875000 -1.996033 6.855028
v -8.437500 -1.996033 6.855028
v 8.437500 -1.986043 6.879146
v 7.875000 -1.986043 6.879146
v 7.312500 -1.986043 6.879146
v 6.750000 -1.986043 6.879146
v 6.187500 -1.986043 6.879146
v 5.625000 -1.986043 6.879146
v 5.062500 -1.986043 6.879146
v 4.500000 -1.986043 6.879146
v 3.937500 -1.986043 6.879146
v 3.375000 -1.986043 6.879146
v 2.812500 -1.986043 6.879146
v 2.250000 -1.986043 6.879146
v 1.687500 -1.986043 6.879146
v 1.125000 -1.986043 6.879146
v 0.562500 -1.986043 6.879146
v 0.000000 -1.986043 6.879146
v -0.562500 -1.986043 6.879146
v -1.125000 -1.986043 6.879146
v -1.687500 -1.986043 6.879146
v -2.250000 -1.986043 6.879146
v -2.812500 -1.986043 6.879146
v -3.375000 -1.986043 6.879146
v -3.937500 -1.986043 6.879146
v -4.500000 -1.986043 6.879146
v -5.062500 -1.986043 6.879146
v -5.625000 -1.986043 6.879146
v -6.187500 -1.986043 6.879146
v -6.750000 -1.986043 6.879146
v -7.312500 -1.986043 6.879146
v -7.875000 -1.986043 6.879146
v -8.437500 -1.986043 6.879146
v 8.437500 -1.970151 6.899857
v 7.875000 -1.970151 6.899857
v 7.312500 -1.970151 6.899857
v 6.750000 -1.970151 6.899857
v 6.187500 -1.970151 6.899857
v 5.625000 -1.970151 6.899857
v 5.062500 -1.970151 6.899857
v 4.500000 -1.970151 6.899857
v 3.937500 -1.970151 6.899857
v 3.375000 -1.970151 6.899857
v 2.812500 -1.970151 6.899857
v 2.250000 -1.970151 6.899857
v 1.687500 -1.970151 6.899857
v 1.125000 -1.970151 6.899857
v 0.562500 -1.970151 6.899857
v 0.000000 -1.970151 6.899857
v -0.562500 -1.970151 6.899857
v -1.125000 -1.970151 6.899857
v -1.687500 -1.970151 6.899857
v -2.250000 -1.970151 6.899857
v -2.812500 -1.970151 6.899857
v -3.375000 -1.970151 6.899857
v -3.937500 -1.970151 6.899857
v -4.500000 -1.970151 6.899857
v -5.062500 -1.970151 6.899857
v -5.625000 -1.970151 6.899857
v -6.187500 -1.970151 6.899857
v -6.750000 -1.970151 6.899857
v -7.312500 -1.970151 6.899857
v -7.875000 -1.970151 6.899857
v -8.437500 -1.970151 6.899857
v 8.437500 -1.949441 6.915748
v 7.875000 -1.949441 6.915748
v 7.312500 -1.949441 6.915748
v 6.750000 -1.949441 6.915748
v 6.187500 -1.949441 6.915748
v 5.625000 -1.949441 6.915748
v 5.062500 -1.949441 6.915748
v 4.500000 -1.949441 6.915748
v 3.937500 -1.949441 6.915748
v 3.375000 -1.949441 6.915748
v 2.812500 -1.949441 6.915748
v 2.250000 -1.949441 6.915748
v 1.687500 -1.949441 6.915748
v 1.125000 -1.949441 6.915748
v 0.562500 -1.949441 6.915748
v 0.000000 -1.949441 6.915748
v -0.562500 -1.949441 6.915748
v -1.125000 -1.949441 6.915748
v -1.687500 -1.949441 6.915748
v -2.250000 -1.949441 6.915748
v -2.812500 -1.949441 6.915748
v -3.375000 -1.949441 6.915748
v -3.937500 -1.949441 6.915748
v -4.500000 -1.949441 6.915748
v -5.062500 -1.949441 6.915748
v -5.625000 -1.949441 6.915748
v -6.187500 -1.949441 6.915748
v -6.750000 -1.949441 6.915748
v -7.312500 -1.949441 6.915748
v -7.875000 -1.949441 6.915748
v -8.437500 -1.949441 6.915748
v 8.437500 -1.925323 6.925738
v 7.875000 -1.925323 6.925738
v 7.312500 -1.925323 6.925738
v 6.750000 -1.925323 6.925738
v 6.187500 -1.925323 6.925738
v 5.625000 -1.925323 6.925738
v 5.062500 -1.925323 6.925738
v 4.500000 -1.925323 6.925738
v 3.937500 -1.925323 6.925738
v 3.375000 -1.925323 6.925738
v 2.812500 -1.925323 6.925738
v 2.250000 -1.925323 6.925738
v 1.687500 -1.925323 6.925738
v 1.125000 -1.925323 6.925738
v 0.562500 -1.925323 6.925738
v 0.000000 -1.925323 6.925738
v -0.562500 -1.925323 6.925738
v -1.125000 -1.925323 6.925738
v -1.687500 -1.925323 6.925738
v -2.250000 -1.925323 6.925738
v -2.812500 -1.925323 6.925738
v -3.375000 -1.925323 6.925738
v -3.937500 -1.925323 6.925738
v -4.500000 -1.925323 6.925738
v -5.062500 -1.925323 6.925738
v -5.625000 -1.925323 6.925738
v -6.187500 -1.925323 6.925738
v -6.750000 -1.925323 6.925738
v -7.312500 -1.925323 6.925738
v -7.875000 -1.925323 6.925738
v -8.437500 -1.925323 6.925738
v -9.096593 -1.356584 6.855028
v -9.096593 -0.813726 6.855028
v -9.096593 -0.270869 6.855028
v -9.096593 0.271988 6.855028
v -9.096593 0.814845 6.855028
v -9.096593 1.357702 6.855028
v -9.086603 -1.356584 6.879146
v -9.086603 -0.813726 6.879146
v -9.086603 -0.270869 6.879146
v -9.086603 0.271988 6.879146
v -9.086603 0.814845 6.879146
v -9.086603 1.357702 6.879146
v -9.070711 -1.356584 6.899857
v -9.070711 -0.813726 6.899857
v -9.070711 -0.270869 6.899857
v -9.070711 0.271988 6.899857
v -9.070711 0.814845 6.899857
v -9.070711 1.357702 6.899857
v -9.050000 -1.356584 6.915748
v -9.050000 -0.813726 6.915748
v -9.050000 -0.270869 6.915748
v -9.050000 0.271988 6.915748
v -9.050000 0.814845 6.915748
v -9.050000 1.357702 6.915748
v -9.025882 -1.356584 6.925738
v -9.025882 -0.813726 6.925738
v -9.025882 -0.270869 6.925738
v -9.025882 0.271988 6.925738
v -9.025882 0.814845 6.925738
v -9.025882 1.357702 6.925738
v 8.533333 -1.925323 0.002553
v 8.066667 -1.925323 0.002553
v 8.533333 -1.949441 0.012543
v 8.066667 -1.949441 0.012543
v 8.533333 -1.970151 0.028435
v 8.066667 -1.970151 0.028435
v 8.533333 -1.986043 0.049146
v 8.066667 -1.986043 0.049146
v 8.533333 -1.996033 0.073264
v 8.066667 -1.996033 0.073264
v 9.096593 -1.356584 0.073264
v 9.096593 -0.813726 0.073264
v 9.096593 -0.270869 0.073264
v 9.096593 0.271988 0.073264
v 9.096593 0.814845 0.073264
v 9.096593 1.357702 0.073264
v 9.086603 -1.356584 0.049146
v 9.086603 -0.813726 0.049146
v 9.086603 -0.270869 0.049146
v 9.086603 0.271988 0.049146
v 9.086603 0.814845 0.049146
v 9.086603 1.357702 0.049146
v 9.070711 -1.356584 0.028435
v 9.070711 -0.813726 0.028435
v 9.070711 -0.270869 0.028435
v 9.070711 0.271988 0.028435
v 9.070711 0.814845 0.028435
v 9.070711 1.357702 0.028435
v 9.050000 -1.356584 0.012543
v 9.050000 -0.813726 0.012543
v 9.050000 -0.270869 0.012543
v 9.050000 0.271988 0.012543
v 9.050000 0.814845 0.012543
v 9.050000 1.357702 0.012543
v 9.025882 -1.356584 0.002553
v 9.025882 -0.813726 0.002553
v 9.025882 -0.270869 0.002553
v 9.025882 0.271988 0.002553
v 9.025882 0.814845 0.002553
v 9.025882 1.357702 0.002553
v 8.533333 1.997152 0.073264
v 8.066667 1.997152 0.073264
v 8.533333 1.987162 0.049146
v 8.066667 1.987162 0.049146
v 8.533333 1.971270 0.028435
v 8.066667 1.971270 0.028435
v 8.533333 1.950559 0.012543
v 8.066667 1.950559 0.012543
v 8.533333 1.926441 0.002553
v 8.066667 1.926441 0.002553
v -9.096593 1.357702 0.073264
v -9.096593 0.814845 0.073264
v -9.096593 0.271988 0.073264
v -9.096593 -0.270869 0.073264
v -9.096593 -0.813726 0.073264
v -9.096593 -1.356584 0.073264
v -9.086603 1.357702 0.049146
v -9.086603 0.814845 0.049146
v -9.086603 0.271988 0.049146
v -9.086603 -0.270869 0.049146
v -9.086603 -0.813726 0.049146
v -9.086603 -1.356584 0.049146
v -9.070711 1.357702 0.028435
v -9.070711 0.814845 0.028435
v -9.070711 0.271988 0.028435
v -9.070711 -0.270869 0.028435
v -9.070711 -0.813726 0.028435
v -9.070711 -1.356584 0.028435
v -9.050000 1.357702 0.012543
v -9.050000 0.814845 0.012543
v -9.050000 0.271988 0.012543
v -9.050000 -0.270869 0.012543
v -9.050000 -0.813726 0.012543
v -9.050000 -1.356584 0.012543
v -9.025882 1.357702 0.002553
v -9.025882 0.814845 0.002553
v -9.025882 0.271988 0.002553
v -9.025882 -0.270869 0.002553
v -9.025882 -0.813726 0.002553
v -9.025882 -1.356584 0.002553
v -8.533333 -1.996033 0.073264
v -8.066667 -1.996033 0.073264
v -8.533333 -1.986043 0.049146
v -8.066667 -1.986043 0.049146
v -8.533333 -1.970151 0.028435
v -8.066667 -1.970151 0.028435
v -8.533333 -1.949441 0.012543
v -8.066667 -1.949441 0.012543
v -8.533333 -1.925323 0.002553
v -8.066667 -1.925323 0.002553
v -8.533333 1.926441 0.002553
v -8.066667 1.926441 0.002553
v -8.533333 1.950559 0.012543
v -8.066667 1.950559 0.012543
v -8.533333 1.971270 0.028435
v -8.066667 1.971270 0.028435
v -8.533333 1.987162 0.049146
v -8.066667 1.987162 0.049146
v -8.533333 1.997152 0.073264
v -8.066667 1.997152 0.073264
v -8.092095 1.381873 6.929146
v -8.091264 1.396540 6.929146
v -8.090089 1.411182 6.929146
v -8.090534 1.411604 6.929146
v -8.092227 1.407359 6.929146
v -8.094667 1.403454 6.929146
v -8.097681 1.399810 6.929146
v -8.088680 1.425808 6.929146
v -8.089530 1.416163 6.929146
v -8.089636 1.415518 6.929146
v -8.089683 1.415250 6.929146
v -3.140000 0.000559 6.929146
v -3.140000 0.650559 6.929146
v -3.540000 0.650559 6.929146
v -3.540000 1.400559 6.929146
v -1.540000 1.400559 6.929146
v -1.540000 0.650559 6.929146
v -1.940000 0.650559 6.929146
v -1.940000 0.000559 6.929146
v -0.600000 0.000559 6.929146
v -0.600000 0.650559 6.929146
v -1.000000 0.650559 6.929146
v -1.000000 1.400559 6.929146
v 1.000000 1.400559 6.929146
v 1.000000 0.650559 6.929146
v 0.600000 0.650559 6.929146
v 0.600000 0.000559 6.929146
v 1.940000 0.000559 6.929146
v 1.940000 0.650559 6.929146
v 1.540000 0.650559 6.929146
v 1.540000 1.400559 6.929146
v 3.540000 1.400559 6.929146
v 3.540000 0.650559 6.929146
v 3.140000 0.650559 6.929146
v 3.140000 0.000559 6.929146
v 4.480000 0.000559 6.929146
v 4.480000 0.650559 6.929146
v 4.080000 0.650559 6.929146
v 4.080000 1.400559 6.929146
v 6.080000 1.400559 6.929146
v 6.080000 0.650559 6.929146
v 5.680000 0.650559 6.929146
v 5.680000 0.000559 6.929146
v 7.750000 0.000559 6.929146
v 7.750000 -1.376173 6.929146
v -7.750000 -1.376173 6.929146
v -7.750000 0.000559 6.929146
v -5.680000 0.000559 6.929146
v -5.680000 0.650559 6.929146
v -6.080000 0.650559 6.929146
v -6.080000 1.400559 6.929146
v -4.080000 1.400559 6.929146
v -4.080000 0.650559 6.929146
v -4.480000 0.650559 6.929146
v -4.480000 0.000559 6.929146
v 3.520491 1.381050 6.927224
v 3.501732 1.362291 6.921534
v 3.484443 1.345002 6.912293
v 3.469289 1.329849 6.899857
v 3.456853 1.317412 6.884703
v 3.447612 1.308171 6.867414
v 3.441921 1.302481 6.848655
v 3.440482 1.301041 6.838948
v 3.440000 1.300559 6.829146
v 3.440000 0.750559 6.829146
v 3.440482 0.750078 6.838948
v 3.441921 0.748638 6.848655
v 3.447612 0.742947 6.867414
v 3.456853 0.733706 6.884703
v 3.469289 0.721270 6.899857
v 3.484443 0.706116 6.912293
v 3.501732 0.688828 6.921534
v 3.520491 0.670068 6.927224
v 3.490000 1.025559 6.915748
v 3.514118 1.025559 6.925738
v 3.469289 1.025559 6.899857
v 3.453397 1.025559 6.879146
v 3.443407 1.025559 6.855028
v 1.559509 1.381050 6.927224
v 1.578268 1.362291 6.921534
v 1.595557 1.345002 6.912293
v 1.610711 1.329849 6.899857
v 1.623147 1.317412 6.884703
v 1.632388 1.308171 6.867414
v 1.638079 1.302481 6.848655
v 1.639518 1.301041 6.838948
v 1.640000 1.300559 6.829146
v 2.040000 1.374677 6.925738
v 2.540000 1.374677 6.925738
v 3.040000 1.374677 6.925738
v 2.040000 1.350559 6.915748
v 2.540000 1.350559 6.915748
v 3.040000 1.350559 6.915748
v 2.040000 1.329849 6.899857
v 2.540000 1.329849 6.899857
v 3.040000 1.329849 6.899857
v 2.040000 1.313957 6.879146
v 2.540000 1.313957 6.879146
v 3.040000 1.313957 6.879146
v 2.040000 1.303967 6.855028
v 2.540000 1.303967 6.855028
v 3.040000 1.303967 6.855028
v 1.559509 0.670068 6.927224
v 1.578268 0.688828 6.921534
v 1.595557 0.706116 6.912293
v 1.610711 0.721270 6.899857
v 1.623147 0.733706 6.884703
v 1.632388 0.742947 6.867414
v 1.638079 0.748638 6.848655
v 1.639518 0.750078 6.838948
v 1.640000 0.750559 6.829146
v 1.590000 1.025559 6.915748
v 1.565882 1.025559 6.925738
v 1.610711 1.025559 6.899857
v 1.626603 1.025559 6.879146
v 1.636593 1.025559 6.855028
v 1.959509 -0.018950 6.927224
v 1.978268 -0.037709 6.921534
v 1.995557 -0.054998 6.912293
v 2.010711 -0.070151 6.899857
v 2.023147 -0.082588 6.884703
v 2.032388 -0.091829 6.867414
v 2.038079 -0.097519 6.848655
v 2.039518 -0.098959 6.838948
v 2.040000 -0.099441 6.829146
v 2.040000 0.750559 6.829146
v 2.039518 0.750078 6.838948
v 2.038079 0.748638 6.848655
v 2.032388 0.742947 6.867414
v 2.023147 0.733706 6.884703
v 2.010711 0.721270 6.899857
v 1.995557 0.706116 6.912293
v 1.978268 0.688828 6.921534
v 1.959509 0.670068 6.927224
v 1.990000 0.325559 6.915748
v 1.965882 0.325559 6.925738
v 2.010711 0.325559 6.899857
v 2.026603 0.325559 6.879146
v 2.036593 0.325559 6.855028
v 4.580000 -0.099441 6.829146
v 4.580000 0.750559 6.829146
v 4.579518 0.750078 6.838948
v 4.578079 0.748638 6.848655
v 4.572388 0.742947 6.867414
v 4.563147 0.733706 6.884703
v 4.550711 0.721270 6.899857
v 4.535557 0.706116 6.912293
v 4.518268 0.688828 6.921534
v 4.499509 0.670068 6.927224
v 4.499509 -0.018950 6.927224
v 4.518268 -0.037709 6.921534
v 4.535557 -0.054998 6.912293
v 4.550711 -0.070151 6.899857
v 4.563147 -0.082588 6.884703
v 4.572388 -0.091829 6.867414
v 4.578079 -0.097519 6.848655
v 4.579518 -0.098959 6.838948
v 4.576593 0.325559 6.855028
v 4.566603 0.325559 6.879146
v 4.550711 0.325559 6.899857
v 4.530000 0.325559 6.915748
v 4.505882 0.325559 6.925738
v 0.580491 -0.018950 6.927224
v 0.561732 -0.037709 6.921534
v 0.544443 -0.054998 6.912293
v 0.529289 -0.070151 6.899857
v 0.516853 -0.082588 6.884703
v 0.507612 -0.091829 6.867414
v 0.501921 -0.097519 6.848655
v 0.500482 -0.098959 6.838948
v 0.500000 -0.099441 6.829146
v 1.013333 -0.025323 6.925738
v 1.526667 -0.025323 6.925738
v 1.013333 -0.049441 6.915748
v 1.526667 -0.049441 6.915748
v 1.013333 -0.070151 6.899857
v 1.526667 -0.070151 6.899857
v 1.013333 -0.086043 6.879146
v 1.526667 -0.086043 6.879146
v 1.013333 -0.096033 6.855028
v 1.526667 -0.096033 6.855028
v 0.580491 0.670068 6.927224
v 0.561732 0.688828 6.921534
v 0.544443 0.706116 6.912293
v 0.529289 0.721270 6.899857
v 0.516853 0.733706 6.884703
v 0.507612 0.742947 6.867414
v 0.501921 0.748638 6.848655
v 0.500482 0.750078 6.838948
v 0.500000 0.750559 6.829146
v 0.550000 0.325559 6.915748
v 0.574118 0.325559 6.925738
v 0.529289 0.325559 6.899857
v 0.513397 0.325559 6.879146
v 0.503407 0.325559 6.855028
v 0.980491 0.670068 6.927224
v 0.961732 0.688828 6.921534
v 0.944443 0.706116 6.912293
v 0.929289 0.721270 6.899857
v 0.916853 0.733706 6.884703
v 0.907612 0.742947 6.867414
v 0.901921 0.748638 6.848655
v 0.900482 0.750078 6.838948
v 0.900000 0.750559 6.829146
v 0.980491 1.381050 6.927224
v 0.961732 1.362291 6.921534
v 0.944443 1.345002 6.912293
v 0.929289 1.329849 6.899857
v 0.916853 1.317412 6.884703
v 0.907612 1.308171 6.867414
v 0.901921 1.302481 6.848655
v 0.900482 1.301041 6.838948
v 0.900000 1.300559 6.829146
v 0.950000 1.025559 6.915748
v 0.974118 1.025559 6.925738
v 0.929289 1.025559 6.899857
v 0.913397 1.025559 6.879146
v 0.903407 1.025559 6.855028
v -0.980491 1.381050 6.927224
v -0.961732 1.362291 6.921534
v -0.944443 1.345002 6.912293
v -0.929289 1.329849 6.899857
v -0.916853 1.317412 6.884703
v -0.907612 1.308171 6.867414
v -0.901921 1.302481 6.848655
v -0.900482 1.301041 6.838948
v -0.900000 1.300559 6.829146
v -0.500000 1.374677 6.925738
v 0.000000 1.374677 6.925738
v 0.500000 1.374677 6.925738
v -0.500000 1.350559 6.915748
v 0.000000 1.350559 6.915748
v 0.500000 1.350559 6.915748
v -0.500000 1.329849 6.899857
v 0.000000 1.329849 6.899857
v 0.500000 1.329849 6.899857
v -0.500000 1.313957 6.879146
v 0.000000 1.313957 6.879146
v 0.500000 1.313957 6.879146
v -0.500000 1.303967 6.855028
v 0.000000 1.303967 6.855028
v 0.500000 1.303967 6.855028
v -0.980491 0.670068 6.927224
v -0.961732 0.688828 6.921534
v -0.944443 0.706116 6.912293
v -0.929289 0.721270 6.899857
v -0.916853 0.733706 6.884703
v -0.907612 0.742947 6.867414
v -0.901921 0.748638 6.848655
v -0.900482 0.750078 6.838948
v -0.900000 0.750559 6.829146
v -0.950000 1.025559 6.915748
v -0.974118 1.025559 6.925738
v -0.929289 1.025559 6.899857
v -0.913397 1.025559 6.879146
v -0.903407 1.025559 6.855028
v -0.580491 -0.018950 6.927224
v -0.561732 -0.037709 6.921534
v -0.544443 -0.054998 6.912293
v -0.529289 -0.070151 6.899857
v -0.516853 -0.082588 6.884703
v -0.507612 -0.091829 6.867414
v -0.501921 -0.097519 6.848655
v -0.500482 -0.098959 6.838948
v -0.500000 -0.099441 6.829146
v -0.500000 0.750559 6.829146
v -0.500482 0.750078 6.838948
v -0.501921 0.748638 6.848655
v -0.507612 0.742947 6.867414
v -0.516853 0.733706 6.884703
v -0.529289 0.721270 6.899857
v -0.544443 0.706116 6.912293
v -0.561732 0.688828 6.921534
v -0.580491 0.670068 6.927224
v -0.550000 0.325559 6.915748
v -0.574118 0.325559 6.925738
v -0.529289 0.325559 6.899857
v -0.513397 0.325559 6.879146
v -0.503407 0.325559 6.855028
v -1.959509 -0.018950 6.927224
v -1.978268 -0.037709 6.921534
v -1.995557 -0.054998 6.912293
v -2.010711 -0.070151 6.899857
v -2.023147 -0.082588 6.884703
v -2.032388 -0.091829 6.867414
v -2.038079 -0.097519 6.848655
v -2.039518 -0.098959 6.838948
v -2.040000 -0.099441 6.829146
v -1.526667 -0.025323 6.925738
v -1.013333 -0.025323 6.925738
v -1.526667 -0.049441 6.915748
v -1.013333 -0.049441 6.915748
v -1.526667 -0.070151 6.899857
v -1.013333 -0.070151 6.899857
v -1.526667 -0.086043 6.879146
v -1.013333 -0.086043 6.879146
v -1.526667 -0.096033 6.855028
v -1.013333 -0.096033 6.855028
v -1.959509 0.670068 6.927224
v -1.978268 0.688828 6.921534
v -1.995557 0.706116 6.912293
v -2.010711 0.721270 6.899857
v -2.023147 0.733706 6.884703
v -2.032388 0.742947 6.867414
v -2.038079 0.748638 6.848655
v -2.039518 0.750078 6.838948
v -2.040000 0.750559 6.829146
v -1.990000 0.325559 6.915748
v -1.965882 0.325559 6.925738
v -2.010711 0.325559 6.899857
v -2.026603 0.325559 6.879146
v -2.036593 0.325559 6.855028
v -1.559509 0.670068 6.927224
v -1.578268 0.688828 6.921534
v -1.595557 0.706116 6.912293
v -1.610711 0.721270 6.899857
v -1.623147 0.733706 6.884703
v -1.632388 0.742947 6.867414
v -1.638079 0.748638 6.848655
v -1.639518 0.750078 6.838948
v -1.640000 0.750559 6.829146
v -1.559509 1.381050 6.927224
v -1.578268 1.362291 6.921534
v -1.595557 1.345002 6.912293
v -1.610711 1.329849 6.899857
v -1.623147 1.317412 6.884703
v -1.632388 1.308171 6.867414
v -1.638079 1.302481 6.848655
v -1.639518 1.301041 6.838948
v -1.640000 1.300559 6.829146
v -1.590000 1.025559 6.915748
v -1.565882 1.025559 6.925738
v -1.610711 1.025559 6.899857
v -1.626603 1.025559 6.879146
v -1.636593 1.025559 6.855028
v -5.580000 -0.099441 6.829146
v -5.580000 0.750559 6.829146
v -5.580482 0.750078 6.838948
v -5.581921 0.748638 6.848655
v -5.587612 0.742947 6.867414
v -5.596853 0.733706 6.884703
v -5.609289 0.721270 6.899857
v -5.624443 0.706116 6.912293
v -5.641732 0.688828 6.921534
v -5.660491 0.670068 6.927224
v -5.660491 -0.018950 6.927224
v -5.641732 -0.037709 6.921534
v -5.624443 -0.054998 6.912293
v -5.609289 -0.070151 6.899857
v -5.596853 -0.082588 6.884703
v -5.587612 -0.091829 6.867414
v -5.581921 -0.097519 6.848655
v -5.580482 -0.098959 6.838948
v -5.583407 0.325559 6.855028
v -5.593397 0.325559 6.879146
v -5.609289 0.325559 6.899857
v -5.630000 0.325559 6.915748
v -5.654118 0.325559 6.925738
v -3.520491 1.381050 6.927224
v -3.501732 1.362291 6.921534
v -3.484443 1.345002 6.912293
v -3.469289 1.329849 6.899857
v -3.456853 1.317412 6.884703
v -3.447612 1.308171 6.867414
v -3.441921 1.302481 6.848655
v -3.440482 1.301041 6.838948
v -3.440000 1.300559 6.829146
v -3.040000 1.374677 6.925738
v -2.540000 1.374677 6.925738
v -2.040000 1.374677 6.925738
v -3.040000 1.350559 6.915748
v -2.540000 1.350559 6.915748
v -2.040000 1.350559 6.915748
v -3.040000 1.329849 6.899857
v -2.540000 1.329849 6.899857
v -2.040000 1.329849 6.899857
v -3.040000 1.313957 6.879146
v -2.540000 1.313957 6.879146
v -2.040000 1.313957 6.879146
v -3.040000 1.303967 6.855028
v -2.540000 1.303967 6.855028
v -2.040000 1.303967 6.855028
v -3.520491 0.670068 6.927224
v -3.501732 0.688828 6.921534
v -3.484443 0.706116 6.912293
v -3.469289 0.721270 6.899857
v -3.456853 0.733706 6.884703
v -3.447612 0.742947 6.867414
v -3.441921 0.748638 6.848655
v -3.440482 0.750078 6.838948
v -3.440000 0.750559 6.829146
v -3.490000 1.025559 6.915748
v -3.514118 1.025559 6.925738
v -3.469289 1.025559 6.899857
v -3.453397 1.025559 6.879146
v -3.443407 1.025559 6.855028
v -3.120491 -0.018950 6.927224
v -3.101732 -0.037709 6.921534
v -3.084443 -0.054998 6.912293
v -3.069289 -0.070151 6.899857
v -3.056853 -0.082588 6.884703
v -3.047612 -0.091829 6.867414
v -3.041921 -0.097519 6.848655
v -3.040482 -0.098959 6.838948
v -3.040000 -0.099441 6.829146
v -3.040000 0.750559 6.829146
v -3.040482 0.750078 6.838948
v -3.041921 0.748638 6.848655
v -3.047612 0.742947 6.867414
v -3.056853 0.733706 6.884703
v -3.069289 0.721270 6.899857
v -3.084443 0.706116 6.912293
v -3.101732 0.688828 6.921534
v -3.120491 0.670068 6.927224
v -3.090000 0.325559 6.915748
v -3.114118 0.325559 6.925738
v -3.069289 0.325559 6.899857
v -3.053397 0.325559 6.879146
v -3.043407 0.325559 6.855028
v -4.499509 -0.018950 6.927224
v -4.518268 -0.037709 6.921534
v -4.535557 -0.054998 6.912293
v -4.550711 -0.070151 6.899857
v -4.563147 -0.082588 6.884703
v -4.572388 -0.091829 6.867414
v -4.578079 -0.097519 6.848655
v -4.579518 -0.098959 6.838948
v -4.580000 -0.099441 6.829146
v -4.066667 -0.025323 6.925738
v -3.553333 -0.025323 6.925738
v -4.066667 -0.049441 6.915748
v -3.553333 -0.049441 6.915748
v -4.066667 -0.070151 6.899857
v -3.553333 -0.070151 6.899857
v -4.066667 -0.086043 6.879146
v -3.553333 -0.086043 6.879146
v -4.066667 -0.096033 6.855028
v -3.553333 -0.096033 6.855028
v -4.499509 0.670068 6.927224
v -4.518268 0.688828 6.921534
v -4.535557 0.706116 6.912293
v -4.550711 0.721270 6.899857
v -4.563147 0.733706 6.884703
v -4.572388 0.742947 6.867414
v -4.578079 0.748638 6.848655
v -4.579518 0.750078 6.838948
v -4.580000 0.750559 6.829146
v -4.530000 0.325559 6.915748
v -4.505882 0.325559 6.925738
v -4.550711 0.325559 6.899857
v -4.566603 0.325559 6.879146
v -4.576593 0.325559 6.855028
v -4.180000 0.750559 6.829146
v -4.099509 0.670068 6.927224
v -4.118268 0.688828 6.921534
v -4.135557 0.706116 6.912293
v -4.150711 0.721270 6.899857
v -4.163147 0.733706 6.884703
v -4.172388 0.742947 6.867414
v -4.178079 0.748638 6.848655
v -4.179518 0.750078 6.838948
v -4.180000 1.300559 6.829146
v -4.099509 1.381050 6.927224
v -4.118268 1.362291 6.921534
v -4.135557 1.345002 6.912293
v -4.150711 1.329849 6.899857
v -4.163147 1.317412 6.884703
v -4.172388 1.308171 6.867414
v -4.178079 1.302481 6.848655
v -4.179518 1.301041 6.838948
v -4.176593 1.025559 6.855028
v -4.166603 1.025559 6.879146
v -4.150711 1.025559 6.899857
v -4.130000 1.025559 6.915748
v -4.105882 1.025559 6.925738
v -5.980000 1.300559 6.829146
v -6.060491 1.381050 6.927224
v -6.041732 1.362291 6.921534
v -6.024443 1.345002 6.912293
v -6.009289 1.329849 6.899857
v -5.996853 1.317412 6.884703
v -5.987612 1.308171 6.867414
v -5.981921 1.302481 6.848655
v -5.980482 1.301041 6.838948
v -4.580000 1.303967 6.855028
v -5.080000 1.303967 6.855028
v -5.580000 1.303967 6.855028
v -4.580000 1.313957 6.879146
v -5.080000 1.313957 6.879146
v -5.580000 1.313957 6.879146
v -4.580000 1.329849 6.899857
v -5.080000 1.329849 6.899857
v -5.580000 1.329849 6.899857
v -4.580000 1.350559 6.915748
v -5.080000 1.350559 6.915748
v -5.580000 1.350559 6.915748
v -4.580000 1.374677 6.925738
v -5.080000 1.374677 6.925738
v -5.580000 1.374677 6.925738
v -5.980000 0.750559 6.829146
v -6.060491 0.670068 6.927224
v -6.041732 0.688828 6.921534
v -6.024443 0.706116 6.912293
v -6.009289 0.721270 6.899857
v -5.996853 0.733706 6.884703
v -5.987612 0.742947 6.867414
v -5.981921 0.748638 6.848655
v -5.980482 0.750078 6.838948
v -5.983407 1.025559 6.855028
v -5.993397 1.025559 6.879146
v -6.009289 1.025559 6.899857
v -6.030000 1.025559 6.915748
v -6.054118 1.025559 6.925738
v -7.650000 -0.099441 6.829146
v -7.730491 -0.018950 6.927224
v -7.711732 -0.037709 6.921534
v -7.694443 -0.054998 6.912293
v -7.679289 -0.070151 6.899857
v -7.666853 -0.082588 6.884703
v -7.657612 -0.091829 6.867414
v -7.651921 -0.097519 6.848655
v -7.650482 -0.098959 6.838948
v -6.122500 -0.096033 6.855028
v -6.665000 -0.096033 6.855028
v -7.207500 -0.096033 6.855028
v -6.122500 -0.086043 6.879146
v -6.665000 -0.086043 6.879146
v -7.207500 -0.086043 6.879146
v -6.122500 -0.070151 6.899857
v -6.665000 -0.070151 6.899857
v -7.207500 -0.070151 6.899857
v -6.122500 -0.049441 6.915748
v -6.665000 -0.049441 6.915748
v -7.207500 -0.049441 6.915748
v -6.122500 -0.025323 6.925738
v -6.665000 -0.025323 6.925738
v -7.207500 -0.025323 6.925738
v -7.650000 -1.272646 6.829146
v -7.717856 -1.344030 6.923839
v -7.689124 -1.315297 6.908481
v -7.677014 -1.303187 6.897505
v -7.666853 -1.293026 6.884703
v -7.658914 -1.285087 6.870417
v -7.653407 -1.279581 6.855028
v -7.651519 -1.277299 6.846511
v -7.650381 -1.274981 6.837861
v -7.653407 -0.458352 6.855028
v -7.653407 -0.917263 6.855028
v -7.663397 -0.458352 6.879146
v -7.663397 -0.917263 6.879146
v -7.679289 -0.458352 6.899857
v -7.679289 -0.917263 6.899857
v -7.700000 -0.458352 6.915748
v -7.700000 -0.917263 6.915748
v -7.724118 -0.458352 6.925738
v -7.724118 -0.917263 6.925738
v 7.653407 -1.279581 6.855028
v 7.717856 -1.344030 6.923839
v 7.689124 -1.315297 6.908481
v 7.677014 -1.303187 6.897505
v 7.666853 -1.293026 6.884703
v 7.658914 -1.285087 6.870417
v -7.196429 -1.289571 6.879146
v -6.642857 -1.289571 6.879146
v -6.089286 -1.289571 6.879146
v -5.535714 -1.289571 6.879146
v -4.982143 -1.289571 6.879146
v -4.428571 -1.289571 6.879146
v -3.875000 -1.289571 6.879146
v -3.321429 -1.289571 6.879146
v -2.767857 -1.289571 6.879146
v -2.214286 -1.289571 6.879146
v -1.660714 -1.289571 6.879146
v -1.107143 -1.289571 6.879146
v -0.553571 -1.289571 6.879146
v 0.000000 -1.289571 6.879146
v 0.553571 -1.289571 6.879146
v 1.107143 -1.289571 6.879146
v 1.660714 -1.289571 6.879146
v 2.214286 -1.289571 6.879146
v 2.767857 -1.289571 6.879146
v 3.321429 -1.289571 6.879146
v 3.875000 -1.289571 6.879146
v 4.428571 -1.289571 6.879146
v 4.982143 -1.289571 6.879146
v 5.535714 -1.289571 6.879146
v 6.089286 -1.289571 6.879146
v 6.642857 -1.289571 6.879146
v 7.196429 -1.289571 6.879146
v -7.196429 -1.305463 6.899857
v -6.642857 -1.305463 6.899857
v -6.089286 -1.305463 6.899857
v -5.535714 -1.305463 6.899857
v -4.982143 -1.305463 6.899857
v -4.428571 -1.305463 6.899857
v -3.875000 -1.305463 6.899857
v -3.321429 -1.305463 6.899857
v -2.767857 -1.305463 6.899857
v -2.214286 -1.305463 6.899857
v -1.660714 -1.305463 6.899857
v -1.107143 -1.305463 6.899857
v -0.553571 -1.305463 6.899857
v 0.000000 -1.305463 6.899857
v 0.553571 -1.305463 6.899857
v 1.107143 -1.305463 6.899857
v 1.660714 -1.305463 6.899857
v 2.214286 -1.305463 6.899857
v 2.767857 -1.305463 6.899857
v 3.321429 -1.305463 6.899857
v 3.875000 -1.305463 6.899857
v 4.428571 -1.305463 6.899857
v 4.982143 -1.305463 6.899857
v 5.535714 -1.305463 6.899857
v 6.089286 -1.305463 6.899857
v 6.642857 -1.305463 6.899857
v 7.196429 -1.305463 6.899857
v -7.196429 -1.326173 6.915748
v -6.642857 -1.326173 6.915748
v -6.089286 -1.326173 6.915748
v -5.535714 -1.326173 6.915748
v -4.982143 -1.326173 6.915748
v -4.428571 -1.326173 6.915748
v -3.875000 -1.326173 6.915748
v -3.321429 -1.326173 6.915748
v -2.767857 -1.326173 6.915748
v -2.214286 -1.326173 6.915748
v -1.660714 -1.326173 6.915748
v -1.107143 -1.326173 6.915748
v -0.553571 -1.326173 6.915748
v 0.000000 -1.326173 6.915748
v 0.553571 -1.326173 6.915748
v 1.107143 -1.326173 6.915748
v 1.660714 -1.326173 6.915748
v 2.214286 -1.326173 6.915748
v 2.767857 -1.326173 6.915748
v 3.321429 -1.326173 6.915748
v 3.875000 -1.326173 6.915748
v 4.428571 -1.326173 6.915748
v 4.982143 -1.326173 6.915748
v 5.535714 -1.326173 6.915748
v 6.089286 -1.326173 6.915748
v 6.642857 -1.326173 6.915748
v 7.196429 -1.326173 6.915748
v -7.196429 -1.350292 6.925738
v -6.642857 -1.350292 6.925738
v -6.089286 -1.350292 6.925738
v -5.535714 -1.350292 6.925738
v -4.982143 -1.350292 6.925738
v -4.428571 -1.350292 6.925738
v -3.875000 -1.350292 6.925738
v -3.321429 -1.350292 6.925738
v -2.767857 -1.350292 6.925738
v -2.214286 -1.350292 6.925738
v -1.660714 -1.350292 6.925738
v -1.107143 -1.350292 6.925738
v -0.553571 -1.350292 6.925738
v 0.000000 -1.350292 6.925738
v 0.553571 -1.350292 6.925738
v 1.107143 -1.350292 6.925738
v 1.660714 -1.350292 6.925738
v 2.214286 -1.350292 6.925738
v 2.767857 -1.350292 6.925738
v 3.321429 -1.350292 6.925738
v 3.875000 -1.350292 6.925738
v 4.428571 -1.350292 6.925738
v 4.982143 -1.350292 6.925738
v 5.535714 -1.350292 6.925738
v 6.089286 -1.350292 6.925738
v 6.642857 -1.350292 6.925738
v 7.196429 -1.350292 6.925738
v 7.650000 -0.099441 6.829146
v 7.650000 -1.272646 6.829146
v 7.650381 -1.274981 6.837861
v 7.651519 -1.277299 6.846511
v 7.730491 -0.018950 6.927224
v 7.711732 -0.037709 6.921534
v 7.694443 -0.054998 6.912293
v 7.679289 -0.070151 6.899857
v 7.666853 -0.082588 6.884703
v 7.657612 -0.091829 6.867414
v 7.651921 -0.097519 6.848655
v 7.650482 -0.098959 6.838948
v 7.653407 -0.917263 6.855028
v 7.653407 -0.458352 6.855028
v 7.663397 -0.917263 6.879146
v 7.663397 -0.458352 6.879146
v 7.679289 -0.917263 6.899857
v 7.679289 -0.458352 6.899857
v 7.700000 -0.917263 6.915748
v 7.700000 -0.458352 6.915748
v 7.724118 -0.917263 6.925738
v 7.724118 -0.458352 6.925738
v 5.580000 -0.099441 6.829146
v 5.660491 -0.018950 6.927224
v 5.641732 -0.037709 6.921534
v 5.624443 -0.054998 6.912293
v 5.609289 -0.070151 6.899857
v 5.596853 -0.082588 6.884703
v 5.587612 -0.091829 6.867414
v 5.581921 -0.097519 6.848655
v 5.580482 -0.098959 6.838948
v 7.207500 -0.096033 6.855028
v 6.665000 -0.096033 6.855028
v 6.122500 -0.096033 6.855028
v 7.207500 -0.086043 6.879146
v 6.665000 -0.086043 6.879146
v 6.122500 -0.086043 6.879146
v 7.207500 -0.070151 6.899857
v 6.665000 -0.070151 6.899857
v 6.122500 -0.070151 6.899857
v 7.207500 -0.049441 6.915748
v 6.665000 -0.049441 6.915748
v 6.122500 -0.049441 6.915748
v 7.207500 -0.025323 6.925738
v 6.665000 -0.025323 6.925738
v 6.122500 -0.025323 6.925738
v 5.580000 0.750559 6.829146
v 5.660491 0.670068 6.927224
v 5.641732 0.688828 6.921534
v 5.624443 0.706116 6.912293
v 5.609289 0.721270 6.899857
v 5.596853 0.733706 6.884703
v 5.587612 0.742947 6.867414
v 5.581921 0.748638 6.848655
v 5.580482 0.750078 6.838948
v 5.583407 0.325559 6.855028
v 5.593397 0.325559 6.879146
v 5.609289 0.325559 6.899857
v 5.630000 0.325559 6.915748
v 5.654118 0.325559 6.925738
v 5.980000 0.750559 6.829146
v 6.060491 0.670068 6.927224
v 6.041732 0.688828 6.921534
v 6.024443 0.706116 6.912293
v 6.009289 0.721270 6.899857
v 5.996853 0.733706 6.884703
v 5.987612 0.742947 6.867414
v 5.981921 0.748638 6.848655
v 5.980482 0.750078 6.838948
v 5.980000 1.300559 6.829146
v 6.060491 1.381050 6.927224
v 6.041732 1.362291 6.921534
v 6.024443 1.345002 6.912293
v 6.009289 1.329849 6.899857
v 5.996853 1.317412 6.884703
v 5.987612 1.308171 6.867414
v 5.981921 1.302481 6.848655
v 5.980482 1.301041 6.838948
v 5.983407 1.025559 6.855028
v 5.993397 1.025559 6.879146
v 6.009289 1.025559 6.899857
v 6.030000 1.025559 6.915748
v 6.054118 1.025559 6.925738
v 4.180000 1.300559 6.829146
v 4.099509 1.381050 6.927224
v 4.118268 1.362291 6.921534
v 4.135557 1.345002 6.912293
v 4.150711 1.329849 6.899857
v 4.163147 1.317412 6.884703
v 4.172388 1.308171 6.867414
v 4.178079 1.302481 6.848655
v 4.179518 1.301041 6.838948
v 5.580000 1.303967 6.855028
v 5.080000 1.303967 6.855028
v 4.580000 1.303967 6.855028
v 5.580000 1.313957 6.879146
v 5.080000 1.313957 6.879146
v 4.580000 1.313957 6.879146
v 5.580000 1.329849 6.899857
v 5.080000 1.329849 6.899857
v 4.580000 1.329849 6.899857
v 5.580000 1.350559 6.915748
v 5.080000 1.350559 6.915748
v 4.580000 1.350559 6.915748
v 5.580000 1.374677 6.925738
v 5.080000 1.374677 6.925738
v 4.580000 1.374677 6.925738
v 4.180000 0.750559 6.829146
v 4.099509 0.670068 6.927224
v 4.118268 0.688828 6.921534
v 4.135557 0.706116 6.912293
v 4.150711 0.721270 6.899857
v 4.163147 0.733706 6.884703
v 4.172388 0.742947 6.867414
v 4.178079 0.748638 6.848655
v 4.179518 0.750078 6.838948
v 4.176593 1.025559 6.855028
v 4.166603 1.025559 6.879146
v 4.150711 1.025559 6.899857
v 4.130000 1.025559 6.915748
v 4.105882 1.025559 6.925738
v 3.040000 -0.099441 6.829146
v 3.120491 -0.018950 6.927224
v 3.101732 -0.037709 6.921534
v 3.084443 -0.054998 6.912293
v 3.069289 -0.070151 6.899857
v 3.056853 -0.082588 6.884703
v 3.047612 -0.091829 6.867414
v 3.041921 -0.097519 6.848655
v 3.040482 -0.098959 6.838948
v 4.066667 -0.096033 6.855028
v 3.553333 -0.096033 6.855028
v 4.066667 -0.086043 6.879146
v 3.553333 -0.086043 6.879146
v 4.066667 -0.070151 6.899857
v 3.553333 -0.070151 6.899857
v 4.066667 -0.049441 6.915748
v 3.553333 -0.049441 6.915748
v 4.066667 -0.025323 6.925738
v 3.553333 -0.025323 6.925738
v 3.040000 0.750559 6.829146
v 3.120491 0.670068 6.927224
v 3.101732 0.688828 6.921534
v 3.084443 0.706116 6.912293
v 3.069289 0.721270 6.899857
v 3.056853 0.733706 6.884703
v 3.047612 0.742947 6.867414
v 3.041921 0.748638 6.848655
v 3.040482 0.750078 6.838948
v 3.043407 0.325559 6.855028
v 3.053397 0.325559 6.879146
v 3.069289 0.325559 6.899857
v 3.090000 0.325559 6.915748
v 3.114118 0.325559 6.925738
v 3.040000 0.750559 2.059146
v 3.040000 -0.099441 2.059146
v 3.440000 0.750559 2.059146
v 3.440000 1.300559 2.059146
v 1.640000 1.300559 2.059146
v 1.640000 0.750559 2.059146
v 2.040000 0.750559 2.059146
v 2.040000 -0.099441 2.059146
v 0.500000 -0.099441 2.059146
v 0.500000 0.750559 2.059146
v 0.900000 0.750559 2.059146
v 0.900000 1.300559 2.059146
v -0.900000 1.300559 2.059146
v -0.900000 0.750559 2.059146
v -0.500000 0.750559 2.059146
v -0.500000 -0.099441 2.059146
v -2.040000 -0.099441 2.059146
v -2.040000 0.750559 2.059146
v -1.640000 0.750559 2.059146
v -1.640000 1.300559 2.059146
v -3.440000 1.300559 2.059146
v -3.440000 0.750559 2.059146
v -3.040000 0.750559 2.059146
v -3.040000 -0.099441 2.059146
v -5.580000 -0.099441 2.059146
v -5.580000 0.750559 2.059146
v -4.580000 0.750559 2.059146
v -4.580000 -0.099441 2.059146
v -4.180000 0.750559 2.059146
v -4.180000 1.300559 2.059146
v -5.980000 1.300559 2.059146
v -5.980000 0.750559 2.059146
v 4.580000 -0.099441 2.059146
v 4.580000 0.750559 2.059146
v 5.580000 0.750559 2.059146
v 5.580000 -0.099441 2.059146
v 5.980000 0.750559 2.059146
v 5.980000 1.300559 2.059146
v 4.180000 1.300559 2.059146
v 4.180000 0.750559 2.059146
v -7.650000 -0.099441 2.059146
v 7.650000 -0.099441 2.059146
v 7.650000 -0.911212 2.059146
v 7.650000 -0.911212 5.480257
v -7.650000 -0.911212 5.480257
v -7.650000 -0.911212 2.059146
vt -0.065484 -0.007069 0.000000
vt -0.062532 -0.007069 0.000000
vt -0.065967 -0.006835 0.000000
vt -0.058284 -0.005945 0.000000
vt -0.067690 -0.005097 0.000000
vt -0.055940 -0.005386 0.000000
vt -0.053535 -0.005215 0.000000
vt -0.052944 -0.005224 0.000000
vt -0.044956 -0.005283 0.000000
vt -0.044269 -0.005284 0.000000
vt 0.017684 -0.005284 0.000000
vt -0.051813 -0.005240 0.000000
vt -0.046240 -0.005281 0.000000
vt -0.049074 -0.005270 0.000000
vt 0.020549 -0.002196 0.000000
vt -0.024911 -0.004712 0.000000
vt -0.024911 -0.002356 0.000000
vt 0.021798 -0.000652 0.000000
vt -0.024911 0.000000 0.000000
vt 0.022874 0.000892 0.000000
vt -0.024911 0.002356 0.000000
vt 0.023745 0.002436 0.000000
vt 0.024387 0.003980 0.000000
vt -0.024911 0.004712 0.000000
vt 0.024779 0.005525 0.000000
vt -0.074734 0.007069 0.000000
vt 0.024911 0.007069 0.000000
vt -0.074692 0.006200 0.000000
vt -0.074567 0.005331 0.000000
vt -0.074071 0.003593 0.000000
vt -0.073265 0.001855 0.000000
vt -0.072180 0.000117 0.000000
vt -0.070855 -0.001621 0.000000
vt -0.069339 -0.003359 0.000000
vt -0.055142 -0.002196 0.000000
vt -0.052277 -0.005284 0.000000
vt -0.024911 -0.003225 0.000000
vt 0.009677 -0.005284 0.000000
vt 0.009678 -0.003740 0.000000
vt 0.009679 -0.002196 0.000000
vt -0.024911 -0.001166 0.000000
vt -0.056391 -0.000652 0.000000
vt -0.024911 0.000892 0.000000
vt -0.057466 0.000892 0.000000
vt -0.058338 0.002436 0.000000
vt -0.024911 0.002951 0.000000
vt -0.058979 0.003980 0.000000
vt -0.024911 0.005010 0.000000
vt -0.059372 0.005525 0.000000
vt -0.059504 0.007069 0.000000
vt 0.009682 0.005525 0.000000
vt 0.009681 0.007069 0.000000
vt 0.009680 -0.000652 0.000000
vt 0.009681 0.000892 0.000000
vt 0.009682 0.002436 0.000000
vt 0.009682 0.003980 0.000000
vt -0.012353 0.009559 0.000000
vt -0.012352 0.008847 0.000000
vt -0.010811 0.009560 0.000000
vt -0.010718 0.008499 0.000000
vt -0.009268 0.009560 0.000000
vt -0.009083 0.008499 0.000000
vt -0.007722 0.009561 0.000000
vt -0.007069 0.008499 0.000000
vt -0.006174 0.009562 0.000000
vt -0.005805 0.008499 0.000000
vt -0.004628 0.009563 0.000000
vt -0.004542 0.008499 0.000000
vt -0.003278 0.008499 0.000000
vt -0.003278 0.005310 0.000000
vt -0.002015 0.005310 0.000000
vt -0.002015 0.001328 0.000000
vt -0.000000 0.004782 0.000000
vt -0.000000 0.000000 0.000000
vt -0.002047 -0.000000 0.000000
vt -0.003278 0.001328 0.000000
vt -0.004091 -0.000000 0.000000
vt -0.004542 0.001328 0.000000
vt -0.006139 -0.000000 0.000000
vt -0.005805 0.001328 0.000000
vt -0.007069 0.001328 0.000000
vt -0.007069 0.005310 0.000000
vt -0.009083 0.005310 0.000000
vt -0.012351 0.007519 0.000000
vt -0.010718 0.005310 0.000000
vt -0.009083 0.001328 0.000000
vt -0.008192 -0.000000 0.000000
vt -0.012339 0.004600 0.000000
vt -0.010718 0.001328 0.000000
vt -0.010240 -0.000000 0.000000
vt -0.012309 0.001782 0.000000
vt -0.012293 0.000612 0.000000
vt -0.012284 -0.000000 0.000000
vt -0.000000 0.009565 0.000000
vt -0.001544 0.009564 0.000000
vt -0.002015 0.008499 0.000000
vt -0.003086 0.009563 0.000000
vt -0.005805 0.005310 0.000000
vt -0.004542 0.005310 0.000000
vt -0.018038 -0.007073 0.000000
vt -0.015990 -0.007073 0.000000
vt -0.017430 -0.006489 0.000000
vt -0.015820 -0.006322 0.000000
vt -0.017430 -0.005904 0.000000
vt -0.015261 -0.005625 0.000000
vt -0.016710 -0.005534 0.000000
vt -0.018095 -0.005406 0.000000
vt -0.019599 -0.005904 0.000000
vt -0.019599 -0.006489 0.000000
vt -0.020085 -0.007073 0.000000
vt -0.021768 -0.006489 0.000000
vt -0.022132 -0.007073 0.000000
vt -0.023936 -0.006489 0.000000
vt -0.024180 -0.007073 0.000000
vt -0.026105 -0.006489 0.000000
vt -0.026227 -0.007073 0.000000
vt -0.028274 -0.006489 0.000000
vt -0.019599 -0.005319 0.000000
vt -0.020257 -0.005044 0.000000
vt -0.021768 -0.005319 0.000000
vt -0.021768 -0.004735 0.000000
vt -0.023936 -0.004735 0.000000
vt -0.022828 -0.003571 0.000000
vt -0.023936 -0.004150 0.000000
vt -0.024189 -0.003567 0.000000
vt -0.025550 -0.003566 0.000000
vt -0.026105 -0.004150 0.000000
vt -0.026912 -0.003565 0.000000
vt -0.028274 -0.004150 0.000000
vt -0.026105 -0.004735 0.000000
vt -0.028274 -0.004735 0.000000
vt -0.026105 -0.005319 0.000000
vt -0.028274 -0.005319 0.000000
vt -0.026105 -0.005904 0.000000
vt -0.028274 -0.005904 0.000000
vt -0.021768 -0.005904 0.000000
vt -0.023936 -0.005904 0.000000
vt -0.023936 -0.005319 0.000000
vt -0.014137 0.004298 0.000000
vt -0.016493 0.003771 0.000000
vt -0.015261 0.002953 0.000000
vt -0.016493 0.003127 0.000000
vt -0.016710 0.002847 0.000000
vt -0.018850 0.003127 0.000000
vt -0.018095 0.002698 0.000000
vt -0.020257 0.002274 0.000000
vt -0.021206 0.002482 0.000000
vt -0.021206 0.001838 0.000000
vt -0.023330 0.002453 0.000000
vt -0.023348 0.002215 0.000000
vt -0.016493 0.004415 0.000000
vt -0.014137 0.004530 0.000000
vt -0.014137 0.004763 0.000000
vt -0.014137 0.004995 0.000000
vt -0.014199 0.005021 0.000000
vt -0.016493 0.005060 0.000000
vt -0.015393 0.005645 0.000000
vt -0.016493 0.005704 0.000000
vt -0.016493 0.006348 0.000000
vt -0.018850 0.006348 0.000000
vt -0.016931 0.007300 0.000000
vt -0.018850 0.006993 0.000000
vt -0.018850 0.007637 0.000000
vt -0.021206 0.007637 0.000000
vt -0.019349 0.008281 0.000000
vt -0.021581 0.008281 0.000000
vt -0.016329 0.006405 0.000000
vt -0.017118 0.008281 0.000000
vt -0.023562 0.007637 0.000000
vt -0.023812 0.008281 0.000000
vt -0.025918 0.007637 0.000000
vt -0.026043 0.008281 0.000000
vt -0.028274 0.008281 0.000000
vt -0.026450 0.004267 0.000000
vt -0.024771 0.004296 0.000000
vt -0.028132 0.004265 0.000000
vt -0.028274 0.004265 0.000000
vt -0.023118 0.004417 0.000000
vt -0.023562 0.004417 0.000000
vt -0.025918 0.005060 0.000000
vt -0.025918 0.004416 0.000000
vt -0.028274 0.005060 0.000000
vt -0.023562 0.005060 0.000000
vt -0.022323 0.004549 0.000000
vt -0.021707 0.004709 0.000000
vt -0.021206 0.005060 0.000000
vt -0.020954 0.004939 0.000000
vt -0.019862 0.005235 0.000000
vt -0.021628 0.004659 0.000000
vt -0.018850 0.005060 0.000000
vt -0.018850 0.005704 0.000000
vt -0.021206 0.005704 0.000000
vt -0.021206 0.006348 0.000000
vt -0.023562 0.006348 0.000000
vt -0.023562 0.006993 0.000000
vt -0.025918 0.006993 0.000000
vt -0.028274 0.007637 0.000000
vt -0.021206 0.004415 0.000000
vt -0.022810 0.003729 0.000000
vt -0.021206 0.003771 0.000000
vt -0.021206 0.003127 0.000000
vt -0.023169 0.003094 0.000000
vt -0.023292 0.002681 0.000000
vt -0.023344 0.001970 0.000000
vt -0.023320 0.001734 0.000000
vt -0.023218 0.001302 0.000000
vt -0.022828 0.000549 0.000000
vt -0.028274 0.006993 0.000000
vt -0.025918 0.006348 0.000000
vt -0.028274 0.006348 0.000000
vt -0.025918 0.005704 0.000000
vt -0.028274 0.005704 0.000000
vt -0.028274 0.004415 0.000000
vt -0.018850 0.003771 0.000000
vt -0.018850 0.004415 0.000000
vt -0.023562 0.005704 0.000000
vt -0.021206 0.006993 0.000000
vt -0.010456 -0.037621 0.000000
vt -0.010456 -0.040573 0.000000
vt -0.009883 -0.038170 0.000000
vt -0.009264 -0.038667 0.000000
vt -0.008604 -0.039107 0.000000
vt -0.002501 0.007069 0.000000
vt -0.016955 0.007069 0.000000
vt -0.002633 0.005525 0.000000
vt -0.016823 0.005525 0.000000
vt -0.016430 0.003980 0.000000
vt -0.003025 0.003980 0.000000
vt -0.015789 0.002436 0.000000
vt -0.003667 0.002436 0.000000
vt -0.004538 0.000892 0.000000
vt -0.014917 0.000892 0.000000
vt -0.005614 -0.000652 0.000000
vt -0.013842 -0.000652 0.000000
vt -0.012593 -0.002196 0.000000
vt -0.009728 -0.005284 0.000000
vt -0.006863 -0.002196 0.000000
vt 0.099645 0.011000 0.000000
vt -0.000000 0.011000 0.000000
vt 0.099645 0.000000 0.000000
vt -0.000000 0.000000 0.000000
vt 0.012566 -0.007069 0.000000
vt 0.014928 -0.007069 0.000000
vt 0.012477 -0.007007 0.000000
vt 0.015411 -0.006835 0.000000
vt 0.010514 -0.005812 0.000000
vt 0.016206 -0.004518 0.000000
vt 0.008423 -0.004876 0.000000
vt 0.006216 -0.004274 0.000000
vt 0.003934 -0.004088 0.000000
vt 0.016943 -0.002201 0.000000
vt -0.010070 -0.004118 0.000000
vt -0.012508 -0.001321 0.000000
vt 0.017573 0.000117 0.000000
vt -0.013550 0.000077 0.000000
vt -0.014439 0.001475 0.000000
vt 0.018056 0.002434 0.000000
vt -0.015153 0.002874 0.000000
vt -0.015676 0.004272 0.000000
vt 0.018359 0.004751 0.000000
vt -0.015995 0.005670 0.000000
vt 0.018462 0.007069 0.000000
vt -0.016102 0.007069 0.000000
vt -0.002083 -0.004194 0.000000
vt 0.000961 -0.006835 0.000000
vt 0.002683 -0.005097 0.000000
vt 0.000166 -0.004518 0.000000
vt 0.004333 -0.003359 0.000000
vt -0.000571 -0.002201 0.000000
vt 0.005849 -0.001621 0.000000
vt -0.001201 0.000117 0.000000
vt 0.007174 0.000117 0.000000
vt 0.008259 0.001855 0.000000
vt -0.001684 0.002434 0.000000
vt 0.009065 0.003593 0.000000
vt -0.001987 0.004751 0.000000
vt 0.009560 0.005331 0.000000
vt 0.009686 0.006200 0.000000
vt 0.009728 0.007069 0.000000
vt -0.002091 0.007069 0.000000
vt -0.011264 0.000160 0.000000
vt -0.009083 0.003596 0.000000
vt -0.011158 0.006165 0.000000
vt -0.009083 0.005137 0.000000
vt -0.008929 0.006165 0.000000
vt -0.007069 0.005137 0.000000
vt -0.006693 0.006165 0.000000
vt -0.005805 0.005137 0.000000
vt -0.004459 0.006165 0.000000
vt -0.004542 0.005137 0.000000
vt -0.003278 0.005137 0.000000
vt -0.003278 0.003596 0.000000
vt -0.002015 0.003596 0.000000
vt -0.002015 0.000514 0.000000
vt -0.000000 0.003082 0.000000
vt -0.001315 0.000002 0.000000
vt -0.000000 0.000000 0.000000
vt -0.010515 0.000142 0.000000
vt -0.009083 0.000514 0.000000
vt -0.007069 0.000514 0.000000
vt -0.007888 0.000084 0.000000
vt -0.006568 0.000059 0.000000
vt -0.009202 0.000112 0.000000
vt -0.005805 0.000514 0.000000
vt -0.005253 0.000039 0.000000
vt -0.004542 0.000514 0.000000
vt -0.003940 0.000022 0.000000
vt -0.003278 0.000514 0.000000
vt -0.002626 0.000010 0.000000
vt -0.002015 0.005137 0.000000
vt -0.000000 0.006165 0.000000
vt -0.002231 0.006165 0.000000
vt -0.007069 0.003596 0.000000
vt -0.005805 0.003596 0.000000
vt -0.004542 0.003596 0.000000
vt -0.014960 -0.004194 0.000000
vt -0.006973 -0.004118 0.000000
vt -0.014978 -0.003444 0.000000
vt -0.015008 -0.002129 0.000000
vt -0.004523 -0.001321 0.000000
vt -0.015036 -0.000817 0.000000
vt -0.003476 0.000077 0.000000
vt -0.015061 0.000499 0.000000
vt -0.002583 0.001475 0.000000
vt -0.015081 0.001812 0.000000
vt -0.001865 0.002874 0.000000
vt -0.015098 0.003125 0.000000
vt -0.001339 0.004272 0.000000
vt -0.015110 0.004441 0.000000
vt -0.001019 0.005670 0.000000
vt -0.015118 0.005754 0.000000
vt -0.000911 0.007069 0.000000
vt -0.015120 0.007069 0.000000
vt 0.011135 -0.004118 0.000000
vt 0.013573 -0.001321 0.000000
vt 0.008685 -0.001321 0.000000
vt 0.014615 0.000077 0.000000
vt 0.007638 0.000077 0.000000
vt 0.015504 0.001475 0.000000
vt 0.006745 0.001475 0.000000
vt 0.016218 0.002874 0.000000
vt 0.006027 0.002874 0.000000
vt 0.016741 0.004272 0.000000
vt 0.005501 0.004272 0.000000
vt 0.017060 0.005670 0.000000
vt 0.005180 0.005670 0.000000
vt 0.017167 0.007069 0.000000
vt 0.005073 0.007069 0.000000
vt 0.034565 0.011000 0.000000
vt 0.000000 0.011000 0.000000
vt 0.034565 0.000000 0.000000
vt 0.000000 0.000000 0.000000
vt 0.000000 0.000000 0.000000
vt 0.000000 0.011000 0.000000
vt -0.002367 0.000000 0.000000
vt -0.004722 0.011000 0.000000
vt -0.004734 0.000000 0.000000
vt -0.007101 0.000000 0.000000
vt -0.009468 0.011000 0.000000
vt -0.009468 0.000000 0.000000
vt 0.014454 0.011000 0.000000
vt 0.000000 0.011000 0.000000
vt 0.014454 0.000000 0.000000
vt 0.000000 0.000000 0.000000
vt 0.069185 0.011000 0.000000
vt 0.000000 0.011000 0.000000
vt 0.069185 0.000000 0.000000
vt 0.000000 0.000000 0.000000
vt -0.000103 0.012357 0.000000
vt -0.000409 0.013683 0.000000
vt 0.000000 0.011000 0.000000
vt -0.000911 0.014947 0.000000
vt -0.002938 0.000000 0.000000
vt -0.002301 0.015708 0.000000
vt -0.002420 0.015687 0.000000
vt -0.001598 0.016120 0.000000
vt -0.002073 0.015794 0.000000
vt -0.002542 0.015684 0.000000
vt -0.002662 0.015700 0.000000
vt -0.002779 0.015732 0.000000
vt -0.003004 0.015836 0.000000
vt -0.004407 0.000000 0.000000
vt -0.003417 0.016135 0.000000
vt -0.004421 0.017058 0.000000
vt -0.005876 0.018240 0.000000
vt -0.005876 0.000000 0.000000
vt -0.001469 0.000000 0.000000
vt 0.000000 0.000000 0.000000
vt 0.000000 0.018240 0.000000
vt -0.000862 0.017543 0.000000
vt 0.000000 0.000000 0.000000
vt -0.000913 0.000000 0.000000
vt -0.000977 0.000000 0.000000
vt -0.001003 0.000000 0.000000
vt -0.001421 0.017002 0.000000
vt -0.001370 0.000000 0.000000
vt -0.001827 0.000000 0.000000
vt -0.001833 0.016527 0.000000
vt -0.002283 0.000000 0.000000
vt -0.002296 0.015878 0.000000
vt -0.002740 0.000000 0.000000
vt -0.003029 0.014415 0.000000
vt -0.003483 0.012812 0.000000
vt -0.003652 0.011142 0.000000
vt -0.003654 0.011000 0.000000
vt -0.003654 0.000000 0.000000
vt 0.000000 0.000000 0.000000
vt -0.000000 0.011000 0.000000
vt -0.001543 0.000000 0.000000
vt -0.003085 0.011000 0.000000
vt -0.003085 0.000000 0.000000
vt -0.004628 0.000000 0.000000
vt -0.006170 0.011000 0.000000
vt -0.006170 0.000000 0.000000
vt 0.014209 0.011000 0.000000
vt 0.000000 0.011000 0.000000
vt 0.014209 0.000000 0.000000
vt 0.000000 0.000000 0.000000
vt 0.012095 0.011000 0.000000
vt 0.000000 0.011000 0.000000
vt 0.012095 0.000000 0.000000
vt 0.000000 0.000000 0.000000
vt 0.011818 0.011000 0.000000
vt -0.000000 0.011000 0.000000
vt 0.011818 0.000000 0.000000
vt -0.000000 0.000000 0.000000
vt 1.102500 -0.007854 0.000000
vt 1.102548 -0.006872 0.000000
vt -0.417500 -0.007854 0.000000
vt -0.417548 -0.006872 0.000000
vt -0.417692 -0.005890 0.000000
vt 0.177500 -0.005236 0.000000
vt 0.122500 -0.005236 0.000000
vt 0.122500 -0.002618 0.000000
vt 0.067500 -0.002618 0.000000
vt 0.067500 0.000000 0.000000
vt 0.012500 0.000000 0.000000
vt 0.012500 0.002618 0.000000
vt -0.042500 0.002618 0.000000
vt -0.042500 0.005236 0.000000
vt -0.097500 0.005236 0.000000
vt -0.427500 0.007854 0.000000
vt -0.152500 0.005236 0.000000
vt -0.207500 0.005236 0.000000
vt -0.152500 0.002618 0.000000
vt -0.207500 0.002618 0.000000
vt -0.152500 0.000000 0.000000
vt -0.207500 0.000000 0.000000
vt -0.152500 -0.002618 0.000000
vt -0.207500 -0.002618 0.000000
vt -0.152500 -0.005236 0.000000
vt -0.207500 -0.005236 0.000000
vt -0.262500 -0.005236 0.000000
vt -0.317500 -0.005236 0.000000
vt -0.317500 -0.002618 0.000000
vt -0.372500 -0.002618 0.000000
vt -0.372500 0.000000 0.000000
vt -0.419185 -0.001963 0.000000
vt -0.420429 0.000000 0.000000
vt -0.421944 0.001963 0.000000
vt -0.372500 0.002618 0.000000
vt -0.423673 0.003927 0.000000
vt -0.372500 0.005236 0.000000
vt -0.425549 0.005890 0.000000
vt -0.317500 0.005236 0.000000
vt -0.262500 0.005236 0.000000
vt -0.262500 0.002618 0.000000
vt 1.102692 -0.005890 0.000000
vt 1.057500 -0.005236 0.000000
vt 1.002500 -0.005236 0.000000
vt 0.947500 -0.005236 0.000000
vt 0.947500 -0.002618 0.000000
vt 0.892500 -0.002618 0.000000
vt 0.892500 0.000000 0.000000
vt 0.837500 0.000000 0.000000
vt 0.837500 0.002618 0.000000
vt 0.782500 0.002618 0.000000
vt 0.782500 0.005236 0.000000
vt 0.727500 0.005236 0.000000
vt 1.110549 0.005890 0.000000
vt 0.672500 0.005236 0.000000
vt 0.617500 0.005236 0.000000
vt 0.672500 0.002618 0.000000
vt 0.617500 0.002618 0.000000
vt 0.672500 0.000000 0.000000
vt 0.617500 0.000000 0.000000
vt 0.672500 -0.002618 0.000000
vt 0.617500 -0.002618 0.000000
vt 0.672500 -0.005236 0.000000
vt 0.617500 -0.005236 0.000000
vt 0.562500 -0.005236 0.000000
vt 0.507500 -0.005236 0.000000
vt 0.507500 -0.002618 0.000000
vt 0.452500 -0.002618 0.000000
vt 0.452500 0.000000 0.000000
vt 0.397500 0.000000 0.000000
vt 0.397500 0.002618 0.000000
vt 0.342500 0.002618 0.000000
vt 0.342500 0.005236 0.000000
vt 0.287500 0.005236 0.000000
vt 0.232500 0.005236 0.000000
vt 0.177500 0.005236 0.000000
vt 0.232500 0.002618 0.000000
vt 0.177500 0.002618 0.000000
vt 0.232500 0.000000 0.000000
vt 0.177500 0.000000 0.000000
vt 0.232500 -0.002618 0.000000
vt 0.177500 -0.002618 0.000000
vt 0.232500 -0.005236 0.000000
vt 1.103261 -0.003927 0.000000
vt 1.057500 -0.002618 0.000000
vt 1.002500 -0.002618 0.000000
vt 1.002500 0.000000 0.000000
vt 0.947500 0.000000 0.000000
vt 0.947500 0.002618 0.000000
vt 0.892500 0.002618 0.000000
vt 0.892500 0.005236 0.000000
vt 0.837500 0.005236 0.000000
vt 1.104185 -0.001963 0.000000
vt 1.057500 0.000000 0.000000
vt 1.002500 0.002618 0.000000
vt 0.947500 0.005236 0.000000
vt 1.105429 0.000000 0.000000
vt 1.106944 0.001963 0.000000
vt 1.057500 0.002618 0.000000
vt 1.108673 0.003927 0.000000
vt 1.057500 0.005236 0.000000
vt 1.002500 0.005236 0.000000
vt 1.112500 0.007854 0.000000
vt -0.418261 -0.003927 0.000000
vt -0.372500 -0.005236 0.000000
vt 0.892500 -0.005236 0.000000
vt 0.837500 -0.005236 0.000000
vt 0.782500 -0.005236 0.000000
vt 0.782500 -0.002618 0.000000
vt 0.727500 -0.002618 0.000000
vt 0.727500 0.000000 0.000000
vt 0.837500 -0.002618 0.000000
vt 0.727500 -0.005236 0.000000
vt 0.562500 -0.002618 0.000000
vt 0.562500 0.000000 0.000000
vt 0.562500 0.002618 0.000000
vt 0.562500 0.005236 0.000000
vt 0.452500 -0.005236 0.000000
vt 0.397500 -0.005236 0.000000
vt 0.342500 -0.005236 0.000000
vt 0.342500 -0.002618 0.000000
vt 0.287500 -0.002618 0.000000
vt 0.287500 0.000000 0.000000
vt 0.397500 -0.002618 0.000000
vt 0.287500 -0.005236 0.000000
vt 0.067500 -0.005236 0.000000
vt 0.012500 -0.005236 0.000000
vt -0.042500 -0.005236 0.000000
vt -0.042500 -0.002618 0.000000
vt -0.097500 -0.002618 0.000000
vt -0.097500 0.000000 0.000000
vt 0.012500 -0.002618 0.000000
vt -0.097500 -0.005236 0.000000
vt -0.262500 -0.002618 0.000000
vt -0.262500 0.000000 0.000000
vt 0.782500 0.000000 0.000000
vt 0.507500 0.000000 0.000000
vt 0.452500 0.002618 0.000000
vt 0.397500 0.005236 0.000000
vt 0.342500 0.000000 0.000000
vt 0.122500 0.000000 0.000000
vt 0.122500 0.002618 0.000000
vt 0.122500 0.005236 0.000000
vt -0.042500 0.000000 0.000000
vt -0.317500 0.000000 0.000000
vt 0.727500 0.002618 0.000000
vt 0.507500 0.002618 0.000000
vt 0.507500 0.005236 0.000000
vt 0.287500 0.002618 0.000000
vt 0.067500 0.002618 0.000000
vt 0.012500 0.005236 0.000000
vt -0.097500 0.002618 0.000000
vt -0.317500 0.002618 0.000000
vt 0.452500 0.005236 0.000000
vt 0.067500 0.005236 0.000000
vt -0.000000 0.007854 0.000000
vt -0.136000 0.007854 0.000000
vt 0.000048 0.006872 0.000000
vt -0.038667 0.005236 0.000000
vt 0.000192 0.005890 0.000000
vt 0.000761 0.003927 0.000000
vt -0.038667 0.002618 0.000000
vt 0.001685 0.001963 0.000000
vt -0.038667 0.000000 0.000000
vt 0.002929 0.000000 0.000000
vt 0.004444 -0.001963 0.000000
vt -0.038667 -0.002618 0.000000
vt 0.006173 -0.003927 0.000000
vt -0.038667 -0.005236 0.000000
vt 0.008049 -0.005890 0.000000
vt 0.010000 -0.007854 0.000000
vt -0.087333 -0.005236 0.000000
vt -0.127951 -0.005890 0.000000
vt -0.129827 -0.003927 0.000000
vt -0.087333 -0.002618 0.000000
vt -0.131556 -0.001963 0.000000
vt -0.087333 0.000000 0.000000
vt -0.133071 0.000000 0.000000
vt -0.134315 0.001963 0.000000
vt -0.087333 0.002618 0.000000
vt -0.135239 0.003927 0.000000
vt -0.087333 0.005236 0.000000
vt -0.135808 0.005890 0.000000
vt -0.135952 0.006872 0.000000
vt -0.126000 -0.007854 0.000000
vt 1.252500 -0.007854 0.000000
vt 1.252548 -0.006872 0.000000
vt -0.267500 -0.007854 0.000000
vt -0.267548 -0.006872 0.000000
vt -0.267692 -0.005890 0.000000
vt 0.327500 -0.005236 0.000000
vt 0.272500 -0.005236 0.000000
vt 0.272500 -0.002618 0.000000
vt 0.217500 -0.002618 0.000000
vt 0.217500 0.000000 0.000000
vt 0.162500 0.000000 0.000000
vt 0.162500 0.002618 0.000000
vt 0.107500 0.002618 0.000000
vt 0.107500 0.005236 0.000000
vt 0.052500 0.005236 0.000000
vt -0.277500 0.007854 0.000000
vt -0.002500 0.005236 0.000000
vt -0.057500 0.005236 0.000000
vt -0.002500 0.002618 0.000000
vt -0.057500 0.002618 0.000000
vt -0.002500 0.000000 0.000000
vt -0.057500 0.000000 0.000000
vt -0.002500 -0.002618 0.000000
vt -0.057500 -0.002618 0.000000
vt -0.002500 -0.005236 0.000000
vt -0.057500 -0.005236 0.000000
vt -0.112500 -0.005236 0.000000
vt -0.167500 -0.005236 0.000000
vt -0.167500 -0.002618 0.000000
vt -0.222500 -0.002618 0.000000
vt -0.222500 0.000000 0.000000
vt -0.269185 -0.001963 0.000000
vt -0.270429 0.000000 0.000000
vt -0.271944 0.001963 0.000000
vt -0.222500 0.002618 0.000000
vt -0.273673 0.003927 0.000000
vt -0.222500 0.005236 0.000000
vt -0.275549 0.005890 0.000000
vt -0.167500 0.005236 0.000000
vt -0.112500 0.005236 0.000000
vt -0.112500 0.002618 0.000000
vt 1.252692 -0.005890 0.000000
vt 1.207500 -0.005236 0.000000
vt 1.152500 -0.005236 0.000000
vt 1.097500 -0.005236 0.000000
vt 1.097500 -0.002618 0.000000
vt 1.042500 -0.002618 0.000000
vt 1.042500 0.000000 0.000000
vt 0.987500 0.000000 0.000000
vt 0.987500 0.002618 0.000000
vt 0.932500 0.002618 0.000000
vt 0.932500 0.005236 0.000000
vt 0.877500 0.005236 0.000000
vt 1.260549 0.005890 0.000000
vt 0.822500 0.005236 0.000000
vt 0.767500 0.005236 0.000000
vt 0.822500 0.002618 0.000000
vt 0.767500 0.002618 0.000000
vt 0.822500 0.000000 0.000000
vt 0.767500 0.000000 0.000000
vt 0.822500 -0.002618 0.000000
vt 0.767500 -0.002618 0.000000
vt 0.822500 -0.005236 0.000000
vt 0.767500 -0.005236 0.000000
vt 0.712500 -0.005236 0.000000
vt 0.657500 -0.005236 0.000000
vt 0.657500 -0.002618 0.000000
vt 0.602500 -0.002618 0.000000
vt 0.602500 0.000000 0.000000
vt 0.547500 0.000000 0.000000
vt 0.547500 0.002618 0.000000
vt 0.492500 0.002618 0.000000
vt 0.492500 0.005236 0.000000
vt 0.437500 0.005236 0.000000
vt 0.382500 0.005236 0.000000
vt 0.327500 0.005236 0.000000
vt 0.382500 0.002618 0.000000
vt 0.327500 0.002618 0.000000
vt 0.382500 0.000000 0.000000
vt 0.327500 0.000000 0.000000
vt 0.382500 -0.002618 0.000000
vt 0.327500 -0.002618 0.000000
vt 0.382500 -0.005236 0.000000
vt 1.253261 -0.003927 0.000000
vt 1.207500 -0.002618 0.000000
vt 1.152500 -0.002618 0.000000
vt 1.152500 0.000000 0.000000
vt 1.097500 0.000000 0.000000
vt 1.097500 0.002618 0.000000
vt 1.042500 0.002618 0.000000
vt 1.042500 0.005236 0.000000
vt 0.987500 0.005236 0.000000
vt 1.254185 -0.001963 0.000000
vt 1.207500 0.000000 0.000000
vt 1.152500 0.002618 0.000000
vt 1.097500 0.005236 0.000000
vt 1.255429 0.000000 0.000000
vt 1.256944 0.001963 0.000000
vt 1.207500 0.002618 0.000000
vt 1.258673 0.003927 0.000000
vt 1.207500 0.005236 0.000000
vt 1.152500 0.005236 0.000000
vt 1.262500 0.007854 0.000000
vt -0.268261 -0.003927 0.000000
vt -0.222500 -0.005236 0.000000
vt 1.042500 -0.005236 0.000000
vt 0.987500 -0.005236 0.000000
vt 0.932500 -0.005236 0.000000
vt 0.932500 -0.002618 0.000000
vt 0.877500 -0.002618 0.000000
vt 0.877500 0.000000 0.000000
vt 0.987500 -0.002618 0.000000
vt 0.877500 -0.005236 0.000000
vt 0.712500 -0.002618 0.000000
vt 0.712500 0.000000 0.000000
vt 0.712500 0.002618 0.000000
vt 0.712500 0.005236 0.000000
vt 0.602500 -0.005236 0.000000
vt 0.547500 -0.005236 0.000000
vt 0.492500 -0.005236 0.000000
vt 0.492500 -0.002618 0.000000
vt 0.437500 -0.002618 0.000000
vt 0.437500 0.000000 0.000000
vt 0.547500 -0.002618 0.000000
vt 0.437500 -0.005236 0.000000
vt 0.217500 -0.005236 0.000000
vt 0.162500 -0.005236 0.000000
vt 0.107500 -0.005236 0.000000
vt 0.107500 -0.002618 0.000000
vt 0.052500 -0.002618 0.000000
vt 0.052500 0.000000 0.000000
vt 0.162500 -0.002618 0.000000
vt 0.052500 -0.005236 0.000000
vt -0.112500 -0.002618 0.000000
vt -0.112500 0.000000 0.000000
vt 0.932500 0.000000 0.000000
vt 0.657500 0.000000 0.000000
vt 0.602500 0.002618 0.000000
vt 0.547500 0.005236 0.000000
vt 0.492500 0.000000 0.000000
vt 0.272500 0.000000 0.000000
vt 0.272500 0.002618 0.000000
vt 0.272500 0.005236 0.000000
vt 0.107500 0.000000 0.000000
vt -0.167500 0.000000 0.000000
vt 0.877500 0.002618 0.000000
vt 0.657500 0.002618 0.000000
vt 0.657500 0.005236 0.000000
vt 0.437500 0.002618 0.000000
vt 0.217500 0.002618 0.000000
vt 0.162500 0.005236 0.000000
vt 0.052500 0.002618 0.000000
vt -0.167500 0.002618 0.000000
vt 0.602500 0.005236 0.000000
vt 0.217500 0.005236 0.000000
vt 0.010000 0.007854 0.000000
vt -0.126000 0.007854 0.000000
vt 0.008049 0.005890 0.000000
vt -0.038667 0.005236 0.000000
vt 0.006173 0.003927 0.000000
vt -0.038667 0.002618 0.000000
vt 0.004444 0.001963 0.000000
vt -0.038667 -0.000000 0.000000
vt 0.002929 -0.000000 0.000000
vt 0.001685 -0.001963 0.000000
vt -0.038667 -0.002618 0.000000
vt 0.000761 -0.003927 0.000000
vt -0.038667 -0.005236 0.000000
vt 0.000192 -0.005890 0.000000
vt 0.000048 -0.006872 0.000000
vt -0.087333 -0.005236 0.000000
vt -0.135808 -0.005890 0.000000
vt -0.135239 -0.003927 0.000000
vt -0.087333 -0.002618 0.000000
vt -0.134315 -0.001963 0.000000
vt -0.087333 -0.000000 0.000000
vt -0.133071 -0.000000 0.000000
vt -0.131556 0.001963 0.000000
vt -0.087333 0.002618 0.000000
vt -0.129827 0.003927 0.000000
vt -0.087333 0.005236 0.000000
vt -0.127951 0.005890 0.000000
vt -0.135952 -0.006872 0.000000
vt -0.000000 -0.007854 0.000000
vt -0.136000 -0.007854 0.000000
vt 0.010000 0.007854 0.000000
vt -0.126000 0.007854 0.000000
vt 0.008049 0.005890 0.000000
vt -0.038667 0.005236 0.000000
vt 0.006173 0.003927 0.000000
vt -0.038667 0.002618 0.000000
vt 0.004444 0.001963 0.000000
vt -0.038667 -0.000000 0.000000
vt 0.002929 -0.000000 0.000000
vt 0.001685 -0.001963 0.000000
vt -0.038667 -0.002618 0.000000
vt 0.000761 -0.003927 0.000000
vt -0.038667 -0.005236 0.000000
vt 0.000192 -0.005890 0.000000
vt 0.000048 -0.006872 0.000000
vt -0.087333 -0.005236 0.000000
vt -0.135808 -0.005890 0.000000
vt -0.135239 -0.003927 0.000000
vt -0.087333 -0.002618 0.000000
vt -0.134315 -0.001963 0.000000
vt -0.087333 -0.000000 0.000000
vt -0.133071 -0.000000 0.000000
vt -0.131556 0.001963 0.000000
vt -0.087333 0.002618 0.000000
vt -0.129827 0.003927 0.000000
vt -0.087333 0.005236 0.000000
vt -0.127951 0.005890 0.000000
vt -0.135952 -0.006872 0.000000
vt -0.000000 -0.007854 0.000000
vt -0.136000 -0.007854 0.000000
vt -0.007519 -0.002496 0.000000
vt -0.006935 -0.001248 0.000000
vt -0.009553 0.000000 0.000000
vt -0.006935 0.001248 0.000000
vt -0.007519 0.002496 0.000000
vt -0.005270 0.004154 0.000000
vt -0.004317 0.001248 0.000000
vt -0.004317 0.003743 0.000000
vt -0.001699 0.001248 0.000000
vt -0.001699 0.003743 0.000000
vt 0.000919 0.001248 0.000000
vt 0.000919 0.003743 0.000000
vt 0.003537 0.001248 0.000000
vt 0.003537 0.003743 0.000000
vt 0.005916 0.003125 0.000000
vt 0.005236 0.006066 0.000000
vt -0.005270 -0.004154 0.000000
vt -0.004317 -0.001248 0.000000
vt -0.004317 -0.003743 0.000000
vt -0.002928 -0.005416 0.000000
vt -0.001699 -0.003743 0.000000
vt -0.000547 -0.006507 0.000000
vt 0.000919 -0.003743 0.000000
vt 0.000919 -0.006238 0.000000
vt 0.003537 -0.006238 0.000000
vt 0.001841 -0.007570 0.000000
vt 0.004205 -0.008733 0.000000
vt 0.005236 -0.006066 0.000000
vt 0.003537 -0.003743 0.000000
vt 0.000919 -0.001248 0.000000
vt -0.001699 -0.001248 0.000000
vt 0.005916 -0.003125 0.000000
vt 0.003537 -0.001248 0.000000
vt 0.006155 -0.000000 0.000000
vt 0.003537 0.006238 0.000000
vt 0.004205 0.008733 0.000000
vt 0.001841 0.007570 0.000000
vt 0.000919 0.006238 0.000000
vt -0.000547 0.006507 0.000000
vt -0.002928 0.005416 0.000000
vt 0.000000 0.007854 0.000000
vt -0.136000 0.007854 0.000000
vt 0.000048 0.006872 0.000000
vt -0.038667 0.005236 0.000000
vt 0.000192 0.005890 0.000000
vt 0.000761 0.003927 0.000000
vt -0.038667 0.002618 0.000000
vt 0.001685 0.001963 0.000000
vt -0.038667 0.000000 0.000000
vt 0.002929 0.000000 0.000000
vt 0.004444 -0.001963 0.000000
vt -0.038667 -0.002618 0.000000
vt 0.006173 -0.003927 0.000000
vt -0.038667 -0.005236 0.000000
vt 0.008049 -0.005890 0.000000
vt 0.010000 -0.007854 0.000000
vt -0.087333 -0.005236 0.000000
vt -0.127951 -0.005890 0.000000
vt -0.129827 -0.003927 0.000000
vt -0.087333 -0.002618 0.000000
vt -0.131556 -0.001963 0.000000
vt -0.087333 0.000000 0.000000
vt -0.133071 0.000000 0.000000
vt -0.134315 0.001963 0.000000
vt -0.087333 0.002618 0.000000
vt -0.135239 0.003927 0.000000
vt -0.087333 0.005236 0.000000
vt -0.135808 0.005890 0.000000
vt -0.135952 0.006872 0.000000
vt -0.126000 -0.007854 0.000000
vt -0.007519 -0.002496 0.000000
vt -0.006935 -0.001248 0.000000
vt -0.009553 0.000000 0.000000
vt -0.006935 0.001248 0.000000
vt -0.007519 0.002496 0.000000
vt -0.005270 0.004154 0.000000
vt -0.004317 0.001248 0.000000
vt -0.004317 0.003743 0.000000
vt -0.001699 0.001248 0.000000
vt -0.001699 0.003743 0.000000
vt 0.000919 0.001248 0.000000
vt 0.000919 0.003743 0.000000
vt 0.003537 0.001248 0.000000
vt 0.003537 0.003743 0.000000
vt 0.005916 0.003125 0.000000
vt 0.005236 0.006066 0.000000
vt -0.005270 -0.004154 0.000000
vt -0.004317 -0.001248 0.000000
vt -0.004317 -0.003743 0.000000
vt -0.002928 -0.005416 0.000000
vt -0.001699 -0.003743 0.000000
vt -0.000547 -0.006507 0.000000
vt 0.000919 -0.003743 0.000000
vt 0.000919 -0.006238 0.000000
vt 0.003537 -0.006238 0.000000
vt 0.001841 -0.007570 0.000000
vt 0.004205 -0.008733 0.000000
vt 0.005236 -0.006066 0.000000
vt 0.003537 -0.003743 0.000000
vt 0.000919 -0.001248 0.000000
vt -0.001699 -0.001248 0.000000
vt 0.005916 -0.003125 0.000000
vt 0.003537 -0.001248 0.000000
vt 0.006155 0.000000 0.000000
vt 0.003537 0.006238 0.000000
vt 0.004205 0.008733 0.000000
vt 0.001841 0.007570 0.000000
vt 0.000919 0.006238 0.000000
vt -0.000547 0.006507 0.000000
vt -0.002928 0.005416 0.000000
vt -0.007519 -0.002496 0.000000
vt -0.006935 -0.001248 0.000000
vt -0.009553 0.000000 0.000000
vt -0.006935 0.001248 0.000000
vt -0.007519 0.002496 0.000000
vt -0.005270 0.004154 0.000000
vt -0.004317 0.001248 0.000000
vt -0.004317 0.003743 0.000000
vt -0.001699 0.001248 0.000000
vt -0.001699 0.003743 0.000000
vt 0.000919 0.001248 0.000000
vt 0.000919 0.003743 0.000000
vt 0.003537 0.001248 0.000000
vt 0.003537 0.003743 0.000000
vt 0.005916 0.003125 0.000000
vt 0.005236 0.006066 0.000000
vt -0.005270 -0.004154 0.000000
vt -0.004317 -0.001248 0.000000
vt -0.004317 -0.003743 0.000000
vt -0.002928 -0.005416 0.000000
vt -0.001699 -0.003743 0.000000
vt -0.000547 -0.006507 0.000000
vt 0.000919 -0.003743 0.000000
vt 0.000919 -0.006238 0.000000
vt 0.003537 -0.006238 0.000000
vt 0.001841 -0.007570 0.000000
vt 0.004205 -0.008733 0.000000
vt 0.005236 -0.006066 0.000000
vt 0.003537 -0.003743 0.000000
vt 0.000919 -0.001248 0.000000
vt -0.001699 -0.001248 0.000000
vt 0.005916 -0.003125 0.000000
vt 0.003537 -0.001248 0.000000
vt 0.006155 0.000000 0.000000
vt 0.003537 0.006238 0.000000
vt 0.004205 0.008733 0.000000
vt 0.001841 0.007570 0.000000
vt 0.000919 0.006238 0.000000
vt -0.000547 0.006507 0.000000
vt -0.002928 0.005416 0.000000
vt 0.007519 0.002496 0.000000
vt 0.006935 0.001248 0.000000
vt 0.009553 0.000000 0.000000
vt 0.006935 -0.001248 0.000000
vt 0.007519 -0.002496 0.000000
vt 0.005270 -0.004154 0.000000
vt 0.004317 -0.001248 0.000000
vt 0.004317 -0.003743 0.000000
vt 0.001699 -0.001248 0.000000
vt 0.001699 -0.003743 0.000000
vt -0.000919 -0.001248 0.000000
vt -0.000919 -0.003743 0.000000
vt -0.003537 -0.001248 0.000000
vt -0.003537 -0.003743 0.000000
vt -0.005916 -0.003125 0.000000
vt -0.005236 -0.006066 0.000000
vt 0.005270 0.004154 0.000000
vt 0.004317 0.001248 0.000000
vt 0.004317 0.003743 0.000000
vt 0.002928 0.005416 0.000000
vt 0.001699 0.003743 0.000000
vt 0.000547 0.006507 0.000000
vt -0.000919 0.003743 0.000000
vt -0.000919 0.006238 0.000000
vt -0.003537 0.006238 0.000000
vt -0.001841 0.007570 0.000000
vt -0.004205 0.008733 0.000000
vt -0.005236 0.006066 0.000000
vt -0.003537 0.003743 0.000000
vt -0.000919 0.001248 0.000000
vt 0.001699 0.001248 0.000000
vt -0.005916 0.003125 0.000000
vt -0.003537 0.001248 0.000000
vt -0.006155 -0.000000 0.000000
vt -0.003537 -0.006238 0.000000
vt -0.004205 -0.008733 0.000000
vt -0.001841 -0.007570 0.000000
vt -0.000919 -0.006238 0.000000
vt 0.000547 -0.006507 0.000000
vt 0.002928 -0.005416 0.000000
vt -0.547000 0.005236 0.000000
vt -0.490917 0.005236 0.000000
vt -0.547000 0.007854 0.000000
vt -0.434833 0.005236 0.000000
vt -0.378750 0.005236 0.000000
vt -0.378750 0.002618 0.000000
vt -0.322667 0.002618 0.000000
vt -0.322667 0.000000 0.000000
vt -0.266583 0.000000 0.000000
vt -0.266583 -0.002618 0.000000
vt -0.210500 -0.002618 0.000000
vt -0.210500 -0.005236 0.000000
vt -0.154417 -0.005236 0.000000
vt 0.126000 -0.007854 0.000000
vt -0.098333 -0.005236 0.000000
vt -0.042250 -0.005236 0.000000
vt -0.098333 -0.002618 0.000000
vt -0.042250 -0.002618 0.000000
vt -0.098333 0.000000 0.000000
vt -0.042250 0.000000 0.000000
vt -0.098333 0.002618 0.000000
vt -0.042250 0.002618 0.000000
vt -0.098333 0.005236 0.000000
vt -0.042250 0.005236 0.000000
vt 0.126000 0.007854 0.000000
vt 0.013833 0.005236 0.000000
vt 0.069917 0.005236 0.000000
vt 0.069917 0.002618 0.000000
vt 0.126000 0.002618 0.000000
vt 0.126000 0.000000 0.000000
vt 0.069917 0.000000 0.000000
vt 0.126000 -0.002618 0.000000
vt 0.069917 -0.002618 0.000000
vt 0.126000 -0.005236 0.000000
vt 0.069917 -0.005236 0.000000
vt 0.013833 -0.005236 0.000000
vt -0.490917 0.002618 0.000000
vt -0.547000 0.002618 0.000000
vt -0.490917 0.000000 0.000000
vt -0.547000 0.000000 0.000000
vt -0.490917 -0.002618 0.000000
vt -0.547000 -0.002618 0.000000
vt -0.490917 -0.005236 0.000000
vt -0.547000 -0.005236 0.000000
vt -0.547000 -0.007854 0.000000
vt -0.266583 -0.005236 0.000000
vt -0.322667 -0.005236 0.000000
vt -0.322667 -0.002618 0.000000
vt -0.378750 -0.002618 0.000000
vt -0.378750 0.000000 0.000000
vt -0.434833 0.000000 0.000000
vt -0.434833 0.002618 0.000000
vt 0.126000 0.005236 0.000000
vt -0.210500 0.005236 0.000000
vt -0.154417 0.005236 0.000000
vt -0.322667 0.005236 0.000000
vt -0.266583 0.005236 0.000000
vt -0.210500 0.002618 0.000000
vt -0.154417 0.002618 0.000000
vt -0.154417 0.000000 0.000000
vt -0.266583 0.002618 0.000000
vt 0.013833 0.002618 0.000000
vt 0.013833 0.000000 0.000000
vt 0.013833 -0.002618 0.000000
vt -0.210500 0.000000 0.000000
vt -0.434833 -0.002618 0.000000
vt -0.434833 -0.005236 0.000000
vt -0.154417 -0.002618 0.000000
vt -0.378750 -0.005236 0.000000
vt -0.007519 -0.002496 0.000000
vt -0.006935 -0.001248 0.000000
vt -0.009553 0.000000 0.000000
vt -0.006935 0.001248 0.000000
vt -0.007519 0.002496 0.000000
vt -0.005270 0.004154 0.000000
vt -0.004317 0.001248 0.000000
vt -0.004317 0.003743 0.000000
vt -0.001699 0.001248 0.000000
vt -0.001699 0.003743 0.000000
vt 0.000919 0.001248 0.000000
vt 0.000919 0.003743 0.000000
vt 0.003537 0.001248 0.000000
vt 0.003537 0.003743 0.000000
vt 0.005916 0.003125 0.000000
vt 0.005236 0.006066 0.000000
vt -0.005270 -0.004154 0.000000
vt -0.004317 -0.001248 0.000000
vt -0.004317 -0.003743 0.000000
vt -0.002928 -0.005416 0.000000
vt -0.001699 -0.003743 0.000000
vt -0.000547 -0.006507 0.000000
vt 0.000919 -0.003743 0.000000
vt 0.000919 -0.006238 0.000000
vt 0.003537 -0.006238 0.000000
vt 0.001841 -0.007570 0.000000
vt 0.004205 -0.008733 0.000000
vt 0.005236 -0.006066 0.000000
vt 0.003537 -0.003743 0.000000
vt 0.000919 -0.001248 0.000000
vt -0.001699 -0.001248 0.000000
vt 0.005916 -0.003125 0.000000
vt 0.003537 -0.001248 0.000000
vt 0.006155 -0.000000 0.000000
vt 0.003537 0.006238 0.000000
vt 0.004205 0.008733 0.000000
vt 0.001841 0.007570 0.000000
vt 0.000919 0.006238 0.000000
vt -0.000547 0.006507 0.000000
vt -0.002928 0.005416 0.000000
vt 0.005236 0.006066 0.000000
vt 0.004205 0.008733 0.000000
vt 0.003537 0.006238 0.000000
vt 0.001841 0.007570 0.000000
vt 0.000919 0.006238 0.000000
vt -0.000547 0.006507 0.000000
vt 0.000919 0.003743 0.000000
vt -0.001699 0.003743 0.000000
vt 0.000919 0.001248 0.000000
vt -0.001699 0.001248 0.000000
vt 0.000919 -0.001248 0.000000
vt -0.001699 -0.001248 0.000000
vt 0.000919 -0.003743 0.000000
vt -0.001699 -0.003743 0.000000
vt -0.000547 -0.006507 0.000000
vt -0.002928 -0.005416 0.000000
vt -0.004317 -0.003743 0.000000
vt -0.005270 -0.004154 0.000000
vt -0.004317 -0.001248 0.000000
vt -0.006935 -0.001248 0.000000
vt -0.006935 0.001248 0.000000
vt -0.009553 -0.000000 0.000000
vt -0.007519 0.002496 0.000000
vt -0.005270 0.004154 0.000000
vt -0.004317 0.001248 0.000000
vt -0.004317 0.003743 0.000000
vt -0.002928 0.005416 0.000000
vt -0.007519 -0.002496 0.000000
vt 0.000919 -0.006238 0.000000
vt 0.001841 -0.007570 0.000000
vt 0.003537 -0.006238 0.000000
vt 0.004205 -0.008733 0.000000
vt 0.005236 -0.006066 0.000000
vt 0.003537 -0.003743 0.000000
vt 0.005916 -0.003125 0.000000
vt 0.003537 -0.001248 0.000000
vt 0.006155 0.000000 0.000000
vt 0.003537 0.001248 0.000000
vt 0.005916 0.003125 0.000000
vt 0.003537 0.003743 0.000000
vt -0.547000 0.005236 0.000000
vt -0.490917 0.005236 0.000000
vt -0.547000 0.007854 0.000000
vt -0.434833 0.005236 0.000000
vt -0.378750 0.005236 0.000000
vt -0.378750 0.002618 0.000000
vt -0.322667 0.002618 0.000000
vt -0.322667 -0.000000 0.000000
vt -0.266583 -0.000000 0.000000
vt -0.266583 -0.002618 0.000000
vt -0.210500 -0.002618 0.000000
vt -0.210500 -0.005236 0.000000
vt -0.154417 -0.005236 0.000000
vt 0.126000 -0.007854 0.000000
vt -0.098333 -0.005236 0.000000
vt -0.042250 -0.005236 0.000000
vt -0.098333 -0.002618 0.000000
vt -0.042250 -0.002618 0.000000
vt -0.098333 -0.000000 0.000000
vt -0.042250 -0.000000 0.000000
vt -0.098333 0.002618 0.000000
vt -0.042250 0.002618 0.000000
vt -0.098333 0.005236 0.000000
vt -0.042250 0.005236 0.000000
vt 0.126000 0.007854 0.000000
vt 0.013833 0.005236 0.000000
vt 0.069917 0.005236 0.000000
vt 0.069917 0.002618 0.000000
vt 0.126000 0.002618 0.000000
vt 0.126000 -0.000000 0.000000
vt 0.069917 -0.000000 0.000000
vt 0.126000 -0.002618 0.000000
vt 0.069917 -0.002618 0.000000
vt 0.126000 -0.005236 0.000000
vt 0.069917 -0.005236 0.000000
vt 0.013833 -0.005236 0.000000
vt -0.490917 0.002618 0.000000
vt -0.547000 0.002618 0.000000
vt -0.490917 -0.000000 0.000000
vt -0.547000 -0.000000 0.000000
vt -0.490917 -0.002618 0.000000
vt -0.547000 -0.002618 0.000000
vt -0.490917 -0.005236 0.000000
vt -0.547000 -0.005236 0.000000
vt -0.547000 -0.007854 0.000000
vt -0.266583 -0.005236 0.000000
vt -0.322667 -0.005236 0.000000
vt -0.322667 -0.002618 0.000000
vt -0.378750 -0.002618 0.000000
vt -0.378750 -0.000000 0.000000
vt -0.434833 -0.000000 0.000000
vt -0.434833 0.002618 0.000000
vt 0.126000 0.005236 0.000000
vt -0.210500 0.005236 0.000000
vt -0.154417 0.005236 0.000000
vt -0.322667 0.005236 0.000000
vt -0.266583 0.005236 0.000000
vt -0.210500 0.002618 0.000000
vt -0.154417 0.002618 0.000000
vt -0.154417 -0.000000 0.000000
vt -0.266583 0.002618 0.000000
vt 0.013833 0.002618 0.000000
vt 0.013833 -0.000000 0.000000
vt 0.013833 -0.002618 0.000000
vt -0.210500 -0.000000 0.000000
vt -0.434833 -0.002618 0.000000
vt -0.434833 -0.005236 0.000000
vt -0.154417 -0.002618 0.000000
vt -0.378750 -0.005236 0.000000
vt 0.007519 0.002496 0.000000
vt 0.006935 0.001248 0.000000
vt 0.009553 -0.000000 0.000000
vt 0.006935 -0.001248 0.000000
vt 0.007519 -0.002496 0.000000
vt 0.005270 -0.004154 0.000000
vt 0.004317 -0.001248 0.000000
vt 0.004317 -0.003743 0.000000
vt 0.001699 -0.001248 0.000000
vt 0.001699 -0.003743 0.000000
vt -0.000919 -0.001248 0.000000
vt -0.000919 -0.003743 0.000000
vt -0.003537 -0.001248 0.000000
vt -0.003537 -0.003743 0.000000
vt -0.005916 -0.003125 0.000000
vt -0.005236 -0.006066 0.000000
vt 0.005270 0.004154 0.000000
vt 0.004317 0.001248 0.000000
vt 0.004317 0.003743 0.000000
vt 0.002928 0.005416 0.000000
vt 0.001699 0.003743 0.000000
vt 0.000547 0.006507 0.000000
vt -0.000919 0.003743 0.000000
vt -0.000919 0.006238 0.000000
vt -0.003537 0.006238 0.000000
vt -0.001841 0.007570 0.000000
vt -0.004205 0.008733 0.000000
vt -0.005236 0.006066 0.000000
vt -0.003537 0.003743 0.000000
vt -0.000919 0.001248 0.000000
vt 0.001699 0.001248 0.000000
vt -0.005916 0.003125 0.000000
vt -0.003537 0.001248 0.000000
vt -0.006155 0.000000 0.000000
vt -0.003537 -0.006238 0.000000
vt -0.004205 -0.008733 0.000000
vt -0.001841 -0.007570 0.000000
vt -0.000919 -0.006238 0.000000
vt 0.000547 -0.006507 0.000000
vt 0.002928 -0.005416 0.000000
vt -0.126000 0.005236 0.000000
vt -0.069917 0.005236 0.000000
vt -0.126000 0.007854 0.000000
vt -0.013833 0.005236 0.000000
vt 0.042250 0.005236 0.000000
vt 0.042250 0.002618 0.000000
vt 0.098333 0.002618 0.000000
vt 0.098333 0.000000 0.000000
vt 0.154417 0.000000 0.000000
vt 0.154417 -0.002618 0.000000
vt 0.210500 -0.002618 0.000000
vt 0.210500 -0.005236 0.000000
vt 0.266583 -0.005236 0.000000
vt 0.547000 -0.007854 0.000000
vt 0.322667 -0.005236 0.000000
vt 0.378750 -0.005236 0.000000
vt 0.322667 -0.002618 0.000000
vt 0.378750 -0.002618 0.000000
vt 0.322667 0.000000 0.000000
vt 0.378750 0.000000 0.000000
vt 0.322667 0.002618 0.000000
vt 0.378750 0.002618 0.000000
vt 0.322667 0.005236 0.000000
vt 0.378750 0.005236 0.000000
vt 0.547000 0.007854 0.000000
vt 0.434833 0.005236 0.000000
vt 0.490917 0.005236 0.000000
vt 0.490917 0.002618 0.000000
vt 0.547000 0.002618 0.000000
vt 0.547000 0.000000 0.000000
vt 0.490917 0.000000 0.000000
vt 0.547000 -0.002618 0.000000
vt 0.490917 -0.002618 0.000000
vt 0.547000 -0.005236 0.000000
vt 0.490917 -0.005236 0.000000
vt 0.434833 -0.005236 0.000000
vt -0.069917 0.002618 0.000000
vt -0.126000 0.002618 0.000000
vt -0.069917 0.000000 0.000000
vt -0.126000 0.000000 0.000000
vt -0.069917 -0.002618 0.000000
vt -0.126000 -0.002618 0.000000
vt -0.069917 -0.005236 0.000000
vt -0.126000 -0.005236 0.000000
vt -0.126000 -0.007854 0.000000
vt 0.154417 -0.005236 0.000000
vt 0.098333 -0.005236 0.000000
vt 0.098333 -0.002618 0.000000
vt 0.042250 -0.002618 0.000000
vt 0.042250 0.000000 0.000000
vt -0.013833 0.000000 0.000000
vt -0.013833 0.002618 0.000000
vt 0.547000 0.005236 0.000000
vt 0.210500 0.005236 0.000000
vt 0.266583 0.005236 0.000000
vt 0.098333 0.005236 0.000000
vt 0.154417 0.005236 0.000000
vt 0.210500 0.002618 0.000000
vt 0.266583 0.002618 0.000000
vt 0.266583 0.000000 0.000000
vt 0.154417 0.002618 0.000000
vt 0.434833 0.002618 0.000000
vt 0.434833 0.000000 0.000000
vt 0.434833 -0.002618 0.000000
vt 0.210500 0.000000 0.000000
vt -0.013833 -0.002618 0.000000
vt -0.013833 -0.005236 0.000000
vt 0.266583 -0.002618 0.000000
vt 0.042250 -0.005236 0.000000
vt -1.280000 0.005236 0.000000
vt -1.223750 0.005236 0.000000
vt -1.280000 0.007854 0.000000
vt -1.167500 0.005236 0.000000
vt -1.111250 0.005236 0.000000
vt -1.111250 0.002618 0.000000
vt -1.055000 0.002618 0.000000
vt -1.055000 -0.000000 0.000000
vt -0.998750 -0.000000 0.000000
vt -0.998750 -0.002618 0.000000
vt -0.942500 -0.002618 0.000000
vt -0.942500 -0.005236 0.000000
vt -0.886250 -0.005236 0.000000
vt -1.280000 -0.007854 0.000000
vt -0.830000 -0.005236 0.000000
vt -0.773750 -0.005236 0.000000
vt -0.830000 -0.002618 0.000000
vt -0.773750 -0.002618 0.000000
vt -0.830000 -0.000000 0.000000
vt -0.773750 -0.000000 0.000000
vt -0.830000 0.002618 0.000000
vt -0.773750 0.002618 0.000000
vt -0.830000 0.005236 0.000000
vt -0.773750 0.005236 0.000000
vt -0.717500 0.005236 0.000000
vt -0.661250 0.005236 0.000000
vt -0.661250 0.002618 0.000000
vt -0.605000 0.002618 0.000000
vt -0.605000 -0.000000 0.000000
vt -0.548750 -0.000000 0.000000
vt -0.548750 -0.002618 0.000000
vt -0.492500 -0.002618 0.000000
vt -0.492500 -0.005236 0.000000
vt -0.436250 -0.005236 0.000000
vt -0.380000 -0.005236 0.000000
vt 0.520000 -0.007854 0.000000
vt -0.323750 -0.005236 0.000000
vt -0.267500 -0.005236 0.000000
vt -0.323750 -0.002618 0.000000
vt -0.267500 -0.002618 0.000000
vt -0.323750 -0.000000 0.000000
vt -0.267500 -0.000000 0.000000
vt -0.323750 0.002618 0.000000
vt -0.267500 0.002618 0.000000
vt -0.323750 0.005236 0.000000
vt -0.267500 0.005236 0.000000
vt 0.520000 0.007854 0.000000
vt -0.211250 0.005236 0.000000
vt -0.155000 0.005236 0.000000
vt -0.155000 0.002618 0.000000
vt -0.098750 0.002618 0.000000
vt -0.098750 -0.000000 0.000000
vt -0.042500 -0.000000 0.000000
vt -0.042500 -0.002618 0.000000
vt 0.013750 -0.002618 0.000000
vt 0.013750 -0.005236 0.000000
vt 0.070000 -0.005236 0.000000
vt 0.126250 -0.005236 0.000000
vt 0.182500 -0.005236 0.000000
vt 0.126250 -0.002618 0.000000
vt 0.182500 -0.002618 0.000000
vt 0.126250 -0.000000 0.000000
vt 0.182500 -0.000000 0.000000
vt 0.126250 0.002618 0.000000
vt 0.182500 0.002618 0.000000
vt 0.126250 0.005236 0.000000
vt 0.182500 0.005236 0.000000
vt 0.238750 0.005236 0.000000
vt 0.295000 0.005236 0.000000
vt 0.295000 0.002618 0.000000
vt 0.351250 0.002618 0.000000
vt 0.351250 -0.000000 0.000000
vt 0.407500 -0.000000 0.000000
vt 0.407500 -0.002618 0.000000
vt 0.463750 -0.002618 0.000000
vt 0.463750 -0.005236 0.000000
vt 0.520000 -0.005236 0.000000
vt 0.407500 -0.005236 0.000000
vt 0.351250 -0.005236 0.000000
vt 0.351250 -0.002618 0.000000
vt 0.295000 -0.002618 0.000000
vt 0.295000 -0.000000 0.000000
vt 0.238750 -0.000000 0.000000
vt 0.238750 0.002618 0.000000
vt -1.223750 0.002618 0.000000
vt -1.280000 0.002618 0.000000
vt -1.223750 -0.000000 0.000000
vt -1.280000 -0.000000 0.000000
vt -1.223750 -0.002618 0.000000
vt -1.280000 -0.002618 0.000000
vt -1.223750 -0.005236 0.000000
vt -1.280000 -0.005236 0.000000
vt 0.520000 -0.002618 0.000000
vt 0.463750 -0.000000 0.000000
vt 0.407500 0.002618 0.000000
vt 0.351250 0.005236 0.000000
vt 0.520000 -0.000000 0.000000
vt 0.463750 0.002618 0.000000
vt 0.407500 0.005236 0.000000
vt 0.520000 0.002618 0.000000
vt 0.463750 0.005236 0.000000
vt 0.520000 0.005236 0.000000
vt -0.380000 0.005236 0.000000
vt -0.436250 0.005236 0.000000
vt -0.492500 0.005236 0.000000
vt -0.436250 0.002618 0.000000
vt -0.492500 0.002618 0.000000
vt -0.436250 -0.000000 0.000000
vt -0.492500 -0.000000 0.000000
vt -0.436250 -0.002618 0.000000
vt -1.167500 0.002618 0.000000
vt -1.167500 -0.000000 0.000000
vt -1.167500 -0.002618 0.000000
vt -1.167500 -0.005236 0.000000
vt -1.055000 0.005236 0.000000
vt -0.998750 0.005236 0.000000
vt -0.942500 0.005236 0.000000
vt -0.942500 0.002618 0.000000
vt -0.886250 0.002618 0.000000
vt -0.886250 -0.000000 0.000000
vt -0.998750 0.002618 0.000000
vt -0.886250 0.005236 0.000000
vt -0.717500 0.002618 0.000000
vt -0.717500 -0.000000 0.000000
vt -0.717500 -0.002618 0.000000
vt -0.717500 -0.005236 0.000000
vt -0.605000 0.005236 0.000000
vt -0.548750 0.005236 0.000000
vt -0.548750 0.002618 0.000000
vt -0.380000 0.002618 0.000000
vt -0.380000 -0.000000 0.000000
vt -0.380000 -0.002618 0.000000
vt -0.211250 0.002618 0.000000
vt -0.211250 -0.000000 0.000000
vt -0.211250 -0.002618 0.000000
vt -0.211250 -0.005236 0.000000
vt -0.098750 0.005236 0.000000
vt -0.042500 0.005236 0.000000
vt 0.013750 0.005236 0.000000
vt 0.013750 0.002618 0.000000
vt 0.070000 0.002618 0.000000
vt 0.070000 -0.000000 0.000000
vt -0.042500 0.002618 0.000000
vt 0.070000 0.005236 0.000000
vt -1.111250 -0.000000 0.000000
vt -1.055000 -0.002618 0.000000
vt -0.998750 -0.005236 0.000000
vt -0.942500 -0.000000 0.000000
vt -0.661250 -0.000000 0.000000
vt -0.605000 -0.002618 0.000000
vt -0.548750 -0.005236 0.000000
vt -0.155000 -0.000000 0.000000
vt -0.098750 -0.002618 0.000000
vt -0.042500 -0.005236 0.000000
vt 0.013750 -0.000000 0.000000
vt -1.111250 -0.002618 0.000000
vt -1.111250 -0.005236 0.000000
vt -0.886250 -0.002618 0.000000
vt -0.661250 -0.002618 0.000000
vt -0.661250 -0.005236 0.000000
vt -0.155000 -0.002618 0.000000
vt -0.155000 -0.005236 0.000000
vt 0.070000 -0.002618 0.000000
vt 0.238750 -0.002618 0.000000
vt 0.238750 -0.005236 0.000000
vt -1.055000 -0.005236 0.000000
vt -0.605000 -0.005236 0.000000
vt -0.098750 -0.005236 0.000000
vt 0.295000 -0.005236 0.000000
vt -0.005236 -0.006066 0.000000
vt -0.004205 -0.008733 0.000000
vt -0.003537 -0.006238 0.000000
vt -0.001841 -0.007570 0.000000
vt -0.000919 -0.006238 0.000000
vt 0.000547 -0.006507 0.000000
vt -0.000919 -0.003743 0.000000
vt 0.001699 -0.003743 0.000000
vt -0.000919 -0.001248 0.000000
vt 0.001699 -0.001248 0.000000
vt -0.000919 0.001248 0.000000
vt 0.001699 0.001248 0.000000
vt -0.000919 0.003743 0.000000
vt 0.001699 0.003743 0.000000
vt 0.000547 0.006507 0.000000
vt 0.002928 0.005416 0.000000
vt 0.004317 0.003743 0.000000
vt 0.005270 0.004154 0.000000
vt 0.004317 0.001248 0.000000
vt 0.006935 0.001248 0.000000
vt 0.006935 -0.001248 0.000000
vt 0.009553 0.000000 0.000000
vt 0.007519 -0.002496 0.000000
vt 0.005270 -0.004154 0.000000
vt 0.004317 -0.001248 0.000000
vt 0.004317 -0.003743 0.000000
vt 0.002928 -0.005416 0.000000
vt 0.007519 0.002496 0.000000
vt -0.000919 0.006238 0.000000
vt -0.001841 0.007570 0.000000
vt -0.003537 0.006238 0.000000
vt -0.004205 0.008733 0.000000
vt -0.005236 0.006066 0.000000
vt -0.003537 0.003743 0.000000
vt -0.005916 0.003125 0.000000
vt -0.003537 0.001248 0.000000
vt -0.006155 0.000000 0.000000
vt -0.003537 -0.001248 0.000000
vt -0.005916 -0.003125 0.000000
vt -0.003537 -0.003743 0.000000
vt -0.547000 0.005236 0.000000
vt -0.490917 0.005236 0.000000
vt -0.547000 0.007854 0.000000
vt -0.434833 0.005236 0.000000
vt -0.378750 0.005236 0.000000
vt -0.378750 0.002618 0.000000
vt -0.322667 0.002618 0.000000
vt -0.322667 0.000000 0.000000
vt -0.266583 0.000000 0.000000
vt -0.266583 -0.002618 0.000000
vt -0.210500 -0.002618 0.000000
vt -0.210500 -0.005236 0.000000
vt -0.154417 -0.005236 0.000000
vt 0.126000 -0.007854 0.000000
vt -0.098333 -0.005236 0.000000
vt -0.042250 -0.005236 0.000000
vt -0.098333 -0.002618 0.000000
vt -0.042250 -0.002618 0.000000
vt -0.098333 0.000000 0.000000
vt -0.042250 0.000000 0.000000
vt -0.098333 0.002618 0.000000
vt -0.042250 0.002618 0.000000
vt -0.098333 0.005236 0.000000
vt -0.042250 0.005236 0.000000
vt 0.126000 0.007854 0.000000
vt 0.013833 0.005236 0.000000
vt 0.069917 0.005236 0.000000
vt 0.069917 0.002618 0.000000
vt 0.126000 0.002618 0.000000
vt 0.126000 0.000000 0.000000
vt 0.069917 0.000000 0.000000
vt 0.126000 -0.002618 0.000000
vt 0.069917 -0.002618 0.000000
vt 0.126000 -0.005236 0.000000
vt 0.069917 -0.005236 0.000000
vt 0.013833 -0.005236 0.000000
vt -0.490917 0.002618 0.000000
vt -0.547000 0.002618 0.000000
vt -0.490917 0.000000 0.000000
vt -0.547000 0.000000 0.000000
vt -0.490917 -0.002618 0.000000
vt -0.547000 -0.002618 0.000000
vt -0.490917 -0.005236 0.000000
vt -0.547000 -0.005236 0.000000
vt -0.547000 -0.007854 0.000000
vt -0.266583 -0.005236 0.000000
vt -0.322667 -0.005236 0.000000
vt -0.322667 -0.002618 0.000000
vt -0.378750 -0.002618 0.000000
vt -0.378750 0.000000 0.000000
vt -0.434833 0.000000 0.000000
vt -0.434833 0.002618 0.000000
vt 0.126000 0.005236 0.000000
vt -0.210500 0.005236 0.000000
vt -0.154417 0.005236 0.000000
vt -0.322667 0.005236 0.000000
vt -0.266583 0.005236 0.000000
vt -0.210500 0.002618 0.000000
vt -0.154417 0.002618 0.000000
vt -0.154417 0.000000 0.000000
vt -0.266583 0.002618 0.000000
vt 0.013833 0.002618 0.000000
vt 0.013833 0.000000 0.000000
vt 0.013833 -0.002618 0.000000
vt -0.210500 0.000000 0.000000
vt -0.434833 -0.002618 0.000000
vt -0.434833 -0.005236 0.000000
vt -0.154417 -0.002618 0.000000
vt -0.378750 -0.005236 0.000000
vt -0.372500 0.005236 0.000000
vt -0.318214 0.005236 0.000000
vt -0.372500 0.007854 0.000000
vt -0.263929 0.005236 0.000000
vt -0.209643 0.005236 0.000000
vt -0.209643 0.002618 0.000000
vt -0.155357 0.002618 0.000000
vt -0.155357 0.000000 0.000000
vt -0.101071 0.000000 0.000000
vt -0.101071 -0.002618 0.000000
vt -0.046786 -0.002618 0.000000
vt -0.046786 -0.005236 0.000000
vt 0.007500 -0.005236 0.000000
vt 0.007500 -0.007854 0.000000
vt -0.101071 -0.005236 0.000000
vt -0.155357 -0.005236 0.000000
vt -0.155357 -0.002618 0.000000
vt -0.209643 -0.002618 0.000000
vt -0.209643 0.000000 0.000000
vt -0.263929 0.000000 0.000000
vt -0.263929 0.002618 0.000000
vt -0.318214 0.002618 0.000000
vt -0.372500 0.002618 0.000000
vt -0.318214 0.000000 0.000000
vt -0.263929 -0.002618 0.000000
vt -0.209643 -0.005236 0.000000
vt -0.372500 0.000000 0.000000
vt -0.318214 -0.002618 0.000000
vt -0.263929 -0.005236 0.000000
vt -0.372500 -0.007854 0.000000
vt -0.372500 -0.002618 0.000000
vt -0.318214 -0.005236 0.000000
vt -0.372500 -0.005236 0.000000
vt 0.007500 -0.002618 0.000000
vt -0.046786 0.000000 0.000000
vt -0.101071 0.002618 0.000000
vt -0.155357 0.005236 0.000000
vt 0.007500 0.000000 0.000000
vt -0.046786 0.002618 0.000000
vt -0.101071 0.005236 0.000000
vt 0.007500 0.007854 0.000000
vt 0.007500 0.002618 0.000000
vt -0.046786 0.005236 0.000000
vt 0.007500 0.005236 0.000000
vt -1.355000 0.005236 0.000000
vt -1.298750 0.005236 0.000000
vt -1.355000 0.007854 0.000000
vt -1.242500 0.005236 0.000000
vt -1.186250 0.005236 0.000000
vt -1.186250 0.002618 0.000000
vt -1.130000 0.002618 0.000000
vt -1.130000 -0.000000 0.000000
vt -1.073750 -0.000000 0.000000
vt -1.073750 -0.002618 0.000000
vt -1.017500 -0.002618 0.000000
vt -1.017500 -0.005236 0.000000
vt -0.961250 -0.005236 0.000000
vt -1.355000 -0.007854 0.000000
vt -0.905000 -0.005236 0.000000
vt -0.848750 -0.005236 0.000000
vt -0.905000 -0.002618 0.000000
vt -0.848750 -0.002618 0.000000
vt -0.905000 -0.000000 0.000000
vt -0.848750 -0.000000 0.000000
vt -0.905000 0.002618 0.000000
vt -0.848750 0.002618 0.000000
vt -0.905000 0.005236 0.000000
vt -0.848750 0.005236 0.000000
vt -0.792500 0.005236 0.000000
vt -0.736250 0.005236 0.000000
vt -0.736250 0.002618 0.000000
vt -0.680000 0.002618 0.000000
vt -0.680000 -0.000000 0.000000
vt -0.623750 -0.000000 0.000000
vt -0.623750 -0.002618 0.000000
vt -0.567500 -0.002618 0.000000
vt -0.567500 -0.005236 0.000000
vt -0.511250 -0.005236 0.000000
vt -0.455000 -0.005236 0.000000
vt 0.445000 -0.007854 0.000000
vt -0.398750 -0.005236 0.000000
vt -0.342500 -0.005236 0.000000
vt -0.398750 -0.002618 0.000000
vt -0.342500 -0.002618 0.000000
vt -0.398750 -0.000000 0.000000
vt -0.342500 -0.000000 0.000000
vt -0.398750 0.002618 0.000000
vt -0.342500 0.002618 0.000000
vt -0.398750 0.005236 0.000000
vt -0.342500 0.005236 0.000000
vt 0.445000 0.007854 0.000000
vt -0.286250 0.005236 0.000000
vt -0.230000 0.005236 0.000000
vt -0.230000 0.002618 0.000000
vt -0.173750 0.002618 0.000000
vt -0.173750 -0.000000 0.000000
vt -0.117500 -0.000000 0.000000
vt -0.117500 -0.002618 0.000000
vt -0.061250 -0.002618 0.000000
vt -0.061250 -0.005236 0.000000
vt -0.005000 -0.005236 0.000000
vt 0.051250 -0.005236 0.000000
vt 0.107500 -0.005236 0.000000
vt 0.051250 -0.002618 0.000000
vt 0.107500 -0.002618 0.000000
vt 0.051250 -0.000000 0.000000
vt 0.107500 -0.000000 0.000000
vt 0.051250 0.002618 0.000000
vt 0.107500 0.002618 0.000000
vt 0.051250 0.005236 0.000000
vt 0.107500 0.005236 0.000000
vt 0.163750 0.005236 0.000000
vt 0.220000 0.005236 0.000000
vt 0.220000 0.002618 0.000000
vt 0.276250 0.002618 0.000000
vt 0.276250 -0.000000 0.000000
vt 0.332500 -0.000000 0.000000
vt 0.332500 -0.002618 0.000000
vt 0.388750 -0.002618 0.000000
vt 0.388750 -0.005236 0.000000
vt 0.445000 -0.005236 0.000000
vt 0.332500 -0.005236 0.000000
vt 0.276250 -0.005236 0.000000
vt 0.276250 -0.002618 0.000000
vt 0.220000 -0.002618 0.000000
vt 0.220000 -0.000000 0.000000
vt 0.163750 -0.000000 0.000000
vt 0.163750 0.002618 0.000000
vt -1.298750 0.002618 0.000000
vt -1.355000 0.002618 0.000000
vt -1.298750 -0.000000 0.000000
vt -1.355000 -0.000000 0.000000
vt -1.298750 -0.002618 0.000000
vt -1.355000 -0.002618 0.000000
vt -1.298750 -0.005236 0.000000
vt -1.355000 -0.005236 0.000000
vt 0.445000 -0.002618 0.000000
vt 0.388750 -0.000000 0.000000
vt 0.332500 0.002618 0.000000
vt 0.276250 0.005236 0.000000
vt 0.445000 -0.000000 0.000000
vt 0.388750 0.002618 0.000000
vt 0.332500 0.005236 0.000000
vt 0.445000 0.002618 0.000000
vt 0.388750 0.005236 0.000000
vt 0.445000 0.005236 0.000000
vt -0.455000 0.005236 0.000000
vt -0.511250 0.005236 0.000000
vt -0.567500 0.005236 0.000000
vt -0.511250 0.002618 0.000000
vt -0.567500 0.002618 0.000000
vt -0.511250 -0.000000 0.000000
vt -0.567500 -0.000000 0.000000
vt -0.511250 -0.002618 0.000000
vt -1.242500 0.002618 0.000000
vt -1.242500 -0.000000 0.000000
vt -1.242500 -0.002618 0.000000
vt -1.242500 -0.005236 0.000000
vt -1.130000 0.005236 0.000000
vt -1.073750 0.005236 0.000000
vt -1.017500 0.005236 0.000000
vt -1.017500 0.002618 0.000000
vt -0.961250 0.002618 0.000000
vt -0.961250 -0.000000 0.000000
vt -1.073750 0.002618 0.000000
vt -0.961250 0.005236 0.000000
vt -0.792500 0.002618 0.000000
vt -0.792500 -0.000000 0.000000
vt -0.792500 -0.002618 0.000000
vt -0.792500 -0.005236 0.000000
vt -0.680000 0.005236 0.000000
vt -0.623750 0.005236 0.000000
vt -0.623750 0.002618 0.000000
vt -0.455000 0.002618 0.000000
vt -0.455000 -0.000000 0.000000
vt -0.455000 -0.002618 0.000000
vt -0.286250 0.002618 0.000000
vt -0.286250 -0.000000 0.000000
vt -0.286250 -0.002618 0.000000
vt -0.286250 -0.005236 0.000000
vt -0.173750 0.005236 0.000000
vt -0.117500 0.005236 0.000000
vt -0.061250 0.005236 0.000000
vt -0.061250 0.002618 0.000000
vt -0.005000 0.002618 0.000000
vt -0.005000 -0.000000 0.000000
vt -0.117500 0.002618 0.000000
vt -0.005000 0.005236 0.000000
vt -1.186250 -0.000000 0.000000
vt -1.130000 -0.002618 0.000000
vt -1.073750 -0.005236 0.000000
vt -1.017500 -0.000000 0.000000
vt -0.736250 -0.000000 0.000000
vt -0.680000 -0.002618 0.000000
vt -0.623750 -0.005236 0.000000
vt -0.230000 -0.000000 0.000000
vt -0.173750 -0.002618 0.000000
vt -0.117500 -0.005236 0.000000
vt -0.061250 -0.000000 0.000000
vt -1.186250 -0.002618 0.000000
vt -1.186250 -0.005236 0.000000
vt -0.961250 -0.002618 0.000000
vt -0.736250 -0.002618 0.000000
vt -0.736250 -0.005236 0.000000
vt -0.230000 -0.002618 0.000000
vt -0.230000 -0.005236 0.000000
vt -0.005000 -0.002618 0.000000
vt 0.163750 -0.002618 0.000000
vt 0.163750 -0.005236 0.000000
vt -1.130000 -0.005236 0.000000
vt -0.680000 -0.005236 0.000000
vt -0.173750 -0.005236 0.000000
vt 0.220000 -0.005236 0.000000
vt -0.207500 0.005236 0.000000
vt -0.153214 0.005236 0.000000
vt -0.207500 0.007854 0.000000
vt -0.098929 0.005236 0.000000
vt -0.044643 0.005236 0.000000
vt -0.044643 0.002618 0.000000
vt 0.009643 0.002618 0.000000
vt 0.009643 0.000000 0.000000
vt 0.063929 0.000000 0.000000
vt 0.063929 -0.002618 0.000000
vt 0.118214 -0.002618 0.000000
vt 0.118214 -0.005236 0.000000
vt 0.172500 -0.005236 0.000000
vt 0.172500 -0.007854 0.000000
vt 0.063929 -0.005236 0.000000
vt 0.009643 -0.005236 0.000000
vt 0.009643 -0.002618 0.000000
vt -0.044643 -0.002618 0.000000
vt -0.044643 0.000000 0.000000
vt -0.098929 0.000000 0.000000
vt -0.098929 0.002618 0.000000
vt -0.153214 0.002618 0.000000
vt -0.207500 0.002618 0.000000
vt -0.153214 0.000000 0.000000
vt -0.098929 -0.002618 0.000000
vt -0.044643 -0.005236 0.000000
vt -0.207500 0.000000 0.000000
vt -0.153214 -0.002618 0.000000
vt -0.098929 -0.005236 0.000000
vt -0.207500 -0.007854 0.000000
vt -0.207500 -0.002618 0.000000
vt -0.153214 -0.005236 0.000000
vt -0.207500 -0.005236 0.000000
vt 0.172500 -0.002618 0.000000
vt 0.118214 0.000000 0.000000
vt 0.063929 0.002618 0.000000
vt 0.009643 0.005236 0.000000
vt 0.172500 0.000000 0.000000
vt 0.118214 0.002618 0.000000
vt 0.063929 0.005236 0.000000
vt 0.172500 0.007854 0.000000
vt 0.172500 0.002618 0.000000
vt 0.118214 0.005236 0.000000
vt 0.172500 0.005236 0.000000
vt 0.797500 -0.007854 0.000000
vt 0.937500 -0.007854 0.000000
vt 0.797548 -0.006872 0.000000
vt 0.844167 -0.005236 0.000000
vt 0.797692 -0.005890 0.000000
vt 0.798261 -0.003927 0.000000
vt 0.844167 -0.002618 0.000000
vt 0.799185 -0.001963 0.000000
vt 0.844167 -0.000000 0.000000
vt 0.800429 -0.000000 0.000000
vt 0.801944 0.001963 0.000000
vt 0.844167 0.002618 0.000000
vt 0.803673 0.003927 0.000000
vt 0.844167 0.005236 0.000000
vt 0.805549 0.005890 0.000000
vt 0.807500 0.007854 0.000000
vt 0.890833 0.005236 0.000000
vt 0.937500 0.007854 0.000000
vt 0.937500 0.005236 0.000000
vt 0.937500 0.002618 0.000000
vt 0.890833 0.002618 0.000000
vt 0.937500 -0.000000 0.000000
vt 0.890833 -0.000000 0.000000
vt 0.937500 -0.002618 0.000000
vt 0.890833 -0.002618 0.000000
vt 0.937500 -0.005236 0.000000
vt 0.890833 -0.005236 0.000000
vt -0.090000 0.005236 0.000000
vt -0.035714 0.005236 0.000000
vt -0.090000 0.007854 0.000000
vt 0.018571 0.005236 0.000000
vt 0.072857 0.005236 0.000000
vt 0.072857 0.002618 0.000000
vt 0.127143 0.002618 0.000000
vt 0.127143 0.000000 0.000000
vt 0.181429 0.000000 0.000000
vt 0.181429 -0.002618 0.000000
vt 0.235714 -0.002618 0.000000
vt 0.235714 -0.005236 0.000000
vt 0.290000 -0.005236 0.000000
vt 0.290000 -0.007854 0.000000
vt 0.181429 -0.005236 0.000000
vt 0.127143 -0.005236 0.000000
vt 0.127143 -0.002618 0.000000
vt 0.072857 -0.002618 0.000000
vt 0.072857 0.000000 0.000000
vt 0.018571 0.000000 0.000000
vt 0.018571 0.002618 0.000000
vt -0.035714 0.002618 0.000000
vt -0.090000 0.002618 0.000000
vt -0.035714 0.000000 0.000000
vt 0.018571 -0.002618 0.000000
vt 0.072857 -0.005236 0.000000
vt -0.090000 0.000000 0.000000
vt -0.035714 -0.002618 0.000000
vt 0.018571 -0.005236 0.000000
vt -0.090000 -0.007854 0.000000
vt -0.090000 -0.002618 0.000000
vt -0.035714 -0.005236 0.000000
vt -0.090000 -0.005236 0.000000
vt 0.290000 -0.002618 0.000000
vt 0.235714 0.000000 0.000000
vt 0.181429 0.002618 0.000000
vt 0.127143 0.005236 0.000000
vt 0.290000 0.000000 0.000000
vt 0.235714 0.002618 0.000000
vt 0.181429 0.005236 0.000000
vt 0.290000 0.007854 0.000000
vt 0.290000 0.002618 0.000000
vt 0.235714 0.005236 0.000000
vt 0.290000 0.005236 0.000000
vt 0.027500 0.007854 0.000000
vt -0.102500 0.007854 0.000000
vt 0.029451 0.005890 0.000000
vt -0.009167 0.005236 0.000000
vt 0.031327 0.003927 0.000000
vt -0.009167 0.002618 0.000000
vt 0.033056 0.001963 0.000000
vt -0.009167 -0.000000 0.000000
vt 0.034571 -0.000000 0.000000
vt 0.035815 -0.001963 0.000000
vt -0.009167 -0.002618 0.000000
vt 0.036739 -0.003927 0.000000
vt -0.009167 -0.005236 0.000000
vt 0.037308 -0.005890 0.000000
vt 0.037452 -0.006872 0.000000
vt 0.037500 -0.007854 0.000000
vt -0.055833 -0.005236 0.000000
vt -0.102500 -0.007854 0.000000
vt -0.102500 -0.005236 0.000000
vt -0.102500 -0.002618 0.000000
vt -0.055833 -0.002618 0.000000
vt -0.102500 -0.000000 0.000000
vt -0.055833 -0.000000 0.000000
vt -0.102500 0.002618 0.000000
vt -0.055833 0.002618 0.000000
vt -0.102500 0.005236 0.000000
vt -0.055833 0.005236 0.000000
vt -0.090000 0.005236 0.000000
vt -0.035714 0.005236 0.000000
vt -0.090000 0.007854 0.000000
vt 0.018571 0.005236 0.000000
vt 0.072857 0.005236 0.000000
vt 0.072857 0.002618 0.000000
vt 0.127143 0.002618 0.000000
vt 0.127143 0.000000 0.000000
vt 0.181429 0.000000 0.000000
vt 0.181429 -0.002618 0.000000
vt 0.235714 -0.002618 0.000000
vt 0.235714 -0.005236 0.000000
vt 0.290000 -0.005236 0.000000
vt 0.290000 -0.007854 0.000000
vt 0.181429 -0.005236 0.000000
vt 0.127143 -0.005236 0.000000
vt 0.127143 -0.002618 0.000000
vt 0.072857 -0.002618 0.000000
vt 0.072857 0.000000 0.000000
vt 0.018571 0.000000 0.000000
vt 0.018571 0.002618 0.000000
vt -0.035714 0.002618 0.000000
vt -0.090000 0.002618 0.000000
vt -0.035714 0.000000 0.000000
vt 0.018571 -0.002618 0.000000
vt 0.072857 -0.005236 0.000000
vt -0.090000 0.000000 0.000000
vt -0.035714 -0.002618 0.000000
vt 0.018571 -0.005236 0.000000
vt -0.090000 -0.007854 0.000000
vt -0.090000 -0.002618 0.000000
vt -0.035714 -0.005236 0.000000
vt -0.090000 -0.005236 0.000000
vt 0.290000 -0.002618 0.000000
vt 0.235714 0.000000 0.000000
vt 0.181429 0.002618 0.000000
vt 0.127143 0.005236 0.000000
vt 0.290000 0.000000 0.000000
vt 0.235714 0.002618 0.000000
vt 0.181429 0.005236 0.000000
vt 0.290000 0.007854 0.000000
vt 0.290000 0.002618 0.000000
vt 0.235714 0.005236 0.000000
vt 0.290000 0.005236 0.000000
vt 0.102500 0.007854 0.000000
vt -0.027500 0.007854 0.000000
vt 0.104451 0.005890 0.000000
vt 0.065833 0.005236 0.000000
vt 0.106327 0.003927 0.000000
vt 0.065833 0.002618 0.000000
vt 0.108056 0.001963 0.000000
vt 0.065833 -0.000000 0.000000
vt 0.109571 -0.000000 0.000000
vt 0.110815 -0.001963 0.000000
vt 0.065833 -0.002618 0.000000
vt 0.111739 -0.003927 0.000000
vt 0.065833 -0.005236 0.000000
vt 0.112308 -0.005890 0.000000
vt 0.112452 -0.006872 0.000000
vt 0.112500 -0.007854 0.000000
vt 0.019167 -0.005236 0.000000
vt -0.027500 -0.007854 0.000000
vt -0.027500 -0.005236 0.000000
vt -0.027500 -0.002618 0.000000
vt 0.019167 -0.002618 0.000000
vt -0.027500 -0.000000 0.000000
vt 0.019167 -0.000000 0.000000
vt -0.027500 0.002618 0.000000
vt 0.019167 0.002618 0.000000
vt -0.027500 0.005236 0.000000
vt 0.019167 0.005236 0.000000
vt 0.722500 -0.007854 0.000000
vt 0.862500 -0.007854 0.000000
vt 0.722548 -0.006872 0.000000
vt 0.769167 -0.005236 0.000000
vt 0.722692 -0.005890 0.000000
vt 0.723261 -0.003927 0.000000
vt 0.769167 -0.002618 0.000000
vt 0.724185 -0.001963 0.000000
vt 0.769167 -0.000000 0.000000
vt 0.725429 -0.000000 0.000000
vt 0.726944 0.001963 0.000000
vt 0.769167 0.002618 0.000000
vt 0.728673 0.003927 0.000000
vt 0.769167 0.005236 0.000000
vt 0.730549 0.005890 0.000000
vt 0.732500 0.007854 0.000000
vt 0.815833 0.005236 0.000000
vt 0.862500 0.007854 0.000000
vt 0.862500 0.005236 0.000000
vt 0.862500 0.002618 0.000000
vt 0.815833 0.002618 0.000000
vt 0.862500 -0.000000 0.000000
vt 0.815833 -0.000000 0.000000
vt 0.862500 -0.002618 0.000000
vt 0.815833 -0.002618 0.000000
vt 0.862500 -0.005236 0.000000
vt 0.815833 -0.005236 0.000000
vt 0.010000 0.000000 0.000000
vt 0.390000 0.000000 0.000000
vt 0.010000 0.136000 0.000000
vt 0.390000 0.136000 0.000000
vt 0.835000 0.190000 0.000000
vt -0.685000 0.190000 0.000000
vt 0.835000 -0.190000 0.000000
vt -0.685000 -0.190000 0.000000
vt 0.390000 0.136000 0.000000
vt 0.010000 0.136000 0.000000
vt 0.390000 0.000000 0.000000
vt 0.010000 0.000000 0.000000
vt -0.190000 -0.065000 0.000000
vt 0.190000 -0.065000 0.000000
vt -0.190000 0.075000 0.000000
vt 0.190000 0.075000 0.000000
vt 0.390000 0.547000 0.000000
vt 0.010000 0.547000 0.000000
vt 0.390000 -0.126000 0.000000
vt 0.010000 -0.126000 0.000000
vt -0.140000 -0.126000 0.000000
vt -0.010000 0.010000 0.000000
vt -0.140000 0.547000 0.000000
vt 1.530000 0.010000 0.000000
vt 1.660000 0.547000 0.000000
vt 1.660000 -0.126000 0.000000
vt 1.530000 -0.126000 0.000000
vt -0.010000 -0.126000 0.000000
vt -0.223011 -0.809411 0.000000
vt -0.165000 -0.775000 0.000000
vt -0.223011 -0.794957 0.000000
vt -0.165000 -0.568000 0.000000
vt -0.230000 -0.608000 0.000000
vt -0.230000 -0.568000 0.000000
vt -0.292196 -0.809411 0.000000
vt -0.291627 -0.826467 0.000000
vt -0.355000 -0.900000 0.000000
vt 0.025000 -0.900000 0.000000
vt -0.294564 -0.809406 0.000000
vt -0.296930 -0.809386 0.000000
vt -0.300249 -0.815172 0.000000
vt -0.299297 -0.809339 0.000000
vt -0.301247 -0.813996 0.000000
vt -0.301663 -0.809274 0.000000
vt -0.302245 -0.812820 0.000000
vt -0.303131 -0.809210 0.000000
vt -0.303243 -0.811643 0.000000
vt -0.304240 -0.810466 0.000000
vt -0.304598 -0.809126 0.000000
vt -0.304925 -0.809768 0.000000
vt -0.305290 -0.809467 0.000000
vt -0.305680 -0.809223 0.000000
vt -0.306062 -0.809009 0.000000
vt -0.306105 -0.809053 0.000000
vt -0.306560 -0.808953 0.000000
vt -0.306496 -0.808964 0.000000
vt -0.307525 -0.808868 0.000000
vt -0.306469 -0.808968 0.000000
vt -0.301193 -0.833868 0.000000
vt -0.322656 -0.806775 0.000000
vt -0.322656 -0.794957 0.000000
vt -0.305000 -0.608000 0.000000
vt -0.230000 -0.314000 0.000000
vt -0.230000 -0.354000 0.000000
vt -0.165000 -0.314000 0.000000
vt -0.165000 -0.448000 0.000000
vt -0.230000 -0.408000 0.000000
vt -0.230000 -0.448000 0.000000
vt -0.305000 -0.354000 0.000000
vt -0.305000 -0.408000 0.000000
vt -0.305000 -0.154000 0.000000
vt -0.305000 -0.100000 0.000000
vt -0.305000 0.100000 0.000000
vt -0.230000 -0.154000 0.000000
vt -0.230000 -0.100000 0.000000
vt -0.165000 -0.194000 0.000000
vt -0.165000 -0.060000 0.000000
vt -0.230000 -0.194000 0.000000
vt -0.230000 -0.060000 0.000000
vt -0.230000 0.100000 0.000000
vt -0.305000 0.154000 0.000000
vt -0.355000 0.900000 0.000000
vt -0.230000 0.060000 0.000000
vt -0.165000 0.060000 0.000000
vt -0.230000 0.154000 0.000000
vt -0.165000 0.194000 0.000000
vt -0.230000 0.194000 0.000000
vt -0.305000 0.354000 0.000000
vt -0.305000 0.408000 0.000000
vt -0.305000 0.608000 0.000000
vt -0.230000 0.354000 0.000000
vt -0.230000 0.408000 0.000000
vt -0.165000 0.314000 0.000000
vt -0.165000 0.448000 0.000000
vt -0.230000 0.314000 0.000000
vt -0.230000 0.448000 0.000000
vt -0.230000 0.608000 0.000000
vt -0.165000 0.775000 0.000000
vt 0.025000 0.900000 0.000000
vt -0.027327 0.775000 0.000000
vt -0.027327 -0.775000 0.000000
vt -0.230000 0.568000 0.000000
vt -0.165000 0.568000 0.000000
vt 0.010000 -0.126000 0.000000
vt 0.390000 -0.126000 0.000000
vt 0.010000 0.547000 0.000000
vt 0.390000 0.547000 0.000000
vt 1.680000 -0.126000 0.000000
vt 1.810000 -0.126000 0.000000
vt 1.680000 0.010000 0.000000
vt 1.810000 0.547000 0.000000
vt 0.010000 0.547000 0.000000
vt 0.140000 0.010000 0.000000
vt 0.010000 -0.126000 0.000000
vt 0.140000 -0.126000 0.000000
vt 0.082500 -0.007854 0.000000
vt 0.157500 -0.007854 0.000000
vt 0.084451 -0.005890 0.000000
vt 0.120000 -0.005236 0.000000
vt 0.086327 -0.003927 0.000000
vt 0.120000 -0.002618 0.000000
vt 0.088056 -0.001963 0.000000
vt 0.120000 -0.000000 0.000000
vt 0.089571 -0.000000 0.000000
vt 0.090815 0.001963 0.000000
vt 0.120000 0.002618 0.000000
vt 0.091739 0.003927 0.000000
vt 0.120000 0.005236 0.000000
vt 0.092308 0.005890 0.000000
vt 0.092452 0.006872 0.000000
vt 0.147548 0.006872 0.000000
vt 0.092500 0.007854 0.000000
vt 0.147500 0.007854 0.000000
vt 0.155549 -0.005890 0.000000
vt 0.153673 -0.003927 0.000000
vt 0.151944 -0.001963 0.000000
vt 0.150429 0.000000 0.000000
vt 0.149185 0.001963 0.000000
vt 0.148261 0.003927 0.000000
vt 0.147692 0.005890 0.000000
vt -0.272000 -0.007854 0.000000
vt -0.072000 -0.007854 0.000000
vt -0.270049 -0.005890 0.000000
vt -0.222000 -0.005236 0.000000
vt -0.268173 -0.003927 0.000000
vt -0.222000 -0.002618 0.000000
vt -0.266444 -0.001963 0.000000
vt -0.222000 -0.000000 0.000000
vt -0.264929 -0.000000 0.000000
vt -0.263685 0.001963 0.000000
vt -0.222000 0.002618 0.000000
vt -0.262761 0.003927 0.000000
vt -0.222000 0.005236 0.000000
vt -0.262192 0.005890 0.000000
vt -0.262048 0.006872 0.000000
vt -0.262000 0.007854 0.000000
vt -0.172000 0.005236 0.000000
vt -0.081952 0.006872 0.000000
vt -0.122000 0.005236 0.000000
vt -0.081808 0.005890 0.000000
vt -0.081239 0.003927 0.000000
vt -0.122000 0.002618 0.000000
vt -0.080315 0.001963 0.000000
vt -0.122000 -0.000000 0.000000
vt -0.079071 -0.000000 0.000000
vt -0.077556 -0.001963 0.000000
vt -0.122000 -0.002618 0.000000
vt -0.075827 -0.003927 0.000000
vt -0.122000 -0.005236 0.000000
vt -0.073951 -0.005890 0.000000
vt -0.172000 -0.005236 0.000000
vt -0.082000 0.007854 0.000000
vt -0.172000 -0.002618 0.000000
vt -0.172000 -0.000000 0.000000
vt -0.172000 0.002618 0.000000
vt -0.185000 -0.007854 0.000000
vt -0.110000 -0.007854 0.000000
vt -0.183049 -0.005890 0.000000
vt -0.147500 -0.005236 0.000000
vt -0.181173 -0.003927 0.000000
vt -0.147500 -0.002618 0.000000
vt -0.179444 -0.001963 0.000000
vt -0.147500 -0.000000 0.000000
vt -0.177929 -0.000000 0.000000
vt -0.176685 0.001963 0.000000
vt -0.147500 0.002618 0.000000
vt -0.175761 0.003927 0.000000
vt -0.147500 0.005236 0.000000
vt -0.175192 0.005890 0.000000
vt -0.175048 0.006872 0.000000
vt -0.119952 0.006872 0.000000
vt -0.175000 0.007854 0.000000
vt -0.120000 0.007854 0.000000
vt -0.111951 -0.005890 0.000000
vt -0.113827 -0.003927 0.000000
vt -0.115556 -0.001963 0.000000
vt -0.117071 -0.000000 0.000000
vt -0.118315 0.001963 0.000000
vt -0.119239 0.003927 0.000000
vt -0.119808 0.005890 0.000000
vt -0.152500 -0.007854 0.000000
vt -0.087500 -0.007854 0.000000
vt -0.154451 -0.005890 0.000000
vt -0.120000 -0.005236 0.000000
vt -0.156327 -0.003927 0.000000
vt -0.120000 -0.002618 0.000000
vt -0.158056 -0.001963 0.000000
vt -0.120000 -0.000000 0.000000
vt -0.159571 -0.000000 0.000000
vt -0.160815 0.001963 0.000000
vt -0.120000 0.002618 0.000000
vt -0.161739 0.003927 0.000000
vt -0.120000 0.005236 0.000000
vt -0.162308 0.005890 0.000000
vt -0.162452 0.006872 0.000000
vt -0.162500 0.007854 0.000000
vt -0.077548 0.006872 0.000000
vt -0.077500 0.007854 0.000000
vt -0.085549 -0.005890 0.000000
vt -0.083673 -0.003927 0.000000
vt -0.081944 -0.001963 0.000000
vt -0.080429 0.000000 0.000000
vt -0.079185 0.001963 0.000000
vt -0.078261 0.003927 0.000000
vt -0.077692 0.005890 0.000000
vt -0.077500 0.007854 0.000000
vt -0.162500 0.007854 0.000000
vt -0.077548 0.006872 0.000000
vt -0.120000 0.005236 0.000000
vt -0.077692 0.005890 0.000000
vt -0.078261 0.003927 0.000000
vt -0.120000 0.002618 0.000000
vt -0.079185 0.001963 0.000000
vt -0.120000 -0.000000 0.000000
vt -0.080429 -0.000000 0.000000
vt -0.081944 -0.001963 0.000000
vt -0.120000 -0.002618 0.000000
vt -0.083673 -0.003927 0.000000
vt -0.120000 -0.005236 0.000000
vt -0.085549 -0.005890 0.000000
vt -0.087500 -0.007854 0.000000
vt -0.154451 -0.005890 0.000000
vt -0.152500 -0.007854 0.000000
vt -0.162452 0.006872 0.000000
vt -0.162308 0.005890 0.000000
vt -0.161739 0.003927 0.000000
vt -0.160815 0.001963 0.000000
vt -0.159571 0.000000 0.000000
vt -0.158056 -0.001963 0.000000
vt -0.156327 -0.003927 0.000000
vt -0.576500 -0.007854 0.000000
vt -0.442500 -0.007854 0.000000
vt -0.578451 -0.005890 0.000000
vt -0.535167 -0.005236 0.000000
vt -0.580327 -0.003927 0.000000
vt -0.535167 -0.002618 0.000000
vt -0.582056 -0.001963 0.000000
vt -0.535167 0.000000 0.000000
vt -0.583571 0.000000 0.000000
vt -0.584815 0.001963 0.000000
vt -0.535167 0.002618 0.000000
vt -0.585739 0.003927 0.000000
vt -0.535167 0.005236 0.000000
vt -0.586308 0.005890 0.000000
vt -0.586452 0.006872 0.000000
vt -0.586500 0.007854 0.000000
vt -0.483833 0.005236 0.000000
vt -0.432548 0.006872 0.000000
vt -0.432692 0.005890 0.000000
vt -0.433261 0.003927 0.000000
vt -0.483833 0.002618 0.000000
vt -0.434185 0.001963 0.000000
vt -0.483833 -0.000000 0.000000
vt -0.435429 -0.000000 0.000000
vt -0.436944 -0.001963 0.000000
vt -0.483833 -0.002618 0.000000
vt -0.438673 -0.003927 0.000000
vt -0.483833 -0.005236 0.000000
vt -0.440549 -0.005890 0.000000
vt -0.432500 0.007854 0.000000
vt 0.045000 -0.007854 0.000000
vt 0.110000 -0.007854 0.000000
vt 0.043049 -0.005890 0.000000
vt 0.077500 -0.005236 0.000000
vt 0.041173 -0.003927 0.000000
vt 0.077500 -0.002618 0.000000
vt 0.039444 -0.001963 0.000000
vt 0.077500 -0.000000 0.000000
vt 0.037929 -0.000000 0.000000
vt 0.036685 0.001963 0.000000
vt 0.077500 0.002618 0.000000
vt 0.035761 0.003927 0.000000
vt 0.077500 0.005236 0.000000
vt 0.035192 0.005890 0.000000
vt 0.035048 0.006872 0.000000
vt 0.035000 0.007854 0.000000
vt 0.119952 0.006872 0.000000
vt 0.120000 0.007854 0.000000
vt 0.111951 -0.005890 0.000000
vt 0.113827 -0.003927 0.000000
vt 0.115556 -0.001963 0.000000
vt 0.117071 -0.000000 0.000000
vt 0.118315 0.001963 0.000000
vt 0.119239 0.003927 0.000000
vt 0.119808 0.005890 0.000000
vt 0.055000 -0.007854 0.000000
vt 0.053049 -0.005890 0.000000
vt 0.015000 -0.007854 0.000000
vt 0.013049 -0.005890 0.000000
vt 0.051173 -0.003927 0.000000
vt 0.011173 -0.003927 0.000000
vt 0.049444 -0.001963 0.000000
vt 0.009444 -0.001963 0.000000
vt 0.047929 -0.000000 0.000000
vt 0.007929 -0.000000 0.000000
vt 0.046685 0.001963 0.000000
vt 0.006685 0.001963 0.000000
vt 0.045761 0.003927 0.000000
vt 0.005761 0.003927 0.000000
vt 0.045192 0.005890 0.000000
vt 0.005192 0.005890 0.000000
vt 0.045048 0.006872 0.000000
vt 0.005048 0.006872 0.000000
vt 0.045000 0.007854 0.000000
vt 0.005000 0.007854 0.000000
vt 0.082500 -0.007854 0.000000
vt 0.157500 -0.007854 0.000000
vt 0.084451 -0.005890 0.000000
vt 0.120000 -0.005236 0.000000
vt 0.086327 -0.003927 0.000000
vt 0.120000 -0.002618 0.000000
vt 0.088056 -0.001963 0.000000
vt 0.120000 -0.000000 0.000000
vt 0.089571 -0.000000 0.000000
vt 0.090815 0.001963 0.000000
vt 0.120000 0.002618 0.000000
vt 0.091739 0.003927 0.000000
vt 0.120000 0.005236 0.000000
vt 0.092308 0.005890 0.000000
vt 0.092452 0.006872 0.000000
vt 0.147548 0.006872 0.000000
vt 0.092500 0.007854 0.000000
vt 0.147500 0.007854 0.000000
vt 0.155549 -0.005890 0.000000
vt 0.153673 -0.003927 0.000000
vt 0.151944 -0.001963 0.000000
vt 0.150429 -0.000000 0.000000
vt 0.149185 0.001963 0.000000
vt 0.148261 0.003927 0.000000
vt 0.147692 0.005890 0.000000
vt -0.145000 -0.007854 0.000000
vt 0.055000 -0.007854 0.000000
vt -0.143049 -0.005890 0.000000
vt -0.095000 -0.005236 0.000000
vt -0.141173 -0.003927 0.000000
vt -0.095000 -0.002618 0.000000
vt -0.139444 -0.001963 0.000000
vt -0.095000 -0.000000 0.000000
vt -0.137929 -0.000000 0.000000
vt -0.136685 0.001963 0.000000
vt -0.095000 0.002618 0.000000
vt -0.135761 0.003927 0.000000
vt -0.095000 0.005236 0.000000
vt -0.135192 0.005890 0.000000
vt -0.135048 0.006872 0.000000
vt -0.135000 0.007854 0.000000
vt -0.045000 0.005236 0.000000
vt 0.045048 0.006872 0.000000
vt 0.005000 0.005236 0.000000
vt 0.045192 0.005890 0.000000
vt 0.045761 0.003927 0.000000
vt 0.005000 0.002618 0.000000
vt 0.046685 0.001963 0.000000
vt 0.005000 -0.000000 0.000000
vt 0.047929 -0.000000 0.000000
vt 0.049444 -0.001963 0.000000
vt 0.005000 -0.002618 0.000000
vt 0.051173 -0.003927 0.000000
vt 0.005000 -0.005236 0.000000
vt 0.053049 -0.005890 0.000000
vt -0.045000 -0.005236 0.000000
vt 0.045000 0.007854 0.000000
vt -0.045000 -0.002618 0.000000
vt -0.045000 -0.000000 0.000000
vt -0.045000 0.002618 0.000000
vt -0.185000 -0.007854 0.000000
vt -0.110000 -0.007854 0.000000
vt -0.183049 -0.005890 0.000000
vt -0.147500 -0.005236 0.000000
vt -0.181173 -0.003927 0.000000
vt -0.147500 -0.002618 0.000000
vt -0.179444 -0.001963 0.000000
vt -0.147500 -0.000000 0.000000
vt -0.177929 -0.000000 0.000000
vt -0.176685 0.001963 0.000000
vt -0.147500 0.002618 0.000000
vt -0.175761 0.003927 0.000000
vt -0.147500 0.005236 0.000000
vt -0.175192 0.005890 0.000000
vt -0.175048 0.006872 0.000000
vt -0.119952 0.006872 0.000000
vt -0.175000 0.007854 0.000000
vt -0.120000 0.007854 0.000000
vt -0.111951 -0.005890 0.000000
vt -0.113827 -0.003927 0.000000
vt -0.115556 -0.001963 0.000000
vt -0.117071 -0.000000 0.000000
vt -0.118315 0.001963 0.000000
vt -0.119239 0.003927 0.000000
vt -0.119808 0.005890 0.000000
vt -0.152500 -0.007854 0.000000
vt -0.087500 -0.007854 0.000000
vt -0.154451 -0.005890 0.000000
vt -0.120000 -0.005236 0.000000
vt -0.156327 -0.003927 0.000000
vt -0.120000 -0.002618 0.000000
vt -0.158056 -0.001963 0.000000
vt -0.120000 -0.000000 0.000000
vt -0.159571 -0.000000 0.000000
vt -0.160815 0.001963 0.000000
vt -0.120000 0.002618 0.000000
vt -0.161739 0.003927 0.000000
vt -0.120000 0.005236 0.000000
vt -0.162308 0.005890 0.000000
vt -0.162452 0.006872 0.000000
vt -0.162500 0.007854 0.000000
vt -0.077548 0.006872 0.000000
vt -0.077500 0.007854 0.000000
vt -0.085549 -0.005890 0.000000
vt -0.083673 -0.003927 0.000000
vt -0.081944 -0.001963 0.000000
vt -0.080429 -0.000000 0.000000
vt -0.079185 0.001963 0.000000
vt -0.078261 0.003927 0.000000
vt -0.077692 0.005890 0.000000
vt -0.322500 -0.007854 0.000000
vt -0.188500 -0.007854 0.000000
vt -0.324451 -0.005890 0.000000
vt -0.281167 -0.005236 0.000000
vt -0.326327 -0.003927 0.000000
vt -0.281167 -0.002618 0.000000
vt -0.328056 -0.001963 0.000000
vt -0.281167 -0.000000 0.000000
vt -0.329571 0.000000 0.000000
vt -0.330815 0.001963 0.000000
vt -0.281167 0.002618 0.000000
vt -0.331739 0.003927 0.000000
vt -0.281167 0.005236 0.000000
vt -0.332308 0.005890 0.000000
vt -0.332452 0.006872 0.000000
vt -0.332500 0.007854 0.000000
vt -0.229833 0.005236 0.000000
vt -0.178548 0.006872 0.000000
vt -0.178692 0.005890 0.000000
vt -0.179261 0.003927 0.000000
vt -0.229833 0.002618 0.000000
vt -0.180185 0.001963 0.000000
vt -0.229833 -0.000000 0.000000
vt -0.181429 -0.000000 0.000000
vt -0.182944 -0.001963 0.000000
vt -0.229833 -0.002618 0.000000
vt -0.184673 -0.003927 0.000000
vt -0.229833 -0.005236 0.000000
vt -0.186549 -0.005890 0.000000
vt -0.178500 0.007854 0.000000
vt 0.045000 -0.007854 0.000000
vt 0.110000 -0.007854 0.000000
vt 0.043049 -0.005890 0.000000
vt 0.077500 -0.005236 0.000000
vt 0.041173 -0.003927 0.000000
vt 0.077500 -0.002618 0.000000
vt 0.039444 -0.001963 0.000000
vt 0.077500 -0.000000 0.000000
vt 0.037929 -0.000000 0.000000
vt 0.036685 0.001963 0.000000
vt 0.077500 0.002618 0.000000
vt 0.035761 0.003927 0.000000
vt 0.077500 0.005236 0.000000
vt 0.035192 0.005890 0.000000
vt 0.035048 0.006872 0.000000
vt 0.035000 0.007854 0.000000
vt 0.119952 0.006872 0.000000
vt 0.120000 0.007854 0.000000
vt 0.111951 -0.005890 0.000000
vt 0.113827 -0.003927 0.000000
vt 0.115556 -0.001963 0.000000
vt 0.117071 -0.000000 0.000000
vt 0.118315 0.001963 0.000000
vt 0.119239 0.003927 0.000000
vt 0.119808 0.005890 0.000000
vt -0.072000 -0.007854 0.000000
vt -0.073951 -0.005890 0.000000
vt -0.112000 -0.007854 0.000000
vt -0.113951 -0.005890 0.000000
vt -0.075827 -0.003927 0.000000
vt -0.115827 -0.003927 0.000000
vt -0.077556 -0.001963 0.000000
vt -0.117556 -0.001963 0.000000
vt -0.079071 -0.000000 0.000000
vt -0.119071 -0.000000 0.000000
vt -0.080315 0.001963 0.000000
vt -0.120315 0.001963 0.000000
vt -0.081239 0.003927 0.000000
vt -0.121239 0.003927 0.000000
vt -0.081808 0.005890 0.000000
vt -0.121808 0.005890 0.000000
vt -0.081952 0.006872 0.000000
vt -0.121952 0.006872 0.000000
vt -0.082000 0.007854 0.000000
vt -0.122000 0.007854 0.000000
vt 0.082500 -0.007854 0.000000
vt 0.157500 -0.007854 0.000000
vt 0.084451 -0.005890 0.000000
vt 0.120000 -0.005236 0.000000
vt 0.086327 -0.003927 0.000000
vt 0.120000 -0.002618 0.000000
vt 0.088056 -0.001963 0.000000
vt 0.120000 -0.000000 0.000000
vt 0.089571 -0.000000 0.000000
vt 0.090815 0.001963 0.000000
vt 0.120000 0.002618 0.000000
vt 0.091739 0.003927 0.000000
vt 0.120000 0.005236 0.000000
vt 0.092308 0.005890 0.000000
vt 0.092452 0.006872 0.000000
vt 0.147548 0.006872 0.000000
vt 0.092500 0.007854 0.000000
vt 0.147500 0.007854 0.000000
vt 0.155549 -0.005890 0.000000
vt 0.153673 -0.003927 0.000000
vt 0.151944 -0.001963 0.000000
vt 0.150429 -0.000000 0.000000
vt 0.149185 0.001963 0.000000
vt 0.148261 0.003927 0.000000
vt 0.147692 0.005890 0.000000
vt -0.077500 0.007854 0.000000
vt -0.162500 0.007854 0.000000
vt -0.077548 0.006872 0.000000
vt -0.120000 0.005236 0.000000
vt -0.077692 0.005890 0.000000
vt -0.078261 0.003927 0.000000
vt -0.120000 0.002618 0.000000
vt -0.079185 0.001963 0.000000
vt -0.120000 -0.000000 0.000000
vt -0.080429 -0.000000 0.000000
vt -0.081944 -0.001963 0.000000
vt -0.120000 -0.002618 0.000000
vt -0.083673 -0.003927 0.000000
vt -0.120000 -0.005236 0.000000
vt -0.085549 -0.005890 0.000000
vt -0.087500 -0.007854 0.000000
vt -0.154451 -0.005890 0.000000
vt -0.152500 -0.007854 0.000000
vt -0.162452 0.006872 0.000000
vt -0.162308 0.005890 0.000000
vt -0.161739 0.003927 0.000000
vt -0.160815 0.001963 0.000000
vt -0.159571 -0.000000 0.000000
vt -0.158056 -0.001963 0.000000
vt -0.156327 -0.003927 0.000000
vt -0.018000 -0.007854 0.000000
vt 0.182000 -0.007854 0.000000
vt -0.016049 -0.005890 0.000000
vt 0.032000 -0.005236 0.000000
vt -0.014173 -0.003927 0.000000
vt 0.032000 -0.002618 0.000000
vt -0.012444 -0.001963 0.000000
vt 0.032000 -0.000000 0.000000
vt -0.010929 -0.000000 0.000000
vt -0.009685 0.001963 0.000000
vt 0.032000 0.002618 0.000000
vt -0.008761 0.003927 0.000000
vt 0.032000 0.005236 0.000000
vt -0.008192 0.005890 0.000000
vt -0.008048 0.006872 0.000000
vt -0.008000 0.007854 0.000000
vt 0.082000 0.005236 0.000000
vt 0.172048 0.006872 0.000000
vt 0.132000 0.005236 0.000000
vt 0.172192 0.005890 0.000000
vt 0.172761 0.003927 0.000000
vt 0.132000 0.002618 0.000000
vt 0.173685 0.001963 0.000000
vt 0.132000 -0.000000 0.000000
vt 0.174929 -0.000000 0.000000
vt 0.176444 -0.001963 0.000000
vt 0.132000 -0.002618 0.000000
vt 0.178173 -0.003927 0.000000
vt 0.132000 -0.005236 0.000000
vt 0.180049 -0.005890 0.000000
vt 0.082000 -0.005236 0.000000
vt 0.172000 0.007854 0.000000
vt 0.082000 -0.002618 0.000000
vt 0.082000 -0.000000 0.000000
vt 0.082000 0.002618 0.000000
vt -0.185000 -0.007854 0.000000
vt -0.110000 -0.007854 0.000000
vt -0.183049 -0.005890 0.000000
vt -0.147500 -0.005236 0.000000
vt -0.181173 -0.003927 0.000000
vt -0.147500 -0.002618 0.000000
vt -0.179444 -0.001963 0.000000
vt -0.147500 -0.000000 0.000000
vt -0.177929 -0.000000 0.000000
vt -0.176685 0.001963 0.000000
vt -0.147500 0.002618 0.000000
vt -0.175761 0.003927 0.000000
vt -0.147500 0.005236 0.000000
vt -0.175192 0.005890 0.000000
vt -0.175048 0.006872 0.000000
vt -0.119952 0.006872 0.000000
vt -0.175000 0.007854 0.000000
vt -0.120000 0.007854 0.000000
vt -0.111951 -0.005890 0.000000
vt -0.113827 -0.003927 0.000000
vt -0.115556 -0.001963 0.000000
vt -0.117071 -0.000000 0.000000
vt -0.118315 0.001963 0.000000
vt -0.119239 0.003927 0.000000
vt -0.119808 0.005890 0.000000
vt -0.152500 -0.007854 0.000000
vt -0.087500 -0.007854 0.000000
vt -0.154451 -0.005890 0.000000
vt -0.120000 -0.005236 0.000000
vt -0.156327 -0.003927 0.000000
vt -0.120000 -0.002618 0.000000
vt -0.158056 -0.001963 0.000000
vt -0.120000 -0.000000 0.000000
vt -0.159571 0.000000 0.000000
vt -0.160815 0.001963 0.000000
vt -0.120000 0.002618 0.000000
vt -0.161739 0.003927 0.000000
vt -0.120000 0.005236 0.000000
vt -0.162308 0.005890 0.000000
vt -0.162452 0.006872 0.000000
vt -0.162500 0.007854 0.000000
vt -0.077548 0.006872 0.000000
vt -0.077500 0.007854 0.000000
vt -0.085549 -0.005890 0.000000
vt -0.083673 -0.003927 0.000000
vt -0.081944 -0.001963 0.000000
vt -0.080429 -0.000000 0.000000
vt -0.079185 0.001963 0.000000
vt -0.078261 0.003927 0.000000
vt -0.077692 0.005890 0.000000
vt -0.068500 -0.007854 0.000000
vt 0.065500 -0.007854 0.000000
vt -0.070451 -0.005890 0.000000
vt -0.027167 -0.005236 0.000000
vt -0.072327 -0.003927 0.000000
vt -0.027167 -0.002618 0.000000
vt -0.074056 -0.001963 0.000000
vt -0.027167 -0.000000 0.000000
vt -0.075571 -0.000000 0.000000
vt -0.076815 0.001963 0.000000
vt -0.027167 0.002618 0.000000
vt -0.077739 0.003927 0.000000
vt -0.027167 0.005236 0.000000
vt -0.078308 0.005890 0.000000
vt -0.078452 0.006872 0.000000
vt -0.078500 0.007854 0.000000
vt 0.024167 0.005236 0.000000
vt 0.075452 0.006872 0.000000
vt 0.075308 0.005890 0.000000
vt 0.074739 0.003927 0.000000
vt 0.024167 0.002618 0.000000
vt 0.073815 0.001963 0.000000
vt 0.024167 -0.000000 0.000000
vt 0.072571 -0.000000 0.000000
vt 0.071056 -0.001963 0.000000
vt 0.024167 -0.002618 0.000000
vt 0.069327 -0.003927 0.000000
vt 0.024167 -0.005236 0.000000
vt 0.067451 -0.005890 0.000000
vt 0.075500 0.007854 0.000000
vt 0.045000 -0.007854 0.000000
vt 0.110000 -0.007854 0.000000
vt 0.043049 -0.005890 0.000000
vt 0.077500 -0.005236 0.000000
vt 0.041173 -0.003927 0.000000
vt 0.077500 -0.002618 0.000000
vt 0.039444 -0.001963 0.000000
vt 0.077500 0.000000 0.000000
vt 0.037929 0.000000 0.000000
vt 0.036685 0.001963 0.000000
vt 0.077500 0.002618 0.000000
vt 0.035761 0.003927 0.000000
vt 0.077500 0.005236 0.000000
vt 0.035192 0.005890 0.000000
vt 0.035048 0.006872 0.000000
vt 0.035000 0.007854 0.000000
vt 0.119952 0.006872 0.000000
vt 0.120000 0.007854 0.000000
vt 0.111951 -0.005890 0.000000
vt 0.113827 -0.003927 0.000000
vt 0.115556 -0.001963 0.000000
vt 0.117071 0.000000 0.000000
vt 0.118315 0.001963 0.000000
vt 0.119239 0.003927 0.000000
vt 0.119808 0.005890 0.000000
vt -0.249000 0.007854 0.000000
vt -0.248952 0.006872 0.000000
vt -0.209000 0.007854 0.000000
vt -0.208952 0.006872 0.000000
vt -0.248808 0.005890 0.000000
vt -0.208808 0.005890 0.000000
vt -0.248239 0.003927 0.000000
vt -0.208239 0.003927 0.000000
vt -0.247315 0.001963 0.000000
vt -0.207315 0.001963 0.000000
vt -0.246071 -0.000000 0.000000
vt -0.206071 -0.000000 0.000000
vt -0.244556 -0.001963 0.000000
vt -0.204556 -0.001963 0.000000
vt -0.242827 -0.003927 0.000000
vt -0.202827 -0.003927 0.000000
vt -0.240951 -0.005890 0.000000
vt -0.200951 -0.005890 0.000000
vt -0.239000 -0.007854 0.000000
vt -0.199000 -0.007854 0.000000
vt 0.147500 0.007854 0.000000
vt 0.092500 0.007854 0.000000
vt 0.147548 0.006872 0.000000
vt 0.092452 0.006872 0.000000
vt 0.120000 0.005236 0.000000
vt 0.092308 0.005890 0.000000
vt 0.091739 0.003927 0.000000
vt 0.120000 0.002618 0.000000
vt 0.090815 0.001963 0.000000
vt 0.120000 -0.000000 0.000000
vt 0.089571 -0.000000 0.000000
vt 0.088056 -0.001963 0.000000
vt 0.120000 -0.002618 0.000000
vt 0.086327 -0.003927 0.000000
vt 0.120000 -0.005236 0.000000
vt 0.084451 -0.005890 0.000000
vt 0.157500 -0.007854 0.000000
vt 0.082500 -0.007854 0.000000
vt 0.155549 -0.005890 0.000000
vt 0.153673 -0.003927 0.000000
vt 0.151944 -0.001963 0.000000
vt 0.150429 -0.000000 0.000000
vt 0.149185 0.001963 0.000000
vt 0.148261 0.003927 0.000000
vt 0.147692 0.005890 0.000000
vt 0.299000 0.007854 0.000000
vt 0.119000 0.007854 0.000000
vt 0.299048 0.006872 0.000000
vt 0.209000 0.005236 0.000000
vt 0.259000 0.005236 0.000000
vt 0.259000 0.002618 0.000000
vt 0.299761 0.003927 0.000000
vt 0.300685 0.001963 0.000000
vt 0.259000 -0.000000 0.000000
vt 0.301929 -0.000000 0.000000
vt 0.303444 -0.001963 0.000000
vt 0.259000 -0.002618 0.000000
vt 0.305173 -0.003927 0.000000
vt 0.259000 -0.005236 0.000000
vt 0.307049 -0.005890 0.000000
vt 0.309000 -0.007854 0.000000
vt 0.209000 -0.005236 0.000000
vt 0.159000 -0.005236 0.000000
vt 0.159000 -0.002618 0.000000
vt 0.112827 -0.003927 0.000000
vt 0.114556 -0.001963 0.000000
vt 0.159000 -0.000000 0.000000
vt 0.116071 -0.000000 0.000000
vt 0.117315 0.001963 0.000000
vt 0.159000 0.002618 0.000000
vt 0.118239 0.003927 0.000000
vt 0.159000 0.005236 0.000000
vt 0.118808 0.005890 0.000000
vt 0.118952 0.006872 0.000000
vt 0.110951 -0.005890 0.000000
vt 0.109000 -0.007854 0.000000
vt 0.299192 0.005890 0.000000
vt 0.209000 0.002618 0.000000
vt 0.209000 -0.000000 0.000000
vt 0.209000 -0.002618 0.000000
vt -0.202000 -0.007854 0.000000
vt -0.162000 -0.007854 0.000000
vt -0.200049 -0.005890 0.000000
vt -0.160049 -0.005890 0.000000
vt -0.198173 -0.003927 0.000000
vt -0.158173 -0.003927 0.000000
vt -0.196444 -0.001963 0.000000
vt -0.156444 -0.001963 0.000000
vt -0.194929 -0.000000 0.000000
vt -0.154929 -0.000000 0.000000
vt -0.193685 0.001963 0.000000
vt -0.153685 0.001963 0.000000
vt -0.192761 0.003927 0.000000
vt -0.152761 0.003927 0.000000
vt -0.192192 0.005890 0.000000
vt -0.152192 0.005890 0.000000
vt -0.192048 0.006872 0.000000
vt -0.152048 0.006872 0.000000
vt -0.192000 0.007854 0.000000
vt -0.152000 0.007854 0.000000
vt -0.120000 0.007854 0.000000
vt -0.175000 0.007854 0.000000
vt -0.119952 0.006872 0.000000
vt -0.175048 0.006872 0.000000
vt -0.147500 0.005236 0.000000
vt -0.175192 0.005890 0.000000
vt -0.175761 0.003927 0.000000
vt -0.147500 0.002618 0.000000
vt -0.176685 0.001963 0.000000
vt -0.147500 0.000000 0.000000
vt -0.177929 0.000000 0.000000
vt -0.179444 -0.001963 0.000000
vt -0.147500 -0.002618 0.000000
vt -0.181173 -0.003927 0.000000
vt -0.147500 -0.005236 0.000000
vt -0.183049 -0.005890 0.000000
vt -0.110000 -0.007854 0.000000
vt -0.185000 -0.007854 0.000000
vt -0.111951 -0.005890 0.000000
vt -0.113827 -0.003927 0.000000
vt -0.115556 -0.001963 0.000000
vt -0.117071 0.000000 0.000000
vt -0.118315 0.001963 0.000000
vt -0.119239 0.003927 0.000000
vt -0.119808 0.005890 0.000000
vt -0.279000 0.007854 0.000000
vt -0.319000 0.007854 0.000000
vt -0.279048 0.006872 0.000000
vt -0.319048 0.006872 0.000000
vt -0.279192 0.005890 0.000000
vt -0.319192 0.005890 0.000000
vt -0.279761 0.003927 0.000000
vt -0.319761 0.003927 0.000000
vt -0.280685 0.001963 0.000000
vt -0.320685 0.001963 0.000000
vt -0.281929 -0.000000 0.000000
vt -0.321929 -0.000000 0.000000
vt -0.283444 -0.001963 0.000000
vt -0.323444 -0.001963 0.000000
vt -0.285173 -0.003927 0.000000
vt -0.325173 -0.003927 0.000000
vt -0.287049 -0.005890 0.000000
vt -0.327049 -0.005890 0.000000
vt -0.289000 -0.007854 0.000000
vt -0.329000 -0.007854 0.000000
vt 0.382500 0.007854 0.000000
vt 0.175500 0.007854 0.000000
vt 0.382548 0.006872 0.000000
vt 0.284000 0.005236 0.000000
vt 0.338250 0.005236 0.000000
vt 0.338250 0.002618 0.000000
vt 0.383261 0.003927 0.000000
vt 0.384185 0.001963 0.000000
vt 0.338250 -0.000000 0.000000
vt 0.385429 -0.000000 0.000000
vt 0.386944 -0.001963 0.000000
vt 0.338250 -0.002618 0.000000
vt 0.388673 -0.003927 0.000000
vt 0.338250 -0.005236 0.000000
vt 0.390549 -0.005890 0.000000
vt 0.392500 -0.007854 0.000000
vt 0.284000 -0.005236 0.000000
vt 0.229750 -0.005236 0.000000
vt 0.229750 -0.002618 0.000000
vt 0.181673 -0.003927 0.000000
vt 0.179944 -0.001963 0.000000
vt 0.229750 -0.000000 0.000000
vt 0.178429 -0.000000 0.000000
vt 0.177185 0.001963 0.000000
vt 0.229750 0.002618 0.000000
vt 0.176261 0.003927 0.000000
vt 0.229750 0.005236 0.000000
vt 0.175692 0.005890 0.000000
vt 0.175548 0.006872 0.000000
vt 0.183549 -0.005890 0.000000
vt 0.185500 -0.007854 0.000000
vt 0.382692 0.005890 0.000000
vt 0.284000 0.002618 0.000000
vt 0.284000 -0.000000 0.000000
vt 0.284000 -0.002618 0.000000
vt -0.055179 0.007854 0.000000
vt -0.172500 0.007854 0.000000
vt -0.054946 0.006981 0.000000
vt -0.090718 0.005236 0.000000
vt -0.054714 0.006109 0.000000
vt -0.054486 0.005236 0.000000
vt -0.053935 0.003600 0.000000
vt -0.090718 0.002618 0.000000
vt -0.053141 0.001963 0.000000
vt -0.090718 0.000000 0.000000
vt -0.052125 0.000327 0.000000
vt -0.050914 -0.001309 0.000000
vt -0.090718 -0.002618 0.000000
vt -0.048041 -0.004581 0.000000
vt -0.090718 -0.005236 0.000000
vt -0.044827 -0.007854 0.000000
vt -0.136609 -0.005236 0.000000
vt -0.180549 -0.005890 0.000000
vt -0.178673 -0.003927 0.000000
vt -0.136609 -0.002618 0.000000
vt -0.176944 -0.001963 0.000000
vt -0.136609 0.000000 0.000000
vt -0.175429 0.000000 0.000000
vt -0.174185 0.001963 0.000000
vt -0.136609 0.002618 0.000000
vt -0.173261 0.003927 0.000000
vt -0.136609 0.005236 0.000000
vt -0.172692 0.005890 0.000000
vt -0.172548 0.006872 0.000000
vt -0.182500 -0.007854 0.000000
vt 1.220341 0.006545 0.000000
vt -0.310341 0.006545 0.000000
vt 1.220891 0.004909 0.000000
vt 0.621071 0.003927 0.000000
vt 0.676429 0.003927 0.000000
vt 0.676429 0.001309 0.000000
vt 0.731786 0.001309 0.000000
vt 0.731786 -0.001309 0.000000
vt 0.787143 -0.001309 0.000000
vt 0.787143 -0.003927 0.000000
vt 0.842500 -0.003927 0.000000
vt 1.230000 -0.006545 0.000000
vt 0.897857 -0.003927 0.000000
vt 0.953214 -0.003927 0.000000
vt 0.897857 -0.001309 0.000000
vt 0.953214 -0.001309 0.000000
vt 0.897857 0.001309 0.000000
vt 0.953214 0.001309 0.000000
vt 0.897857 0.003927 0.000000
vt 0.953214 0.003927 0.000000
vt 1.008571 0.003927 0.000000
vt 1.063929 0.003927 0.000000
vt 1.063929 0.001309 0.000000
vt 1.119286 0.001309 0.000000
vt 1.119286 -0.001309 0.000000
vt 1.174643 -0.001309 0.000000
vt 1.174643 -0.003927 0.000000
vt 1.226786 -0.003272 0.000000
vt 1.119286 -0.003927 0.000000
vt 1.063929 -0.003927 0.000000
vt 1.063929 -0.001309 0.000000
vt 1.008571 -0.001309 0.000000
vt 1.008571 0.001309 0.000000
vt -0.310891 0.004909 0.000000
vt -0.264643 0.003927 0.000000
vt -0.209286 0.003927 0.000000
vt -0.153929 0.003927 0.000000
vt -0.153929 0.001309 0.000000
vt -0.098571 0.001309 0.000000
vt -0.098571 -0.001309 0.000000
vt -0.043214 -0.001309 0.000000
vt -0.043214 -0.003927 0.000000
vt 0.012143 -0.003927 0.000000
vt -0.320000 -0.006545 0.000000
vt 0.067500 -0.003927 0.000000
vt 0.122857 -0.003927 0.000000
vt 0.067500 -0.001309 0.000000
vt 0.122857 -0.001309 0.000000
vt 0.067500 0.001309 0.000000
vt 0.122857 0.001309 0.000000
vt 0.067500 0.003927 0.000000
vt 0.122857 0.003927 0.000000
vt 0.178214 0.003927 0.000000
vt 0.233571 0.003927 0.000000
vt 0.233571 0.001309 0.000000
vt 0.288929 0.001309 0.000000
vt 0.288929 -0.001309 0.000000
vt 0.344286 -0.001309 0.000000
vt 0.344286 -0.003927 0.000000
vt 0.399643 -0.003927 0.000000
vt 0.455000 -0.003927 0.000000
vt 0.510357 -0.003927 0.000000
vt 0.565714 -0.003927 0.000000
vt 0.510357 -0.001309 0.000000
vt 0.565714 -0.001309 0.000000
vt 0.510357 0.001309 0.000000
vt 0.565714 0.001309 0.000000
vt 0.510357 0.003927 0.000000
vt 0.565714 0.003927 0.000000
vt -0.311685 0.003272 0.000000
vt -0.264643 0.001309 0.000000
vt -0.209286 0.001309 0.000000
vt -0.209286 -0.001309 0.000000
vt -0.153929 -0.001309 0.000000
vt -0.153929 -0.003927 0.000000
vt -0.098571 -0.003927 0.000000
vt -0.312701 0.001636 0.000000
vt -0.313912 -0.000000 0.000000
vt -0.264643 -0.001309 0.000000
vt -0.316786 -0.003272 0.000000
vt -0.264643 -0.003927 0.000000
vt -0.209286 -0.003927 0.000000
vt 1.223912 -0.000000 0.000000
vt 1.174643 0.001309 0.000000
vt 1.119286 0.003927 0.000000
vt 1.222701 0.001636 0.000000
vt 1.221685 0.003272 0.000000
vt 1.174643 0.003927 0.000000
vt -0.098571 0.003927 0.000000
vt -0.043214 0.003927 0.000000
vt 0.012143 0.003927 0.000000
vt 0.012143 0.001309 0.000000
vt -0.043214 0.001309 0.000000
vt 0.178214 0.001309 0.000000
vt 0.178214 -0.001309 0.000000
vt 0.178214 -0.003927 0.000000
vt 0.288929 0.003927 0.000000
vt 0.344286 0.003927 0.000000
vt 0.399643 0.003927 0.000000
vt 0.399643 0.001309 0.000000
vt 0.455000 0.001309 0.000000
vt 0.455000 -0.001309 0.000000
vt 0.344286 0.001309 0.000000
vt 0.455000 0.003927 0.000000
vt 0.621071 0.001309 0.000000
vt 0.621071 -0.001309 0.000000
vt 0.621071 -0.003927 0.000000
vt 0.731786 0.003927 0.000000
vt 0.787143 0.003927 0.000000
vt 0.842500 0.003927 0.000000
vt 0.842500 0.001309 0.000000
vt 0.787143 0.001309 0.000000
vt 0.012143 -0.001309 0.000000
vt 0.233571 -0.001309 0.000000
vt 0.288929 -0.003927 0.000000
vt 0.399643 -0.001309 0.000000
vt 0.676429 -0.001309 0.000000
vt 0.731786 -0.003927 0.000000
vt 0.842500 -0.001309 0.000000
vt 0.233571 -0.003927 0.000000
vt 0.676429 -0.003927 0.000000
vt 1.008571 -0.003927 0.000000
vt 0.077500 0.007854 0.000000
vt -0.039821 0.007854 0.000000
vt 0.077548 0.006872 0.000000
vt 0.041609 0.005236 0.000000
vt 0.077692 0.005890 0.000000
vt 0.078261 0.003927 0.000000
vt 0.041609 0.002618 0.000000
vt 0.079185 0.001963 0.000000
vt 0.041609 -0.000000 0.000000
vt 0.080429 -0.000000 0.000000
vt 0.081944 -0.001963 0.000000
vt 0.041609 -0.002618 0.000000
vt 0.083673 -0.003927 0.000000
vt 0.041609 -0.005236 0.000000
vt 0.085549 -0.005890 0.000000
vt 0.087500 -0.007854 0.000000
vt -0.004282 -0.005236 0.000000
vt -0.050173 -0.007854 0.000000
vt -0.046959 -0.004581 0.000000
vt -0.004282 -0.002618 0.000000
vt -0.044086 -0.001309 0.000000
vt -0.004282 0.000000 0.000000
vt -0.042875 0.000327 0.000000
vt -0.041859 0.001963 0.000000
vt -0.004282 0.002618 0.000000
vt -0.041065 0.003600 0.000000
vt -0.004282 0.005236 0.000000
vt -0.040514 0.005236 0.000000
vt -0.040286 0.006109 0.000000
vt -0.040054 0.006981 0.000000
vt -0.940500 0.007854 0.000000
vt -1.147500 0.007854 0.000000
vt -0.940548 0.006872 0.000000
vt -1.049000 0.005236 0.000000
vt -0.994750 0.005236 0.000000
vt -0.994750 0.002618 0.000000
vt -0.941261 0.003927 0.000000
vt -0.942185 0.001963 0.000000
vt -0.994750 -0.000000 0.000000
vt -0.943429 -0.000000 0.000000
vt -0.944944 -0.001963 0.000000
vt -0.994750 -0.002618 0.000000
vt -0.946673 -0.003927 0.000000
vt -0.994750 -0.005236 0.000000
vt -0.948549 -0.005890 0.000000
vt -0.950500 -0.007854 0.000000
vt -1.049000 -0.005236 0.000000
vt -1.103250 -0.005236 0.000000
vt -1.103250 -0.002618 0.000000
vt -1.153673 -0.003927 0.000000
vt -1.151944 -0.001963 0.000000
vt -1.103250 -0.000000 0.000000
vt -1.150429 -0.000000 0.000000
vt -1.149185 0.001963 0.000000
vt -1.103250 0.002618 0.000000
vt -1.148261 0.003927 0.000000
vt -1.103250 0.005236 0.000000
vt -1.147692 0.005890 0.000000
vt -1.147548 0.006872 0.000000
vt -1.155549 -0.005890 0.000000
vt -1.157500 -0.007854 0.000000
vt -0.940692 0.005890 0.000000
vt -1.049000 0.002618 0.000000
vt -1.049000 -0.000000 0.000000
vt -1.049000 -0.002618 0.000000
vt -0.075000 -0.007854 0.000000
vt -0.035000 -0.007854 0.000000
vt -0.073049 -0.005890 0.000000
vt -0.033049 -0.005890 0.000000
vt -0.071173 -0.003927 0.000000
vt -0.031173 -0.003927 0.000000
vt -0.069444 -0.001963 0.000000
vt -0.029444 -0.001963 0.000000
vt -0.067929 -0.000000 0.000000
vt -0.027929 -0.000000 0.000000
vt -0.066685 0.001963 0.000000
vt -0.026685 0.001963 0.000000
vt -0.065761 0.003927 0.000000
vt -0.025761 0.003927 0.000000
vt -0.065192 0.005890 0.000000
vt -0.025192 0.005890 0.000000
vt -0.065048 0.006872 0.000000
vt -0.025048 0.006872 0.000000
vt -0.065000 0.007854 0.000000
vt -0.025000 0.007854 0.000000
vt 0.120000 0.007854 0.000000
vt 0.035000 0.007854 0.000000
vt 0.119952 0.006872 0.000000
vt 0.077500 0.005236 0.000000
vt 0.119808 0.005890 0.000000
vt 0.119239 0.003927 0.000000
vt 0.077500 0.002618 0.000000
vt 0.118315 0.001963 0.000000
vt 0.077500 0.000000 0.000000
vt 0.117071 0.000000 0.000000
vt 0.115556 -0.001963 0.000000
vt 0.077500 -0.002618 0.000000
vt 0.113827 -0.003927 0.000000
vt 0.077500 -0.005236 0.000000
vt 0.111951 -0.005890 0.000000
vt 0.110000 -0.007854 0.000000
vt 0.043049 -0.005890 0.000000
vt 0.045000 -0.007854 0.000000
vt 0.035048 0.006872 0.000000
vt 0.035192 0.005890 0.000000
vt 0.035761 0.003927 0.000000
vt 0.036685 0.001963 0.000000
vt 0.037929 0.000000 0.000000
vt 0.039444 -0.001963 0.000000
vt 0.041173 -0.003927 0.000000
vt 0.259000 0.007854 0.000000
vt 0.259048 0.006872 0.000000
vt 0.299000 0.007854 0.000000
vt 0.299048 0.006872 0.000000
vt 0.259192 0.005890 0.000000
vt 0.299192 0.005890 0.000000
vt 0.259761 0.003927 0.000000
vt 0.299761 0.003927 0.000000
vt 0.260685 0.001963 0.000000
vt 0.300685 0.001963 0.000000
vt 0.261929 -0.000000 0.000000
vt 0.301929 -0.000000 0.000000
vt 0.263444 -0.001963 0.000000
vt 0.303444 -0.001963 0.000000
vt 0.265173 -0.003927 0.000000
vt 0.305173 -0.003927 0.000000
vt 0.267049 -0.005890 0.000000
vt 0.307049 -0.005890 0.000000
vt 0.269000 -0.007854 0.000000
vt 0.309000 -0.007854 0.000000
vt 0.147500 0.007854 0.000000
vt 0.092500 0.007854 0.000000
vt 0.147548 0.006872 0.000000
vt 0.092452 0.006872 0.000000
vt 0.120000 0.005236 0.000000
vt 0.092308 0.005890 0.000000
vt 0.091739 0.003927 0.000000
vt 0.120000 0.002618 0.000000
vt 0.090815 0.001963 0.000000
vt 0.120000 0.000000 0.000000
vt 0.089571 0.000000 0.000000
vt 0.088056 -0.001963 0.000000
vt 0.120000 -0.002618 0.000000
vt 0.086327 -0.003927 0.000000
vt 0.120000 -0.005236 0.000000
vt 0.084451 -0.005890 0.000000
vt 0.157500 -0.007854 0.000000
vt 0.082500 -0.007854 0.000000
vt 0.155549 -0.005890 0.000000
vt 0.153673 -0.003927 0.000000
vt 0.151944 -0.001963 0.000000
vt 0.150429 0.000000 0.000000
vt 0.149185 0.001963 0.000000
vt 0.148261 0.003927 0.000000
vt 0.147692 0.005890 0.000000
vt -0.209000 0.007854 0.000000
vt -0.389000 0.007854 0.000000
vt -0.208952 0.006872 0.000000
vt -0.299000 0.005236 0.000000
vt -0.249000 0.005236 0.000000
vt -0.249000 0.002618 0.000000
vt -0.208239 0.003927 0.000000
vt -0.207315 0.001963 0.000000
vt -0.249000 -0.000000 0.000000
vt -0.206071 -0.000000 0.000000
vt -0.204556 -0.001963 0.000000
vt -0.249000 -0.002618 0.000000
vt -0.202827 -0.003927 0.000000
vt -0.249000 -0.005236 0.000000
vt -0.200951 -0.005890 0.000000
vt -0.199000 -0.007854 0.000000
vt -0.299000 -0.005236 0.000000
vt -0.349000 -0.005236 0.000000
vt -0.349000 -0.002618 0.000000
vt -0.395173 -0.003927 0.000000
vt -0.393444 -0.001963 0.000000
vt -0.349000 -0.000000 0.000000
vt -0.391929 -0.000000 0.000000
vt -0.390685 0.001963 0.000000
vt -0.349000 0.002618 0.000000
vt -0.389761 0.003927 0.000000
vt -0.349000 0.005236 0.000000
vt -0.389192 0.005890 0.000000
vt -0.389048 0.006872 0.000000
vt -0.397049 -0.005890 0.000000
vt -0.399000 -0.007854 0.000000
vt -0.208808 0.005890 0.000000
vt -0.299000 0.002618 0.000000
vt -0.299000 -0.000000 0.000000
vt -0.299000 -0.002618 0.000000
vt -0.120000 0.007854 0.000000
vt -0.175000 0.007854 0.000000
vt -0.119952 0.006872 0.000000
vt -0.175048 0.006872 0.000000
vt -0.147500 0.005236 0.000000
vt -0.175192 0.005890 0.000000
vt -0.175761 0.003927 0.000000
vt -0.147500 0.002618 0.000000
vt -0.176685 0.001963 0.000000
vt -0.147500 -0.000000 0.000000
vt -0.177929 -0.000000 0.000000
vt -0.179444 -0.001963 0.000000
vt -0.147500 -0.002618 0.000000
vt -0.181173 -0.003927 0.000000
vt -0.147500 -0.005236 0.000000
vt -0.183049 -0.005890 0.000000
vt -0.110000 -0.007854 0.000000
vt -0.185000 -0.007854 0.000000
vt -0.111951 -0.005890 0.000000
vt -0.113827 -0.003927 0.000000
vt -0.115556 -0.001963 0.000000
vt -0.117071 -0.000000 0.000000
vt -0.118315 0.001963 0.000000
vt -0.119239 0.003927 0.000000
vt -0.119808 0.005890 0.000000
vt 0.229000 0.007854 0.000000
vt 0.189000 0.007854 0.000000
vt 0.228952 0.006872 0.000000
vt 0.188952 0.006872 0.000000
vt 0.228808 0.005890 0.000000
vt 0.188808 0.005890 0.000000
vt 0.228239 0.003927 0.000000
vt 0.188239 0.003927 0.000000
vt 0.227315 0.001963 0.000000
vt 0.187315 0.001963 0.000000
vt 0.226071 -0.000000 0.000000
vt 0.186071 -0.000000 0.000000
vt 0.224556 -0.001963 0.000000
vt 0.184556 -0.001963 0.000000
vt 0.222827 -0.003927 0.000000
vt 0.182827 -0.003927 0.000000
vt 0.220951 -0.005890 0.000000
vt 0.180951 -0.005890 0.000000
vt 0.219000 -0.007854 0.000000
vt 0.179000 -0.007854 0.000000
vt -0.686500 0.007854 0.000000
vt -0.840500 0.007854 0.000000
vt -0.686548 0.006872 0.000000
vt -0.737833 0.005236 0.000000
vt -0.686692 0.005890 0.000000
vt -0.687261 0.003927 0.000000
vt -0.737833 0.002618 0.000000
vt -0.688185 0.001963 0.000000
vt -0.737833 -0.000000 0.000000
vt -0.689429 -0.000000 0.000000
vt -0.690944 -0.001963 0.000000
vt -0.737833 -0.002618 0.000000
vt -0.692673 -0.003927 0.000000
vt -0.737833 -0.005236 0.000000
vt -0.694549 -0.005890 0.000000
vt -0.696500 -0.007854 0.000000
vt -0.789167 -0.005236 0.000000
vt -0.832451 -0.005890 0.000000
vt -0.834327 -0.003927 0.000000
vt -0.789167 -0.002618 0.000000
vt -0.836056 -0.001963 0.000000
vt -0.789167 -0.000000 0.000000
vt -0.837571 -0.000000 0.000000
vt -0.838815 0.001963 0.000000
vt -0.789167 0.002618 0.000000
vt -0.839739 0.003927 0.000000
vt -0.789167 0.005236 0.000000
vt -0.840308 0.005890 0.000000
vt -0.840452 0.006872 0.000000
vt -0.830500 -0.007854 0.000000
vt 0.052000 -0.007854 0.000000
vt 0.092000 -0.007854 0.000000
vt 0.053951 -0.005890 0.000000
vt 0.093951 -0.005890 0.000000
vt 0.055827 -0.003927 0.000000
vt 0.095827 -0.003927 0.000000
vt 0.057556 -0.001963 0.000000
vt 0.097556 -0.001963 0.000000
vt 0.059071 -0.000000 0.000000
vt 0.099071 -0.000000 0.000000
vt 0.060315 0.001963 0.000000
vt 0.100315 0.001963 0.000000
vt 0.061239 0.003927 0.000000
vt 0.101239 0.003927 0.000000
vt 0.061808 0.005890 0.000000
vt 0.101808 0.005890 0.000000
vt 0.061952 0.006872 0.000000
vt 0.101952 0.006872 0.000000
vt 0.062000 0.007854 0.000000
vt 0.102000 0.007854 0.000000
vt 0.120000 0.007854 0.000000
vt 0.035000 0.007854 0.000000
vt 0.119952 0.006872 0.000000
vt 0.077500 0.005236 0.000000
vt 0.119808 0.005890 0.000000
vt 0.119239 0.003927 0.000000
vt 0.077500 0.002618 0.000000
vt 0.118315 0.001963 0.000000
vt 0.077500 -0.000000 0.000000
vt 0.117071 -0.000000 0.000000
vt 0.115556 -0.001963 0.000000
vt 0.077500 -0.002618 0.000000
vt 0.113827 -0.003927 0.000000
vt 0.077500 -0.005236 0.000000
vt 0.111951 -0.005890 0.000000
vt 0.110000 -0.007854 0.000000
vt 0.043049 -0.005890 0.000000
vt 0.045000 -0.007854 0.000000
vt 0.035048 0.006872 0.000000
vt 0.035192 0.005890 0.000000
vt 0.035761 0.003927 0.000000
vt 0.036685 0.001963 0.000000
vt 0.037929 -0.000000 0.000000
vt 0.039444 -0.001963 0.000000
vt 0.041173 -0.003927 0.000000
vt 0.132000 0.007854 0.000000
vt 0.132048 0.006872 0.000000
vt 0.172000 0.007854 0.000000
vt 0.172048 0.006872 0.000000
vt 0.132192 0.005890 0.000000
vt 0.172192 0.005890 0.000000
vt 0.132761 0.003927 0.000000
vt 0.172761 0.003927 0.000000
vt 0.133685 0.001963 0.000000
vt 0.173685 0.001963 0.000000
vt 0.134929 -0.000000 0.000000
vt 0.174929 -0.000000 0.000000
vt 0.136444 -0.001963 0.000000
vt 0.176444 -0.001963 0.000000
vt 0.138173 -0.003927 0.000000
vt 0.178173 -0.003927 0.000000
vt 0.140049 -0.005890 0.000000
vt 0.180049 -0.005890 0.000000
vt 0.142000 -0.007854 0.000000
vt 0.182000 -0.007854 0.000000
vt -0.085000 0.010000 0.000000
vt -0.000000 0.010000 0.000000
vt -0.085000 0.487000 0.000000
vt -0.000000 0.487000 0.000000
vt -0.040000 0.010000 0.000000
vt -0.000000 0.010000 0.000000
vt -0.040000 0.487000 0.000000
vt -0.000000 0.487000 0.000000
vt -0.055000 0.010000 0.000000
vt -0.000000 0.010000 0.000000
vt -0.055000 0.487000 0.000000
vt -0.000000 0.487000 0.000000
vt -0.180000 0.010000 0.000000
vt -0.000000 0.010000 0.000000
vt -0.180000 0.487000 0.000000
vt -0.000000 0.487000 0.000000
vt -0.055000 0.010000 0.000000
vt -0.000000 0.010000 0.000000
vt -0.055000 0.487000 0.000000
vt -0.000000 0.487000 0.000000
vt -0.040000 0.010000 0.000000
vt -0.000000 0.010000 0.000000
vt -0.040000 0.487000 0.000000
vt -0.000000 0.487000 0.000000
vt -0.085000 0.010000 0.000000
vt 0.000000 0.010000 0.000000
vt -0.085000 0.487000 0.000000
vt -0.000000 0.487000 0.000000
vt 0.969000 0.477000 0.000000
vt 0.815000 0.477000 0.000000
vt 0.969000 0.000000 0.000000
vt 0.815000 0.000000 0.000000
vt -0.085000 0.010000 0.000000
vt -0.000000 0.010000 0.000000
vt -0.085000 0.487000 0.000000
vt -0.000000 0.487000 0.000000
vt -0.040000 0.010000 0.000000
vt -0.000000 0.010000 0.000000
vt -0.040000 0.487000 0.000000
vt -0.000000 0.487000 0.000000
vt -0.055000 0.010000 0.000000
vt -0.000000 0.010000 0.000000
vt -0.055000 0.487000 0.000000
vt -0.000000 0.487000 0.000000
vt -0.180000 0.010000 0.000000
vt -0.000000 0.010000 0.000000
vt -0.180000 0.487000 0.000000
vt -0.000000 0.487000 0.000000
vt -0.055000 0.010000 0.000000
vt -0.000000 0.010000 0.000000
vt -0.055000 0.487000 0.000000
vt -0.000000 0.487000 0.000000
vt -0.040000 0.010000 0.000000
vt -0.000000 0.010000 0.000000
vt -0.040000 0.487000 0.000000
vt -0.000000 0.487000 0.000000
vt -0.085000 0.010000 0.000000
vt 0.000000 0.010000 0.000000
vt -0.085000 0.487000 0.000000
vt -0.000000 0.487000 0.000000
vt 0.715000 0.477000 0.000000
vt 0.561000 0.477000 0.000000
vt 0.715000 0.000000 0.000000
vt 0.561000 0.000000 0.000000
vt -0.085000 0.010000 0.000000
vt -0.000000 0.010000 0.000000
vt -0.085000 0.487000 0.000000
vt -0.000000 0.487000 0.000000
vt -0.040000 0.010000 0.000000
vt -0.000000 0.010000 0.000000
vt -0.040000 0.487000 0.000000
vt -0.000000 0.487000 0.000000
vt -0.055000 0.010000 0.000000
vt -0.000000 0.010000 0.000000
vt -0.055000 0.487000 0.000000
vt -0.000000 0.487000 0.000000
vt -0.180000 0.010000 0.000000
vt -0.000000 0.010000 0.000000
vt -0.180000 0.487000 0.000000
vt -0.000000 0.487000 0.000000
vt -0.055000 0.010000 0.000000
vt -0.000000 0.010000 0.000000
vt -0.055000 0.487000 0.000000
vt -0.000000 0.487000 0.000000
vt -0.040000 0.010000 0.000000
vt -0.000000 0.010000 0.000000
vt -0.040000 0.487000 0.000000
vt -0.000000 0.487000 0.000000
vt -0.085000 0.010000 0.000000
vt -0.000000 0.010000 0.000000
vt -0.085000 0.487000 0.000000
vt -0.000000 0.487000 0.000000
vt -0.190000 -0.075000 0.000000
vt 0.190000 -0.075000 0.000000
vt -0.190000 0.065000 0.000000
vt 0.190000 0.065000 0.000000
vt -0.085000 0.010000 0.000000
vt -0.000000 0.010000 0.000000
vt -0.085000 0.487000 0.000000
vt -0.000000 0.487000 0.000000
vt -0.085000 0.010000 0.000000
vt -0.000000 0.010000 0.000000
vt -0.085000 0.487000 0.000000
vt -0.000000 0.487000 0.000000
vt -0.040000 0.010000 0.000000
vt -0.000000 0.010000 0.000000
vt -0.040000 0.487000 0.000000
vt -0.000000 0.487000 0.000000
vt -0.055000 0.010000 0.000000
vt -0.000000 0.010000 0.000000
vt -0.055000 0.487000 0.000000
vt -0.000000 0.487000 0.000000
vt -0.180000 0.010000 0.000000
vt -0.000000 0.010000 0.000000
vt -0.180000 0.487000 0.000000
vt -0.000000 0.487000 0.000000
vt -0.055000 0.010000 0.000000
vt -0.000000 0.010000 0.000000
vt -0.055000 0.487000 0.000000
vt -0.000000 0.487000 0.000000
vt -0.040000 0.010000 0.000000
vt -0.000000 0.010000 0.000000
vt -0.040000 0.487000 0.000000
vt -0.000000 0.487000 0.000000
vt -0.085000 0.010000 0.000000
vt 0.000000 0.010000 0.000000
vt -0.085000 0.487000 0.000000
vt -0.000000 0.487000 0.000000
vt -0.085000 0.010000 0.000000
vt -0.000000 0.010000 0.000000
vt -0.085000 0.487000 0.000000
vt -0.000000 0.487000 0.000000
vt -0.040000 0.010000 0.000000
vt -0.000000 0.010000 0.000000
vt -0.040000 0.487000 0.000000
vt -0.000000 0.487000 0.000000
vt -0.055000 0.010000 0.000000
vt -0.000000 0.010000 0.000000
vt -0.055000 0.487000 0.000000
vt -0.000000 0.487000 0.000000
vt -0.180000 0.010000 0.000000
vt -0.000000 0.010000 0.000000
vt -0.180000 0.487000 0.000000
vt -0.000000 0.487000 0.000000
vt -0.055000 0.010000 0.000000
vt -0.000000 0.010000 0.000000
vt -0.055000 0.487000 0.000000
vt -0.000000 0.487000 0.000000
vt -0.040000 0.010000 0.000000
vt -0.000000 0.010000 0.000000
vt -0.040000 0.487000 0.000000
vt -0.000000 0.487000 0.000000
vt 0.207000 0.477000 0.000000
vt 0.000000 0.477000 0.000000
vt 0.207000 0.000000 0.000000
vt 0.000000 0.000000 0.000000
vt 0.461000 0.477000 0.000000
vt 0.307000 0.477000 0.000000
vt 0.461000 0.000000 0.000000
vt 0.307000 0.000000 0.000000
vt 1.223000 0.477000 0.000000
vt 1.069000 0.477000 0.000000
vt 1.223000 0.000000 0.000000
vt 1.069000 0.000000 0.000000
vt 1.530000 0.477000 0.000000
vt 1.323000 0.477000 0.000000
vt 1.530000 0.000000 0.000000
vt 1.323000 0.000000 0.000000
vt 0.117321 0.477000 0.000000
vt 0.000000 0.477000 0.000000
vt 0.081177 0.342111 0.000000
vt 0.000000 0.000000 0.000000
vt 0.081177 0.000000 0.000000
vt 0.072679 0.477000 0.000000
vt 0.108823 0.342111 0.000000
vt 0.190000 0.477000 0.000000
vt 0.190000 0.000000 0.000000
vt 0.108823 0.000000 0.000000
vt 0.010000 0.840000 0.000000
vt 0.010000 0.633000 0.000000
vt 0.091177 0.840000 0.000000
vt 0.010000 0.533000 0.000000
vt 0.010000 0.379000 0.000000
vt -0.075000 0.633000 0.000000
vt -0.075000 0.533000 0.000000
vt -0.130000 0.493000 0.000000
vt -0.075000 0.493000 0.000000
vt -0.075000 0.673000 0.000000
vt -0.130000 0.673000 0.000000
vt 0.010000 0.279000 0.000000
vt -0.075000 0.379000 0.000000
vt -0.075000 0.279000 0.000000
vt -0.130000 0.239000 0.000000
vt -0.075000 0.239000 0.000000
vt -0.075000 0.419000 0.000000
vt -0.130000 0.419000 0.000000
vt 0.010000 0.125000 0.000000
vt 0.091177 -0.690000 0.000000
vt 0.010000 0.025000 0.000000
vt 0.010000 -0.129000 0.000000
vt -0.075000 0.125000 0.000000
vt -0.075000 0.025000 0.000000
vt -0.130000 -0.015000 0.000000
vt -0.075000 -0.015000 0.000000
vt -0.075000 0.165000 0.000000
vt -0.130000 0.165000 0.000000
vt 0.010000 -0.229000 0.000000
vt -0.075000 -0.129000 0.000000
vt -0.075000 -0.229000 0.000000
vt -0.130000 -0.269000 0.000000
vt -0.075000 -0.269000 0.000000
vt -0.075000 -0.089000 0.000000
vt -0.130000 -0.089000 0.000000
vt 0.010000 -0.383000 0.000000
vt 0.010000 -0.483000 0.000000
vt 0.010000 -0.690000 0.000000
vt -0.075000 -0.383000 0.000000
vt -0.075000 -0.483000 0.000000
vt -0.130000 -0.523000 0.000000
vt -0.075000 -0.523000 0.000000
vt -0.075000 -0.343000 0.000000
vt -0.130000 -0.343000 0.000000
vt 0.142327 1.675341 0.000000
vt 0.141445 1.675152 0.000000
vt 0.142327 0.144659 0.000000
vt 0.141445 0.144848 0.000000
vt 0.140550 1.675038 0.000000
vt 0.140550 0.144962 0.000000
vt 0.139647 1.675000 0.000000
vt 0.139647 0.145000 0.000000
vt 0.000000 1.675000 0.000000
vt 0.000000 0.145000 0.000000
vt 0.342111 1.675000 0.000000
vt 0.000000 1.675000 0.000000
vt 0.342111 0.145000 0.000000
vt 0.000000 0.145000 0.000000
vn -0.000000 -0.000000 0.100000
vn -0.000000 -0.000000 0.100000
vn 0.002594 -0.000000 0.099966
vn 0.012451 -0.000000 0.099222
vn 0.021730 -0.000000 0.097610
vn 0.018586 -0.000000 0.098258
vn 0.020446 -0.000000 0.097888
vn 0.020352 -0.000000 0.097907
vn 0.019706 -0.000000 0.098039
vn 0.019699 -0.000000 0.098041
vn 0.019699 -0.000000 0.098041
vn 0.020183 -0.000000 0.097942
vn 0.019728 -0.000000 0.098035
vn 0.019851 -0.000000 0.098010
vn 0.051535 -0.000000 0.085698
vn 0.025882 -0.000000 0.096593
vn 0.050000 -0.000000 0.086603
vn 0.065409 -0.000000 0.075642
vn 0.070711 -0.000000 0.070711
vn 0.077362 -0.000000 0.063364
vn 0.086603 -0.000000 0.050000
vn 0.087044 -0.000000 0.049227
vn 0.094171 -0.000000 0.033643
vn 0.096593 -0.000000 0.025882
vn 0.098532 -0.000000 0.017072
vn 0.100000 0.000000 0.000000
vn 0.100000 0.000000 0.000000
vn 0.099534 -0.000000 0.009640
vn 0.098141 -0.000000 0.019191
vn 0.092634 -0.000000 0.037668
vn 0.083684 -0.000000 0.054746
vn 0.071622 -0.000000 0.069788
vn 0.056898 -0.000000 0.082235
vn 0.040059 -0.000000 0.091626
vn -0.051535 -0.000000 0.085698
vn -0.019699 -0.000000 0.098041
vn -0.041418 -0.000000 0.091020
vn -0.019699 -0.000000 0.098041
vn -0.036147 -0.000000 0.093238
vn -0.051535 -0.000000 0.085698
vn -0.060978 -0.000000 0.079257
vn -0.065409 -0.000000 0.075642
vn -0.077362 -0.000000 0.063365
vn -0.077362 -0.000000 0.063364
vn -0.087044 -0.000000 0.049227
vn -0.089716 -0.000000 0.044171
vn -0.094171 -0.000000 0.033643
vn -0.097395 -0.000000 0.022676
vn -0.098532 -0.000000 0.017072
vn -0.100000 0.000000 -0.000000
vn -0.098532 -0.000000 0.017072
vn -0.100000 0.000000 -0.000000
vn -0.065409 -0.000000 0.075642
vn -0.077362 -0.000000 0.063365
vn -0.087045 -0.000000 0.049226
vn -0.094171 -0.000000 0.033644
vn -0.020110 0.000027 0.097957
vn -0.020114 0.000032 0.097956
vn -0.036211 0.000049 0.093213
vn -0.037144 0.000072 0.092846
vn -0.051220 0.000069 0.085886
vn -0.052952 0.000102 0.084830
vn -0.065182 0.000088 0.075838
vn -0.070711 0.000136 0.070711
vn -0.077593 0.000104 0.063082
vn -0.080140 0.000154 0.059812
vn -0.087200 0.000117 0.048950
vn -0.087659 0.000169 0.048124
vn -0.093401 0.000180 0.035723
vn -0.093396 0.001022 0.035723
vn -0.097410 0.001066 0.022586
vn -0.097379 0.002696 0.022586
vn -0.099991 0.001352 0.000000
vn -0.099959 0.002879 0.000000
vn -0.097295 0.002803 0.022933
vn -0.093366 0.002584 0.035723
vn -0.089867 0.002589 0.043786
vn -0.087625 0.002426 0.048124
vn -0.077805 0.002241 0.062780
vn -0.080110 0.002218 0.059813
vn -0.070684 0.001957 0.070711
vn -0.070707 0.000774 0.070711
vn -0.052948 0.000579 0.084830
vn -0.020126 0.000071 0.097954
vn -0.037142 0.000406 0.092846
vn -0.052931 0.001465 0.084830
vn -0.061035 0.001758 0.079194
vn -0.020258 0.000293 0.097926
vn -0.037130 0.001028 0.092846
vn -0.041874 0.001206 0.090803
vn -0.020571 0.000549 0.097860
vn -0.020748 0.000593 0.097822
vn -0.020842 0.000600 0.097802
vn -0.100000 0.000134 0.000000
vn -0.098458 0.000132 0.017495
vn -0.097416 0.000188 0.022586
vn -0.094122 0.000126 0.033779
vn -0.080136 0.000877 0.059812
vn -0.087654 0.000959 0.048124
vn -0.041978 0.001209 0.090755
vn -0.020437 0.000589 0.097888
vn -0.034824 -0.008185 0.093383
vn -0.017729 -0.005578 0.098258
vn -0.031555 -0.016852 0.093383
vn -0.010173 -0.007180 0.099222
vn -0.022361 -0.017174 0.095943
vn -0.032240 -0.027806 0.090484
vn -0.050302 -0.026864 0.082146
vn -0.055513 -0.013049 0.082146
vn -0.061355 0.001767 0.078946
vn -0.072994 -0.017158 0.066162
vn -0.077571 0.002234 0.063069
vn -0.086257 -0.020275 0.046354
vn -0.089791 0.002586 0.043943
vn -0.094534 -0.022221 0.023867
vn -0.097383 0.002805 0.022552
vn -0.097347 -0.022882 0.000002
vn -0.041718 -0.038879 0.082146
vn -0.040435 -0.048154 0.077757
vn -0.054855 -0.051122 0.066162
vn -0.039891 -0.063492 0.066162
vn -0.047139 -0.075028 0.046354
vn -0.003630 -0.082160 0.056890
vn -0.026295 -0.084616 0.046354
vn -0.003811 -0.089792 0.043851
vn -0.003987 -0.095371 0.029808
vn -0.028818 -0.092736 0.023867
vn -0.004114 -0.098771 0.015079
vn -0.029675 -0.095495 0.000002
vn -0.051662 -0.082228 0.023867
vn -0.053199 -0.084675 0.000002
vn -0.071042 -0.066207 0.023867
vn -0.073156 -0.068177 0.000002
vn -0.085660 -0.045747 0.023867
vn -0.088209 -0.047109 0.000002
vn -0.066142 -0.035324 0.066162
vn -0.078160 -0.041742 0.046354
vn -0.064822 -0.060410 0.046354
vn -0.021895 -0.013802 0.096593
vn -0.012057 -0.003109 0.099222
vn -0.024584 -0.008093 0.096593
vn -0.027564 -0.005933 0.095943
vn -0.047493 -0.015635 0.086603
vn -0.042062 -0.006583 0.090484
vn -0.062878 0.000337 0.077757
vn -0.070519 -0.005199 0.070711
vn -0.069681 0.012021 0.070711
vn -0.085117 -0.005325 0.052218
vn -0.085355 0.002381 0.052046
vn -0.017904 -0.018690 0.096593
vn 0.000000 0.000000 0.100000
vn 0.000000 0.000000 0.100000
vn 0.000000 0.000000 0.100000
vn -0.000349 -0.000590 0.099998
vn -0.012848 -0.022468 0.096593
vn -0.004078 -0.013299 0.099028
vn -0.007029 -0.024909 0.096593
vn -0.000792 -0.025870 0.096593
vn -0.001530 -0.049977 0.086603
vn 0.009908 -0.028900 0.095219
vn 0.010610 -0.048861 0.086603
vn 0.022120 -0.044841 0.086603
vn 0.031282 -0.063415 0.070711
vn 0.035370 -0.041764 0.083695
vn 0.047561 -0.056159 0.067706
vn -0.000221 -0.024115 0.097048
vn 0.021015 -0.024814 0.094565
vn 0.038312 -0.077667 0.050000
vn 0.056845 -0.067120 0.047577
vn 0.042732 -0.086626 0.025882
vn 0.062652 -0.073977 0.024539
vn 0.064628 -0.076310 0.000002
vn -0.071631 -0.066812 0.020129
vn -0.066954 -0.063852 0.037947
vn -0.073177 -0.068137 0.001581
vn -0.073186 -0.068145 0.000002
vn -0.058086 -0.060727 0.054205
vn -0.059865 -0.062579 0.050000
vn -0.047950 -0.083850 0.025882
vn -0.066794 -0.069776 0.025882
vn -0.049642 -0.086808 0.000002
vn -0.042991 -0.075178 0.050000
vn -0.051626 -0.059693 0.061412
vn -0.045255 -0.059229 0.066662
vn -0.035102 -0.061383 0.070711
vn -0.036797 -0.058020 0.072661
vn -0.025989 -0.053422 0.080441
vn -0.045998 -0.057901 0.067318
vn -0.024821 -0.043404 0.086603
vn -0.013579 -0.048121 0.086603
vn -0.019204 -0.068053 0.070711
vn -0.002164 -0.070678 0.070711
vn -0.002650 -0.086562 0.050000
vn 0.018377 -0.084630 0.050000
vn 0.020497 -0.094393 0.025882
vn 0.044239 -0.089682 0.000002
vn -0.048914 -0.051063 0.070711
vn -0.070162 -0.042688 0.057053
vn -0.059817 -0.037708 0.070711
vn -0.067165 -0.022111 0.070711
vn -0.080424 -0.025388 0.053735
vn -0.084121 -0.012630 0.052575
vn -0.084748 0.010279 0.052078
vn -0.083350 0.017788 0.052310
vn -0.078778 0.030926 0.053269
vn -0.064984 0.050403 0.056890
vn 0.021220 -0.097723 0.000002
vn -0.002956 -0.096547 0.025882
vn -0.003060 -0.099953 0.000002
vn -0.026233 -0.092962 0.025882
vn -0.027158 -0.096242 0.000002
vn -0.069174 -0.072214 0.000002
vn -0.042297 -0.026664 0.086603
vn -0.034587 -0.036107 0.086603
vn -0.023520 -0.083348 0.050000
vn 0.015005 -0.069100 0.070711
vn 0.000000 -0.100000 -0.000000
vn 0.000000 -0.100000 -0.000000
vn 0.000000 -0.098532 0.017072
vn 0.000000 -0.098532 0.017072
vn 0.000000 -0.094171 0.033643
vn 0.000000 -0.094171 0.033643
vn 0.000000 -0.087044 0.049227
vn 0.000000 -0.087044 0.049227
vn 0.000000 -0.077362 0.063364
vn 0.000000 -0.077362 0.063364
vn 0.000000 -0.065409 0.075642
vn 0.000000 -0.065409 0.075642
vn 0.000000 -0.051535 0.085698
vn 0.000000 -0.019699 0.098041
vn 0.000000 -0.051535 0.085698
vn 0.100000 0.000000 0.000000
vn 0.100000 0.000000 0.000000
vn -0.000426 0.000537 0.099998
vn -0.001611 0.002033 0.099966
vn -0.008639 0.010905 0.099027
vn -0.017365 0.021919 0.096011
vn -0.014976 0.018903 0.097048
vn -0.018972 0.023947 0.095219
vn -0.020193 0.025488 0.094565
vn -0.031974 0.040360 0.085725
vn -0.019996 0.025240 0.094673
vn -0.037014 0.046721 0.080294
vn -0.044476 0.056139 0.069788
vn -0.044284 0.055897 0.070103
vn -0.050487 0.063727 0.058223
vn -0.054045 0.068218 0.049249
vn -0.055474 0.070021 0.044941
vn -0.059124 0.074629 0.030576
vn -0.060051 0.075799 0.025464
vn -0.061350 0.077439 0.015474
vn -0.062098 0.078383 0.000000
vn -0.062098 0.078383 -0.000000
vn -0.019501 0.024615 0.094941
vn -0.000000 0.002594 0.099966
vn -0.000000 0.021730 0.097610
vn -0.000000 0.027964 0.096011
vn -0.000000 0.040059 0.091626
vn -0.000000 0.051490 0.085725
vn -0.000000 0.056898 0.082235
vn -0.000000 0.071622 0.069788
vn -0.000000 0.071622 0.069788
vn -0.000000 0.083684 0.054746
vn -0.000000 0.087032 0.049249
vn -0.000000 0.092634 0.037668
vn -0.000000 0.096704 0.025464
vn -0.000000 0.098141 0.019191
vn -0.000000 0.099534 0.009640
vn 0.000000 0.100000 0.000000
vn 0.000000 0.100000 0.000000
vn 0.020452 -0.024088 0.094876
vn 0.034241 -0.040391 0.084830
vn 0.021123 -0.024941 0.094508
vn 0.034225 -0.040405 0.084830
vn 0.035146 -0.041499 0.083920
vn 0.045703 -0.053956 0.070711
vn 0.047647 -0.056260 0.067562
vn 0.051798 -0.061151 0.059812
vn 0.056929 -0.067220 0.047334
vn 0.056657 -0.066888 0.048124
vn 0.060369 -0.071270 0.035723
vn 0.060398 -0.071246 0.035723
vn 0.062994 -0.074308 0.022586
vn 0.063049 -0.074261 0.022586
vn 0.064680 -0.076266 0.000000
vn 0.063993 -0.075371 0.014974
vn 0.064722 -0.076230 -0.000000
vn 0.025353 -0.029861 0.092008
vn 0.034271 -0.040366 0.084830
vn 0.045765 -0.053904 0.070711
vn 0.041256 -0.048591 0.077051
vn 0.048337 -0.056932 0.066500
vn 0.033556 -0.039522 0.085510
vn 0.051868 -0.061092 0.059812
vn 0.054142 -0.063769 0.054792
vn 0.056734 -0.066823 0.048124
vn 0.058644 -0.069071 0.042310
vn 0.060451 -0.071201 0.035723
vn 0.061933 -0.072945 0.029041
vn 0.062963 -0.074334 0.022586
vn 0.064628 -0.076310 -0.000000
vn 0.062594 -0.073909 0.024889
vn 0.045725 -0.053937 0.070711
vn 0.051822 -0.061130 0.059812
vn 0.056684 -0.066866 0.048124
vn 0.019055 -0.024962 0.094941
vn 0.019539 -0.025596 0.094673
vn 0.023784 -0.031156 0.091998
vn 0.031655 -0.041467 0.085314
vn 0.036168 -0.047379 0.080294
vn 0.038840 -0.050880 0.076829
vn 0.043271 -0.056685 0.070103
vn 0.045217 -0.059234 0.066684
vn 0.049332 -0.064625 0.058223
vn 0.050619 -0.066311 0.055141
vn 0.054205 -0.071008 0.044941
vn 0.054946 -0.071979 0.042426
vn 0.057772 -0.075680 0.030576
vn 0.058111 -0.076124 0.028779
vn 0.059947 -0.078530 0.015474
vn 0.060031 -0.078640 0.014557
vn 0.060678 -0.079487 0.000000
vn 0.060678 -0.079487 0.000000
vn -0.025468 -0.019706 0.094673
vn -0.047142 -0.036477 0.080294
vn -0.047142 -0.036477 0.080294
vn -0.056401 -0.043641 0.070103
vn -0.056401 -0.043641 0.070103
vn -0.064301 -0.049754 0.058223
vn -0.064301 -0.049754 0.058223
vn -0.070652 -0.054668 0.044941
vn -0.070652 -0.054668 0.044941
vn -0.075301 -0.058265 0.030576
vn -0.075301 -0.058265 0.030576
vn -0.078136 -0.060459 0.015474
vn -0.078136 -0.060459 0.015474
vn -0.079089 -0.061196 0.000000
vn -0.079089 -0.061196 0.000000
vn -0.062098 0.078383 0.000000
vn -0.062098 0.078383 0.000000
vn -0.100000 0.000134 0.000000
vn -0.100000 0.000134 0.000000
vn -0.099999 0.000440 0.000000
vn -0.099991 0.001352 0.000000
vn -0.099991 0.001359 0.000000
vn -0.099969 0.002489 0.000000
vn -0.099959 0.002879 0.000000
vn 0.000000 -0.100000 -0.000000
vn 0.000000 -0.100000 -0.000000
vn -0.100000 -0.000000 0.000000
vn -0.100000 -0.000000 0.000000
vn -0.099913 0.004164 0.000000
vn -0.099911 0.004211 0.000000
vn -0.099913 0.004161 0.000000
vn -0.099903 0.004408 0.000000
vn -0.099773 0.006728 0.000000
vn -0.099835 0.005736 0.000000
vn -0.099826 0.005903 0.000000
vn -0.099879 0.004920 0.000000
vn -0.099852 0.005439 0.000000
vn -0.099815 0.006083 0.000000
vn -0.099803 0.006268 0.000000
vn -0.099791 0.006458 0.000000
vn -0.099765 0.006845 0.000000
vn -0.099589 0.009057 0.000000
vn -0.099710 0.007616 0.000000
vn -0.099588 0.009072 0.000000
vn -0.099513 0.009855 0.000000
vn -0.099513 0.009855 0.000000
vn -0.099885 0.004803 0.000000
vn -0.099913 0.004161 0.000000
vn 0.099847 -0.005527 -0.000000
vn 0.098964 -0.014354 -0.000000
vn 0.099847 -0.005527 -0.000000
vn 0.098795 -0.015476 -0.000000
vn 0.098555 -0.016940 -0.000000
vn 0.098442 -0.017583 -0.000000
vn 0.095316 -0.030247 -0.000000
vn 0.095865 -0.028457 -0.000000
vn 0.088927 -0.045739 -0.000000
vn 0.088818 -0.045949 -0.000000
vn 0.080626 -0.059156 -0.000000
vn 0.080418 -0.059438 -0.000000
vn 0.073833 -0.067444 -0.000000
vn 0.070824 -0.070598 -0.000000
vn 0.068344 -0.073000 -0.000000
vn 0.068145 -0.073186 -0.000000
vn 0.068145 -0.073186 -0.000000
vn 0.068145 -0.073186 -0.000000
vn 0.064628 -0.076310 -0.000000
vn 0.064641 -0.076299 -0.000000
vn 0.064680 -0.076266 -0.000000
vn 0.064680 -0.076266 -0.000000
vn 0.064712 -0.076239 -0.000000
vn 0.064722 -0.076230 -0.000000
vn 0.060678 -0.079487 -0.000000
vn 0.060678 -0.079487 -0.000000
vn -0.079089 -0.061196 -0.000000
vn -0.079089 -0.061196 -0.000000
vn 0.000000 0.100000 0.000000
vn 0.000000 0.100000 0.000000
vn 0.000000 -0.000000 -0.100000
vn 0.000000 0.009802 -0.099518
vn 0.000000 -0.000000 -0.100000
vn 0.000000 0.009802 -0.099518
vn 0.000000 0.019509 -0.098079
vn 0.000000 0.025882 -0.096593
vn 0.000000 0.025882 -0.096593
vn 0.000000 0.050000 -0.086603
vn 0.000000 0.050000 -0.086603
vn 0.000000 0.070711 -0.070711
vn 0.000000 0.070711 -0.070711
vn 0.000000 0.086603 -0.050000
vn 0.000000 0.086603 -0.050000
vn 0.000000 0.096593 -0.025882
vn 0.000000 0.096593 -0.025882
vn 0.000000 0.100000 0.000000
vn 0.000000 0.096593 -0.025882
vn 0.000000 0.096593 -0.025882
vn 0.000000 0.086603 -0.050000
vn 0.000000 0.086603 -0.050000
vn 0.000000 0.070711 -0.070711
vn 0.000000 0.070711 -0.070711
vn 0.000000 0.050000 -0.086603
vn 0.000000 0.050000 -0.086603
vn 0.000000 0.025882 -0.096593
vn 0.000000 0.025882 -0.096593
vn 0.000000 0.025882 -0.096593
vn 0.000000 0.025882 -0.096593
vn 0.000000 0.050000 -0.086603
vn 0.000000 0.050000 -0.086603
vn 0.000000 0.070711 -0.070711
vn 0.000000 0.055557 -0.083147
vn 0.000000 0.070711 -0.070711
vn 0.000000 0.083147 -0.055557
vn 0.000000 0.086603 -0.050000
vn 0.000000 0.092388 -0.038268
vn 0.000000 0.096593 -0.025882
vn 0.000000 0.098079 -0.019509
vn 0.000000 0.096593 -0.025882
vn 0.000000 0.096593 -0.025882
vn 0.000000 0.086603 -0.050000
vn 0.000000 0.019509 -0.098079
vn 0.000000 0.025882 -0.096593
vn 0.000000 0.025882 -0.096593
vn 0.000000 0.025882 -0.096593
vn 0.000000 0.050000 -0.086603
vn 0.000000 0.050000 -0.086603
vn 0.000000 0.070711 -0.070711
vn 0.000000 0.070711 -0.070711
vn 0.000000 0.086603 -0.050000
vn 0.000000 0.086603 -0.050000
vn 0.000000 0.096593 -0.025882
vn 0.000000 0.096593 -0.025882
vn 0.000000 0.098079 -0.019509
vn 0.000000 0.096593 -0.025882
vn 0.000000 0.096593 -0.025882
vn 0.000000 0.086603 -0.050000
vn 0.000000 0.086603 -0.050000
vn 0.000000 0.070711 -0.070711
vn 0.000000 0.070711 -0.070711
vn 0.000000 0.050000 -0.086603
vn 0.000000 0.050000 -0.086603
vn 0.000000 0.025882 -0.096593
vn 0.000000 0.025882 -0.096593
vn 0.000000 0.025882 -0.096593
vn 0.000000 0.025882 -0.096593
vn 0.000000 0.050000 -0.086603
vn 0.000000 0.050000 -0.086603
vn 0.000000 0.070711 -0.070711
vn 0.000000 0.070711 -0.070711
vn 0.000000 0.086603 -0.050000
vn 0.000000 0.086603 -0.050000
vn 0.000000 0.096593 -0.025882
vn 0.000000 0.096593 -0.025882
vn 0.000000 0.096593 -0.025882
vn 0.000000 0.096593 -0.025882
vn 0.000000 0.086603 -0.050000
vn 0.000000 0.086603 -0.050000
vn 0.000000 0.070711 -0.070711
vn 0.000000 0.070711 -0.070711
vn 0.000000 0.050000 -0.086603
vn 0.000000 0.050000 -0.086603
vn 0.000000 0.025882 -0.096593
vn 0.000000 0.038268 -0.092388
vn 0.000000 0.050000 -0.086603
vn 0.000000 0.050000 -0.086603
vn 0.000000 0.070711 -0.070711
vn 0.000000 0.070711 -0.070711
vn 0.000000 0.086603 -0.050000
vn 0.000000 0.086603 -0.050000
vn 0.000000 0.096593 -0.025882
vn 0.000000 0.096593 -0.025882
vn 0.000000 0.055557 -0.083147
vn 0.000000 0.070711 -0.070711
vn 0.000000 0.086603 -0.050000
vn 0.000000 0.096593 -0.025882
vn 0.000000 0.070711 -0.070711
vn 0.000000 0.083147 -0.055557
vn 0.000000 0.086603 -0.050000
vn 0.000000 0.092388 -0.038268
vn 0.000000 0.096593 -0.025882
vn 0.000000 0.096593 -0.025882
vn 0.000000 0.100000 0.000000
vn 0.000000 0.038268 -0.092388
vn 0.000000 0.025882 -0.096593
vn 0.000000 0.025882 -0.096593
vn 0.000000 0.025882 -0.096593
vn 0.000000 0.025882 -0.096593
vn 0.000000 0.050000 -0.086603
vn 0.000000 0.050000 -0.086603
vn 0.000000 0.070711 -0.070711
vn 0.000000 0.050000 -0.086603
vn 0.000000 0.025882 -0.096593
vn 0.000000 0.050000 -0.086603
vn 0.000000 0.070711 -0.070711
vn 0.000000 0.086603 -0.050000
vn 0.000000 0.096593 -0.025882
vn 0.000000 0.025882 -0.096593
vn 0.000000 0.025882 -0.096593
vn 0.000000 0.025882 -0.096593
vn 0.000000 0.050000 -0.086603
vn 0.000000 0.050000 -0.086603
vn 0.000000 0.070711 -0.070711
vn 0.000000 0.050000 -0.086603
vn 0.000000 0.025882 -0.096593
vn 0.000000 0.025882 -0.096593
vn 0.000000 0.025882 -0.096593
vn 0.000000 0.025882 -0.096593
vn 0.000000 0.050000 -0.086603
vn 0.000000 0.050000 -0.086603
vn 0.000000 0.070711 -0.070711
vn 0.000000 0.050000 -0.086603
vn 0.000000 0.025882 -0.096593
vn 0.000000 0.050000 -0.086603
vn 0.000000 0.070711 -0.070711
vn 0.000000 0.070711 -0.070711
vn 0.000000 0.070711 -0.070711
vn 0.000000 0.086603 -0.050000
vn 0.000000 0.096593 -0.025882
vn 0.000000 0.070711 -0.070711
vn 0.000000 0.070711 -0.070711
vn 0.000000 0.086603 -0.050000
vn 0.000000 0.096593 -0.025882
vn 0.000000 0.070711 -0.070711
vn 0.000000 0.070711 -0.070711
vn 0.000000 0.086603 -0.050000
vn 0.000000 0.086603 -0.050000
vn 0.000000 0.096593 -0.025882
vn 0.000000 0.086603 -0.050000
vn 0.000000 0.086603 -0.050000
vn 0.000000 0.096593 -0.025882
vn 0.000000 0.086603 -0.050000
vn 0.000000 0.086603 -0.050000
vn 0.000000 0.096593 -0.025882
vn 0.000000 0.096593 -0.025882
vn 0.100000 0.000000 0.000000
vn 0.100000 0.000000 0.000000
vn 0.099518 0.009802 0.000000
vn 0.096593 0.025882 0.000000
vn 0.098079 0.019509 0.000000
vn 0.092388 0.038268 0.000000
vn 0.086603 0.050000 0.000000
vn 0.083147 0.055557 0.000000
vn 0.070711 0.070711 0.000000
vn 0.070711 0.070711 0.000000
vn 0.055557 0.083147 0.000000
vn 0.050000 0.086603 0.000000
vn 0.038268 0.092388 0.000000
vn 0.025882 0.096593 0.000000
vn 0.019509 0.098079 0.000000
vn 0.025882 0.096593 0.000000
vn 0.019509 0.098079 0.000000
vn 0.038268 0.092388 0.000000
vn 0.050000 0.086603 0.000000
vn 0.055557 0.083147 0.000000
vn 0.070711 0.070711 0.000000
vn 0.070711 0.070711 0.000000
vn 0.083147 0.055557 0.000000
vn 0.086603 0.050000 0.000000
vn 0.092388 0.038268 0.000000
vn 0.096593 0.025882 0.000000
vn 0.098079 0.019509 0.000000
vn 0.099518 0.009802 0.000000
vn 0.000000 0.100000 0.000000
vn 0.000000 0.000000 -0.100000
vn 0.000000 -0.009802 -0.099518
vn 0.000000 0.000000 -0.100000
vn 0.000000 -0.009802 -0.099518
vn 0.000000 -0.019509 -0.098079
vn 0.000000 -0.025882 -0.096593
vn 0.000000 -0.025882 -0.096593
vn 0.000000 -0.050000 -0.086603
vn 0.000000 -0.050000 -0.086603
vn 0.000000 -0.070711 -0.070711
vn 0.000000 -0.070711 -0.070711
vn 0.000000 -0.086603 -0.050000
vn 0.000000 -0.086603 -0.050000
vn 0.000000 -0.096593 -0.025882
vn 0.000000 -0.096593 -0.025882
vn 0.000000 -0.100000 -0.000000
vn 0.000000 -0.096593 -0.025882
vn 0.000000 -0.096593 -0.025882
vn 0.000000 -0.086603 -0.050000
vn 0.000000 -0.086603 -0.050000
vn 0.000000 -0.070711 -0.070711
vn 0.000000 -0.070711 -0.070711
vn 0.000000 -0.050000 -0.086603
vn 0.000000 -0.050000 -0.086603
vn 0.000000 -0.025882 -0.096593
vn 0.000000 -0.025882 -0.096593
vn 0.000000 -0.025882 -0.096593
vn 0.000000 -0.025882 -0.096593
vn 0.000000 -0.050000 -0.086603
vn 0.000000 -0.050000 -0.086603
vn 0.000000 -0.070711 -0.070711
vn 0.000000 -0.055557 -0.083147
vn 0.000000 -0.070711 -0.070711
vn 0.000000 -0.083147 -0.055557
vn 0.000000 -0.086603 -0.050000
vn 0.000000 -0.092388 -0.038268
vn 0.000000 -0.096593 -0.025882
vn 0.000000 -0.098079 -0.019509
vn 0.000000 -0.096593 -0.025882
vn 0.000000 -0.096593 -0.025882
vn 0.000000 -0.086603 -0.050000
vn 0.000000 -0.019509 -0.098079
vn 0.000000 -0.025882 -0.096593
vn 0.000000 -0.025882 -0.096593
vn 0.000000 -0.025882 -0.096593
vn 0.000000 -0.050000 -0.086603
vn 0.000000 -0.050000 -0.086603
vn 0.000000 -0.070711 -0.070711
vn 0.000000 -0.070711 -0.070711
vn 0.000000 -0.086603 -0.050000
vn 0.000000 -0.086603 -0.050000
vn 0.000000 -0.096593 -0.025882
vn 0.000000 -0.096593 -0.025882
vn 0.000000 -0.098079 -0.019509
vn 0.000000 -0.096593 -0.025882
vn 0.000000 -0.096593 -0.025882
vn 0.000000 -0.086603 -0.050000
vn 0.000000 -0.086603 -0.050000
vn 0.000000 -0.070711 -0.070711
vn 0.000000 -0.070711 -0.070711
vn 0.000000 -0.050000 -0.086603
vn 0.000000 -0.050000 -0.086603
vn 0.000000 -0.025882 -0.096593
vn 0.000000 -0.025882 -0.096593
vn 0.000000 -0.025882 -0.096593
vn 0.000000 -0.025882 -0.096593
vn 0.000000 -0.050000 -0.086603
vn 0.000000 -0.050000 -0.086603
vn 0.000000 -0.070711 -0.070711
vn 0.000000 -0.070711 -0.070711
vn 0.000000 -0.086603 -0.050000
vn 0.000000 -0.086603 -0.050000
vn 0.000000 -0.096593 -0.025882
vn 0.000000 -0.096593 -0.025882
vn 0.000000 -0.096593 -0.025882
vn 0.000000 -0.096593 -0.025882
vn 0.000000 -0.086603 -0.050000
vn 0.000000 -0.086603 -0.050000
vn 0.000000 -0.070711 -0.070711
vn 0.000000 -0.070711 -0.070711
vn 0.000000 -0.050000 -0.086603
vn 0.000000 -0.050000 -0.086603
vn 0.000000 -0.025882 -0.096593
vn 0.000000 -0.038268 -0.092388
vn 0.000000 -0.050000 -0.086603
vn 0.000000 -0.050000 -0.086603
vn 0.000000 -0.070711 -0.070711
vn 0.000000 -0.070711 -0.070711
vn 0.000000 -0.086603 -0.050000
vn 0.000000 -0.086603 -0.050000
vn 0.000000 -0.096593 -0.025882
vn 0.000000 -0.096593 -0.025882
vn 0.000000 -0.055557 -0.083147
vn 0.000000 -0.070711 -0.070711
vn 0.000000 -0.086603 -0.050000
vn 0.000000 -0.096593 -0.025882
vn 0.000000 -0.070711 -0.070711
vn 0.000000 -0.083147 -0.055557
vn 0.000000 -0.086603 -0.050000
vn 0.000000 -0.092388 -0.038268
vn 0.000000 -0.096593 -0.025882
vn 0.000000 -0.096593 -0.025882
vn 0.000000 -0.100000 -0.000000
vn 0.000000 -0.038268 -0.092388
vn 0.000000 -0.025882 -0.096593
vn 0.000000 -0.025882 -0.096593
vn 0.000000 -0.025882 -0.096593
vn 0.000000 -0.025882 -0.096593
vn 0.000000 -0.050000 -0.086603
vn 0.000000 -0.050000 -0.086603
vn 0.000000 -0.070711 -0.070711
vn 0.000000 -0.050000 -0.086603
vn 0.000000 -0.025882 -0.096593
vn 0.000000 -0.050000 -0.086603
vn 0.000000 -0.070711 -0.070711
vn 0.000000 -0.086603 -0.050000
vn 0.000000 -0.096593 -0.025882
vn 0.000000 -0.025882 -0.096593
vn 0.000000 -0.025882 -0.096593
vn 0.000000 -0.025882 -0.096593
vn 0.000000 -0.050000 -0.086603
vn 0.000000 -0.050000 -0.086603
vn 0.000000 -0.070711 -0.070711
vn 0.000000 -0.050000 -0.086603
vn 0.000000 -0.025882 -0.096593
vn 0.000000 -0.025882 -0.096593
vn 0.000000 -0.025882 -0.096593
vn 0.000000 -0.025882 -0.096593
vn 0.000000 -0.050000 -0.086603
vn 0.000000 -0.050000 -0.086603
vn 0.000000 -0.070711 -0.070711
vn 0.000000 -0.050000 -0.086603
vn 0.000000 -0.025882 -0.096593
vn 0.000000 -0.050000 -0.086603
vn 0.000000 -0.070711 -0.070711
vn 0.000000 -0.070711 -0.070711
vn 0.000000 -0.070711 -0.070711
vn 0.000000 -0.086603 -0.050000
vn 0.000000 -0.096593 -0.025882
vn 0.000000 -0.070711 -0.070711
vn 0.000000 -0.070711 -0.070711
vn 0.000000 -0.086603 -0.050000
vn 0.000000 -0.096593 -0.025882
vn 0.000000 -0.070711 -0.070711
vn 0.000000 -0.070711 -0.070711
vn 0.000000 -0.086603 -0.050000
vn 0.000000 -0.086603 -0.050000
vn 0.000000 -0.096593 -0.025882
vn 0.000000 -0.086603 -0.050000
vn 0.000000 -0.086603 -0.050000
vn 0.000000 -0.096593 -0.025882
vn 0.000000 -0.086603 -0.050000
vn 0.000000 -0.086603 -0.050000
vn 0.000000 -0.096593 -0.025882
vn 0.000000 -0.096593 -0.025882
vn 0.000000 -0.100000 -0.000000
vn 0.019509 -0.098079 -0.000000
vn 0.025882 -0.096593 -0.000000
vn 0.038268 -0.092388 -0.000000
vn 0.050000 -0.086603 -0.000000
vn 0.055557 -0.083147 -0.000000
vn 0.070711 -0.070711 -0.000000
vn 0.070711 -0.070711 -0.000000
vn 0.083147 -0.055557 -0.000000
vn 0.086603 -0.050000 -0.000000
vn 0.092388 -0.038268 -0.000000
vn 0.096593 -0.025882 -0.000000
vn 0.098079 -0.019509 -0.000000
vn 0.099518 -0.009802 -0.000000
vn 0.096593 -0.025882 -0.000000
vn 0.098079 -0.019509 -0.000000
vn 0.092388 -0.038268 -0.000000
vn 0.086603 -0.050000 -0.000000
vn 0.083147 -0.055557 -0.000000
vn 0.070711 -0.070711 -0.000000
vn 0.070711 -0.070711 -0.000000
vn 0.055557 -0.083147 -0.000000
vn 0.050000 -0.086603 -0.000000
vn 0.038268 -0.092388 -0.000000
vn 0.025882 -0.096593 -0.000000
vn 0.019509 -0.098079 -0.000000
vn 0.099518 -0.009802 -0.000000
vn 0.100000 0.000000 0.000000
vn 0.100000 0.000000 0.000000
vn 0.000000 0.100000 0.000000
vn -0.019509 0.098079 0.000000
vn -0.025882 0.096593 0.000000
vn -0.038268 0.092388 0.000000
vn -0.050000 0.086603 0.000000
vn -0.055557 0.083147 0.000000
vn -0.070711 0.070711 0.000000
vn -0.070711 0.070711 0.000000
vn -0.083147 0.055557 0.000000
vn -0.086603 0.050000 0.000000
vn -0.092388 0.038268 0.000000
vn -0.096593 0.025882 0.000000
vn -0.098079 0.019509 0.000000
vn -0.099518 0.009802 0.000000
vn -0.096593 0.025882 0.000000
vn -0.098079 0.019509 0.000000
vn -0.092388 0.038268 0.000000
vn -0.086603 0.050000 0.000000
vn -0.083147 0.055557 0.000000
vn -0.070711 0.070711 0.000000
vn -0.070711 0.070711 0.000000
vn -0.055557 0.083147 0.000000
vn -0.050000 0.086603 0.000000
vn -0.038268 0.092388 0.000000
vn -0.025882 0.096593 0.000000
vn -0.019509 0.098079 0.000000
vn -0.099518 0.009802 0.000000
vn -0.100000 0.000000 0.000000
vn -0.100000 0.000000 0.000000
vn -0.025882 0.000000 -0.096593
vn -0.024811 0.011081 -0.096237
vn 0.000000 0.000000 -0.100000
vn -0.011081 0.024811 -0.096237
vn 0.000000 0.025882 -0.096593
vn 0.000000 0.050000 -0.086603
vn -0.026828 0.043044 -0.086183
vn -0.007813 0.055426 -0.082867
vn -0.040746 0.058343 -0.070255
vn -0.020112 0.071780 -0.066657
vn -0.051888 0.069666 -0.049540
vn -0.031041 0.083242 -0.045904
vn -0.059494 0.076242 -0.025449
vn -0.039854 0.089032 -0.022023
vn -0.050000 0.086603 0.000000
vn -0.025882 0.096593 0.000000
vn -0.050000 0.000000 -0.086603
vn -0.043044 0.026828 -0.086183
vn -0.055426 0.007813 -0.082867
vn -0.070711 0.000000 -0.070711
vn -0.071780 0.020112 -0.066657
vn -0.086603 0.000000 -0.050000
vn -0.083242 0.031041 -0.045904
vn -0.091750 0.008453 -0.038864
vn -0.097047 0.018574 -0.015391
vn -0.096593 0.000000 -0.025882
vn -0.100000 -0.000000 0.000000
vn -0.096593 0.025882 0.000000
vn -0.089032 0.039854 -0.022023
vn -0.069666 0.051888 -0.049540
vn -0.058343 0.040746 -0.070255
vn -0.086603 0.050000 0.000000
vn -0.076242 0.059494 -0.025449
vn -0.070711 0.070711 0.000000
vn -0.018574 0.097047 -0.015391
vn 0.000000 0.100000 0.000000
vn 0.000000 0.096593 -0.025882
vn -0.008453 0.091750 -0.038864
vn 0.000000 0.086603 -0.050000
vn 0.000000 0.070711 -0.070711
vn -0.100000 0.000000 0.000000
vn -0.100000 -0.000000 -0.000000
vn -0.099518 -0.009802 -0.000000
vn -0.096593 -0.025882 -0.000000
vn -0.098079 -0.019509 -0.000000
vn -0.092388 -0.038268 -0.000000
vn -0.086603 -0.050000 -0.000000
vn -0.083147 -0.055557 -0.000000
vn -0.070711 -0.070711 -0.000000
vn -0.070711 -0.070711 -0.000000
vn -0.055557 -0.083147 -0.000000
vn -0.050000 -0.086603 -0.000000
vn -0.038268 -0.092388 -0.000000
vn -0.025882 -0.096593 -0.000000
vn -0.019509 -0.098079 -0.000000
vn -0.025882 -0.096593 -0.000000
vn -0.019509 -0.098079 -0.000000
vn -0.038268 -0.092388 -0.000000
vn -0.050000 -0.086603 -0.000000
vn -0.055557 -0.083147 -0.000000
vn -0.070711 -0.070711 -0.000000
vn -0.070711 -0.070711 -0.000000
vn -0.083147 -0.055557 -0.000000
vn -0.086603 -0.050000 -0.000000
vn -0.092388 -0.038268 -0.000000
vn -0.096593 -0.025882 -0.000000
vn -0.098079 -0.019509 -0.000000
vn -0.099518 -0.009802 -0.000000
vn 0.000000 -0.100000 -0.000000
vn 0.000000 -0.025882 -0.096593
vn -0.011081 -0.024811 -0.096237
vn 0.000000 0.000000 -0.100000
vn -0.024811 -0.011081 -0.096237
vn -0.025882 -0.000000 -0.096593
vn -0.050000 -0.000000 -0.086603
vn -0.043044 -0.026828 -0.086183
vn -0.055426 -0.007813 -0.082867
vn -0.058343 -0.040746 -0.070255
vn -0.071780 -0.020112 -0.066657
vn -0.069666 -0.051888 -0.049540
vn -0.083242 -0.031041 -0.045904
vn -0.076242 -0.059494 -0.025449
vn -0.089032 -0.039854 -0.022023
vn -0.086603 -0.050000 -0.000000
vn -0.096593 -0.025882 -0.000000
vn 0.000000 -0.050000 -0.086603
vn -0.026828 -0.043044 -0.086183
vn -0.007813 -0.055426 -0.082867
vn 0.000000 -0.070711 -0.070711
vn -0.020112 -0.071780 -0.066657
vn 0.000000 -0.086603 -0.050000
vn -0.031041 -0.083242 -0.045904
vn -0.008453 -0.091750 -0.038864
vn -0.018574 -0.097047 -0.015391
vn 0.000000 -0.096593 -0.025882
vn 0.000000 -0.100000 -0.000000
vn -0.025882 -0.096593 -0.000000
vn -0.039854 -0.089032 -0.022023
vn -0.051888 -0.069666 -0.049540
vn -0.040746 -0.058343 -0.070255
vn -0.050000 -0.086603 -0.000000
vn -0.059494 -0.076242 -0.025449
vn -0.070711 -0.070711 -0.000000
vn -0.097047 -0.018574 -0.015391
vn -0.100000 -0.000000 -0.000000
vn -0.096593 -0.000000 -0.025882
vn -0.091750 -0.008453 -0.038864
vn -0.086603 -0.000000 -0.050000
vn -0.070711 -0.000000 -0.070711
vn 0.000000 0.025882 -0.096593
vn 0.011081 0.024811 -0.096237
vn 0.000000 0.000000 -0.100000
vn 0.024811 0.011081 -0.096237
vn 0.025882 0.000000 -0.096593
vn 0.050000 0.000000 -0.086603
vn 0.043044 0.026828 -0.086183
vn 0.055426 0.007813 -0.082867
vn 0.058343 0.040746 -0.070255
vn 0.071780 0.020112 -0.066657
vn 0.069666 0.051888 -0.049540
vn 0.083242 0.031041 -0.045904
vn 0.076242 0.059494 -0.025449
vn 0.089032 0.039854 -0.022023
vn 0.086603 0.050000 0.000000
vn 0.096593 0.025882 0.000000
vn 0.000000 0.050000 -0.086603
vn 0.026828 0.043044 -0.086183
vn 0.007813 0.055426 -0.082867
vn 0.000000 0.070711 -0.070711
vn 0.020112 0.071780 -0.066657
vn 0.000000 0.086603 -0.050000
vn 0.031041 0.083242 -0.045904
vn 0.008453 0.091750 -0.038864
vn 0.018574 0.097047 -0.015391
vn 0.000000 0.096593 -0.025882
vn 0.000000 0.100000 0.000000
vn 0.025882 0.096593 0.000000
vn 0.039854 0.089032 -0.022023
vn 0.051888 0.069666 -0.049540
vn 0.040746 0.058343 -0.070255
vn 0.050000 0.086603 0.000000
vn 0.059494 0.076242 -0.025449
vn 0.070711 0.070711 0.000000
vn 0.097047 0.018574 -0.015391
vn 0.100000 0.000000 0.000000
vn 0.096593 0.000000 -0.025882
vn 0.091750 0.008453 -0.038864
vn 0.086603 0.000000 -0.050000
vn 0.070711 0.000000 -0.070711
vn 0.000000 0.025882 0.096593
vn -0.011081 0.024811 0.096237
vn 0.000000 0.000000 0.100000
vn -0.024811 0.011081 0.096237
vn -0.025882 0.000000 0.096593
vn -0.050000 0.000000 0.086603
vn -0.043044 0.026828 0.086183
vn -0.055426 0.007813 0.082867
vn -0.058343 0.040746 0.070255
vn -0.071780 0.020112 0.066657
vn -0.069666 0.051888 0.049540
vn -0.083242 0.031041 0.045904
vn -0.076242 0.059494 0.025449
vn -0.089032 0.039854 0.022023
vn -0.086603 0.050000 0.000000
vn -0.096593 0.025882 0.000000
vn 0.000000 0.050000 0.086603
vn -0.026828 0.043044 0.086183
vn -0.007813 0.055426 0.082867
vn 0.000000 0.070711 0.070711
vn -0.020112 0.071780 0.066657
vn 0.000000 0.086603 0.050000
vn -0.031041 0.083242 0.045904
vn -0.008453 0.091750 0.038864
vn -0.018574 0.097047 0.015391
vn 0.000000 0.096593 0.025882
vn 0.000000 0.100000 0.000000
vn -0.025882 0.096593 0.000000
vn -0.039854 0.089032 0.022023
vn -0.051888 0.069666 0.049540
vn -0.040746 0.058343 0.070255
vn -0.050000 0.086603 0.000000
vn -0.059494 0.076242 0.025449
vn -0.070711 0.070711 0.000000
vn -0.097047 0.018574 0.015391
vn -0.100000 0.000000 0.000000
vn -0.096593 0.000000 0.025882
vn -0.091750 0.008453 0.038864
vn -0.086603 0.000000 0.050000
vn -0.070711 0.000000 0.070711
vn -0.096593 0.025882 0.000000
vn -0.096593 0.025882 0.000000
vn -0.096593 0.025882 0.000000
vn -0.086603 0.050000 0.000000
vn -0.086603 0.050000 0.000000
vn -0.070711 0.070711 0.000000
vn -0.070711 0.070711 0.000000
vn -0.050000 0.086603 0.000000
vn -0.050000 0.086603 0.000000
vn -0.025882 0.096593 0.000000
vn -0.025882 0.096593 0.000000
vn -0.025882 0.096593 0.000000
vn -0.025882 0.096593 0.000000
vn -0.050000 0.086603 0.000000
vn -0.050000 0.086603 0.000000
vn -0.070711 0.070711 0.000000
vn -0.070711 0.070711 0.000000
vn -0.086603 0.050000 0.000000
vn -0.086603 0.050000 0.000000
vn -0.096593 0.025882 0.000000
vn -0.096593 0.025882 0.000000
vn -0.096593 0.025882 0.000000
vn -0.096593 0.025882 0.000000
vn -0.086603 0.050000 0.000000
vn -0.070711 0.070711 0.000000
vn -0.050000 0.086603 0.000000
vn -0.025882 0.096593 0.000000
vn -0.025882 0.096593 0.000000
vn -0.086603 0.050000 0.000000
vn -0.070711 0.070711 0.000000
vn -0.050000 0.086603 0.000000
vn -0.025882 0.096593 0.000000
vn -0.025882 0.096593 0.000000
vn -0.025882 0.096593 0.000000
vn -0.050000 0.086603 0.000000
vn -0.050000 0.086603 0.000000
vn -0.070711 0.070711 0.000000
vn -0.070711 0.070711 0.000000
vn -0.086603 0.050000 0.000000
vn -0.096593 0.025882 0.000000
vn -0.096593 0.025882 0.000000
vn -0.096593 0.025882 0.000000
vn -0.096593 0.025882 0.000000
vn -0.086603 0.050000 0.000000
vn -0.086603 0.050000 0.000000
vn -0.070711 0.070711 0.000000
vn -0.086603 0.050000 0.000000
vn -0.086603 0.050000 0.000000
vn -0.070711 0.070711 0.000000
vn -0.050000 0.086603 0.000000
vn -0.070711 0.070711 0.000000
vn -0.050000 0.086603 0.000000
vn -0.025882 0.096593 0.000000
vn -0.050000 0.086603 0.000000
vn -0.025882 0.096593 0.000000
vn 0.025882 0.000000 -0.096593
vn 0.024811 -0.011081 -0.096237
vn 0.000000 0.000000 -0.100000
vn 0.011081 -0.024811 -0.096237
vn 0.000000 -0.025882 -0.096593
vn 0.000000 -0.050000 -0.086603
vn 0.026828 -0.043044 -0.086183
vn 0.007813 -0.055426 -0.082867
vn 0.040746 -0.058343 -0.070255
vn 0.020112 -0.071780 -0.066657
vn 0.051888 -0.069666 -0.049540
vn 0.031041 -0.083242 -0.045904
vn 0.059494 -0.076242 -0.025449
vn 0.039854 -0.089032 -0.022023
vn 0.050000 -0.086603 -0.000000
vn 0.025882 -0.096593 -0.000000
vn 0.050000 0.000000 -0.086603
vn 0.043044 -0.026828 -0.086183
vn 0.055426 -0.007813 -0.082867
vn 0.070711 0.000000 -0.070711
vn 0.071780 -0.020112 -0.066657
vn 0.086603 0.000000 -0.050000
vn 0.083242 -0.031041 -0.045904
vn 0.091750 -0.008453 -0.038864
vn 0.097047 -0.018574 -0.015391
vn 0.096593 0.000000 -0.025882
vn 0.100000 -0.000000 0.000000
vn 0.096593 -0.025882 -0.000000
vn 0.089032 -0.039854 -0.022023
vn 0.069666 -0.051888 -0.049540
vn 0.058343 -0.040746 -0.070255
vn 0.086603 -0.050000 0.000000
vn 0.076242 -0.059494 -0.025449
vn 0.070711 -0.070711 -0.000000
vn 0.018574 -0.097047 -0.015391
vn 0.000000 -0.100000 -0.000000
vn 0.000000 -0.096593 -0.025882
vn 0.008453 -0.091750 -0.038864
vn 0.000000 -0.086603 -0.050000
vn 0.000000 -0.070711 -0.070711
vn 0.000000 -0.025882 0.096593
vn 0.000000 0.000000 0.100000
vn -0.015391 -0.018574 0.097047
vn -0.025882 0.000000 0.096593
vn -0.038864 -0.008453 0.091750
vn -0.050000 0.000000 0.086603
vn -0.045904 -0.031041 0.083242
vn -0.066657 -0.020112 0.071780
vn -0.049540 -0.051888 0.069666
vn -0.070255 -0.040746 0.058343
vn -0.049540 -0.069666 0.051888
vn -0.070255 -0.058343 0.040746
vn -0.045904 -0.083242 0.031041
vn -0.066657 -0.071780 0.020112
vn -0.050000 -0.086603 -0.000000
vn -0.070711 -0.070711 -0.000000
vn -0.082867 -0.055426 0.007813
vn -0.086603 -0.050000 -0.000000
vn -0.086183 -0.043044 0.026828
vn -0.096237 -0.024811 0.011081
vn -0.096237 -0.011081 0.024811
vn -0.100000 -0.000000 0.000000
vn -0.096593 0.000000 0.025882
vn -0.086603 0.000000 0.050000
vn -0.086183 -0.026828 0.043044
vn -0.082867 -0.007813 0.055426
vn -0.070711 0.000000 0.070711
vn -0.096593 -0.025882 -0.000000
vn -0.038864 -0.091750 0.008453
vn -0.025882 -0.096593 -0.000000
vn -0.015391 -0.097047 0.018574
vn 0.000000 -0.100000 -0.000000
vn 0.000000 -0.096593 0.025882
vn -0.022023 -0.089032 0.039854
vn 0.000000 -0.086603 0.050000
vn -0.025449 -0.076242 0.059494
vn 0.000000 -0.070711 0.070711
vn -0.025449 -0.059494 0.076242
vn 0.000000 -0.050000 0.086603
vn -0.022023 -0.039854 0.089032
vn -0.025882 -0.096593 -0.000000
vn -0.025882 -0.096593 -0.000000
vn -0.025882 -0.096593 -0.000000
vn -0.050000 -0.086603 -0.000000
vn -0.050000 -0.086603 -0.000000
vn -0.070711 -0.070711 -0.000000
vn -0.070711 -0.070711 -0.000000
vn -0.086603 -0.050000 -0.000000
vn -0.086603 -0.050000 -0.000000
vn -0.096593 -0.025882 -0.000000
vn -0.096593 -0.025882 -0.000000
vn -0.096593 -0.025882 -0.000000
vn -0.096593 -0.025882 -0.000000
vn -0.086603 -0.050000 -0.000000
vn -0.086603 -0.050000 -0.000000
vn -0.070711 -0.070711 -0.000000
vn -0.070711 -0.070711 -0.000000
vn -0.050000 -0.086603 -0.000000
vn -0.050000 -0.086603 -0.000000
vn -0.025882 -0.096593 -0.000000
vn -0.025882 -0.096593 -0.000000
vn -0.025882 -0.096593 -0.000000
vn -0.025882 -0.096593 -0.000000
vn -0.050000 -0.086603 -0.000000
vn -0.070711 -0.070711 -0.000000
vn -0.086603 -0.050000 -0.000000
vn -0.096593 -0.025882 -0.000000
vn -0.096593 -0.025882 -0.000000
vn -0.050000 -0.086603 -0.000000
vn -0.070711 -0.070711 -0.000000
vn -0.086603 -0.050000 -0.000000
vn -0.096593 -0.025882 -0.000000
vn -0.096593 -0.025882 -0.000000
vn -0.096593 -0.025882 -0.000000
vn -0.086603 -0.050000 -0.000000
vn -0.086603 -0.050000 -0.000000
vn -0.070711 -0.070711 -0.000000
vn -0.070711 -0.070711 -0.000000
vn -0.050000 -0.086603 -0.000000
vn -0.025882 -0.096593 -0.000000
vn -0.025882 -0.096593 -0.000000
vn -0.025882 -0.096593 -0.000000
vn -0.025882 -0.096593 -0.000000
vn -0.050000 -0.086603 -0.000000
vn -0.050000 -0.086603 -0.000000
vn -0.070711 -0.070711 -0.000000
vn -0.050000 -0.086603 -0.000000
vn -0.050000 -0.086603 -0.000000
vn -0.070711 -0.070711 -0.000000
vn -0.086603 -0.050000 -0.000000
vn -0.070711 -0.070711 -0.000000
vn -0.086603 -0.050000 -0.000000
vn -0.096593 -0.025882 -0.000000
vn -0.086603 -0.050000 -0.000000
vn -0.096593 -0.025882 -0.000000
vn 0.025882 0.000000 0.096593
vn 0.024811 0.011081 0.096237
vn 0.000000 0.000000 0.100000
vn 0.011081 0.024811 0.096237
vn 0.000000 0.025882 0.096593
vn 0.000000 0.050000 0.086603
vn 0.026828 0.043044 0.086183
vn 0.007813 0.055426 0.082867
vn 0.040746 0.058343 0.070255
vn 0.020112 0.071780 0.066657
vn 0.051888 0.069666 0.049540
vn 0.031041 0.083242 0.045904
vn 0.059494 0.076242 0.025449
vn 0.039854 0.089032 0.022023
vn 0.050000 0.086603 0.000000
vn 0.025882 0.096593 0.000000
vn 0.050000 0.000000 0.086603
vn 0.043044 0.026828 0.086183
vn 0.055426 0.007813 0.082867
vn 0.070711 -0.000000 0.070711
vn 0.071780 0.020112 0.066657
vn 0.086603 -0.000000 0.050000
vn 0.083242 0.031041 0.045904
vn 0.091750 0.008453 0.038864
vn 0.097047 0.018574 0.015391
vn 0.096593 -0.000000 0.025882
vn 0.100000 0.000000 0.000000
vn 0.096593 0.025882 0.000000
vn 0.089032 0.039854 0.022023
vn 0.069666 0.051888 0.049540
vn 0.058343 0.040746 0.070255
vn 0.086603 0.050000 0.000000
vn 0.076242 0.059494 0.025449
vn 0.070711 0.070711 0.000000
vn 0.018574 0.097047 0.015391
vn 0.000000 0.100000 0.000000
vn 0.000000 0.096593 0.025882
vn 0.008453 0.091750 0.038864
vn 0.000000 0.086603 0.050000
vn 0.000000 0.070711 0.070711
vn 0.096593 0.025882 0.000000
vn 0.096593 0.025882 0.000000
vn 0.096593 0.025882 0.000000
vn 0.086603 0.050000 0.000000
vn 0.086603 0.050000 0.000000
vn 0.070711 0.070711 0.000000
vn 0.070711 0.070711 0.000000
vn 0.050000 0.086603 0.000000
vn 0.050000 0.086603 0.000000
vn 0.025882 0.096593 0.000000
vn 0.025882 0.096593 0.000000
vn 0.025882 0.096593 0.000000
vn 0.025882 0.096593 0.000000
vn 0.050000 0.086603 0.000000
vn 0.050000 0.086603 0.000000
vn 0.070711 0.070711 0.000000
vn 0.070711 0.070711 0.000000
vn 0.086603 0.050000 0.000000
vn 0.086603 0.050000 0.000000
vn 0.096593 0.025882 0.000000
vn 0.096593 0.025882 0.000000
vn 0.096593 0.025882 0.000000
vn 0.096593 0.025882 0.000000
vn 0.086603 0.050000 0.000000
vn 0.070711 0.070711 0.000000
vn 0.050000 0.086603 0.000000
vn 0.025882 0.096593 0.000000
vn 0.025882 0.096593 0.000000
vn 0.086603 0.050000 0.000000
vn 0.070711 0.070711 0.000000
vn 0.050000 0.086603 0.000000
vn 0.025882 0.096593 0.000000
vn 0.025882 0.096593 0.000000
vn 0.025882 0.096593 0.000000
vn 0.050000 0.086603 0.000000
vn 0.050000 0.086603 0.000000
vn 0.070711 0.070711 0.000000
vn 0.070711 0.070711 0.000000
vn 0.086603 0.050000 0.000000
vn 0.096593 0.025882 0.000000
vn 0.096593 0.025882 0.000000
vn 0.096593 0.025882 0.000000
vn 0.096593 0.025882 0.000000
vn 0.086603 0.050000 0.000000
vn 0.086603 0.050000 0.000000
vn 0.070711 0.070711 0.000000
vn 0.086603 0.050000 0.000000
vn 0.086603 0.050000 0.000000
vn 0.070711 0.070711 0.000000
vn 0.050000 0.086603 0.000000
vn 0.070711 0.070711 0.000000
vn 0.050000 0.086603 0.000000
vn 0.025882 0.096593 0.000000
vn 0.050000 0.086603 0.000000
vn 0.025882 0.096593 0.000000
vn -0.000000 0.096593 0.025882
vn -0.000000 0.096593 0.025882
vn -0.000000 0.096593 0.025882
vn -0.000000 0.086603 0.050000
vn -0.000000 0.086603 0.050000
vn -0.000000 0.070711 0.070711
vn -0.000000 0.070711 0.070711
vn -0.000000 0.050000 0.086603
vn -0.000000 0.050000 0.086603
vn -0.000000 0.025882 0.096593
vn -0.000000 0.025882 0.096593
vn -0.000000 0.025882 0.096593
vn -0.000000 0.025882 0.096593
vn -0.000000 0.050000 0.086603
vn -0.000000 0.050000 0.086603
vn -0.000000 0.070711 0.070711
vn -0.000000 0.070711 0.070711
vn -0.000000 0.086603 0.050000
vn -0.000000 0.086603 0.050000
vn -0.000000 0.096593 0.025882
vn -0.000000 0.096593 0.025882
vn -0.000000 0.096593 0.025882
vn -0.000000 0.096593 0.025882
vn -0.000000 0.086603 0.050000
vn -0.000000 0.086603 0.050000
vn -0.000000 0.070711 0.070711
vn -0.000000 0.070711 0.070711
vn -0.000000 0.050000 0.086603
vn -0.000000 0.050000 0.086603
vn -0.000000 0.025882 0.096593
vn -0.000000 0.025882 0.096593
vn -0.000000 0.025882 0.096593
vn -0.000000 0.025882 0.096593
vn -0.000000 0.025882 0.096593
vn -0.000000 0.050000 0.086603
vn -0.000000 0.050000 0.086603
vn -0.000000 0.070711 0.070711
vn -0.000000 0.070711 0.070711
vn -0.000000 0.086603 0.050000
vn -0.000000 0.086603 0.050000
vn -0.000000 0.096593 0.025882
vn -0.000000 0.096593 0.025882
vn -0.000000 0.096593 0.025882
vn -0.000000 0.096593 0.025882
vn -0.000000 0.086603 0.050000
vn -0.000000 0.086603 0.050000
vn -0.000000 0.070711 0.070711
vn -0.000000 0.070711 0.070711
vn -0.000000 0.050000 0.086603
vn -0.000000 0.050000 0.086603
vn -0.000000 0.025882 0.096593
vn -0.000000 0.025882 0.096593
vn -0.000000 0.025882 0.096593
vn -0.000000 0.025882 0.096593
vn -0.000000 0.050000 0.086603
vn -0.000000 0.050000 0.086603
vn -0.000000 0.070711 0.070711
vn -0.000000 0.070711 0.070711
vn -0.000000 0.086603 0.050000
vn -0.000000 0.086603 0.050000
vn -0.000000 0.096593 0.025882
vn -0.000000 0.096593 0.025882
vn -0.000000 0.096593 0.025882
vn -0.000000 0.096593 0.025882
vn -0.000000 0.086603 0.050000
vn -0.000000 0.086603 0.050000
vn -0.000000 0.070711 0.070711
vn -0.000000 0.070711 0.070711
vn -0.000000 0.050000 0.086603
vn -0.000000 0.050000 0.086603
vn -0.000000 0.025882 0.096593
vn -0.000000 0.025882 0.096593
vn -0.000000 0.025882 0.096593
vn -0.000000 0.050000 0.086603
vn -0.000000 0.050000 0.086603
vn -0.000000 0.070711 0.070711
vn -0.000000 0.070711 0.070711
vn -0.000000 0.086603 0.050000
vn -0.000000 0.086603 0.050000
vn -0.000000 0.070711 0.070711
vn -0.000000 0.050000 0.086603
vn -0.000000 0.025882 0.096593
vn -0.000000 0.070711 0.070711
vn -0.000000 0.086603 0.050000
vn -0.000000 0.096593 0.025882
vn -0.000000 0.086603 0.050000
vn -0.000000 0.096593 0.025882
vn -0.000000 0.096593 0.025882
vn -0.000000 0.096593 0.025882
vn -0.000000 0.096593 0.025882
vn -0.000000 0.096593 0.025882
vn -0.000000 0.086603 0.050000
vn -0.000000 0.086603 0.050000
vn -0.000000 0.070711 0.070711
vn -0.000000 0.070711 0.070711
vn -0.000000 0.050000 0.086603
vn -0.000000 0.086603 0.050000
vn -0.000000 0.070711 0.070711
vn -0.000000 0.050000 0.086603
vn -0.000000 0.025882 0.096593
vn -0.000000 0.096593 0.025882
vn -0.000000 0.096593 0.025882
vn -0.000000 0.096593 0.025882
vn -0.000000 0.086603 0.050000
vn -0.000000 0.086603 0.050000
vn -0.000000 0.070711 0.070711
vn -0.000000 0.086603 0.050000
vn -0.000000 0.096593 0.025882
vn -0.000000 0.086603 0.050000
vn -0.000000 0.070711 0.070711
vn -0.000000 0.050000 0.086603
vn -0.000000 0.025882 0.096593
vn -0.000000 0.096593 0.025882
vn -0.000000 0.096593 0.025882
vn -0.000000 0.086603 0.050000
vn -0.000000 0.086603 0.050000
vn -0.000000 0.070711 0.070711
vn -0.000000 0.050000 0.086603
vn -0.000000 0.086603 0.050000
vn -0.000000 0.070711 0.070711
vn -0.000000 0.050000 0.086603
vn -0.000000 0.025882 0.096593
vn -0.000000 0.096593 0.025882
vn -0.000000 0.096593 0.025882
vn -0.000000 0.096593 0.025882
vn -0.000000 0.086603 0.050000
vn -0.000000 0.086603 0.050000
vn -0.000000 0.070711 0.070711
vn -0.000000 0.086603 0.050000
vn -0.000000 0.096593 0.025882
vn -0.000000 0.070711 0.070711
vn -0.000000 0.050000 0.086603
vn -0.000000 0.025882 0.096593
vn -0.000000 0.070711 0.070711
vn -0.000000 0.070711 0.070711
vn -0.000000 0.050000 0.086603
vn -0.000000 0.025882 0.096593
vn -0.000000 0.070711 0.070711
vn -0.000000 0.050000 0.086603
vn -0.000000 0.025882 0.096593
vn -0.000000 0.070711 0.070711
vn -0.000000 0.050000 0.086603
vn -0.000000 0.025882 0.096593
vn -0.000000 0.050000 0.086603
vn -0.000000 0.050000 0.086603
vn -0.000000 0.025882 0.096593
vn -0.000000 0.050000 0.086603
vn -0.000000 0.025882 0.096593
vn -0.000000 0.050000 0.086603
vn -0.000000 0.050000 0.086603
vn -0.000000 0.025882 0.096593
vn -0.000000 0.025882 0.096593
vn -0.000000 0.025882 0.096593
vn -0.000000 0.025882 0.096593
vn -0.000000 0.025882 0.096593
vn 0.025882 -0.000000 0.096593
vn 0.000000 -0.000000 0.100000
vn 0.018574 -0.015391 0.097047
vn 0.000000 -0.025882 0.096593
vn 0.008453 -0.038864 0.091750
vn 0.000000 -0.050000 0.086603
vn 0.031041 -0.045904 0.083242
vn 0.020112 -0.066657 0.071780
vn 0.051888 -0.049540 0.069666
vn 0.040746 -0.070255 0.058343
vn 0.069666 -0.049540 0.051888
vn 0.058343 -0.070255 0.040746
vn 0.083242 -0.045904 0.031041
vn 0.071780 -0.066657 0.020112
vn 0.086603 -0.050000 -0.000000
vn 0.070711 -0.070711 -0.000000
vn 0.055426 -0.082867 0.007813
vn 0.050000 -0.086603 -0.000000
vn 0.043044 -0.086183 0.026828
vn 0.024811 -0.096237 0.011081
vn 0.011081 -0.096237 0.024811
vn 0.000000 -0.100000 -0.000000
vn 0.000000 -0.096593 0.025882
vn 0.000000 -0.086603 0.050000
vn 0.026828 -0.086183 0.043044
vn 0.007813 -0.082867 0.055426
vn 0.000000 -0.070711 0.070711
vn 0.025882 -0.096593 -0.000000
vn 0.091750 -0.038864 0.008453
vn 0.096593 -0.025882 -0.000000
vn 0.097047 -0.015391 0.018574
vn 0.100000 0.000000 0.000000
vn 0.096593 -0.000000 0.025882
vn 0.089032 -0.022023 0.039854
vn 0.086603 -0.000000 0.050000
vn 0.076242 -0.025449 0.059494
vn 0.070711 -0.000000 0.070711
vn 0.059494 -0.025449 0.076242
vn 0.050000 -0.000000 0.086603
vn 0.039854 -0.022023 0.089032
vn 0.096593 -0.025882 -0.000000
vn 0.096593 -0.025882 -0.000000
vn 0.096593 -0.025882 -0.000000
vn 0.086603 -0.050000 -0.000000
vn 0.086603 -0.050000 -0.000000
vn 0.070711 -0.070711 -0.000000
vn 0.070711 -0.070711 -0.000000
vn 0.050000 -0.086603 -0.000000
vn 0.050000 -0.086603 -0.000000
vn 0.025882 -0.096593 -0.000000
vn 0.025882 -0.096593 -0.000000
vn 0.025882 -0.096593 -0.000000
vn 0.025882 -0.096593 -0.000000
vn 0.050000 -0.086603 -0.000000
vn 0.050000 -0.086603 -0.000000
vn 0.070711 -0.070711 -0.000000
vn 0.070711 -0.070711 -0.000000
vn 0.086603 -0.050000 -0.000000
vn 0.086603 -0.050000 -0.000000
vn 0.096593 -0.025882 -0.000000
vn 0.096593 -0.025882 -0.000000
vn 0.096593 -0.025882 -0.000000
vn 0.096593 -0.025882 -0.000000
vn 0.086603 -0.050000 -0.000000
vn 0.070711 -0.070711 -0.000000
vn 0.050000 -0.086603 -0.000000
vn 0.025882 -0.096593 -0.000000
vn 0.025882 -0.096593 -0.000000
vn 0.086603 -0.050000 -0.000000
vn 0.070711 -0.070711 -0.000000
vn 0.050000 -0.086603 -0.000000
vn 0.025882 -0.096593 -0.000000
vn 0.025882 -0.096593 -0.000000
vn 0.025882 -0.096593 -0.000000
vn 0.050000 -0.086603 -0.000000
vn 0.050000 -0.086603 -0.000000
vn 0.070711 -0.070711 -0.000000
vn 0.070711 -0.070711 -0.000000
vn 0.086603 -0.050000 -0.000000
vn 0.096593 -0.025882 -0.000000
vn 0.096593 -0.025882 -0.000000
vn 0.096593 -0.025882 -0.000000
vn 0.096593 -0.025882 -0.000000
vn 0.086603 -0.050000 -0.000000
vn 0.086603 -0.050000 -0.000000
vn 0.070711 -0.070711 -0.000000
vn 0.086603 -0.050000 -0.000000
vn 0.086603 -0.050000 -0.000000
vn 0.070711 -0.070711 -0.000000
vn 0.050000 -0.086603 -0.000000
vn 0.070711 -0.070711 -0.000000
vn 0.050000 -0.086603 -0.000000
vn 0.025882 -0.096593 -0.000000
vn 0.050000 -0.086603 -0.000000
vn 0.025882 -0.096593 -0.000000
vn 0.096593 -0.000000 0.025882
vn 0.096593 -0.000000 0.025882
vn 0.096593 -0.000000 0.025882
vn 0.086603 -0.000000 0.050000
vn 0.086603 -0.000000 0.050000
vn 0.070711 -0.000000 0.070711
vn 0.070711 -0.000000 0.070711
vn 0.050000 -0.000000 0.086603
vn 0.050000 -0.000000 0.086603
vn 0.025882 -0.000000 0.096593
vn 0.025882 -0.000000 0.096593
vn 0.025882 -0.000000 0.096593
vn 0.050000 -0.000000 0.086603
vn 0.050000 -0.000000 0.086603
vn 0.070711 -0.000000 0.070711
vn 0.070711 -0.000000 0.070711
vn 0.086603 -0.000000 0.050000
vn 0.086603 -0.000000 0.050000
vn 0.070711 -0.000000 0.070711
vn 0.050000 -0.000000 0.086603
vn 0.025882 -0.000000 0.096593
vn 0.050000 -0.000000 0.086603
vn 0.025882 -0.000000 0.096593
vn 0.025882 -0.000000 0.096593
vn 0.070711 -0.000000 0.070711
vn 0.086603 -0.000000 0.050000
vn 0.096593 -0.000000 0.025882
vn 0.086603 -0.000000 0.050000
vn 0.096593 -0.000000 0.025882
vn 0.096593 -0.000000 0.025882
vn 0.000000 -0.096593 0.025882
vn 0.000000 -0.096593 0.025882
vn 0.000000 -0.096593 0.025882
vn 0.000000 -0.086603 0.050000
vn 0.000000 -0.086603 0.050000
vn 0.000000 -0.070711 0.070711
vn 0.000000 -0.070711 0.070711
vn 0.000000 -0.050000 0.086603
vn 0.000000 -0.050000 0.086603
vn 0.000000 -0.025882 0.096593
vn 0.000000 -0.025882 0.096593
vn 0.000000 -0.025882 0.096593
vn 0.000000 -0.025882 0.096593
vn 0.000000 -0.050000 0.086603
vn 0.000000 -0.050000 0.086603
vn 0.000000 -0.070711 0.070711
vn 0.000000 -0.070711 0.070711
vn 0.000000 -0.086603 0.050000
vn 0.000000 -0.086603 0.050000
vn 0.000000 -0.096593 0.025882
vn 0.000000 -0.096593 0.025882
vn 0.000000 -0.096593 0.025882
vn 0.000000 -0.096593 0.025882
vn 0.000000 -0.086603 0.050000
vn 0.000000 -0.086603 0.050000
vn 0.000000 -0.070711 0.070711
vn 0.000000 -0.070711 0.070711
vn 0.000000 -0.050000 0.086603
vn 0.000000 -0.050000 0.086603
vn 0.000000 -0.025882 0.096593
vn 0.000000 -0.025882 0.096593
vn 0.000000 -0.025882 0.096593
vn 0.000000 -0.025882 0.096593
vn 0.000000 -0.025882 0.096593
vn 0.000000 -0.050000 0.086603
vn 0.000000 -0.050000 0.086603
vn 0.000000 -0.070711 0.070711
vn 0.000000 -0.070711 0.070711
vn 0.000000 -0.086603 0.050000
vn 0.000000 -0.086603 0.050000
vn 0.000000 -0.096593 0.025882
vn 0.000000 -0.096593 0.025882
vn 0.000000 -0.096593 0.025882
vn 0.000000 -0.096593 0.025882
vn 0.000000 -0.086603 0.050000
vn 0.000000 -0.086603 0.050000
vn 0.000000 -0.070711 0.070711
vn 0.000000 -0.070711 0.070711
vn 0.000000 -0.050000 0.086603
vn 0.000000 -0.050000 0.086603
vn 0.000000 -0.025882 0.096593
vn 0.000000 -0.025882 0.096593
vn 0.000000 -0.025882 0.096593
vn 0.000000 -0.025882 0.096593
vn 0.000000 -0.050000 0.086603
vn 0.000000 -0.050000 0.086603
vn 0.000000 -0.070711 0.070711
vn 0.000000 -0.070711 0.070711
vn 0.000000 -0.086603 0.050000
vn 0.000000 -0.086603 0.050000
vn 0.000000 -0.096593 0.025882
vn 0.000000 -0.096593 0.025882
vn 0.000000 -0.096593 0.025882
vn 0.000000 -0.096593 0.025882
vn 0.000000 -0.086603 0.050000
vn 0.000000 -0.086603 0.050000
vn 0.000000 -0.070711 0.070711
vn 0.000000 -0.070711 0.070711
vn 0.000000 -0.050000 0.086603
vn 0.000000 -0.050000 0.086603
vn 0.000000 -0.025882 0.096593
vn 0.000000 -0.025882 0.096593
vn 0.000000 -0.025882 0.096593
vn 0.000000 -0.050000 0.086603
vn 0.000000 -0.050000 0.086603
vn 0.000000 -0.070711 0.070711
vn 0.000000 -0.070711 0.070711
vn 0.000000 -0.086603 0.050000
vn 0.000000 -0.086603 0.050000
vn 0.000000 -0.070711 0.070711
vn 0.000000 -0.050000 0.086603
vn 0.000000 -0.025882 0.096593
vn 0.000000 -0.070711 0.070711
vn 0.000000 -0.086603 0.050000
vn 0.000000 -0.096593 0.025882
vn 0.000000 -0.086603 0.050000
vn 0.000000 -0.096593 0.025882
vn 0.000000 -0.096593 0.025882
vn 0.000000 -0.096593 0.025882
vn 0.000000 -0.096593 0.025882
vn 0.000000 -0.096593 0.025882
vn 0.000000 -0.086603 0.050000
vn 0.000000 -0.086603 0.050000
vn 0.000000 -0.070711 0.070711
vn 0.000000 -0.070711 0.070711
vn 0.000000 -0.050000 0.086603
vn 0.000000 -0.086603 0.050000
vn 0.000000 -0.070711 0.070711
vn 0.000000 -0.050000 0.086603
vn 0.000000 -0.025882 0.096593
vn 0.000000 -0.096593 0.025882
vn 0.000000 -0.096593 0.025882
vn 0.000000 -0.096593 0.025882
vn 0.000000 -0.086603 0.050000
vn 0.000000 -0.086603 0.050000
vn 0.000000 -0.070711 0.070711
vn 0.000000 -0.086603 0.050000
vn 0.000000 -0.096593 0.025882
vn 0.000000 -0.086603 0.050000
vn 0.000000 -0.070711 0.070711
vn 0.000000 -0.050000 0.086603
vn 0.000000 -0.025882 0.096593
vn 0.000000 -0.096593 0.025882
vn 0.000000 -0.096593 0.025882
vn 0.000000 -0.086603 0.050000
vn 0.000000 -0.086603 0.050000
vn 0.000000 -0.070711 0.070711
vn 0.000000 -0.050000 0.086603
vn 0.000000 -0.086603 0.050000
vn 0.000000 -0.070711 0.070711
vn 0.000000 -0.050000 0.086603
vn 0.000000 -0.025882 0.096593
vn 0.000000 -0.096593 0.025882
vn 0.000000 -0.096593 0.025882
vn 0.000000 -0.096593 0.025882
vn 0.000000 -0.086603 0.050000
vn 0.000000 -0.086603 0.050000
vn 0.000000 -0.070711 0.070711
vn 0.000000 -0.086603 0.050000
vn 0.000000 -0.096593 0.025882
vn 0.000000 -0.070711 0.070711
vn 0.000000 -0.050000 0.086603
vn 0.000000 -0.025882 0.096593
vn 0.000000 -0.070711 0.070711
vn 0.000000 -0.070711 0.070711
vn 0.000000 -0.050000 0.086603
vn 0.000000 -0.025882 0.096593
vn 0.000000 -0.070711 0.070711
vn 0.000000 -0.050000 0.086603
vn 0.000000 -0.025882 0.096593
vn 0.000000 -0.070711 0.070711
vn 0.000000 -0.050000 0.086603
vn 0.000000 -0.025882 0.096593
vn 0.000000 -0.050000 0.086603
vn 0.000000 -0.050000 0.086603
vn 0.000000 -0.025882 0.096593
vn 0.000000 -0.050000 0.086603
vn 0.000000 -0.025882 0.096593
vn 0.000000 -0.050000 0.086603
vn 0.000000 -0.050000 0.086603
vn 0.000000 -0.025882 0.096593
vn 0.000000 -0.025882 0.096593
vn 0.000000 -0.025882 0.096593
vn 0.000000 -0.025882 0.096593
vn 0.000000 -0.025882 0.096593
vn -0.096593 -0.000000 0.025882
vn -0.096593 -0.000000 0.025882
vn -0.096593 -0.000000 0.025882
vn -0.086603 -0.000000 0.050000
vn -0.086603 -0.000000 0.050000
vn -0.070711 -0.000000 0.070711
vn -0.070711 -0.000000 0.070711
vn -0.050000 -0.000000 0.086603
vn -0.050000 -0.000000 0.086603
vn -0.025882 -0.000000 0.096593
vn -0.025882 -0.000000 0.096593
vn -0.025882 -0.000000 0.096593
vn -0.050000 -0.000000 0.086603
vn -0.050000 -0.000000 0.086603
vn -0.070711 -0.000000 0.070711
vn -0.070711 -0.000000 0.070711
vn -0.086603 -0.000000 0.050000
vn -0.086603 -0.000000 0.050000
vn -0.070711 -0.000000 0.070711
vn -0.050000 -0.000000 0.086603
vn -0.025882 -0.000000 0.096593
vn -0.050000 -0.000000 0.086603
vn -0.025882 -0.000000 0.096593
vn -0.025882 -0.000000 0.096593
vn -0.070711 -0.000000 0.070711
vn -0.086603 -0.000000 0.050000
vn -0.096593 -0.000000 0.025882
vn -0.086603 -0.000000 0.050000
vn -0.096593 -0.000000 0.025882
vn -0.096593 -0.000000 0.025882
vn 0.000000 0.000000 -0.100000
vn 0.000000 -0.009802 -0.099518
vn 0.000000 -0.025882 -0.096593
vn 0.000000 -0.019509 -0.098079
vn 0.000000 -0.038268 -0.092388
vn 0.000000 -0.050000 -0.086603
vn 0.000000 -0.055557 -0.083147
vn 0.000000 -0.070711 -0.070711
vn 0.000000 -0.070711 -0.070711
vn 0.000000 -0.083147 -0.055557
vn 0.000000 -0.086603 -0.050000
vn 0.000000 -0.092388 -0.038268
vn 0.000000 -0.096593 -0.025882
vn 0.000000 -0.098079 -0.019509
vn 0.000000 -0.096593 -0.025882
vn 0.000000 -0.086603 -0.050000
vn 0.000000 -0.070711 -0.070711
vn 0.000000 -0.050000 -0.086603
vn 0.000000 -0.025882 -0.096593
vn 0.096593 0.000000 -0.025882
vn 0.096593 0.000000 -0.025882
vn 0.096593 0.000000 -0.025882
vn 0.086603 0.000000 -0.050000
vn 0.086603 0.000000 -0.050000
vn 0.070711 0.000000 -0.070711
vn 0.070711 0.000000 -0.070711
vn 0.050000 0.000000 -0.086603
vn 0.050000 0.000000 -0.086603
vn 0.025882 0.000000 -0.096593
vn 0.025882 0.000000 -0.096593
vn 0.025882 0.000000 -0.096593
vn 0.050000 0.000000 -0.086603
vn 0.050000 0.000000 -0.086603
vn 0.070711 0.000000 -0.070711
vn 0.070711 0.000000 -0.070711
vn 0.086603 0.000000 -0.050000
vn 0.086603 0.000000 -0.050000
vn 0.070711 0.000000 -0.070711
vn 0.050000 0.000000 -0.086603
vn 0.025882 0.000000 -0.096593
vn 0.050000 0.000000 -0.086603
vn 0.025882 0.000000 -0.096593
vn 0.025882 0.000000 -0.096593
vn 0.070711 0.000000 -0.070711
vn 0.086603 0.000000 -0.050000
vn 0.096593 0.000000 -0.025882
vn 0.086603 0.000000 -0.050000
vn 0.096593 0.000000 -0.025882
vn 0.096593 0.000000 -0.025882
vn 0.000000 0.098079 -0.019509
vn 0.000000 0.096593 -0.025882
vn 0.000000 0.092388 -0.038268
vn 0.000000 0.086603 -0.050000
vn 0.000000 0.083147 -0.055557
vn 0.000000 0.070711 -0.070711
vn 0.000000 0.070711 -0.070711
vn 0.000000 0.055557 -0.083147
vn 0.000000 0.050000 -0.086603
vn 0.000000 0.038268 -0.092388
vn 0.000000 0.025882 -0.096593
vn 0.000000 0.019509 -0.098079
vn 0.000000 0.009802 -0.099518
vn 0.000000 -0.000000 -0.100000
vn 0.000000 0.025882 -0.096593
vn 0.000000 0.050000 -0.086603
vn 0.000000 0.070711 -0.070711
vn 0.000000 0.086603 -0.050000
vn 0.000000 0.096593 -0.025882
vn -0.096593 0.000000 -0.025882
vn -0.096593 0.000000 -0.025882
vn -0.096593 0.000000 -0.025882
vn -0.086603 0.000000 -0.050000
vn -0.086603 0.000000 -0.050000
vn -0.070711 0.000000 -0.070711
vn -0.070711 0.000000 -0.070711
vn -0.050000 0.000000 -0.086603
vn -0.050000 0.000000 -0.086603
vn -0.025882 0.000000 -0.096593
vn -0.025882 0.000000 -0.096593
vn -0.025882 0.000000 -0.096593
vn -0.050000 0.000000 -0.086603
vn -0.050000 0.000000 -0.086603
vn -0.070711 0.000000 -0.070711
vn -0.070711 0.000000 -0.070711
vn -0.086603 0.000000 -0.050000
vn -0.086603 0.000000 -0.050000
vn -0.070711 0.000000 -0.070711
vn -0.050000 0.000000 -0.086603
vn -0.025882 0.000000 -0.096593
vn -0.050000 0.000000 -0.086603
vn -0.025882 0.000000 -0.096593
vn -0.025882 0.000000 -0.096593
vn -0.070711 0.000000 -0.070711
vn -0.086603 0.000000 -0.050000
vn -0.096593 0.000000 -0.025882
vn -0.086603 0.000000 -0.050000
vn -0.096593 0.000000 -0.025882
vn -0.096593 0.000000 -0.025882
vn 0.000000 -0.098079 -0.019509
vn 0.000000 -0.096593 -0.025882
vn 0.000000 -0.092388 -0.038268
vn 0.000000 -0.086603 -0.050000
vn 0.000000 -0.083147 -0.055557
vn 0.000000 -0.070711 -0.070711
vn 0.000000 -0.070711 -0.070711
vn 0.000000 -0.055557 -0.083147
vn 0.000000 -0.050000 -0.086603
vn 0.000000 -0.038268 -0.092388
vn 0.000000 -0.025882 -0.096593
vn 0.000000 -0.019509 -0.098079
vn 0.000000 -0.009802 -0.099518
vn 0.000000 0.000000 -0.100000
vn 0.000000 -0.025882 -0.096593
vn 0.000000 -0.050000 -0.086603
vn 0.000000 -0.070711 -0.070711
vn 0.000000 -0.086603 -0.050000
vn 0.000000 -0.096593 -0.025882
vn 0.000000 -0.000000 -0.100000
vn 0.000000 0.009802 -0.099518
vn 0.000000 0.025882 -0.096593
vn 0.000000 0.019509 -0.098079
vn 0.000000 0.038268 -0.092388
vn 0.000000 0.050000 -0.086603
vn 0.000000 0.055557 -0.083147
vn 0.000000 0.070711 -0.070711
vn 0.000000 0.070711 -0.070711
vn 0.000000 0.083147 -0.055557
vn 0.000000 0.086603 -0.050000
vn 0.000000 0.092388 -0.038268
vn 0.000000 0.096593 -0.025882
vn 0.000000 0.098079 -0.019509
vn 0.000000 0.096593 -0.025882
vn 0.000000 0.086603 -0.050000
vn 0.000000 0.070711 -0.070711
vn 0.000000 0.050000 -0.086603
vn 0.000000 0.025882 -0.096593
vn 0.000000 -0.000000 0.100000
vn 0.000000 -0.000000 0.100000
vn 0.000000 -0.000000 0.100000
vn 0.000000 -0.000000 0.100000
vn 0.000000 -0.000000 0.100000
vn 0.000000 -0.000000 0.100000
vn 0.000000 -0.000000 0.100000
vn 0.000000 -0.000000 0.100000
vn 0.000000 -0.000000 0.100000
vn 0.000000 -0.000000 0.100000
vn 0.000000 -0.000000 0.100000
vn 0.000000 -0.000000 0.100000
vn 0.000000 -0.000000 0.100000
vn 0.000000 -0.000000 0.100000
vn 0.000000 -0.000000 0.100000
vn 0.000000 -0.000000 0.100000
vn 0.000000 -0.000000 0.100000
vn 0.000000 -0.000000 0.100000
vn 0.000000 -0.000000 0.100000
vn 0.000000 -0.000000 0.100000
vn 0.000000 -0.000000 0.100000
vn 0.000000 -0.000000 0.100000
vn 0.000000 -0.000000 0.100000
vn 0.000000 -0.000000 0.100000
vn 0.000000 -0.000000 0.100000
vn 0.000000 -0.000000 0.100000
vn 0.000000 -0.000000 0.100000
vn 0.000000 -0.000000 0.100000
vn 0.000000 -0.000000 0.100000
vn 0.000000 -0.000000 0.100000
vn 0.000000 -0.000000 0.100000
vn 0.000000 -0.000000 0.100000
vn 0.000000 -0.000000 0.100000
vn 0.000000 -0.000000 0.100000
vn 0.000000 -0.000000 0.100000
vn 0.000000 -0.000000 0.100000
vn 0.000000 -0.000000 0.100000
vn 0.000000 -0.000000 0.100000
vn 0.000000 -0.000000 0.100000
vn 0.000000 -0.000000 0.100000
vn 0.000000 -0.000000 0.100000
vn 0.000000 -0.000000 0.100000
vn 0.000000 -0.000000 0.100000
vn 0.000000 -0.000000 0.100000
vn 0.000000 -0.000000 0.100000
vn 0.000000 -0.000000 0.100000
vn 0.000000 -0.000000 0.100000
vn 0.000000 -0.000000 0.100000
vn 0.000000 -0.000000 0.100000
vn 0.000000 -0.000000 0.100000
vn 0.000000 -0.000000 0.100000
vn 0.000000 -0.000000 0.100000
vn 0.000000 -0.000000 0.100000
vn 0.000000 -0.000000 0.100000
vn 0.000000 -0.000000 0.100000
vn 0.000000 -0.000000 0.100000
vn 0.000000 -0.000000 0.100000
vn 0.000000 -0.000000 0.100000
vn 0.000000 -0.000000 0.100000
vn 0.000000 -0.000000 0.100000
vn 0.000000 -0.000000 0.100000
vn 0.000000 -0.000000 0.100000
vn 0.000000 -0.000000 0.100000
vn 0.000000 -0.000000 0.100000
vn 0.000000 -0.000000 0.100000
vn 0.000000 -0.000000 0.100000
vn 0.000000 -0.000000 0.100000
vn 0.000000 -0.000000 0.100000
vn 0.000000 -0.000000 0.100000
vn 0.000000 -0.000000 0.100000
vn 0.000000 -0.000000 0.100000
vn -0.019509 -0.000000 0.098079
vn -0.025882 -0.000000 0.096593
vn -0.038268 -0.000000 0.092388
vn -0.050000 -0.000000 0.086603
vn -0.055557 -0.000000 0.083147
vn -0.070711 -0.000000 0.070711
vn -0.070711 -0.000000 0.070711
vn -0.083147 -0.000000 0.055557
vn -0.086603 -0.000000 0.050000
vn -0.092388 -0.000000 0.038268
vn -0.096593 -0.000000 0.025882
vn -0.098079 -0.000000 0.019509
vn -0.099518 -0.000000 0.009802
vn -0.099518 -0.000000 0.009802
vn -0.100000 0.000000 -0.000000
vn -0.100000 0.000000 -0.000000
vn -0.019509 -0.000000 0.098079
vn -0.038268 -0.000000 0.092388
vn -0.055557 -0.000000 0.083147
vn -0.070711 -0.000000 0.070711
vn -0.083147 -0.000000 0.055557
vn -0.092388 -0.000000 0.038268
vn -0.098079 -0.000000 0.019509
vn 0.000000 -0.019509 0.098079
vn 0.000000 -0.025882 0.096593
vn 0.000000 -0.038268 0.092388
vn 0.000000 -0.050000 0.086603
vn 0.000000 -0.055557 0.083147
vn 0.000000 -0.070711 0.070711
vn 0.000000 -0.070711 0.070711
vn 0.000000 -0.083147 0.055557
vn 0.000000 -0.086603 0.050000
vn 0.000000 -0.092388 0.038268
vn 0.000000 -0.096593 0.025882
vn 0.000000 -0.098079 0.019509
vn 0.000000 -0.099518 0.009802
vn 0.000000 -0.100000 -0.000000
vn 0.000000 -0.096593 0.025882
vn 0.000000 -0.099518 0.009802
vn 0.000000 -0.096593 0.025882
vn 0.000000 -0.098079 0.019509
vn 0.000000 -0.092388 0.038268
vn 0.000000 -0.086603 0.050000
vn 0.000000 -0.083147 0.055557
vn 0.000000 -0.070711 0.070711
vn 0.000000 -0.070711 0.070711
vn 0.000000 -0.055557 0.083147
vn 0.000000 -0.050000 0.086603
vn 0.000000 -0.038268 0.092388
vn 0.000000 -0.025882 0.096593
vn 0.000000 -0.019509 0.098079
vn 0.000000 -0.025882 0.096593
vn 0.000000 -0.100000 -0.000000
vn 0.000000 -0.050000 0.086603
vn 0.000000 -0.070711 0.070711
vn 0.000000 -0.086603 0.050000
vn 0.019509 -0.000000 0.098079
vn 0.025882 -0.000000 0.096593
vn 0.038268 -0.000000 0.092388
vn 0.050000 -0.000000 0.086603
vn 0.055557 -0.000000 0.083147
vn 0.070711 -0.000000 0.070711
vn 0.070711 -0.000000 0.070711
vn 0.083147 -0.000000 0.055557
vn 0.086603 -0.000000 0.050000
vn 0.092388 -0.000000 0.038268
vn 0.096593 -0.000000 0.025882
vn 0.098079 -0.000000 0.019509
vn 0.099518 -0.000000 0.009802
vn 0.099518 -0.000000 0.009802
vn 0.100000 0.000000 0.000000
vn 0.100000 0.000000 0.000000
vn 0.019509 -0.000000 0.098079
vn 0.038268 -0.000000 0.092388
vn 0.055557 -0.000000 0.083147
vn 0.070711 -0.000000 0.070711
vn 0.083147 -0.000000 0.055557
vn 0.092388 -0.000000 0.038268
vn 0.098079 -0.000000 0.019509
vn 0.019509 -0.000000 0.098079
vn 0.025882 -0.000000 0.096593
vn 0.038268 -0.000000 0.092388
vn 0.050000 -0.000000 0.086603
vn 0.055557 -0.000000 0.083147
vn 0.070711 -0.000000 0.070711
vn 0.070711 -0.000000 0.070711
vn 0.083147 -0.000000 0.055557
vn 0.086603 -0.000000 0.050000
vn 0.092388 -0.000000 0.038268
vn 0.096593 -0.000000 0.025882
vn 0.098079 -0.000000 0.019509
vn 0.099518 -0.000000 0.009802
vn 0.100000 -0.000000 0.000000
vn 0.099518 -0.000000 0.009802
vn 0.100000 -0.000000 0.000000
vn 0.019509 -0.000000 0.098079
vn 0.038268 -0.000000 0.092388
vn 0.055557 -0.000000 0.083147
vn 0.070711 -0.000000 0.070711
vn 0.083147 -0.000000 0.055557
vn 0.092388 -0.000000 0.038268
vn 0.098079 -0.000000 0.019509
vn 0.100000 -0.000000 0.000000
vn 0.100000 -0.000000 0.000000
vn 0.099518 -0.000000 0.009802
vn 0.096593 -0.000000 0.025882
vn 0.098079 -0.000000 0.019509
vn 0.092388 -0.000000 0.038268
vn 0.086603 -0.000000 0.050000
vn 0.083147 -0.000000 0.055557
vn 0.070711 -0.000000 0.070711
vn 0.070711 -0.000000 0.070711
vn 0.055557 -0.000000 0.083147
vn 0.050000 -0.000000 0.086603
vn 0.038268 -0.000000 0.092388
vn 0.025882 -0.000000 0.096593
vn 0.019509 -0.000000 0.098079
vn 0.019509 -0.000000 0.098079
vn 0.099518 -0.000000 0.009802
vn 0.098079 -0.000000 0.019509
vn 0.092388 -0.000000 0.038268
vn 0.083147 -0.000000 0.055557
vn 0.070711 -0.000000 0.070711
vn 0.055557 -0.000000 0.083147
vn 0.038268 -0.000000 0.092388
vn 0.000000 -0.019509 0.098079
vn 0.000000 -0.025882 0.096593
vn 0.000000 -0.038268 0.092388
vn 0.000000 -0.050000 0.086603
vn 0.000000 -0.055557 0.083147
vn 0.000000 -0.070711 0.070711
vn 0.000000 -0.070711 0.070711
vn 0.000000 -0.083147 0.055557
vn 0.000000 -0.086603 0.050000
vn 0.000000 -0.092388 0.038268
vn 0.000000 -0.096593 0.025882
vn 0.000000 -0.098079 0.019509
vn 0.000000 -0.099518 0.009802
vn 0.000000 -0.100000 -0.000000
vn 0.000000 -0.096593 0.025882
vn 0.000000 -0.099518 0.009802
vn 0.000000 -0.098079 0.019509
vn 0.000000 -0.092388 0.038268
vn 0.000000 -0.086603 0.050000
vn 0.000000 -0.083147 0.055557
vn 0.000000 -0.070711 0.070711
vn 0.000000 -0.070711 0.070711
vn 0.000000 -0.055557 0.083147
vn 0.000000 -0.050000 0.086603
vn 0.000000 -0.038268 0.092388
vn 0.000000 -0.025882 0.096593
vn 0.000000 -0.019509 0.098079
vn 0.000000 -0.100000 -0.000000
vn -0.019509 -0.000000 0.098079
vn -0.025882 -0.000000 0.096593
vn -0.038268 -0.000000 0.092388
vn -0.050000 -0.000000 0.086603
vn -0.055557 -0.000000 0.083147
vn -0.070711 -0.000000 0.070711
vn -0.070711 -0.000000 0.070711
vn -0.083147 -0.000000 0.055557
vn -0.086603 -0.000000 0.050000
vn -0.092388 -0.000000 0.038268
vn -0.096593 -0.000000 0.025882
vn -0.098079 -0.000000 0.019509
vn -0.099518 -0.000000 0.009802
vn -0.100000 -0.000000 0.000000
vn -0.099518 -0.000000 0.009802
vn -0.100000 -0.000000 0.000000
vn -0.019509 -0.000000 0.098079
vn -0.038268 -0.000000 0.092388
vn -0.055557 -0.000000 0.083147
vn -0.070711 -0.000000 0.070711
vn -0.083147 -0.000000 0.055557
vn -0.092388 -0.000000 0.038268
vn -0.098079 -0.000000 0.019509
vn -0.000000 0.019509 0.098079
vn -0.000000 0.019509 0.098079
vn -0.000000 0.038268 0.092388
vn -0.000000 0.038268 0.092388
vn -0.000000 0.055557 0.083147
vn -0.000000 0.055557 0.083147
vn -0.000000 0.070711 0.070711
vn -0.000000 0.070711 0.070711
vn -0.000000 0.083147 0.055557
vn -0.000000 0.083147 0.055557
vn -0.000000 0.092388 0.038268
vn -0.000000 0.092388 0.038268
vn -0.000000 0.098079 0.019509
vn -0.000000 0.098079 0.019509
vn -0.000000 0.099518 0.009802
vn -0.000000 0.099518 0.009802
vn 0.000000 0.100000 0.000000
vn 0.000000 0.100000 0.000000
vn -0.019509 -0.000000 0.098079
vn -0.025882 -0.000000 0.096593
vn -0.038268 -0.000000 0.092388
vn -0.050000 -0.000000 0.086603
vn -0.055557 -0.000000 0.083147
vn -0.070711 -0.000000 0.070711
vn -0.070711 -0.000000 0.070711
vn -0.083147 -0.000000 0.055557
vn -0.086603 -0.000000 0.050000
vn -0.092388 -0.000000 0.038268
vn -0.096593 -0.000000 0.025882
vn -0.098079 -0.000000 0.019509
vn -0.099518 -0.000000 0.009802
vn -0.099518 -0.000000 0.009802
vn -0.100000 0.000000 -0.000000
vn -0.100000 0.000000 -0.000000
vn -0.019509 -0.000000 0.098079
vn -0.038268 -0.000000 0.092388
vn -0.055557 -0.000000 0.083147
vn -0.070711 -0.000000 0.070711
vn -0.083147 -0.000000 0.055557
vn -0.092388 -0.000000 0.038268
vn -0.098079 -0.000000 0.019509
vn 0.000000 -0.019509 0.098079
vn 0.000000 -0.025882 0.096593
vn 0.000000 -0.038268 0.092388
vn 0.000000 -0.050000 0.086603
vn 0.000000 -0.055557 0.083147
vn 0.000000 -0.070711 0.070711
vn 0.000000 -0.070711 0.070711
vn 0.000000 -0.083147 0.055557
vn 0.000000 -0.086603 0.050000
vn 0.000000 -0.092388 0.038268
vn 0.000000 -0.096593 0.025882
vn 0.000000 -0.098079 0.019509
vn 0.000000 -0.099518 0.009802
vn 0.000000 -0.100000 -0.000000
vn 0.000000 -0.096593 0.025882
vn 0.000000 -0.099518 0.009802
vn 0.000000 -0.096593 0.025882
vn 0.000000 -0.098079 0.019509
vn 0.000000 -0.092388 0.038268
vn 0.000000 -0.086603 0.050000
vn 0.000000 -0.083147 0.055557
vn 0.000000 -0.070711 0.070711
vn 0.000000 -0.070711 0.070711
vn 0.000000 -0.055557 0.083147
vn 0.000000 -0.050000 0.086603
vn 0.000000 -0.038268 0.092388
vn 0.000000 -0.025882 0.096593
vn 0.000000 -0.019509 0.098079
vn 0.000000 -0.025882 0.096593
vn 0.000000 -0.100000 -0.000000
vn 0.000000 -0.050000 0.086603
vn 0.000000 -0.070711 0.070711
vn 0.000000 -0.086603 0.050000
vn 0.019509 -0.000000 0.098079
vn 0.025882 -0.000000 0.096593
vn 0.038268 -0.000000 0.092388
vn 0.050000 -0.000000 0.086603
vn 0.055557 -0.000000 0.083147
vn 0.070711 -0.000000 0.070711
vn 0.070711 -0.000000 0.070711
vn 0.083147 -0.000000 0.055557
vn 0.086603 -0.000000 0.050000
vn 0.092388 -0.000000 0.038268
vn 0.096593 -0.000000 0.025882
vn 0.098079 -0.000000 0.019509
vn 0.099518 -0.000000 0.009802
vn 0.099518 -0.000000 0.009802
vn 0.100000 0.000000 0.000000
vn 0.100000 0.000000 0.000000
vn 0.019509 -0.000000 0.098079
vn 0.038268 -0.000000 0.092388
vn 0.055557 -0.000000 0.083147
vn 0.070711 -0.000000 0.070711
vn 0.083147 -0.000000 0.055557
vn 0.092388 -0.000000 0.038268
vn 0.098079 -0.000000 0.019509
vn 0.019509 -0.000000 0.098079
vn 0.025882 -0.000000 0.096593
vn 0.038268 -0.000000 0.092388
vn 0.050000 -0.000000 0.086603
vn 0.055557 -0.000000 0.083147
vn 0.070711 -0.000000 0.070711
vn 0.070711 -0.000000 0.070711
vn 0.083147 -0.000000 0.055557
vn 0.086603 -0.000000 0.050000
vn 0.092388 -0.000000 0.038268
vn 0.096593 -0.000000 0.025882
vn 0.098079 -0.000000 0.019509
vn 0.099518 -0.000000 0.009802
vn 0.100000 -0.000000 0.000000
vn 0.099518 -0.000000 0.009802
vn 0.100000 -0.000000 0.000000
vn 0.019509 -0.000000 0.098079
vn 0.038268 -0.000000 0.092388
vn 0.055557 -0.000000 0.083147
vn 0.070711 -0.000000 0.070711
vn 0.083147 -0.000000 0.055557
vn 0.092388 -0.000000 0.038268
vn 0.098079 -0.000000 0.019509
vn 0.000000 -0.019509 0.098079
vn 0.000000 -0.025882 0.096593
vn 0.000000 -0.038268 0.092388
vn 0.000000 -0.050000 0.086603
vn 0.000000 -0.055557 0.083147
vn 0.000000 -0.070711 0.070711
vn 0.000000 -0.070711 0.070711
vn 0.000000 -0.083147 0.055557
vn 0.000000 -0.086603 0.050000
vn 0.000000 -0.092388 0.038268
vn 0.000000 -0.096593 0.025882
vn 0.000000 -0.098079 0.019509
vn 0.000000 -0.099518 0.009802
vn 0.000000 -0.100000 -0.000000
vn 0.000000 -0.096593 0.025882
vn 0.000000 -0.099518 0.009802
vn 0.000000 -0.098079 0.019509
vn 0.000000 -0.092388 0.038268
vn 0.000000 -0.086603 0.050000
vn 0.000000 -0.083147 0.055557
vn 0.000000 -0.070711 0.070711
vn 0.000000 -0.070711 0.070711
vn 0.000000 -0.055557 0.083147
vn 0.000000 -0.050000 0.086603
vn 0.000000 -0.038268 0.092388
vn 0.000000 -0.025882 0.096593
vn 0.000000 -0.019509 0.098079
vn 0.000000 -0.100000 -0.000000
vn -0.019509 -0.000000 0.098079
vn -0.025882 -0.000000 0.096593
vn -0.038268 -0.000000 0.092388
vn -0.050000 -0.000000 0.086603
vn -0.055557 -0.000000 0.083147
vn -0.070711 -0.000000 0.070711
vn -0.070711 -0.000000 0.070711
vn -0.083147 -0.000000 0.055557
vn -0.086603 -0.000000 0.050000
vn -0.092388 -0.000000 0.038268
vn -0.096593 -0.000000 0.025882
vn -0.098079 -0.000000 0.019509
vn -0.099518 -0.000000 0.009802
vn -0.100000 0.000000 -0.000000
vn -0.099518 -0.000000 0.009802
vn -0.100000 0.000000 -0.000000
vn -0.019509 -0.000000 0.098079
vn -0.038268 -0.000000 0.092388
vn -0.055557 -0.000000 0.083147
vn -0.070711 -0.000000 0.070711
vn -0.083147 -0.000000 0.055557
vn -0.092388 -0.000000 0.038268
vn -0.098079 -0.000000 0.019509
vn -0.000000 0.019509 0.098079
vn -0.000000 0.019509 0.098079
vn -0.000000 0.038268 0.092388
vn -0.000000 0.038268 0.092388
vn -0.000000 0.055557 0.083147
vn -0.000000 0.055557 0.083147
vn -0.000000 0.070711 0.070711
vn -0.000000 0.070711 0.070711
vn -0.000000 0.083147 0.055557
vn -0.000000 0.083147 0.055557
vn -0.000000 0.092388 0.038268
vn -0.000000 0.092388 0.038268
vn -0.000000 0.098079 0.019509
vn -0.000000 0.098079 0.019509
vn -0.000000 0.099518 0.009802
vn -0.000000 0.099518 0.009802
vn 0.000000 0.100000 0.000000
vn 0.000000 0.100000 0.000000
vn -0.019509 -0.000000 0.098079
vn -0.025882 -0.000000 0.096593
vn -0.038268 -0.000000 0.092388
vn -0.050000 -0.000000 0.086603
vn -0.055557 -0.000000 0.083147
vn -0.070711 -0.000000 0.070711
vn -0.070711 -0.000000 0.070711
vn -0.083147 -0.000000 0.055557
vn -0.086603 -0.000000 0.050000
vn -0.092388 -0.000000 0.038268
vn -0.096593 -0.000000 0.025882
vn -0.098079 -0.000000 0.019509
vn -0.099518 -0.000000 0.009802
vn -0.099518 -0.000000 0.009802
vn -0.100000 0.000000 -0.000000
vn -0.100000 0.000000 -0.000000
vn -0.019509 -0.000000 0.098079
vn -0.038268 -0.000000 0.092388
vn -0.055557 -0.000000 0.083147
vn -0.070711 -0.000000 0.070711
vn -0.083147 -0.000000 0.055557
vn -0.092388 -0.000000 0.038268
vn -0.098079 -0.000000 0.019509
vn 0.100000 -0.000000 0.000000
vn 0.100000 -0.000000 0.000000
vn 0.099518 -0.000000 0.009802
vn 0.096593 -0.000000 0.025882
vn 0.098079 -0.000000 0.019509
vn 0.092388 -0.000000 0.038268
vn 0.086603 -0.000000 0.050000
vn 0.083147 -0.000000 0.055557
vn 0.070711 -0.000000 0.070711
vn 0.070711 -0.000000 0.070711
vn 0.055557 -0.000000 0.083147
vn 0.050000 -0.000000 0.086603
vn 0.038268 -0.000000 0.092388
vn 0.025882 -0.000000 0.096593
vn 0.019509 -0.000000 0.098079
vn 0.019509 -0.000000 0.098079
vn 0.099518 -0.000000 0.009802
vn 0.098079 -0.000000 0.019509
vn 0.092388 -0.000000 0.038268
vn 0.083147 -0.000000 0.055557
vn 0.070711 -0.000000 0.070711
vn 0.055557 -0.000000 0.083147
vn 0.038268 -0.000000 0.092388
vn 0.000000 -0.019509 0.098079
vn 0.000000 -0.025882 0.096593
vn 0.000000 -0.038268 0.092388
vn 0.000000 -0.050000 0.086603
vn 0.000000 -0.055557 0.083147
vn 0.000000 -0.070711 0.070711
vn 0.000000 -0.070711 0.070711
vn 0.000000 -0.083147 0.055557
vn 0.000000 -0.086603 0.050000
vn 0.000000 -0.092388 0.038268
vn 0.000000 -0.096593 0.025882
vn 0.000000 -0.098079 0.019509
vn 0.000000 -0.099518 0.009802
vn 0.000000 -0.100000 -0.000000
vn 0.000000 -0.096593 0.025882
vn 0.000000 -0.099518 0.009802
vn 0.000000 -0.096593 0.025882
vn 0.000000 -0.098079 0.019509
vn 0.000000 -0.092388 0.038268
vn 0.000000 -0.086603 0.050000
vn 0.000000 -0.083147 0.055557
vn 0.000000 -0.070711 0.070711
vn 0.000000 -0.070711 0.070711
vn 0.000000 -0.055557 0.083147
vn 0.000000 -0.050000 0.086603
vn 0.000000 -0.038268 0.092388
vn 0.000000 -0.025882 0.096593
vn 0.000000 -0.019509 0.098079
vn 0.000000 -0.025882 0.096593
vn 0.000000 -0.100000 -0.000000
vn 0.000000 -0.050000 0.086603
vn 0.000000 -0.070711 0.070711
vn 0.000000 -0.086603 0.050000
vn 0.019509 -0.000000 0.098079
vn 0.025882 -0.000000 0.096593
vn 0.038268 -0.000000 0.092388
vn 0.050000 -0.000000 0.086603
vn 0.055557 -0.000000 0.083147
vn 0.070711 -0.000000 0.070711
vn 0.070711 -0.000000 0.070711
vn 0.083147 -0.000000 0.055557
vn 0.086603 -0.000000 0.050000
vn 0.092388 -0.000000 0.038268
vn 0.096593 -0.000000 0.025882
vn 0.098079 -0.000000 0.019509
vn 0.099518 -0.000000 0.009802
vn 0.099518 -0.000000 0.009802
vn 0.100000 0.000000 0.000000
vn 0.100000 0.000000 0.000000
vn 0.019509 -0.000000 0.098079
vn 0.038268 -0.000000 0.092388
vn 0.055557 -0.000000 0.083147
vn 0.070711 -0.000000 0.070711
vn 0.083147 -0.000000 0.055557
vn 0.092388 -0.000000 0.038268
vn 0.098079 -0.000000 0.019509
vn 0.019509 -0.000000 0.098079
vn 0.025882 -0.000000 0.096593
vn 0.038268 -0.000000 0.092388
vn 0.050000 -0.000000 0.086603
vn 0.055557 -0.000000 0.083147
vn 0.070711 -0.000000 0.070711
vn 0.070711 -0.000000 0.070711
vn 0.083147 -0.000000 0.055557
vn 0.086603 -0.000000 0.050000
vn 0.092388 -0.000000 0.038268
vn 0.096593 -0.000000 0.025882
vn 0.098079 -0.000000 0.019509
vn 0.099518 -0.000000 0.009802
vn 0.100000 -0.000000 0.000000
vn 0.099518 -0.000000 0.009802
vn 0.100000 -0.000000 0.000000
vn 0.019509 -0.000000 0.098079
vn 0.038268 -0.000000 0.092388
vn 0.055557 -0.000000 0.083147
vn 0.070711 -0.000000 0.070711
vn 0.083147 -0.000000 0.055557
vn 0.092388 -0.000000 0.038268
vn 0.098079 -0.000000 0.019509
vn 0.000000 -0.019509 0.098079
vn 0.000000 -0.025882 0.096593
vn 0.000000 -0.038268 0.092388
vn 0.000000 -0.050000 0.086603
vn 0.000000 -0.055557 0.083147
vn 0.000000 -0.070711 0.070711
vn 0.000000 -0.070711 0.070711
vn 0.000000 -0.083147 0.055557
vn 0.000000 -0.086603 0.050000
vn 0.000000 -0.092388 0.038268
vn 0.000000 -0.096593 0.025882
vn 0.000000 -0.098079 0.019509
vn 0.000000 -0.099518 0.009802
vn 0.000000 -0.100000 -0.000000
vn 0.000000 -0.096593 0.025882
vn 0.000000 -0.099518 0.009802
vn 0.000000 -0.098079 0.019509
vn 0.000000 -0.092388 0.038268
vn 0.000000 -0.086603 0.050000
vn 0.000000 -0.083147 0.055557
vn 0.000000 -0.070711 0.070711
vn 0.000000 -0.070711 0.070711
vn 0.000000 -0.055557 0.083147
vn 0.000000 -0.050000 0.086603
vn 0.000000 -0.038268 0.092388
vn 0.000000 -0.025882 0.096593
vn 0.000000 -0.019509 0.098079
vn 0.000000 -0.100000 -0.000000
vn -0.019509 -0.000000 0.098079
vn -0.025882 -0.000000 0.096593
vn -0.038268 -0.000000 0.092388
vn -0.050000 -0.000000 0.086603
vn -0.055557 -0.000000 0.083147
vn -0.070711 -0.000000 0.070711
vn -0.070711 -0.000000 0.070711
vn -0.083147 -0.000000 0.055557
vn -0.086603 -0.000000 0.050000
vn -0.092388 -0.000000 0.038268
vn -0.096593 -0.000000 0.025882
vn -0.098079 -0.000000 0.019509
vn -0.099518 -0.000000 0.009802
vn -0.100000 0.000000 -0.000000
vn -0.099518 -0.000000 0.009802
vn -0.100000 0.000000 -0.000000
vn -0.019509 -0.000000 0.098079
vn -0.038268 -0.000000 0.092388
vn -0.055557 -0.000000 0.083147
vn -0.070711 -0.000000 0.070711
vn -0.083147 -0.000000 0.055557
vn -0.092388 -0.000000 0.038268
vn -0.098079 -0.000000 0.019509
vn 0.000000 0.100000 0.000000
vn -0.000000 0.099518 0.009802
vn 0.000000 0.100000 0.000000
vn -0.000000 0.099518 0.009802
vn -0.000000 0.098079 0.019509
vn -0.000000 0.098079 0.019509
vn -0.000000 0.092388 0.038268
vn -0.000000 0.092388 0.038268
vn -0.000000 0.083147 0.055557
vn -0.000000 0.083147 0.055557
vn -0.000000 0.070711 0.070711
vn -0.000000 0.070711 0.070711
vn -0.000000 0.055557 0.083147
vn -0.000000 0.055557 0.083147
vn -0.000000 0.038268 0.092388
vn -0.000000 0.038268 0.092388
vn -0.000000 0.019509 0.098079
vn -0.000000 0.019509 0.098079
vn -0.100000 0.000000 -0.000000
vn -0.100000 0.000000 -0.000000
vn -0.099518 -0.000000 0.009802
vn -0.099518 -0.000000 0.009802
vn -0.096593 -0.000000 0.025882
vn -0.098079 -0.000000 0.019509
vn -0.092388 -0.000000 0.038268
vn -0.086603 -0.000000 0.050000
vn -0.083147 -0.000000 0.055557
vn -0.070711 -0.000000 0.070711
vn -0.070711 -0.000000 0.070711
vn -0.055557 -0.000000 0.083147
vn -0.050000 -0.000000 0.086603
vn -0.038268 -0.000000 0.092388
vn -0.025882 -0.000000 0.096593
vn -0.019509 -0.000000 0.098079
vn -0.019509 -0.000000 0.098079
vn -0.038268 -0.000000 0.092388
vn -0.055557 -0.000000 0.083147
vn -0.070711 -0.000000 0.070711
vn -0.083147 -0.000000 0.055557
vn -0.092388 -0.000000 0.038268
vn -0.098079 -0.000000 0.019509
vn 0.000000 -0.100000 -0.000000
vn 0.000000 -0.100000 -0.000000
vn 0.000000 -0.099518 0.009802
vn 0.000000 -0.096593 0.025882
vn 0.000000 -0.096593 0.025882
vn 0.000000 -0.086603 0.050000
vn 0.000000 -0.092388 0.038268
vn 0.000000 -0.083147 0.055557
vn 0.000000 -0.070711 0.070711
vn 0.000000 -0.070711 0.070711
vn 0.000000 -0.055557 0.083147
vn 0.000000 -0.050000 0.086603
vn 0.000000 -0.038268 0.092388
vn 0.000000 -0.025882 0.096593
vn 0.000000 -0.019509 0.098079
vn 0.000000 -0.025882 0.096593
vn 0.000000 -0.025882 0.096593
vn 0.000000 -0.050000 0.086603
vn 0.000000 -0.038268 0.092388
vn 0.000000 -0.055557 0.083147
vn 0.000000 -0.070711 0.070711
vn 0.000000 -0.070711 0.070711
vn 0.000000 -0.083147 0.055557
vn 0.000000 -0.086603 0.050000
vn 0.000000 -0.092388 0.038268
vn 0.000000 -0.096593 0.025882
vn 0.000000 -0.098079 0.019509
vn 0.000000 -0.099518 0.009802
vn 0.000000 -0.019509 0.098079
vn 0.000000 -0.098079 0.019509
vn 0.000000 -0.086603 0.050000
vn 0.000000 -0.070711 0.070711
vn 0.000000 -0.050000 0.086603
vn -0.000000 0.019509 0.098079
vn -0.000000 0.019509 0.098079
vn -0.000000 0.038268 0.092388
vn -0.000000 0.038268 0.092388
vn -0.000000 0.055557 0.083147
vn -0.000000 0.055557 0.083147
vn -0.000000 0.070711 0.070711
vn -0.000000 0.070711 0.070711
vn -0.000000 0.083147 0.055557
vn -0.000000 0.083147 0.055557
vn -0.000000 0.092388 0.038268
vn -0.000000 0.092388 0.038268
vn -0.000000 0.098079 0.019509
vn -0.000000 0.098079 0.019509
vn -0.000000 0.099518 0.009802
vn -0.000000 0.099518 0.009802
vn 0.000000 0.100000 0.000000
vn 0.000000 0.100000 0.000000
vn 0.100000 0.000000 0.000000
vn 0.100000 0.000000 0.000000
vn 0.099518 -0.000000 0.009802
vn 0.099518 -0.000000 0.009802
vn 0.096593 -0.000000 0.025882
vn 0.098079 -0.000000 0.019509
vn 0.092388 -0.000000 0.038268
vn 0.086603 -0.000000 0.050000
vn 0.083147 -0.000000 0.055557
vn 0.070711 -0.000000 0.070711
vn 0.070711 -0.000000 0.070711
vn 0.055557 -0.000000 0.083147
vn 0.050000 -0.000000 0.086603
vn 0.038268 -0.000000 0.092388
vn 0.025882 -0.000000 0.096593
vn 0.019509 -0.000000 0.098079
vn 0.019509 -0.000000 0.098079
vn 0.038268 -0.000000 0.092388
vn 0.055557 -0.000000 0.083147
vn 0.070711 -0.000000 0.070711
vn 0.083147 -0.000000 0.055557
vn 0.092388 -0.000000 0.038268
vn 0.098079 -0.000000 0.019509
vn 0.000000 0.100000 0.000000
vn 0.000000 0.100000 0.000000
vn -0.000000 0.099518 0.009802
vn -0.000000 0.099518 0.009802
vn -0.000000 0.098079 0.019509
vn -0.000000 0.098079 0.019509
vn -0.000000 0.092388 0.038268
vn -0.000000 0.092388 0.038268
vn -0.000000 0.083147 0.055557
vn -0.000000 0.083147 0.055557
vn -0.000000 0.070711 0.070711
vn -0.000000 0.070711 0.070711
vn -0.000000 0.055557 0.083147
vn -0.000000 0.055557 0.083147
vn -0.000000 0.038268 0.092388
vn -0.000000 0.038268 0.092388
vn -0.000000 0.019509 0.098079
vn -0.000000 0.019509 0.098079
vn 0.000000 -0.100000 -0.000000
vn 0.000000 -0.100000 -0.000000
vn 0.000000 -0.099518 0.009802
vn 0.000000 -0.096593 0.025882
vn 0.000000 -0.096593 0.025882
vn 0.000000 -0.086603 0.050000
vn 0.000000 -0.092388 0.038268
vn 0.000000 -0.083147 0.055557
vn 0.000000 -0.070711 0.070711
vn 0.000000 -0.070711 0.070711
vn 0.000000 -0.055557 0.083147
vn 0.000000 -0.050000 0.086603
vn 0.000000 -0.038268 0.092388
vn 0.000000 -0.025882 0.096593
vn 0.000000 -0.019509 0.098079
vn 0.000000 -0.025882 0.096593
vn 0.000000 -0.025882 0.096593
vn 0.000000 -0.050000 0.086603
vn 0.000000 -0.038268 0.092388
vn 0.000000 -0.055557 0.083147
vn 0.000000 -0.070711 0.070711
vn 0.000000 -0.070711 0.070711
vn 0.000000 -0.083147 0.055557
vn 0.000000 -0.086603 0.050000
vn 0.000000 -0.092388 0.038268
vn 0.000000 -0.096593 0.025882
vn 0.000000 -0.098079 0.019509
vn 0.000000 -0.099518 0.009802
vn 0.000000 -0.019509 0.098079
vn 0.000000 -0.098079 0.019509
vn 0.000000 -0.086603 0.050000
vn 0.000000 -0.070711 0.070711
vn 0.000000 -0.050000 0.086603
vn 0.100000 0.000000 0.000000
vn 0.100000 0.000000 0.000000
vn 0.099619 -0.000000 0.008716
vn 0.096593 -0.000000 0.025882
vn 0.098481 -0.000000 0.017365
vn 0.096593 -0.000000 0.025882
vn 0.091086 -0.000000 0.041271
vn 0.086603 -0.000000 0.050000
vn 0.083147 -0.000000 0.055557
vn 0.070711 -0.000000 0.070711
vn 0.072986 -0.000000 0.068359
vn 0.060876 -0.000000 0.079335
vn 0.050000 -0.000000 0.086603
vn 0.032144 -0.000000 0.094693
vn 0.025882 -0.000000 0.096593
vn 0.025882 -0.000000 0.096593
vn 0.019509 -0.000000 0.098079
vn 0.038268 -0.000000 0.092388
vn 0.050000 -0.000000 0.086603
vn 0.055557 -0.000000 0.083147
vn 0.070711 -0.000000 0.070711
vn 0.070711 -0.000000 0.070711
vn 0.083147 -0.000000 0.055557
vn 0.086603 -0.000000 0.050000
vn 0.092388 -0.000000 0.038268
vn 0.096593 -0.000000 0.025882
vn 0.098079 -0.000000 0.019509
vn 0.099518 -0.000000 0.009802
vn -0.000000 0.096593 0.025882
vn -0.000000 0.096593 0.025882
vn -0.000000 0.091086 0.041271
vn -0.000000 0.086603 0.050000
vn -0.000000 0.086603 0.050000
vn -0.000000 0.070711 0.070711
vn -0.000000 0.070711 0.070711
vn -0.000000 0.050000 0.086603
vn -0.000000 0.050000 0.086603
vn -0.000000 0.025882 0.096593
vn -0.000000 0.025882 0.096593
vn -0.000000 0.025882 0.096593
vn -0.000000 0.025882 0.096593
vn -0.000000 0.050000 0.086603
vn -0.000000 0.050000 0.086603
vn -0.000000 0.070711 0.070711
vn -0.000000 0.070711 0.070711
vn -0.000000 0.086603 0.050000
vn -0.000000 0.086603 0.050000
vn -0.000000 0.086603 0.050000
vn -0.000000 0.086603 0.050000
vn -0.000000 0.070711 0.070711
vn -0.000000 0.070711 0.070711
vn -0.000000 0.050000 0.086603
vn -0.000000 0.050000 0.086603
vn -0.000000 0.025882 0.096593
vn -0.000000 0.032144 0.094693
vn -0.000000 0.025882 0.096593
vn -0.000000 0.025882 0.096593
vn -0.000000 0.050000 0.086603
vn -0.000000 0.050000 0.086603
vn -0.000000 0.070711 0.070711
vn -0.000000 0.091086 0.041271
vn -0.000000 0.086603 0.050000
vn -0.000000 0.086603 0.050000
vn -0.000000 0.086603 0.050000
vn -0.000000 0.070711 0.070711
vn -0.000000 0.070711 0.070711
vn -0.000000 0.050000 0.086603
vn -0.000000 0.050000 0.086603
vn -0.000000 0.025882 0.096593
vn -0.000000 0.025882 0.096593
vn -0.000000 0.025882 0.096593
vn -0.000000 0.025882 0.096593
vn -0.000000 0.050000 0.086603
vn -0.000000 0.050000 0.086603
vn -0.000000 0.070711 0.070711
vn -0.000000 0.070711 0.070711
vn -0.000000 0.086603 0.050000
vn -0.000000 0.086603 0.050000
vn -0.000000 0.086603 0.050000
vn -0.000000 0.086603 0.050000
vn -0.000000 0.070711 0.070711
vn -0.000000 0.070711 0.070711
vn -0.000000 0.050000 0.086603
vn -0.000000 0.050000 0.086603
vn -0.000000 0.025882 0.096593
vn -0.000000 0.025882 0.096593
vn -0.000000 0.025882 0.096593
vn -0.000000 0.025882 0.096593
vn -0.000000 0.025882 0.096593
vn -0.000000 0.050000 0.086603
vn -0.000000 0.050000 0.086603
vn -0.000000 0.070711 0.070711
vn -0.000000 0.070711 0.070711
vn -0.000000 0.086603 0.050000
vn -0.000000 0.086603 0.050000
vn -0.000000 0.083147 0.055557
vn -0.000000 0.070711 0.070711
vn -0.000000 0.070711 0.070711
vn -0.000000 0.050000 0.086603
vn -0.000000 0.050000 0.086603
vn -0.000000 0.025882 0.096593
vn -0.000000 0.025882 0.096593
vn -0.000000 0.072986 0.068359
vn -0.000000 0.060876 0.079335
vn -0.000000 0.050000 0.086603
vn -0.000000 0.032144 0.094693
vn -0.000000 0.025882 0.096593
vn -0.000000 0.025882 0.096593
vn -0.000000 0.060876 0.079335
vn -0.000000 0.070711 0.070711
vn -0.000000 0.086603 0.050000
vn -0.000000 0.072986 0.068359
vn -0.000000 0.083147 0.055557
vn -0.000000 0.086603 0.050000
vn -0.000000 0.086603 0.050000
vn -0.000000 0.086603 0.050000
vn -0.000000 0.086603 0.050000
vn -0.000000 0.070711 0.070711
vn -0.000000 0.070711 0.070711
vn -0.000000 0.070711 0.070711
vn -0.000000 0.050000 0.086603
vn -0.000000 0.025882 0.096593
vn -0.000000 0.086603 0.050000
vn -0.000000 0.086603 0.050000
vn -0.000000 0.086603 0.050000
vn -0.000000 0.070711 0.070711
vn -0.000000 0.070711 0.070711
vn -0.000000 0.050000 0.086603
vn -0.000000 0.070711 0.070711
vn -0.000000 0.086603 0.050000
vn -0.000000 0.070711 0.070711
vn -0.000000 0.050000 0.086603
vn -0.000000 0.025882 0.096593
vn -0.000000 0.086603 0.050000
vn -0.000000 0.086603 0.050000
vn -0.000000 0.086603 0.050000
vn -0.000000 0.070711 0.070711
vn -0.000000 0.070711 0.070711
vn -0.000000 0.050000 0.086603
vn -0.000000 0.050000 0.086603
vn -0.000000 0.025882 0.096593
vn -0.000000 0.050000 0.086603
vn -0.000000 0.050000 0.086603
vn -0.000000 0.025882 0.096593
vn -0.000000 0.050000 0.086603
vn -0.000000 0.025882 0.096593
vn -0.000000 0.025882 0.096593
vn -0.000000 0.025882 0.096593
vn -0.100000 0.000000 0.000000
vn -0.100000 0.000000 -0.000000
vn -0.099518 0.000000 0.009802
vn -0.096593 0.000000 0.025882
vn -0.098079 0.000000 0.019509
vn -0.092388 0.000000 0.038268
vn -0.086603 0.000000 0.050000
vn -0.083147 0.000000 0.055557
vn -0.070711 0.000000 0.070711
vn -0.070711 0.000000 0.070711
vn -0.055557 0.000000 0.083147
vn -0.050000 0.000000 0.086603
vn -0.038268 0.000000 0.092388
vn -0.025882 0.000000 0.096593
vn -0.019509 0.000000 0.098079
vn -0.025882 0.000000 0.096593
vn -0.032144 0.000000 0.094693
vn -0.050000 0.000000 0.086603
vn -0.060876 0.000000 0.079335
vn -0.070711 0.000000 0.070711
vn -0.072986 0.000000 0.068359
vn -0.083147 0.000000 0.055557
vn -0.086603 0.000000 0.050000
vn -0.091086 0.000000 0.041271
vn -0.096593 0.000000 0.025882
vn -0.096593 0.000000 0.025882
vn -0.098481 0.000000 0.017365
vn -0.099619 0.000000 0.008716
vn 0.000000 -0.100000 -0.000000
vn 0.000000 -0.100000 -0.000000
vn 0.000000 -0.099518 0.009802
vn 0.000000 -0.096593 0.025882
vn 0.000000 -0.096593 0.025882
vn 0.000000 -0.086603 0.050000
vn 0.000000 -0.092388 0.038268
vn 0.000000 -0.083147 0.055557
vn 0.000000 -0.070711 0.070711
vn 0.000000 -0.070711 0.070711
vn 0.000000 -0.055557 0.083147
vn 0.000000 -0.050000 0.086603
vn 0.000000 -0.038268 0.092388
vn 0.000000 -0.025882 0.096593
vn 0.000000 -0.019509 0.098079
vn 0.000000 -0.025882 0.096593
vn 0.000000 -0.025882 0.096593
vn 0.000000 -0.050000 0.086603
vn 0.000000 -0.038268 0.092388
vn 0.000000 -0.055557 0.083147
vn 0.000000 -0.070711 0.070711
vn 0.000000 -0.070711 0.070711
vn 0.000000 -0.083147 0.055557
vn 0.000000 -0.086603 0.050000
vn 0.000000 -0.092388 0.038268
vn 0.000000 -0.096593 0.025882
vn 0.000000 -0.098079 0.019509
vn 0.000000 -0.099518 0.009802
vn 0.000000 -0.019509 0.098079
vn 0.000000 -0.098079 0.019509
vn 0.000000 -0.086603 0.050000
vn 0.000000 -0.070711 0.070711
vn 0.000000 -0.050000 0.086603
vn -0.000000 0.019509 0.098079
vn -0.000000 0.019509 0.098079
vn -0.000000 0.038268 0.092388
vn -0.000000 0.038268 0.092388
vn -0.000000 0.055557 0.083147
vn -0.000000 0.055557 0.083147
vn -0.000000 0.070711 0.070711
vn -0.000000 0.070711 0.070711
vn -0.000000 0.083147 0.055557
vn -0.000000 0.083147 0.055557
vn -0.000000 0.092388 0.038268
vn -0.000000 0.092388 0.038268
vn -0.000000 0.098079 0.019509
vn -0.000000 0.098079 0.019509
vn -0.000000 0.099518 0.009802
vn -0.000000 0.099518 0.009802
vn 0.000000 0.100000 0.000000
vn 0.000000 0.100000 0.000000
vn -0.100000 0.000000 -0.000000
vn -0.100000 0.000000 -0.000000
vn -0.099518 -0.000000 0.009802
vn -0.096593 -0.000000 0.025882
vn -0.098079 -0.000000 0.019509
vn -0.092388 -0.000000 0.038268
vn -0.086603 -0.000000 0.050000
vn -0.083147 -0.000000 0.055557
vn -0.070711 -0.000000 0.070711
vn -0.070711 -0.000000 0.070711
vn -0.055557 -0.000000 0.083147
vn -0.050000 -0.000000 0.086603
vn -0.038268 -0.000000 0.092388
vn -0.025882 -0.000000 0.096593
vn -0.019509 -0.000000 0.098079
vn -0.019509 -0.000000 0.098079
vn -0.099518 -0.000000 0.009802
vn -0.098079 -0.000000 0.019509
vn -0.092388 -0.000000 0.038268
vn -0.083147 -0.000000 0.055557
vn -0.070711 -0.000000 0.070711
vn -0.055557 -0.000000 0.083147
vn -0.038268 -0.000000 0.092388
vn 0.000000 0.100000 0.000000
vn -0.000000 0.099518 0.009802
vn 0.000000 0.100000 0.000000
vn -0.000000 0.099518 0.009802
vn -0.000000 0.098079 0.019509
vn -0.000000 0.098079 0.019509
vn -0.000000 0.092388 0.038268
vn -0.000000 0.092388 0.038268
vn -0.000000 0.083147 0.055557
vn -0.000000 0.083147 0.055557
vn -0.000000 0.070711 0.070711
vn -0.000000 0.070711 0.070711
vn -0.000000 0.055557 0.083147
vn -0.000000 0.055557 0.083147
vn -0.000000 0.038268 0.092388
vn -0.000000 0.038268 0.092388
vn -0.000000 0.019509 0.098079
vn -0.000000 0.019509 0.098079
vn -0.100000 0.000000 -0.000000
vn -0.100000 0.000000 -0.000000
vn -0.099518 -0.000000 0.009802
vn -0.099518 -0.000000 0.009802
vn -0.096593 -0.000000 0.025882
vn -0.098079 -0.000000 0.019509
vn -0.092388 -0.000000 0.038268
vn -0.086603 -0.000000 0.050000
vn -0.083147 -0.000000 0.055557
vn -0.070711 -0.000000 0.070711
vn -0.070711 -0.000000 0.070711
vn -0.055557 -0.000000 0.083147
vn -0.050000 -0.000000 0.086603
vn -0.038268 -0.000000 0.092388
vn -0.025882 -0.000000 0.096593
vn -0.019509 -0.000000 0.098079
vn -0.019509 -0.000000 0.098079
vn -0.038268 -0.000000 0.092388
vn -0.055557 -0.000000 0.083147
vn -0.070711 -0.000000 0.070711
vn -0.083147 -0.000000 0.055557
vn -0.092388 -0.000000 0.038268
vn -0.098079 -0.000000 0.019509
vn 0.000000 -0.100000 -0.000000
vn 0.000000 -0.100000 -0.000000
vn 0.000000 -0.099518 0.009802
vn 0.000000 -0.096593 0.025882
vn 0.000000 -0.096593 0.025882
vn 0.000000 -0.086603 0.050000
vn 0.000000 -0.092388 0.038268
vn 0.000000 -0.083147 0.055557
vn 0.000000 -0.070711 0.070711
vn 0.000000 -0.070711 0.070711
vn 0.000000 -0.055557 0.083147
vn 0.000000 -0.050000 0.086603
vn 0.000000 -0.038268 0.092388
vn 0.000000 -0.025882 0.096593
vn 0.000000 -0.019509 0.098079
vn 0.000000 -0.025882 0.096593
vn 0.000000 -0.025882 0.096593
vn 0.000000 -0.050000 0.086603
vn 0.000000 -0.038268 0.092388
vn 0.000000 -0.055557 0.083147
vn 0.000000 -0.070711 0.070711
vn 0.000000 -0.070711 0.070711
vn 0.000000 -0.083147 0.055557
vn 0.000000 -0.086603 0.050000
vn 0.000000 -0.092388 0.038268
vn 0.000000 -0.096593 0.025882
vn 0.000000 -0.098079 0.019509
vn 0.000000 -0.099518 0.009802
vn 0.000000 -0.019509 0.098079
vn 0.000000 -0.098079 0.019509
vn 0.000000 -0.086603 0.050000
vn 0.000000 -0.070711 0.070711
vn 0.000000 -0.050000 0.086603
vn 0.100000 0.000000 0.000000
vn 0.100000 0.000000 0.000000
vn 0.099518 -0.000000 0.009802
vn 0.099518 -0.000000 0.009802
vn 0.096593 -0.000000 0.025882
vn 0.098079 -0.000000 0.019509
vn 0.092388 -0.000000 0.038268
vn 0.086603 -0.000000 0.050000
vn 0.083147 -0.000000 0.055557
vn 0.070711 -0.000000 0.070711
vn 0.070711 -0.000000 0.070711
vn 0.055557 -0.000000 0.083147
vn 0.050000 -0.000000 0.086603
vn 0.038268 -0.000000 0.092388
vn 0.025882 -0.000000 0.096593
vn 0.019509 -0.000000 0.098079
vn 0.019509 -0.000000 0.098079
vn 0.038268 -0.000000 0.092388
vn 0.055557 -0.000000 0.083147
vn 0.070711 -0.000000 0.070711
vn 0.083147 -0.000000 0.055557
vn 0.092388 -0.000000 0.038268
vn 0.098079 -0.000000 0.019509
vn 0.000000 0.100000 0.000000
vn 0.000000 0.100000 0.000000
vn -0.000000 0.099518 0.009802
vn -0.000000 0.099518 0.009802
vn -0.000000 0.098079 0.019509
vn -0.000000 0.098079 0.019509
vn -0.000000 0.092388 0.038268
vn -0.000000 0.092388 0.038268
vn -0.000000 0.083147 0.055557
vn -0.000000 0.083147 0.055557
vn -0.000000 0.070711 0.070711
vn -0.000000 0.070711 0.070711
vn -0.000000 0.055557 0.083147
vn -0.000000 0.055557 0.083147
vn -0.000000 0.038268 0.092388
vn -0.000000 0.038268 0.092388
vn -0.000000 0.019509 0.098079
vn -0.000000 0.019509 0.098079
vn 0.000000 -0.100000 -0.000000
vn 0.000000 -0.100000 -0.000000
vn 0.000000 -0.099518 0.009802
vn 0.000000 -0.096593 0.025882
vn 0.000000 -0.098079 0.019509
vn 0.000000 -0.092388 0.038268
vn 0.000000 -0.086603 0.050000
vn 0.000000 -0.083147 0.055557
vn 0.000000 -0.070711 0.070711
vn 0.000000 -0.070711 0.070711
vn 0.000000 -0.055557 0.083147
vn 0.000000 -0.050000 0.086603
vn 0.000000 -0.038268 0.092388
vn 0.000000 -0.025882 0.096593
vn 0.000000 -0.019509 0.098079
vn 0.000000 -0.025882 0.096593
vn 0.000000 -0.019509 0.098079
vn 0.000000 -0.038268 0.092388
vn 0.000000 -0.050000 0.086603
vn 0.000000 -0.055557 0.083147
vn 0.000000 -0.070711 0.070711
vn 0.000000 -0.070711 0.070711
vn 0.000000 -0.083147 0.055557
vn 0.000000 -0.086603 0.050000
vn 0.000000 -0.092388 0.038268
vn 0.000000 -0.096593 0.025882
vn 0.000000 -0.098079 0.019509
vn 0.000000 -0.099518 0.009802
vn -0.000000 0.019509 0.098079
vn -0.000000 0.019509 0.098079
vn -0.000000 0.038268 0.092388
vn -0.000000 0.038268 0.092388
vn -0.000000 0.055557 0.083147
vn -0.000000 0.055557 0.083147
vn -0.000000 0.070711 0.070711
vn -0.000000 0.070711 0.070711
vn -0.000000 0.083147 0.055557
vn -0.000000 0.083147 0.055557
vn -0.000000 0.092388 0.038268
vn -0.000000 0.092388 0.038268
vn -0.000000 0.098079 0.019509
vn -0.000000 0.098079 0.019509
vn -0.000000 0.099518 0.009802
vn -0.000000 0.099518 0.009802
vn 0.000000 0.100000 0.000000
vn 0.000000 0.100000 0.000000
vn -0.100000 0.000000 -0.000000
vn -0.100000 0.000000 -0.000000
vn -0.099518 -0.000000 0.009802
vn -0.096593 -0.000000 0.025882
vn -0.098079 -0.000000 0.019509
vn -0.092388 -0.000000 0.038268
vn -0.086603 -0.000000 0.050000
vn -0.083147 -0.000000 0.055557
vn -0.070711 -0.000000 0.070711
vn -0.070711 -0.000000 0.070711
vn -0.055557 -0.000000 0.083147
vn -0.050000 -0.000000 0.086603
vn -0.038268 -0.000000 0.092388
vn -0.025882 -0.000000 0.096593
vn -0.019509 -0.000000 0.098079
vn -0.019509 -0.000000 0.098079
vn -0.099518 -0.000000 0.009802
vn -0.098079 -0.000000 0.019509
vn -0.092388 -0.000000 0.038268
vn -0.083147 -0.000000 0.055557
vn -0.070711 -0.000000 0.070711
vn -0.055557 -0.000000 0.083147
vn -0.038268 -0.000000 0.092388
vn 0.000000 0.100000 0.000000
vn -0.000000 0.099518 0.009802
vn 0.000000 0.100000 0.000000
vn -0.000000 0.099518 0.009802
vn -0.000000 0.098079 0.019509
vn -0.000000 0.098079 0.019509
vn -0.000000 0.092388 0.038268
vn -0.000000 0.092388 0.038268
vn -0.000000 0.083147 0.055557
vn -0.000000 0.083147 0.055557
vn -0.000000 0.070711 0.070711
vn -0.000000 0.070711 0.070711
vn -0.000000 0.055557 0.083147
vn -0.000000 0.055557 0.083147
vn -0.000000 0.038268 0.092388
vn -0.000000 0.038268 0.092388
vn -0.000000 0.019509 0.098079
vn -0.000000 0.019509 0.098079
vn -0.100000 0.000000 0.000000
vn -0.100000 0.000000 0.000000
vn 0.000000 0.100000 0.000000
vn 0.000000 0.100000 0.000000
vn -0.100000 0.000000 0.000000
vn -0.100000 0.000000 0.000000
vn 0.000000 -0.100000 -0.000000
vn 0.000000 -0.100000 -0.000000
vn 0.100000 0.000000 0.000000
vn 0.100000 0.000000 0.000000
vn 0.000000 0.100000 0.000000
vn 0.000000 0.100000 0.000000
vn 0.100000 -0.000000 -0.000000
vn 0.100000 -0.000000 -0.000000
vn 0.000000 -0.100000 -0.000000
vn 0.000000 -0.100000 -0.000000
vn -0.100000 0.000000 -0.000000
vn -0.100000 0.000000 -0.000000
vn 0.000000 0.100000 0.000000
vn 0.000000 0.100000 0.000000
vn -0.100000 0.000000 -0.000000
vn -0.100000 0.000000 -0.000000
vn 0.000000 -0.100000 -0.000000
vn 0.000000 -0.100000 -0.000000
vn 0.100000 0.000000 0.000000
vn 0.100000 0.000000 0.000000
vn 0.000000 0.100000 0.000000
vn 0.000000 0.100000 0.000000
vn 0.100000 -0.000000 -0.000000
vn 0.100000 -0.000000 -0.000000
vn 0.000000 -0.100000 -0.000000
vn 0.000000 -0.100000 -0.000000
vn -0.100000 0.000000 0.000000
vn -0.100000 0.000000 0.000000
vn 0.000000 0.100000 0.000000
vn 0.000000 0.100000 0.000000
vn -0.100000 0.000000 0.000000
vn -0.100000 0.000000 0.000000
vn 0.000000 -0.100000 -0.000000
vn 0.000000 -0.100000 -0.000000
vn 0.100000 0.000000 0.000000
vn 0.100000 0.000000 0.000000
vn 0.000000 0.100000 0.000000
vn 0.000000 0.100000 0.000000
vn 0.100000 -0.000000 -0.000000
vn 0.100000 -0.000000 -0.000000
vn 0.100000 -0.000000 -0.000000
vn 0.100000 -0.000000 -0.000000
vn -0.100000 0.000000 0.000000
vn -0.100000 0.000000 0.000000
vn 0.000000 0.100000 0.000000
vn 0.000000 0.100000 0.000000
vn -0.100000 0.000000 0.000000
vn -0.100000 0.000000 0.000000
vn 0.000000 -0.100000 -0.000000
vn 0.000000 -0.100000 -0.000000
vn 0.100000 0.000000 0.000000
vn 0.100000 0.000000 0.000000
vn 0.000000 0.100000 0.000000
vn 0.000000 0.100000 0.000000
vn 0.100000 -0.000000 -0.000000
vn 0.100000 -0.000000 -0.000000
vn -0.100000 0.000000 0.000000
vn -0.100000 0.000000 0.000000
vn 0.000000 0.100000 0.000000
vn 0.000000 0.100000 0.000000
vn -0.100000 0.000000 0.000000
vn -0.100000 0.000000 0.000000
vn 0.000000 -0.100000 -0.000000
vn 0.000000 -0.100000 -0.000000
vn 0.100000 0.000000 0.000000
vn 0.100000 0.000000 0.000000
vn 0.000000 0.100000 0.000000
vn 0.000000 0.100000 0.000000
vn 0.000000 -0.100000 -0.000000
vn 0.000000 -0.100000 -0.000000
vn 0.000000 -0.100000 -0.000000
vn 0.000000 -0.100000 -0.000000
vn 0.000000 -0.100000 -0.000000
vn 0.000000 -0.100000 -0.000000
vn 0.000000 -0.100000 -0.000000
vn 0.000000 -0.100000 -0.000000
vn -0.100000 0.000000 0.000000
vn -0.100000 0.000000 0.000000
vn -0.100000 0.000000 0.000000
vn 0.100000 0.000000 0.000000
vn 0.100000 0.000000 0.000000
vn 0.100000 0.000000 0.000000
vn 0.000000 -0.000000 0.100000
vn 0.000000 -0.000000 0.100000
vn 0.000000 -0.000000 0.100000
vn 0.000000 -0.000000 0.100000
vn 0.000000 -0.000000 0.100000
vn 0.000000 -0.000000 0.100000
vn 0.000000 -0.000000 0.100000
vn 0.000000 -0.000000 0.100000
vn 0.000000 -0.000000 0.100000
vn 0.000000 -0.000000 0.100000
vn 0.000000 -0.000000 0.100000
vn 0.000000 -0.000000 0.100000
vn 0.000000 -0.000000 0.100000
vn 0.000000 -0.000000 0.100000
vn 0.000000 -0.000000 0.100000
vn 0.000000 -0.000000 0.100000
vn 0.000000 -0.000000 0.100000
vn 0.000000 -0.000000 0.100000
vn 0.000000 -0.000000 0.100000
vn 0.000000 -0.000000 0.100000
vn 0.000000 -0.000000 0.100000
vn 0.000000 -0.000000 0.100000
vn 0.000000 -0.000000 0.100000
vn 0.000000 -0.000000 0.100000
vn 0.000000 -0.000000 0.100000
vn 0.000000 -0.000000 0.100000
vn 0.000000 -0.000000 0.100000
vn 0.000000 -0.000000 0.100000
vn 0.000000 -0.000000 0.100000
vn 0.000000 -0.000000 0.100000
vn 0.000000 -0.000000 0.100000
vn 0.000000 -0.000000 0.100000
vn 0.000000 -0.000000 0.100000
vn 0.000000 -0.000000 0.100000
vn 0.000000 -0.000000 0.100000
vn 0.000000 -0.000000 0.100000
vn 0.000000 -0.000000 0.100000
vn 0.000000 -0.000000 0.100000
vn 0.000000 -0.000000 0.100000
vn 0.000000 -0.000000 0.100000
vn 0.000000 -0.000000 0.100000
vn 0.000000 -0.000000 0.100000
vn 0.000000 -0.000000 0.100000
vn 0.000000 -0.000000 0.100000
vn 0.000000 0.096593 0.025882
vn 0.000000 0.096593 0.025882
vn 0.000000 0.096593 0.025882
vn 0.000000 0.096593 0.025882
vn 0.000000 0.096593 0.025882
vn 0.000000 0.096593 0.025882
vn 0.000000 0.096593 0.025882
vn 0.000000 0.096593 0.025882
vn 0.000000 0.100000 0.000000
vn 0.000000 0.100000 0.000000
vn 0.000000 0.100000 0.000000
vn 0.000000 0.100000 0.000000
usemtl PEKK_-_Polyetherketoneketone_Reinforced_With_Carbon_Fibers_-_HT-23_(with_EOS_P_810_3D_Printer)
f 1602/3751/3171 1603/3752/3172 1601/3753/3173
f 1601/3753/3173 1603/3752/3172 1604/3754/3174
f 1601/3753/3173 1604/3754/3174 1629/3755/3175
f 1629/3755/3175 1604/3754/3174 1605/3756/3176
f 1629/3755/3175 1605/3756/3176 1606/3757/3177
f 1607/3758/3178 1611/3759/3179 1606/3757/3177
f 1606/3757/3177 1611/3759/3179 1612/3760/3180
f 1606/3757/3177 1612/3760/3180 1613/3761/3181
f 1607/3758/3178 1608/3762/3182 1611/3759/3179
f 1611/3759/3179 1608/3762/3182 1610/3763/3183
f 1610/3763/3183 1608/3762/3182 1609/3764/3184
f 1614/3765/3185 1630/3766/3186 1613/3761/3181
f 1613/3761/3181 1630/3766/3186 1629/3755/3175
f 1613/3761/3181 1629/3755/3175 1606/3757/3177
f 1630/3766/3186 1614/3765/3185 1632/3767/3187
f 1632/3767/3187 1614/3765/3185 1615/3768/3188
f 1632/3767/3187 1615/3768/3188 1631/3769/3189
f 1631/3769/3189 1615/3768/3188 1616/3770/3190
f 1631/3769/3189 1616/3770/3190 1633/3771/3191
f 1633/3771/3191 1616/3770/3190 1617/3772/3192
f 1633/3771/3191 1617/3772/3192 1618/3773/3193
f 1633/3771/3191 1618/3773/3193 1634/3774/3194
f 1634/3774/3194 1618/3773/3193 1619/3775/3195
f 1634/3774/3194 1619/3775/3195 1621/3776/3196
f 1621/3776/3196 1619/3775/3195 1620/3777/3197
f 1621/3776/3196 1622/3778/3198 1634/3774/3194
f 1634/3774/3194 1622/3778/3198 1623/3779/3199
f 1634/3774/3194 1623/3779/3199 1624/3780/3200
f 1634/3774/3194 1624/3780/3200 1633/3771/3191
f 1633/3771/3191 1624/3780/3200 1625/3781/3201
f 1633/3771/3191 1625/3781/3201 1631/3769/3189
f 1631/3769/3189 1625/3781/3201 1626/3782/3202
f 1631/3769/3189 1626/3782/3202 1627/3783/3203
f 1631/3769/3189 1627/3783/3203 1632/3767/3187
f 1632/3767/3187 1627/3783/3203 1628/3784/3204
f 1632/3767/3187 1628/3784/3204 1630/3766/3186
f 1630/3766/3186 1628/3784/3204 1629/3755/3175
f 1649/3785/3205 1613/3786/3206 1651/3787/3207
f 1651/3787/3207 1613/3786/3206 1612/3788/3208
f 1651/3787/3207 1612/3788/3208 1635/3789/3209
f 1635/3789/3209 1636/3790/3210 1651/3787/3207
f 1651/3787/3207 1636/3790/3210 1650/3791/3211
f 1651/3787/3207 1650/3791/3211 1649/3785/3205
f 1649/3785/3205 1650/3791/3211 1648/3792/3212
f 1648/3792/3212 1650/3791/3211 1652/3793/3213
f 1648/3792/3212 1652/3793/3213 1647/3794/3214
f 1647/3794/3214 1652/3793/3213 1646/3795/3215
f 1646/3795/3215 1652/3793/3213 1653/3796/3216
f 1646/3795/3215 1653/3796/3216 1645/3797/3217
f 1645/3797/3217 1653/3796/3216 1654/3798/3218
f 1645/3797/3217 1654/3798/3218 1644/3799/3219
f 1644/3799/3219 1654/3798/3218 1643/3800/3220
f 1643/3800/3220 1654/3798/3218 1641/3801/3221
f 1643/3800/3220 1641/3801/3221 1642/3802/3222
f 1636/3790/3210 1637/3803/3223 1650/3791/3211
f 1650/3791/3211 1637/3803/3223 1652/3793/3213
f 1637/3803/3223 1638/3804/3224 1652/3793/3213
f 1652/3793/3213 1638/3804/3224 1639/3805/3225
f 1652/3793/3213 1639/3805/3225 1653/3796/3216
f 1653/3796/3216 1639/3805/3225 1640/3806/3226
f 1653/3796/3216 1640/3806/3226 1654/3798/3218
f 1654/3798/3218 1640/3806/3226 1641/3801/3221
f 1612/3807/3227 1611/3808/3228 1635/3809/3229
f 1635/3809/3229 1611/3808/3228 1663/3810/3230
f 1635/3809/3229 1663/3810/3230 1636/3811/3231
f 1636/3811/3231 1663/3810/3230 1664/3812/3232
f 1636/3811/3231 1664/3812/3232 1637/3813/3233
f 1637/3813/3233 1664/3812/3232 1665/3814/3234
f 1637/3813/3233 1665/3814/3234 1638/3815/3235
f 1638/3815/3235 1665/3814/3234 1666/3816/3236
f 1638/3815/3235 1666/3816/3236 1639/3817/3237
f 1639/3817/3237 1666/3816/3236 1667/3818/3238
f 1639/3817/3237 1667/3818/3238 1668/3819/3239
f 1668/3819/3239 1667/3818/3238 1675/3820/3240
f 1668/3819/3239 1675/3820/3240 1662/3821/3241
f 1662/3821/3241 1675/3820/3240 1682/3822/3242
f 1662/3821/3241 1682/3822/3242 1661/3823/3243
f 1661/3823/3243 1682/3822/3242 1660/3824/3244
f 1660/3824/3244 1682/3822/3242 1659/3825/3245
f 1659/3825/3245 1682/3822/3242 1681/3826/3246
f 1659/3825/3245 1681/3826/3246 1658/3827/3247
f 1658/3827/3247 1681/3826/3246 1680/3828/3248
f 1658/3827/3247 1680/3828/3248 1657/3829/3249
f 1657/3829/3249 1680/3828/3248 1679/3830/3250
f 1657/3829/3249 1679/3830/3250 1678/3831/3251
f 1678/3831/3251 1679/3830/3250 1672/3832/3252
f 1678/3831/3251 1672/3832/3252 1671/3833/3253
f 1671/3833/3253 1672/3832/3252 1664/3812/3232
f 1671/3833/3253 1664/3812/3232 1663/3810/3230
f 1611/3808/3228 1610/3834/3254 1663/3810/3230
f 1663/3810/3230 1610/3834/3254 1670/3835/3255
f 1663/3810/3230 1670/3835/3255 1671/3833/3253
f 1671/3833/3253 1670/3835/3255 1677/3836/3256
f 1671/3833/3253 1677/3836/3256 1678/3831/3251
f 1678/3831/3251 1677/3836/3256 1656/3837/3257
f 1678/3831/3251 1656/3837/3257 1657/3829/3249
f 1610/3834/3254 1609/3838/3258 1670/3835/3255
f 1670/3835/3255 1609/3838/3258 1676/3839/3259
f 1670/3835/3255 1676/3839/3259 1677/3836/3256
f 1677/3836/3256 1676/3839/3259 1655/3840/3260
f 1677/3836/3256 1655/3840/3260 1656/3837/3257
f 1609/3838/3258 1608/3841/3261 1676/3839/3259
f 1676/3839/3259 1608/3841/3261 1607/3842/3262
f 1676/3839/3259 1607/3842/3262 1606/3843/3263
f 1606/3843/3263 1655/3840/3260 1676/3839/3259
f 1642/3844/3264 1641/3845/3265 1661/3823/3243
f 1661/3823/3243 1641/3845/3265 1662/3821/3241
f 1662/3821/3241 1641/3845/3265 1669/3846/3266
f 1669/3846/3266 1641/3845/3265 1640/3847/3267
f 1669/3846/3266 1640/3847/3267 1668/3819/3239
f 1668/3819/3239 1640/3847/3267 1639/3817/3237
f 1668/3819/3239 1662/3821/3241 1669/3846/3266
f 1664/3812/3232 1672/3832/3252 1665/3814/3234
f 1665/3814/3234 1672/3832/3252 1673/3848/3268
f 1665/3814/3234 1673/3848/3268 1666/3816/3236
f 1666/3816/3236 1673/3848/3268 1674/3849/3269
f 1666/3816/3236 1674/3849/3269 1667/3818/3238
f 1667/3818/3238 1674/3849/3269 1675/3820/3240
f 1672/3832/3252 1679/3830/3250 1673/3848/3268
f 1673/3848/3268 1679/3830/3250 1680/3828/3248
f 1673/3848/3268 1680/3828/3248 1674/3849/3269
f 1674/3849/3269 1680/3828/3248 1681/3826/3246
f 1674/3849/3269 1681/3826/3246 1675/3820/3240
f 1675/3820/3240 1681/3826/3246 1682/3822/3242
f 1655/3850/3270 1606/3851/3271 1690/3852/3272
f 1690/3852/3272 1606/3851/3271 1605/3853/3273
f 1690/3852/3272 1605/3853/3273 1695/3854/3274
f 1695/3854/3274 1605/3853/3273 1604/3855/3275
f 1695/3854/3274 1604/3855/3275 1683/3856/3276
f 1683/3856/3276 1684/3857/3277 1695/3854/3274
f 1695/3854/3274 1684/3857/3277 1696/3858/3278
f 1695/3854/3274 1696/3858/3278 1690/3852/3272
f 1690/3852/3272 1696/3858/3278 1691/3859/3279
f 1690/3852/3272 1691/3859/3279 1655/3850/3270
f 1655/3850/3270 1691/3859/3279 1656/3860/3280
f 1656/3860/3280 1691/3859/3279 1692/3861/3281
f 1656/3860/3280 1692/3861/3281 1657/3862/3282
f 1657/3862/3282 1692/3861/3281 1693/3863/3283
f 1657/3862/3282 1693/3863/3283 1658/3864/3284
f 1658/3864/3284 1693/3863/3283 1694/3865/3285
f 1658/3864/3284 1694/3865/3285 1659/3866/3286
f 1659/3866/3286 1694/3865/3285 1660/3867/3287
f 1696/3858/3278 1684/3857/3277 1700/3868/3288
f 1700/3868/3288 1684/3857/3277 1685/3869/3289
f 1700/3868/3288 1685/3869/3289 1701/3870/3290
f 1701/3870/3290 1685/3869/3289 1704/3871/3291
f 1701/3870/3290 1704/3871/3291 1705/3872/3292
f 1705/3872/3292 1704/3871/3291 1686/3873/3293
f 1705/3872/3292 1686/3873/3293 1708/3874/3294
f 1708/3874/3294 1686/3873/3293 1687/3875/3295
f 1708/3874/3294 1687/3875/3295 1688/3876/3296
f 1685/3869/3289 1686/3873/3293 1704/3871/3291
f 1708/3874/3294 1688/3876/3296 1707/3877/3297
f 1707/3877/3297 1688/3876/3296 1689/3878/3298
f 1707/3877/3297 1689/3878/3298 1660/3879/3299
f 1707/3877/3297 1660/3879/3299 1706/3880/3300
f 1706/3880/3300 1660/3881/3301 1703/3882/3302
f 1703/3882/3302 1660/3883/3303 1699/3884/3304
f 1699/3884/3304 1660/3885/3305 1694/3865/3285
f 1692/3861/3281 1691/3859/3279 1697/3886/3306
f 1697/3886/3306 1691/3859/3279 1696/3858/3278
f 1697/3886/3306 1696/3858/3278 1701/3870/3290
f 1701/3870/3290 1696/3858/3278 1700/3868/3288
f 1699/3884/3304 1694/3865/3285 1693/3863/3283
f 1693/3863/3283 1692/3861/3281 1698/3887/3307
f 1698/3887/3307 1692/3861/3281 1697/3886/3306
f 1698/3887/3307 1697/3886/3306 1702/3888/3308
f 1702/3888/3308 1697/3886/3306 1701/3870/3290
f 1702/3888/3308 1701/3870/3290 1705/3872/3292
f 1703/3882/3302 1699/3884/3304 1698/3887/3307
f 1698/3887/3307 1699/3884/3304 1693/3863/3283
f 1703/3882/3302 1698/3887/3307 1702/3888/3308
f 1706/3880/3300 1703/3882/3302 1702/3888/3308
f 1706/3880/3300 1702/3888/3308 1705/3872/3292
f 1707/3877/3297 1706/3880/3300 1705/3872/3292
f 1708/3874/3294 1707/3877/3297 1705/3872/3292
f 1603/3889/3172 1740/3890/3309 1604/3891/3310
f 1604/3891/3310 1740/3890/3309 1742/3892/3311
f 1604/3891/3310 1742/3892/3311 1683/3893/3312
f 1683/3893/3312 1742/3892/3311 1743/3894/3313
f 1683/3893/3312 1743/3894/3313 1684/3895/3314
f 1684/3895/3314 1743/3894/3313 1685/3896/3315
f 1685/3896/3315 1743/3894/3313 1745/3897/3316
f 1685/3896/3315 1745/3897/3316 1774/3898/3317
f 1774/3898/3317 1745/3897/3316 1734/3899/3318
f 1774/3898/3317 1734/3899/3318 1735/3900/3319
f 1740/3890/3309 1603/3889/3172 1746/3901/3320
f 1746/3901/3320 1603/3889/3172 1709/3902/3321
f 1746/3901/3320 1709/3902/3321 1710/3903/3322
f 1711/3904/3323 1712/3905/3324 1710/3903/3322
f 1710/3903/3322 1712/3905/3324 1746/3901/3320
f 1746/3901/3320 1712/3905/3324 1750/3906/3325
f 1750/3906/3325 1712/3905/3324 1713/3907/3326
f 1750/3906/3325 1713/3907/3326 1755/3908/3327
f 1755/3908/3327 1713/3907/3326 1741/3909/3328
f 1755/3908/3327 1741/3909/3328 1763/3910/3329
f 1763/3910/3329 1741/3909/3328 1715/3911/3330
f 1763/3910/3329 1715/3911/3330 1764/3912/3331
f 1764/3912/3331 1715/3911/3330 1768/3913/3332
f 1764/3912/3331 1768/3913/3332 1769/3914/3333
f 1769/3914/3333 1768/3913/3332 1717/3915/3334
f 1769/3914/3333 1717/3915/3334 1718/3916/3335
f 1713/3907/3326 1714/3917/3336 1741/3909/3328
f 1741/3909/3328 1714/3917/3336 1715/3911/3330
f 1715/3911/3330 1716/3918/3337 1768/3913/3332
f 1768/3913/3332 1716/3918/3337 1717/3915/3334
f 1769/3914/3333 1718/3916/3335 1770/3919/3338
f 1770/3919/3338 1718/3916/3335 1719/3920/3339
f 1770/3919/3338 1719/3920/3339 1771/3921/3340
f 1771/3921/3340 1719/3920/3339 1720/3922/3341
f 1771/3921/3340 1720/3922/3341 1721/3923/3342
f 1723/3924/3343 1724/3925/3344 1722/3926/3345
f 1722/3926/3345 1724/3925/3344 1721/3927/3346
f 1725/3928/3347 1772/3929/3348 1724/3925/3344
f 1724/3925/3344 1772/3929/3348 1752/3930/3349
f 1724/3925/3344 1752/3930/3349 1773/3931/3350
f 1773/3931/3350 1752/3930/3349 1721/3932/3351
f 1772/3929/3348 1725/3928/3347 1753/3933/3352
f 1753/3933/3352 1725/3928/3347 1726/3934/3353
f 1753/3933/3352 1726/3934/3353 1727/3935/3354
f 1753/3933/3352 1727/3935/3354 1754/3936/3355
f 1754/3936/3355 1727/3935/3354 1728/3937/3356
f 1754/3936/3355 1728/3937/3356 1729/3938/3357
f 1730/3939/3358 1751/3940/3359 1729/3938/3357
f 1729/3938/3357 1751/3940/3359 1756/3941/3360
f 1729/3938/3357 1756/3941/3360 1757/3942/3361
f 1757/3942/3361 1756/3941/3360 1762/3943/3362
f 1757/3942/3361 1762/3943/3362 1761/3944/3363
f 1761/3944/3363 1762/3943/3362 1766/3945/3364
f 1761/3944/3363 1766/3945/3364 1767/3946/3365
f 1767/3946/3365 1766/3945/3364 1771/3921/3340
f 1767/3946/3365 1771/3921/3340 1721/3947/3366
f 1751/3940/3359 1730/3939/3358 1739/3948/3367
f 1739/3948/3367 1730/3939/3358 1731/3949/3368
f 1739/3948/3367 1731/3949/3368 1748/3950/3369
f 1748/3950/3369 1731/3949/3368 1744/3951/3370
f 1748/3950/3369 1744/3951/3370 1743/3894/3313
f 1743/3894/3313 1744/3951/3370 1745/3897/3316
f 1731/3949/3368 1732/3952/3371 1744/3951/3370
f 1744/3951/3370 1732/3952/3371 1745/3897/3316
f 1732/3952/3371 1733/3953/3372 1745/3897/3316
f 1745/3897/3316 1733/3953/3372 1734/3899/3318
f 1735/3900/3319 1736/3954/3373 1774/3898/3317
f 1774/3898/3317 1736/3954/3373 1737/3955/3374
f 1774/3898/3317 1737/3955/3374 1738/3956/3375
f 1738/3956/3375 1686/3957/3376 1774/3898/3317
f 1774/3898/3317 1686/3957/3376 1685/3896/3315
f 1767/3946/3365 1721/3958/3377 1760/3959/3378
f 1760/3959/3378 1721/3960/3379 1759/3961/3380
f 1759/3961/3380 1721/3962/3381 1752/3930/3349
f 1773/3931/3350 1721/3963/3382 1724/3925/3344
f 1743/3894/3313 1742/3892/3311 1749/3964/3383
f 1749/3964/3383 1742/3892/3311 1740/3890/3309
f 1749/3964/3383 1740/3890/3309 1747/3965/3384
f 1747/3965/3384 1740/3890/3309 1746/3901/3320
f 1747/3965/3384 1746/3901/3320 1751/3940/3359
f 1751/3940/3359 1746/3901/3320 1750/3906/3325
f 1751/3940/3359 1750/3906/3325 1756/3941/3360
f 1756/3941/3360 1750/3906/3325 1755/3908/3327
f 1756/3941/3360 1755/3908/3327 1763/3910/3329
f 1747/3965/3384 1739/3948/3367 1749/3964/3383
f 1749/3964/3383 1739/3948/3367 1748/3950/3369
f 1749/3964/3383 1748/3950/3369 1743/3894/3313
f 1739/3948/3367 1747/3965/3384 1751/3940/3359
f 1752/3930/3349 1753/3933/3352 1759/3961/3380
f 1759/3961/3380 1753/3933/3352 1758/3966/3385
f 1759/3961/3380 1758/3966/3385 1760/3959/3378
f 1760/3959/3378 1758/3966/3385 1761/3944/3363
f 1760/3959/3378 1761/3944/3363 1767/3946/3365
f 1753/3933/3352 1754/3936/3355 1758/3966/3385
f 1758/3966/3385 1754/3936/3355 1757/3942/3361
f 1758/3966/3385 1757/3942/3361 1761/3944/3363
f 1753/3933/3352 1752/3930/3349 1772/3929/3348
f 1754/3936/3355 1729/3938/3357 1757/3942/3361
f 1762/3943/3362 1756/3941/3360 1763/3910/3329
f 1762/3943/3362 1763/3910/3329 1765/3967/3386
f 1765/3967/3386 1763/3910/3329 1764/3912/3331
f 1765/3967/3386 1764/3912/3331 1769/3914/3333
f 1762/3943/3362 1765/3967/3386 1766/3945/3364
f 1766/3945/3364 1765/3967/3386 1770/3919/3338
f 1766/3945/3364 1770/3919/3338 1771/3921/3340
f 1770/3919/3338 1765/3967/3386 1769/3914/3333
f 1603/3968/3172 1602/3969/3171 1709/3970/3321
f 1709/3970/3321 1602/3969/3171 1710/3971/3322
f 1710/3971/3322 1602/3969/3171 1711/3972/3323
f 1643/3973/3387 1620/3974/3388 1644/3975/3389
f 1644/3975/3389 1620/3974/3388 1619/3976/3390
f 1644/3975/3389 1619/3976/3390 1618/3977/3391
f 1644/3975/3389 1618/3977/3391 1645/3978/3392
f 1645/3978/3392 1618/3977/3391 1617/3979/3393
f 1645/3978/3392 1617/3979/3393 1646/3980/3394
f 1646/3980/3394 1617/3979/3393 1647/3981/3395
f 1647/3981/3395 1617/3979/3393 1616/3982/3396
f 1647/3981/3395 1616/3982/3396 1648/3983/3397
f 1648/3983/3397 1616/3982/3396 1615/3984/3398
f 1648/3983/3397 1615/3984/3398 1614/3985/3399
f 1613/3986/3400 1649/3987/3401 1614/3985/3399
f 1614/3985/3399 1649/3987/3401 1648/3983/3397
f 1621/3988/3196 1620/3989/3197 1776/3990/3402
f 1776/3990/3402 1620/3989/3197 1775/3991/3403
f 1711/3992/3323 1602/3993/3171 1712/3994/3404
f 1712/3994/3404 1602/3993/3171 1601/3995/3405
f 1712/3994/3404 1601/3995/3405 1713/3996/3406
f 1713/3996/3406 1601/3995/3405 1777/3997/3407
f 1713/3996/3406 1777/3997/3407 1714/3998/3408
f 1714/3998/3408 1777/3997/3407 1715/3999/3409
f 1715/3999/3409 1777/3997/3407 1716/4000/3410
f 1716/4000/3410 1777/3997/3407 1778/4001/3411
f 1716/4000/3410 1778/4001/3411 1790/4002/3412
f 1790/4002/3412 1778/4001/3411 1789/4003/3413
f 1789/4003/3413 1778/4001/3411 1779/4004/3414
f 1789/4003/3413 1779/4004/3414 1788/4005/3415
f 1788/4005/3415 1779/4004/3414 1787/4006/3416
f 1787/4006/3416 1779/4004/3414 1780/4007/3417
f 1787/4006/3416 1780/4007/3417 1786/4008/3418
f 1786/4008/3418 1780/4007/3417 1785/4009/3419
f 1785/4009/3419 1780/4007/3417 1781/4010/3420
f 1785/4009/3419 1781/4010/3420 1784/4011/3421
f 1784/4011/3421 1781/4010/3420 1782/4012/3422
f 1784/4011/3421 1782/4012/3422 1783/4013/3423
f 1790/4002/3412 1791/4014/3424 1716/4000/3410
f 1601/4015/3425 1629/4016/3426 1777/4017/3427
f 1777/4017/3427 1629/4016/3426 1628/4018/3428
f 1777/4017/3427 1628/4018/3428 1778/4019/3429
f 1778/4019/3429 1628/4018/3428 1627/4020/3430
f 1778/4019/3429 1627/4020/3430 1779/4021/3431
f 1779/4021/3431 1627/4020/3430 1626/4022/3432
f 1779/4021/3431 1626/4022/3432 1625/4023/3433
f 1779/4021/3431 1625/4023/3433 1780/4024/3434
f 1780/4024/3434 1625/4023/3433 1624/4025/3435
f 1780/4024/3434 1624/4025/3435 1781/4026/3436
f 1781/4026/3436 1624/4025/3435 1623/4027/3437
f 1781/4026/3436 1623/4027/3437 1622/4028/3438
f 1621/4029/3439 1782/4030/3440 1622/4028/3438
f 1622/4028/3438 1782/4030/3440 1781/4026/3436
f 1791/4031/3441 1802/4032/3442 1716/4033/3443
f 1716/4033/3443 1802/4032/3442 1804/4034/3444
f 1716/4033/3443 1804/4034/3444 1717/4035/3445
f 1717/4035/3445 1804/4034/3444 1805/4036/3446
f 1717/4035/3445 1805/4036/3446 1718/4037/3447
f 1718/4037/3447 1805/4036/3446 1806/4038/3448
f 1718/4037/3447 1806/4038/3448 1719/4039/3449
f 1719/4039/3449 1806/4038/3448 1807/4040/3450
f 1719/4039/3449 1807/4040/3450 1808/4041/3451
f 1808/4041/3451 1807/4040/3450 1816/4042/3452
f 1808/4041/3451 1816/4042/3452 1815/4043/3453
f 1815/4043/3453 1816/4042/3452 1809/4044/3454
f 1815/4043/3453 1809/4044/3454 1801/4045/3455
f 1801/4045/3455 1809/4044/3454 1799/4046/3456
f 1801/4045/3455 1799/4046/3456 1800/4047/3457
f 1791/4031/3441 1792/4048/3458 1802/4032/3442
f 1802/4032/3442 1792/4048/3458 1814/4049/3459
f 1802/4032/3442 1814/4049/3459 1813/4050/3460
f 1813/4050/3460 1814/4049/3459 1794/4051/3461
f 1813/4050/3460 1794/4051/3461 1795/4052/3462
f 1792/4048/3458 1793/4053/3463 1814/4049/3459
f 1814/4049/3459 1793/4053/3463 1794/4051/3461
f 1813/4050/3460 1795/4052/3462 1812/4054/3464
f 1812/4054/3464 1795/4052/3462 1796/4055/3465
f 1812/4054/3464 1796/4055/3465 1811/4056/3466
f 1811/4056/3466 1796/4055/3465 1797/4057/3467
f 1811/4056/3466 1797/4057/3467 1810/4058/3468
f 1810/4058/3468 1797/4057/3467 1798/4059/3469
f 1810/4058/3468 1798/4059/3469 1809/4044/3454
f 1809/4044/3454 1798/4059/3469 1799/4046/3456
f 1815/4043/3453 1801/4045/3455 1803/4060/3470
f 1803/4060/3470 1801/4045/3455 1721/4061/3471
f 1803/4060/3470 1721/4061/3471 1720/4062/3472
f 1803/4060/3470 1720/4062/3472 1808/4041/3451
f 1808/4041/3451 1720/4062/3472 1719/4039/3449
f 1805/4036/3446 1804/4034/3444 1819/4063/3473
f 1819/4063/3473 1804/4034/3444 1802/4032/3442
f 1819/4063/3473 1802/4032/3442 1813/4050/3460
f 1806/4038/3448 1805/4036/3446 1818/4064/3474
f 1818/4064/3474 1805/4036/3446 1819/4063/3473
f 1818/4064/3474 1819/4063/3473 1812/4054/3464
f 1812/4054/3464 1819/4063/3473 1813/4050/3460
f 1807/4040/3450 1806/4038/3448 1817/4065/3475
f 1817/4065/3475 1806/4038/3448 1818/4064/3474
f 1817/4065/3475 1818/4064/3474 1811/4056/3466
f 1811/4056/3466 1818/4064/3474 1812/4054/3464
f 1815/4043/3453 1803/4060/3470 1808/4041/3451
f 1817/4065/3475 1811/4056/3466 1810/4058/3468
f 1817/4065/3475 1810/4058/3468 1816/4042/3452
f 1816/4042/3452 1810/4058/3468 1809/4044/3454
f 1807/4040/3450 1817/4065/3475 1816/4042/3452
f 1791/4066/3476 1790/4067/3477 1792/4068/3478
f 1792/4068/3478 1790/4067/3477 1793/4069/3479
f 1793/4069/3479 1790/4067/3477 1820/4070/3480
f 1793/4069/3479 1820/4070/3480 1794/4071/3481
f 1794/4071/3481 1820/4070/3480 1821/4072/3482
f 1794/4071/3481 1821/4072/3482 1795/4073/3483
f 1795/4073/3483 1821/4072/3482 1822/4074/3484
f 1795/4073/3483 1822/4074/3484 1796/4075/3485
f 1796/4075/3485 1822/4074/3484 1823/4076/3486
f 1796/4075/3485 1823/4076/3486 1797/4077/3487
f 1797/4077/3487 1823/4076/3486 1824/4078/3488
f 1797/4077/3487 1824/4078/3488 1798/4079/3489
f 1798/4079/3489 1824/4078/3488 1825/4080/3490
f 1798/4079/3489 1825/4080/3490 1799/4081/3491
f 1799/4081/3491 1825/4080/3490 1826/4082/3492
f 1799/4081/3491 1826/4082/3492 1800/4083/3493
f 1790/4084/3494 1789/4085/3495 1820/4086/3496
f 1820/4086/3496 1789/4085/3495 1788/4087/3497
f 1820/4086/3496 1788/4087/3497 1821/4088/3498
f 1821/4088/3498 1788/4087/3497 1787/4089/3499
f 1821/4088/3498 1787/4089/3499 1822/4090/3500
f 1822/4090/3500 1787/4089/3499 1786/4091/3501
f 1822/4090/3500 1786/4091/3501 1823/4092/3502
f 1823/4092/3502 1786/4091/3501 1785/4093/3503
f 1823/4092/3502 1785/4093/3503 1824/4094/3504
f 1824/4094/3504 1785/4093/3503 1784/4095/3505
f 1824/4094/3504 1784/4095/3505 1825/4096/3506
f 1825/4096/3506 1784/4095/3505 1783/4097/3507
f 1825/4096/3506 1783/4097/3507 1826/4098/3508
f 1783/4099/3423 1782/4100/3422 1828/4101/3509
f 1828/4101/3509 1782/4100/3422 1827/4102/3510
f 1833/4103/3511 1642/4104/3512 1832/4105/3513
f 1832/4105/3513 1642/4104/3512 1661/4106/3514
f 1832/4105/3513 1661/4106/3514 1831/4107/3515
f 1831/4107/3515 1661/4106/3514 1830/4108/3516
f 1830/4108/3516 1661/4106/3514 1660/4109/3244
f 1830/4108/3516 1660/4109/3244 1829/4110/3517
f 1620/4111/3388 1643/4112/3387 1775/4113/3518
f 1775/4113/3518 1643/4112/3387 1834/4114/3519
f 1643/4115/3220 1642/4116/3222 1834/4117/3520
f 1834/4117/3520 1642/4116/3222 1833/4118/3521
f 1689/4119/3522 1688/4120/3523 1660/4121/3524
f 1660/4121/3524 1688/4120/3523 1687/4122/3525
f 1660/4121/3524 1687/4122/3525 1837/4123/3526
f 1837/4123/3526 1687/4122/3525 1737/4124/3527
f 1837/4123/3526 1737/4124/3527 1736/4125/3528
f 1686/4126/3529 1738/4127/3530 1687/4122/3525
f 1687/4122/3525 1738/4127/3530 1737/4124/3527
f 1736/4125/3528 1735/4128/3531 1837/4123/3526
f 1837/4123/3526 1735/4128/3531 1734/4129/3532
f 1837/4123/3526 1734/4129/3532 1733/4130/3533
f 1733/4130/3533 1732/4131/3534 1837/4123/3526
f 1837/4123/3526 1732/4131/3534 1836/4132/3535
f 1836/4132/3535 1732/4131/3534 1731/4133/3536
f 1836/4132/3535 1731/4133/3536 1730/4134/3537
f 1729/4135/3538 1835/4136/3539 1730/4134/3537
f 1730/4134/3537 1835/4136/3539 1836/4132/3535
f 1837/4123/3526 1838/4137/3540 1660/4121/3524
f 1660/4121/3524 1838/4137/3540 1829/4138/3541
f 1729/4139/3542 1728/4140/3543 1835/4141/3544
f 1835/4141/3544 1728/4140/3543 1846/4142/3545
f 1846/4142/3545 1728/4140/3543 1845/4143/3546
f 1845/4143/3546 1728/4140/3543 1844/4144/3547
f 1844/4144/3547 1728/4140/3543 1727/4145/3548
f 1844/4144/3547 1727/4145/3548 1843/4146/3549
f 1843/4146/3549 1727/4145/3548 1842/4147/3550
f 1842/4147/3550 1727/4145/3548 1726/4148/3551
f 1842/4147/3550 1726/4148/3551 1841/4149/3552
f 1841/4149/3552 1726/4148/3551 1725/4150/3553
f 1841/4149/3552 1725/4150/3553 1840/4151/3554
f 1840/4151/3554 1725/4150/3553 1724/4152/3555
f 1840/4151/3554 1724/4152/3555 1723/4153/3556
f 1722/4154/3557 1721/4155/3558 1723/4153/3556
f 1723/4153/3556 1721/4155/3558 1839/4156/3559
f 1723/4153/3556 1839/4156/3559 1840/4151/3554
f 1839/4157/3560 1721/4158/3471 1850/4159/3561
f 1850/4159/3561 1721/4158/3471 1801/4160/3562
f 1850/4159/3561 1801/4160/3562 1849/4161/3563
f 1849/4161/3563 1801/4160/3562 1848/4162/3564
f 1848/4162/3564 1801/4160/3562 1800/4163/3457
f 1848/4162/3564 1800/4163/3457 1847/4164/3565
f 1800/4165/3493 1826/4166/3492 1847/4167/3566
f 1847/4167/3566 1826/4166/3492 1851/4168/3567
f 1826/4169/3508 1783/4170/3507 1851/4171/3568
f 1851/4171/3568 1783/4170/3507 1828/4172/3569
f 1782/4173/3440 1621/4174/3439 1827/4175/3570
f 1827/4175/3570 1621/4174/3439 1776/4176/3571
f 1853/4177/3572 1854/4178/3573 1852/4179/3574
f 1852/4179/3574 1854/4178/3573 1871/4180/3575
f 1871/4180/3575 1854/4178/3573 1870/4181/3576
f 1870/4181/3576 1854/4178/3573 1888/4182/3577
f 1870/4181/3576 1888/4182/3577 1889/4183/3578
f 1889/4183/3578 1888/4182/3577 1916/4184/3579
f 1889/4183/3578 1916/4184/3579 1917/4185/3580
f 1917/4185/3580 1916/4184/3579 1944/4186/3581
f 1917/4185/3580 1944/4186/3581 1945/4187/3582
f 1945/4187/3582 1944/4186/3581 1972/4188/3583
f 1945/4187/3582 1972/4188/3583 1973/4189/3584
f 1973/4189/3584 1972/4188/3583 2000/4190/3585
f 1973/4189/3584 2000/4190/3585 2001/4191/3586
f 2001/4191/3586 2000/4190/3585 1863/4192/3587
f 2001/4191/3586 1863/4192/3587 2002/4193/3588
f 2002/4193/3588 1863/4192/3587 2003/4194/3589
f 2002/4193/3588 2003/4194/3589 1975/4195/3590
f 1975/4195/3590 2003/4194/3589 1976/4196/3591
f 1975/4195/3590 1976/4196/3591 1948/4197/3592
f 1948/4197/3592 1976/4196/3591 1949/4198/3593
f 1948/4197/3592 1949/4198/3593 1921/4199/3594
f 1921/4199/3594 1949/4198/3593 1922/4200/3595
f 1921/4199/3594 1922/4200/3595 1894/4201/3596
f 1894/4201/3596 1922/4200/3595 1895/4202/3597
f 1894/4201/3596 1895/4202/3597 1870/4181/3576
f 1870/4181/3576 1895/4202/3597 1896/4203/3598
f 1870/4181/3576 1896/4203/3598 1897/4204/3599
f 1897/4204/3599 1896/4203/3598 1924/4205/3600
f 1897/4204/3599 1924/4205/3600 1925/4206/3601
f 1925/4206/3601 1924/4205/3600 1952/4207/3602
f 1925/4206/3601 1952/4207/3602 1868/4208/3603
f 1868/4208/3603 1952/4207/3602 1867/4209/3604
f 1867/4209/3604 1952/4207/3602 1866/4210/3605
f 1866/4210/3605 1952/4207/3602 1979/4211/3606
f 1866/4210/3605 1979/4211/3606 1865/4212/3607
f 1865/4212/3607 1979/4211/3606 2006/4213/3608
f 1865/4212/3607 2006/4213/3608 1864/4214/3609
f 1864/4214/3609 2006/4213/3608 1863/4192/3587
f 1863/4192/3587 2006/4213/3608 2005/4215/3610
f 1863/4192/3587 2005/4215/3610 2004/4216/3611
f 2004/4216/3611 2005/4215/3610 1977/4217/3612
f 2004/4216/3611 1977/4217/3612 1976/4196/3591
f 1976/4196/3591 1977/4217/3612 1949/4198/3593
f 1855/4218/3613 1872/4219/3614 1854/4178/3573
f 1854/4178/3573 1872/4219/3614 1873/4220/3615
f 1854/4178/3573 1873/4220/3615 1874/4221/3616
f 1874/4221/3616 1873/4220/3615 1901/4222/3617
f 1874/4221/3616 1901/4222/3617 1902/4223/3618
f 1902/4223/3618 1901/4222/3617 1929/4224/3619
f 1902/4223/3618 1929/4224/3619 1930/4225/3620
f 1930/4225/3620 1929/4224/3619 1957/4226/3621
f 1930/4225/3620 1957/4226/3621 1958/4227/3622
f 1958/4227/3622 1957/4226/3621 1985/4228/3623
f 1958/4227/3622 1985/4228/3623 1986/4229/3624
f 1986/4229/3624 1985/4228/3623 1861/4230/3625
f 1986/4229/3624 1861/4230/3625 1987/4231/3626
f 1987/4231/3626 1861/4230/3625 1988/4232/3627
f 1987/4231/3626 1988/4232/3627 1960/4233/3628
f 1960/4233/3628 1988/4232/3627 1961/4234/3629
f 1960/4233/3628 1961/4234/3629 1933/4235/3630
f 1933/4235/3630 1961/4234/3629 1934/4236/3631
f 1933/4235/3630 1934/4236/3631 1906/4237/3632
f 1906/4237/3632 1934/4236/3631 1907/4238/3633
f 1906/4237/3632 1907/4238/3633 1879/4239/3634
f 1879/4239/3634 1907/4238/3633 1880/4240/3635
f 1879/4239/3634 1880/4240/3635 1854/4178/3573
f 1854/4178/3573 1880/4240/3635 1881/4241/3636
f 1854/4178/3573 1881/4241/3636 1882/4242/3637
f 1882/4242/3637 1881/4241/3636 1909/4243/3638
f 1882/4242/3637 1909/4243/3638 1910/4244/3639
f 1910/4244/3639 1909/4243/3638 1937/4245/3640
f 1910/4244/3639 1937/4245/3640 1938/4246/3641
f 1938/4246/3641 1937/4245/3640 1965/4247/3642
f 1938/4246/3641 1965/4247/3642 1966/4248/3643
f 1966/4248/3643 1965/4247/3642 1993/4249/3644
f 1966/4248/3643 1993/4249/3644 1994/4250/3645
f 1994/4250/3645 1993/4249/3644 1863/4192/3587
f 1994/4250/3645 1863/4192/3587 1995/4251/3646
f 1995/4251/3646 1863/4192/3587 1996/4252/3647
f 1995/4251/3646 1996/4252/3647 1968/4253/3648
f 1968/4253/3648 1996/4252/3647 1969/4254/3649
f 1968/4253/3648 1969/4254/3649 1941/4255/3650
f 1941/4255/3650 1969/4254/3649 1942/4256/3651
f 1941/4255/3650 1942/4256/3651 1914/4257/3652
f 1914/4257/3652 1942/4256/3651 1915/4258/3653
f 1914/4257/3652 1915/4258/3653 1887/4259/3654
f 1887/4259/3654 1915/4258/3653 1888/4182/3577
f 1887/4259/3654 1888/4182/3577 1854/4178/3573
f 1855/4218/3613 1856/4260/3655 1872/4219/3614
f 1872/4219/3614 1856/4260/3655 1899/4261/3656
f 1872/4219/3614 1899/4261/3656 1900/4262/3657
f 1900/4262/3657 1899/4261/3656 1927/4263/3658
f 1900/4262/3657 1927/4263/3658 1928/4264/3659
f 1928/4264/3659 1927/4263/3658 1955/4265/3660
f 1928/4264/3659 1955/4265/3660 1956/4266/3661
f 1956/4266/3661 1955/4265/3660 1983/4267/3662
f 1956/4266/3661 1983/4267/3662 1984/4268/3663
f 1984/4268/3663 1983/4267/3662 1861/4230/3625
f 1984/4268/3663 1861/4230/3625 1985/4228/3623
f 1856/4260/3655 1857/4269/3664 1899/4261/3656
f 1899/4261/3656 1857/4269/3664 1926/4270/3665
f 1899/4261/3656 1926/4270/3665 1927/4263/3658
f 1927/4263/3658 1926/4270/3665 1954/4271/3666
f 1927/4263/3658 1954/4271/3666 1955/4265/3660
f 1955/4265/3660 1954/4271/3666 1982/4272/3667
f 1955/4265/3660 1982/4272/3667 1983/4267/3662
f 1983/4267/3662 1982/4272/3667 1861/4230/3625
f 1857/4269/3664 1858/4273/3668 1926/4270/3665
f 1926/4270/3665 1858/4273/3668 1859/4274/3669
f 1926/4270/3665 1859/4274/3669 1953/4275/3670
f 1953/4275/3670 1859/4274/3669 1860/4276/3671
f 1953/4275/3670 1860/4276/3671 1980/4277/3672
f 1980/4277/3672 1860/4276/3671 1861/4230/3625
f 1980/4277/3672 1861/4230/3625 1981/4278/3673
f 1981/4278/3673 1861/4230/3625 1982/4272/3667
f 1981/4278/3673 1982/4272/3667 1954/4271/3666
f 1862/4279/3674 1863/4192/3587 1861/4230/3625
f 1861/4230/3625 1863/4192/3587 1988/4232/3627
f 1868/4208/3603 1869/4280/3675 1925/4206/3601
f 1925/4206/3601 1869/4280/3675 1898/4281/3676
f 1925/4206/3601 1898/4281/3676 1897/4204/3599
f 1897/4204/3599 1898/4281/3676 1870/4181/3576
f 1869/4280/3675 1870/4181/3576 1898/4281/3676
f 1901/4222/3617 1873/4220/3615 1900/4262/3657
f 1900/4262/3657 1873/4220/3615 1872/4219/3614
f 1874/4221/3616 1875/4282/3677 1854/4178/3573
f 1854/4178/3573 1875/4282/3677 1876/4283/3678
f 1854/4178/3573 1876/4283/3678 1877/4284/3679
f 1877/4284/3679 1876/4283/3678 1904/4285/3680
f 1877/4284/3679 1904/4285/3680 1905/4286/3681
f 1905/4286/3681 1904/4285/3680 1932/4287/3682
f 1905/4286/3681 1932/4287/3682 1933/4235/3630
f 1933/4235/3630 1932/4287/3682 1960/4233/3628
f 1874/4221/3616 1902/4223/3618 1875/4282/3677
f 1875/4282/3677 1902/4223/3618 1903/4288/3683
f 1875/4282/3677 1903/4288/3683 1876/4283/3678
f 1876/4283/3678 1903/4288/3683 1904/4285/3680
f 1879/4239/3634 1854/4178/3573 1878/4289/3684
f 1878/4289/3684 1854/4178/3573 1877/4284/3679
f 1878/4289/3684 1877/4284/3679 1905/4286/3681
f 1906/4237/3632 1879/4239/3634 1878/4289/3684
f 1906/4237/3632 1878/4289/3684 1905/4286/3681
f 1881/4241/3636 1880/4240/3635 1908/4290/3685
f 1908/4290/3685 1880/4240/3635 1907/4238/3633
f 1908/4290/3685 1907/4238/3633 1935/4291/3686
f 1935/4291/3686 1907/4238/3633 1934/4236/3631
f 1935/4291/3686 1934/4236/3631 1962/4292/3687
f 1962/4292/3687 1934/4236/3631 1961/4234/3629
f 1962/4292/3687 1961/4234/3629 1989/4293/3688
f 1989/4293/3688 1961/4234/3629 1988/4232/3627
f 1989/4293/3688 1988/4232/3627 1863/4192/3587
f 1882/4242/3637 1883/4294/3689 1854/4178/3573
f 1854/4178/3573 1883/4294/3689 1884/4295/3690
f 1854/4178/3573 1884/4295/3690 1885/4296/3691
f 1885/4296/3691 1884/4295/3690 1912/4297/3692
f 1885/4296/3691 1912/4297/3692 1913/4298/3693
f 1913/4298/3693 1912/4297/3692 1940/4299/3694
f 1913/4298/3693 1940/4299/3694 1941/4255/3650
f 1941/4255/3650 1940/4299/3694 1968/4253/3648
f 1882/4242/3637 1910/4244/3639 1883/4294/3689
f 1883/4294/3689 1910/4244/3639 1911/4300/3695
f 1883/4294/3689 1911/4300/3695 1884/4295/3690
f 1884/4295/3690 1911/4300/3695 1912/4297/3692
f 1887/4259/3654 1854/4178/3573 1886/4301/3696
f 1886/4301/3696 1854/4178/3573 1885/4296/3691
f 1886/4301/3696 1885/4296/3691 1913/4298/3693
f 1914/4257/3652 1887/4259/3654 1886/4301/3696
f 1914/4257/3652 1886/4301/3696 1913/4298/3693
f 1916/4184/3579 1888/4182/3577 1915/4258/3653
f 1889/4183/3578 1890/4302/3697 1870/4181/3576
f 1870/4181/3576 1890/4302/3697 1891/4303/3698
f 1870/4181/3576 1891/4303/3698 1892/4304/3699
f 1892/4304/3699 1891/4303/3698 1919/4305/3700
f 1892/4304/3699 1919/4305/3700 1920/4306/3701
f 1920/4306/3701 1919/4305/3700 1947/4307/3702
f 1920/4306/3701 1947/4307/3702 1948/4197/3592
f 1948/4197/3592 1947/4307/3702 1975/4195/3590
f 1889/4183/3578 1917/4185/3580 1890/4302/3697
f 1890/4302/3697 1917/4185/3580 1918/4308/3703
f 1890/4302/3697 1918/4308/3703 1891/4303/3698
f 1891/4303/3698 1918/4308/3703 1919/4305/3700
f 1894/4201/3596 1870/4181/3576 1893/4309/3704
f 1893/4309/3704 1870/4181/3576 1892/4304/3699
f 1893/4309/3704 1892/4304/3699 1920/4306/3701
f 1921/4199/3594 1894/4201/3596 1893/4309/3704
f 1921/4199/3594 1893/4309/3704 1920/4306/3701
f 1896/4203/3598 1895/4202/3597 1923/4310/3705
f 1923/4310/3705 1895/4202/3597 1922/4200/3595
f 1923/4310/3705 1922/4200/3595 1950/4311/3706
f 1950/4311/3706 1922/4200/3595 1949/4198/3593
f 1950/4311/3706 1949/4198/3593 1977/4217/3612
f 1929/4224/3619 1901/4222/3617 1928/4264/3659
f 1928/4264/3659 1901/4222/3617 1900/4262/3657
f 1902/4223/3618 1930/4225/3620 1903/4288/3683
f 1903/4288/3683 1930/4225/3620 1931/4312/3707
f 1903/4288/3683 1931/4312/3707 1904/4285/3680
f 1904/4285/3680 1931/4312/3707 1932/4287/3682
f 1933/4235/3630 1906/4237/3632 1905/4286/3681
f 1881/4241/3636 1908/4290/3685 1909/4243/3638
f 1909/4243/3638 1908/4290/3685 1936/4313/3708
f 1909/4243/3638 1936/4313/3708 1937/4245/3640
f 1937/4245/3640 1936/4313/3708 1964/4314/3709
f 1937/4245/3640 1964/4314/3709 1965/4247/3642
f 1965/4247/3642 1964/4314/3709 1992/4315/3710
f 1965/4247/3642 1992/4315/3710 1993/4249/3644
f 1993/4249/3644 1992/4315/3710 1863/4192/3587
f 1936/4313/3708 1908/4290/3685 1935/4291/3686
f 1910/4244/3639 1938/4246/3641 1911/4300/3695
f 1911/4300/3695 1938/4246/3641 1939/4316/3711
f 1911/4300/3695 1939/4316/3711 1912/4297/3692
f 1912/4297/3692 1939/4316/3711 1940/4299/3694
f 1941/4255/3650 1914/4257/3652 1913/4298/3693
f 1916/4184/3579 1915/4258/3653 1943/4317/3712
f 1943/4317/3712 1915/4258/3653 1942/4256/3651
f 1943/4317/3712 1942/4256/3651 1970/4318/3713
f 1970/4318/3713 1942/4256/3651 1969/4254/3649
f 1970/4318/3713 1969/4254/3649 1997/4319/3714
f 1997/4319/3714 1969/4254/3649 1996/4252/3647
f 1997/4319/3714 1996/4252/3647 1863/4192/3587
f 1917/4185/3580 1945/4187/3582 1918/4308/3703
f 1918/4308/3703 1945/4187/3582 1946/4320/3715
f 1918/4308/3703 1946/4320/3715 1919/4305/3700
f 1919/4305/3700 1946/4320/3715 1947/4307/3702
f 1948/4197/3592 1921/4199/3594 1920/4306/3701
f 1896/4203/3598 1923/4310/3705 1924/4205/3600
f 1924/4205/3600 1923/4310/3705 1951/4321/3716
f 1924/4205/3600 1951/4321/3716 1952/4207/3602
f 1952/4207/3602 1951/4321/3716 1979/4211/3606
f 1951/4321/3716 1923/4310/3705 1950/4311/3706
f 1957/4226/3621 1929/4224/3619 1956/4266/3661
f 1956/4266/3661 1929/4224/3619 1928/4264/3659
f 1930/4225/3620 1958/4227/3622 1931/4312/3707
f 1931/4312/3707 1958/4227/3622 1959/4322/3717
f 1931/4312/3707 1959/4322/3717 1932/4287/3682
f 1932/4287/3682 1959/4322/3717 1960/4233/3628
f 1936/4313/3708 1935/4291/3686 1963/4323/3718
f 1963/4323/3718 1935/4291/3686 1962/4292/3687
f 1963/4323/3718 1962/4292/3687 1990/4324/3719
f 1990/4324/3719 1962/4292/3687 1989/4293/3688
f 1990/4324/3719 1989/4293/3688 1863/4192/3587
f 1938/4246/3641 1966/4248/3643 1939/4316/3711
f 1939/4316/3711 1966/4248/3643 1967/4325/3720
f 1939/4316/3711 1967/4325/3720 1940/4299/3694
f 1940/4299/3694 1967/4325/3720 1968/4253/3648
f 1916/4184/3579 1943/4317/3712 1944/4186/3581
f 1944/4186/3581 1943/4317/3712 1971/4326/3721
f 1944/4186/3581 1971/4326/3721 1972/4188/3583
f 1972/4188/3583 1971/4326/3721 1999/4327/3722
f 1972/4188/3583 1999/4327/3722 2000/4190/3585
f 2000/4190/3585 1999/4327/3722 1863/4192/3587
f 1971/4326/3721 1943/4317/3712 1970/4318/3713
f 1945/4187/3582 1973/4189/3584 1946/4320/3715
f 1946/4320/3715 1973/4189/3584 1974/4328/3723
f 1946/4320/3715 1974/4328/3723 1947/4307/3702
f 1947/4307/3702 1974/4328/3723 1975/4195/3590
f 1951/4321/3716 1950/4311/3706 1978/4329/3724
f 1978/4329/3724 1950/4311/3706 1977/4217/3612
f 1978/4329/3724 1977/4217/3612 2005/4215/3610
f 1981/4278/3673 1954/4271/3666 1953/4275/3670
f 1953/4275/3670 1954/4271/3666 1926/4270/3665
f 1980/4277/3672 1981/4278/3673 1953/4275/3670
f 1985/4228/3623 1957/4226/3621 1984/4268/3663
f 1984/4268/3663 1957/4226/3621 1956/4266/3661
f 1987/4231/3626 1960/4233/3628 1959/4322/3717
f 1987/4231/3626 1959/4322/3717 1986/4229/3624
f 1986/4229/3624 1959/4322/3717 1958/4227/3622
f 1936/4313/3708 1963/4323/3718 1964/4314/3709
f 1964/4314/3709 1963/4323/3718 1991/4330/3725
f 1964/4314/3709 1991/4330/3725 1992/4315/3710
f 1992/4315/3710 1991/4330/3725 1863/4192/3587
f 1991/4330/3725 1963/4323/3718 1990/4324/3719
f 1995/4251/3646 1968/4253/3648 1967/4325/3720
f 1995/4251/3646 1967/4325/3720 1994/4250/3645
f 1994/4250/3645 1967/4325/3720 1966/4248/3643
f 1971/4326/3721 1970/4318/3713 1998/4331/3726
f 1998/4331/3726 1970/4318/3713 1997/4319/3714
f 1998/4331/3726 1997/4319/3714 1863/4192/3587
f 2002/4193/3588 1975/4195/3590 1974/4328/3723
f 2002/4193/3588 1974/4328/3723 2001/4191/3586
f 2001/4191/3586 1974/4328/3723 1973/4189/3584
f 2004/4216/3611 1976/4196/3591 2003/4194/3589
f 2006/4213/3608 1979/4211/3606 1978/4329/3724
f 1978/4329/3724 1979/4211/3606 1951/4321/3716
f 2006/4213/3608 1978/4329/3724 2005/4215/3610
f 1863/4192/3587 1991/4330/3725 1990/4324/3719
f 1863/4192/3587 1999/4327/3722 1998/4331/3726
f 1998/4331/3726 1999/4327/3722 1971/4326/3721
f 1863/4192/3587 2004/4216/3611 2003/4194/3589
f 1853/4332/3727 2007/4333/3728 1854/4334/3729
f 1854/4334/3729 2007/4333/3728 2018/4335/3730
f 1854/4334/3729 2018/4335/3730 1855/4336/3731
f 1855/4336/3731 2018/4335/3730 1856/4337/3732
f 1856/4337/3732 2018/4335/3730 2020/4338/3733
f 1856/4337/3732 2020/4338/3733 1857/4339/3734
f 1857/4339/3734 2020/4338/3733 2022/4340/3735
f 1857/4339/3734 2022/4340/3735 1858/4341/3736
f 1858/4341/3736 2022/4340/3735 1859/4342/3737
f 1859/4342/3737 2022/4340/3735 2024/4343/3738
f 1859/4342/3737 2024/4343/3738 1860/4344/3739
f 1860/4344/3739 2024/4343/3738 2026/4345/3740
f 1860/4344/3739 2026/4345/3740 1861/4346/3741
f 1861/4346/3741 2026/4345/3740 1862/4347/3674
f 1862/4347/3674 2026/4345/3740 2025/4348/3742
f 1862/4347/3674 2025/4348/3742 2015/4349/3743
f 2015/4349/3743 2025/4348/3742 2014/4350/3744
f 2014/4350/3744 2025/4348/3742 2023/4351/3745
f 2014/4350/3744 2023/4351/3745 2013/4352/3746
f 2013/4352/3746 2023/4351/3745 2021/4353/3747
f 2013/4352/3746 2021/4353/3747 2012/4354/3748
f 2012/4354/3748 2021/4353/3747 2011/4355/3749
f 2011/4355/3749 2021/4353/3747 2019/4356/3750
f 2011/4355/3749 2019/4356/3750 2010/4357/3751
f 2010/4357/3751 2019/4356/3750 2017/4358/3752
f 2010/4357/3751 2017/4358/3752 2009/4359/3753
f 2009/4359/3753 2017/4358/3752 2008/4360/3754
f 2008/4360/3754 2017/4358/3752 2007/4333/3728
f 2007/4333/3728 2017/4358/3752 2018/4335/3730
f 2015/4349/3743 2016/4361/3755 1862/4347/3674
f 2020/4338/3733 2018/4335/3730 2017/4358/3752
f 2022/4340/3735 2020/4338/3733 2019/4356/3750
f 2019/4356/3750 2020/4338/3733 2017/4358/3752
f 2024/4343/3738 2022/4340/3735 2021/4353/3747
f 2021/4353/3747 2022/4340/3735 2019/4356/3750
f 2026/4345/3740 2024/4343/3738 2023/4351/3745
f 2023/4351/3745 2024/4343/3738 2021/4353/3747
f 2025/4348/3742 2026/4345/3740 2023/4351/3745
f 2028/4362/3756 2029/4363/3757 2027/4364/3758
f 2027/4364/3758 2029/4363/3757 2046/4365/3759
f 2046/4365/3759 2029/4363/3757 2045/4366/3760
f 2045/4366/3760 2029/4363/3757 2063/4367/3761
f 2045/4366/3760 2063/4367/3761 2064/4368/3762
f 2064/4368/3762 2063/4367/3761 2091/4369/3763
f 2064/4368/3762 2091/4369/3763 2092/4370/3764
f 2092/4370/3764 2091/4369/3763 2119/4371/3765
f 2092/4370/3764 2119/4371/3765 2120/4372/3766
f 2120/4372/3766 2119/4371/3765 2147/4373/3767
f 2120/4372/3766 2147/4373/3767 2148/4374/3768
f 2148/4374/3768 2147/4373/3767 2175/4375/3769
f 2148/4374/3768 2175/4375/3769 2176/4376/3770
f 2176/4376/3770 2175/4375/3769 2038/4377/3771
f 2176/4376/3770 2038/4377/3771 2177/4378/3772
f 2177/4378/3772 2038/4377/3771 2178/4379/3773
f 2177/4378/3772 2178/4379/3773 2150/4380/3774
f 2150/4380/3774 2178/4379/3773 2151/4381/3775
f 2150/4380/3774 2151/4381/3775 2123/4382/3776
f 2123/4382/3776 2151/4381/3775 2124/4383/3777
f 2123/4382/3776 2124/4383/3777 2096/4384/3778
f 2096/4384/3778 2124/4383/3777 2097/4385/3779
f 2096/4384/3778 2097/4385/3779 2069/4386/3780
f 2069/4386/3780 2097/4385/3779 2070/4387/3781
f 2069/4386/3780 2070/4387/3781 2045/4366/3760
f 2045/4366/3760 2070/4387/3781 2071/4388/3782
f 2045/4366/3760 2071/4388/3782 2072/4389/3783
f 2072/4389/3783 2071/4388/3782 2099/4390/3784
f 2072/4389/3783 2099/4390/3784 2100/4391/3785
f 2100/4391/3785 2099/4390/3784 2127/4392/3786
f 2100/4391/3785 2127/4392/3786 2043/4393/3787
f 2043/4393/3787 2127/4392/3786 2042/4394/3788
f 2042/4394/3788 2127/4392/3786 2041/4395/3789
f 2041/4395/3789 2127/4392/3786 2154/4396/3790
f 2041/4395/3789 2154/4396/3790 2040/4397/3791
f 2040/4397/3791 2154/4396/3790 2181/4398/3792
f 2040/4397/3791 2181/4398/3792 2039/4399/3793
f 2039/4399/3793 2181/4398/3792 2038/4377/3771
f 2038/4377/3771 2181/4398/3792 2180/4400/3794
f 2038/4377/3771 2180/4400/3794 2179/4401/3795
f 2179/4401/3795 2180/4400/3794 2152/4402/3796
f 2179/4401/3795 2152/4402/3796 2151/4381/3775
f 2151/4381/3775 2152/4402/3796 2124/4383/3777
f 2030/4403/3797 2047/4404/3798 2029/4363/3757
f 2029/4363/3757 2047/4404/3798 2048/4405/3799
f 2029/4363/3757 2048/4405/3799 2049/4406/3800
f 2049/4406/3800 2048/4405/3799 2076/4407/3801
f 2049/4406/3800 2076/4407/3801 2077/4408/3802
f 2077/4408/3802 2076/4407/3801 2104/4409/3803
f 2077/4408/3802 2104/4409/3803 2105/4410/3804
f 2105/4410/3804 2104/4409/3803 2132/4411/3805
f 2105/4410/3804 2132/4411/3805 2133/4412/3806
f 2133/4412/3806 2132/4411/3805 2160/4413/3807
f 2133/4412/3806 2160/4413/3807 2161/4414/3808
f 2161/4414/3808 2160/4413/3807 2036/4415/3809
f 2161/4414/3808 2036/4415/3809 2162/4416/3810
f 2162/4416/3810 2036/4415/3809 2163/4417/3811
f 2162/4416/3810 2163/4417/3811 2135/4418/3812
f 2135/4418/3812 2163/4417/3811 2136/4419/3813
f 2135/4418/3812 2136/4419/3813 2108/4420/3814
f 2108/4420/3814 2136/4419/3813 2109/4421/3815
f 2108/4420/3814 2109/4421/3815 2081/4422/3816
f 2081/4422/3816 2109/4421/3815 2082/4423/3817
f 2081/4422/3816 2082/4423/3817 2054/4424/3818
f 2054/4424/3818 2082/4423/3817 2055/4425/3819
f 2054/4424/3818 2055/4425/3819 2029/4363/3757
f 2029/4363/3757 2055/4425/3819 2056/4426/3820
f 2029/4363/3757 2056/4426/3820 2057/4427/3821
f 2057/4427/3821 2056/4426/3820 2084/4428/3822
f 2057/4427/3821 2084/4428/3822 2085/4429/3823
f 2085/4429/3823 2084/4428/3822 2112/4430/3824
f 2085/4429/3823 2112/4430/3824 2113/4431/3825
f 2113/4431/3825 2112/4430/3824 2140/4432/3826
f 2113/4431/3825 2140/4432/3826 2141/4433/3827
f 2141/4433/3827 2140/4432/3826 2168/4434/3828
f 2141/4433/3827 2168/4434/3828 2169/4435/3829
f 2169/4435/3829 2168/4434/3828 2038/4377/3771
f 2169/4435/3829 2038/4377/3771 2170/4436/3830
f 2170/4436/3830 2038/4377/3771 2171/4437/3831
f 2170/4436/3830 2171/4437/3831 2143/4438/3832
f 2143/4438/3832 2171/4437/3831 2144/4439/3833
f 2143/4438/3832 2144/4439/3833 2116/4440/3834
f 2116/4440/3834 2144/4439/3833 2117/4441/3835
f 2116/4440/3834 2117/4441/3835 2089/4442/3836
f 2089/4442/3836 2117/4441/3835 2090/4443/3837
f 2089/4442/3836 2090/4443/3837 2062/4444/3838
f 2062/4444/3838 2090/4443/3837 2063/4367/3761
f 2062/4444/3838 2063/4367/3761 2029/4363/3757
f 2030/4403/3797 2031/4445/3839 2047/4404/3798
f 2047/4404/3798 2031/4445/3839 2074/4446/3840
f 2047/4404/3798 2074/4446/3840 2075/4447/3841
f 2075/4447/3841 2074/4446/3840 2102/4448/3842
f 2075/4447/3841 2102/4448/3842 2103/4449/3843
f 2103/4449/3843 2102/4448/3842 2130/4450/3844
f 2103/4449/3843 2130/4450/3844 2131/4451/3845
f 2131/4451/3845 2130/4450/3844 2158/4452/3846
f 2131/4451/3845 2158/4452/3846 2159/4453/3847
f 2159/4453/3847 2158/4452/3846 2036/4415/3809
f 2159/4453/3847 2036/4415/3809 2160/4413/3807
f 2031/4445/3839 2032/4454/3848 2074/4446/3840
f 2074/4446/3840 2032/4454/3848 2101/4455/3849
f 2074/4446/3840 2101/4455/3849 2102/4448/3842
f 2102/4448/3842 2101/4455/3849 2129/4456/3850
f 2102/4448/3842 2129/4456/3850 2130/4450/3844
f 2130/4450/3844 2129/4456/3850 2157/4457/3851
f 2130/4450/3844 2157/4457/3851 2158/4452/3846
f 2158/4452/3846 2157/4457/3851 2036/4415/3809
f 2032/4454/3848 2033/4458/3852 2101/4455/3849
f 2101/4455/3849 2033/4458/3852 2034/4459/3853
f 2101/4455/3849 2034/4459/3853 2128/4460/3854
f 2128/4460/3854 2034/4459/3853 2035/4461/3855
f 2128/4460/3854 2035/4461/3855 2155/4462/3856
f 2155/4462/3856 2035/4461/3855 2036/4415/3809
f 2155/4462/3856 2036/4415/3809 2156/4463/3857
f 2156/4463/3857 2036/4415/3809 2157/4457/3851
f 2156/4463/3857 2157/4457/3851 2129/4456/3850
f 2037/4464/3858 2038/4377/3771 2036/4415/3809
f 2036/4415/3809 2038/4377/3771 2163/4417/3811
f 2043/4393/3787 2044/4465/3859 2100/4391/3785
f 2100/4391/3785 2044/4465/3859 2073/4466/3860
f 2100/4391/3785 2073/4466/3860 2072/4389/3783
f 2072/4389/3783 2073/4466/3860 2045/4366/3760
f 2044/4465/3859 2045/4366/3760 2073/4466/3860
f 2076/4407/3801 2048/4405/3799 2075/4447/3841
f 2075/4447/3841 2048/4405/3799 2047/4404/3798
f 2049/4406/3800 2050/4467/3861 2029/4363/3757
f 2029/4363/3757 2050/4467/3861 2051/4468/3862
f 2029/4363/3757 2051/4468/3862 2052/4469/3863
f 2052/4469/3863 2051/4468/3862 2079/4470/3864
f 2052/4469/3863 2079/4470/3864 2080/4471/3865
f 2080/4471/3865 2079/4470/3864 2107/4472/3866
f 2080/4471/3865 2107/4472/3866 2108/4420/3814
f 2108/4420/3814 2107/4472/3866 2135/4418/3812
f 2049/4406/3800 2077/4408/3802 2050/4467/3861
f 2050/4467/3861 2077/4408/3802 2078/4473/3867
f 2050/4467/3861 2078/4473/3867 2051/4468/3862
f 2051/4468/3862 2078/4473/3867 2079/4470/3864
f 2054/4424/3818 2029/4363/3757 2053/4474/3868
f 2053/4474/3868 2029/4363/3757 2052/4469/3863
f 2053/4474/3868 2052/4469/3863 2080/4471/3865
f 2081/4422/3816 2054/4424/3818 2053/4474/3868
f 2081/4422/3816 2053/4474/3868 2080/4471/3865
f 2056/4426/3820 2055/4425/3819 2083/4475/3869
f 2083/4475/3869 2055/4425/3819 2082/4423/3817
f 2083/4475/3869 2082/4423/3817 2110/4476/3870
f 2110/4476/3870 2082/4423/3817 2109/4421/3815
f 2110/4476/3870 2109/4421/3815 2137/4477/3871
f 2137/4477/3871 2109/4421/3815 2136/4419/3813
f 2137/4477/3871 2136/4419/3813 2164/4478/3872
f 2164/4478/3872 2136/4419/3813 2163/4417/3811
f 2164/4478/3872 2163/4417/3811 2038/4377/3771
f 2057/4427/3821 2058/4479/3873 2029/4363/3757
f 2029/4363/3757 2058/4479/3873 2059/4480/3874
f 2029/4363/3757 2059/4480/3874 2060/4481/3875
f 2060/4481/3875 2059/4480/3874 2087/4482/3876
f 2060/4481/3875 2087/4482/3876 2088/4483/3877
f 2088/4483/3877 2087/4482/3876 2115/4484/3878
f 2088/4483/3877 2115/4484/3878 2116/4440/3834
f 2116/4440/3834 2115/4484/3878 2143/4438/3832
f 2057/4427/3821 2085/4429/3823 2058/4479/3873
f 2058/4479/3873 2085/4429/3823 2086/4485/3879
f 2058/4479/3873 2086/4485/3879 2059/4480/3874
f 2059/4480/3874 2086/4485/3879 2087/4482/3876
f 2062/4444/3838 2029/4363/3757 2061/4486/3880
f 2061/4486/3880 2029/4363/3757 2060/4481/3875
f 2061/4486/3880 2060/4481/3875 2088/4483/3877
f 2089/4442/3836 2062/4444/3838 2061/4486/3880
f 2089/4442/3836 2061/4486/3880 2088/4483/3877
f 2091/4369/3763 2063/4367/3761 2090/4443/3837
f 2064/4368/3762 2065/4487/3881 2045/4366/3760
f 2045/4366/3760 2065/4487/3881 2066/4488/3882
f 2045/4366/3760 2066/4488/3882 2067/4489/3883
f 2067/4489/3883 2066/4488/3882 2094/4490/3884
f 2067/4489/3883 2094/4490/3884 2095/4491/3885
f 2095/4491/3885 2094/4490/3884 2122/4492/3886
f 2095/4491/3885 2122/4492/3886 2123/4382/3776
f 2123/4382/3776 2122/4492/3886 2150/4380/3774
f 2064/4368/3762 2092/4370/3764 2065/4487/3881
f 2065/4487/3881 2092/4370/3764 2093/4493/3887
f 2065/4487/3881 2093/4493/3887 2066/4488/3882
f 2066/4488/3882 2093/4493/3887 2094/4490/3884
f 2069/4386/3780 2045/4366/3760 2068/4494/3888
f 2068/4494/3888 2045/4366/3760 2067/4489/3883
f 2068/4494/3888 2067/4489/3883 2095/4491/3885
f 2096/4384/3778 2069/4386/3780 2068/4494/3888
f 2096/4384/3778 2068/4494/3888 2095/4491/3885
f 2071/4388/3782 2070/4387/3781 2098/4495/3889
f 2098/4495/3889 2070/4387/3781 2097/4385/3779
f 2098/4495/3889 2097/4385/3779 2125/4496/3890
f 2125/4496/3890 2097/4385/3779 2124/4383/3777
f 2125/4496/3890 2124/4383/3777 2152/4402/3796
f 2104/4409/3803 2076/4407/3801 2103/4449/3843
f 2103/4449/3843 2076/4407/3801 2075/4447/3841
f 2077/4408/3802 2105/4410/3804 2078/4473/3867
f 2078/4473/3867 2105/4410/3804 2106/4497/3891
f 2078/4473/3867 2106/4497/3891 2079/4470/3864
f 2079/4470/3864 2106/4497/3891 2107/4472/3866
f 2108/4420/3814 2081/4422/3816 2080/4471/3865
f 2056/4426/3820 2083/4475/3869 2084/4428/3822
f 2084/4428/3822 2083/4475/3869 2111/4498/3892
f 2084/4428/3822 2111/4498/3892 2112/4430/3824
f 2112/4430/3824 2111/4498/3892 2139/4499/3893
f 2112/4430/3824 2139/4499/3893 2140/4432/3826
f 2140/4432/3826 2139/4499/3893 2167/4500/3894
f 2140/4432/3826 2167/4500/3894 2168/4434/3828
f 2168/4434/3828 2167/4500/3894 2038/4377/3771
f 2111/4498/3892 2083/4475/3869 2110/4476/3870
f 2085/4429/3823 2113/4431/3825 2086/4485/3879
f 2086/4485/3879 2113/4431/3825 2114/4501/3895
f 2086/4485/3879 2114/4501/3895 2087/4482/3876
f 2087/4482/3876 2114/4501/3895 2115/4484/3878
f 2116/4440/3834 2089/4442/3836 2088/4483/3877
f 2091/4369/3763 2090/4443/3837 2118/4502/3896
f 2118/4502/3896 2090/4443/3837 2117/4441/3835
f 2118/4502/3896 2117/4441/3835 2145/4503/3897
f 2145/4503/3897 2117/4441/3835 2144/4439/3833
f 2145/4503/3897 2144/4439/3833 2172/4504/3898
f 2172/4504/3898 2144/4439/3833 2171/4437/3831
f 2172/4504/3898 2171/4437/3831 2038/4377/3771
f 2092/4370/3764 2120/4372/3766 2093/4493/3887
f 2093/4493/3887 2120/4372/3766 2121/4505/3899
f 2093/4493/3887 2121/4505/3899 2094/4490/3884
f 2094/4490/3884 2121/4505/3899 2122/4492/3886
f 2123/4382/3776 2096/4384/3778 2095/4491/3885
f 2071/4388/3782 2098/4495/3889 2099/4390/3784
f 2099/4390/3784 2098/4495/3889 2126/4506/3900
f 2099/4390/3784 2126/4506/3900 2127/4392/3786
f 2127/4392/3786 2126/4506/3900 2154/4396/3790
f 2126/4506/3900 2098/4495/3889 2125/4496/3890
f 2132/4411/3805 2104/4409/3803 2131/4451/3845
f 2131/4451/3845 2104/4409/3803 2103/4449/3843
f 2105/4410/3804 2133/4412/3806 2106/4497/3891
f 2106/4497/3891 2133/4412/3806 2134/4507/3901
f 2106/4497/3891 2134/4507/3901 2107/4472/3866
f 2107/4472/3866 2134/4507/3901 2135/4418/3812
f 2111/4498/3892 2110/4476/3870 2138/4508/3902
f 2138/4508/3902 2110/4476/3870 2137/4477/3871
f 2138/4508/3902 2137/4477/3871 2165/4509/3903
f 2165/4509/3903 2137/4477/3871 2164/4478/3872
f 2165/4509/3903 2164/4478/3872 2038/4377/3771
f 2113/4431/3825 2141/4433/3827 2114/4501/3895
f 2114/4501/3895 2141/4433/3827 2142/4510/3904
f 2114/4501/3895 2142/4510/3904 2115/4484/3878
f 2115/4484/3878 2142/4510/3904 2143/4438/3832
f 2091/4369/3763 2118/4502/3896 2119/4371/3765
f 2119/4371/3765 2118/4502/3896 2146/4511/3905
f 2119/4371/3765 2146/4511/3905 2147/4373/3767
f 2147/4373/3767 2146/4511/3905 2174/4512/3906
f 2147/4373/3767 2174/4512/3906 2175/4375/3769
f 2175/4375/3769 2174/4512/3906 2038/4377/3771
f 2146/4511/3905 2118/4502/3896 2145/4503/3897
f 2120/4372/3766 2148/4374/3768 2121/4505/3899
f 2121/4505/3899 2148/4374/3768 2149/4513/3907
f 2121/4505/3899 2149/4513/3907 2122/4492/3886
f 2122/4492/3886 2149/4513/3907 2150/4380/3774
f 2126/4506/3900 2125/4496/3890 2153/4514/3908
f 2153/4514/3908 2125/4496/3890 2152/4402/3796
f 2153/4514/3908 2152/4402/3796 2180/4400/3794
f 2156/4463/3857 2129/4456/3850 2128/4460/3854
f 2128/4460/3854 2129/4456/3850 2101/4455/3849
f 2155/4462/3856 2156/4463/3857 2128/4460/3854
f 2160/4413/3807 2132/4411/3805 2159/4453/3847
f 2159/4453/3847 2132/4411/3805 2131/4451/3845
f 2162/4416/3810 2135/4418/3812 2134/4507/3901
f 2162/4416/3810 2134/4507/3901 2161/4414/3808
f 2161/4414/3808 2134/4507/3901 2133/4412/3806
f 2111/4498/3892 2138/4508/3902 2139/4499/3893
f 2139/4499/3893 2138/4508/3902 2166/4515/3909
f 2139/4499/3893 2166/4515/3909 2167/4500/3894
f 2167/4500/3894 2166/4515/3909 2038/4377/3771
f 2166/4515/3909 2138/4508/3902 2165/4509/3903
f 2170/4436/3830 2143/4438/3832 2142/4510/3904
f 2170/4436/3830 2142/4510/3904 2169/4435/3829
f 2169/4435/3829 2142/4510/3904 2141/4433/3827
f 2146/4511/3905 2145/4503/3897 2173/4516/3910
f 2173/4516/3910 2145/4503/3897 2172/4504/3898
f 2173/4516/3910 2172/4504/3898 2038/4377/3771
f 2177/4378/3772 2150/4380/3774 2149/4513/3907
f 2177/4378/3772 2149/4513/3907 2176/4376/3770
f 2176/4376/3770 2149/4513/3907 2148/4374/3768
f 2179/4401/3795 2151/4381/3775 2178/4379/3773
f 2181/4398/3792 2154/4396/3790 2153/4514/3908
f 2153/4514/3908 2154/4396/3790 2126/4506/3900
f 2181/4398/3792 2153/4514/3908 2180/4400/3794
f 2038/4377/3771 2166/4515/3909 2165/4509/3903
f 2038/4377/3771 2174/4512/3906 2173/4516/3910
f 2173/4516/3910 2174/4512/3906 2146/4511/3905
f 2038/4377/3771 2179/4401/3795 2178/4379/3773
f 2038/4517/3771 2182/4518/3911 2039/4519/3912
f 2039/4519/3912 2182/4518/3911 2193/4520/3913
f 2039/4519/3912 2193/4520/3913 2040/4521/3914
f 2040/4521/3914 2193/4520/3913 2195/4522/3915
f 2040/4521/3914 2195/4522/3915 2041/4523/3916
f 2041/4523/3916 2195/4522/3915 2197/4524/3917
f 2041/4523/3916 2197/4524/3917 2042/4525/3918
f 2042/4525/3918 2197/4524/3917 2043/4526/3919
f 2043/4526/3919 2197/4524/3917 2199/4527/3920
f 2043/4526/3919 2199/4527/3920 2044/4528/3921
f 2044/4528/3921 2199/4527/3920 2201/4529/3922
f 2044/4528/3921 2201/4529/3922 2045/4530/3923
f 2045/4530/3923 2201/4529/3922 2046/4531/3924
f 2046/4531/3924 2201/4529/3922 2200/4532/3925
f 2046/4531/3924 2200/4532/3925 2189/4533/3926
f 2189/4533/3926 2200/4532/3925 2188/4534/3927
f 2188/4534/3927 2200/4532/3925 2198/4535/3928
f 2188/4534/3927 2198/4535/3928 2187/4536/3929
f 2187/4536/3929 2198/4535/3928 2196/4537/3930
f 2187/4536/3929 2196/4537/3930 2186/4538/3931
f 2186/4538/3931 2196/4537/3930 2185/4539/3932
f 2185/4539/3932 2196/4537/3930 2194/4540/3933
f 2185/4539/3932 2194/4540/3933 2184/4541/3934
f 2184/4541/3934 2194/4540/3933 2192/4542/3935
f 2184/4541/3934 2192/4542/3935 2183/4543/3936
f 2183/4543/3936 2192/4542/3935 2182/4518/3911
f 2182/4518/3911 2192/4542/3935 2193/4520/3913
f 2189/4533/3926 2190/4544/3937 2046/4531/3924
f 2046/4531/3924 2190/4544/3937 2027/4545/3938
f 2027/4545/3938 2190/4544/3937 2191/4546/3939
f 2195/4522/3915 2193/4520/3913 2192/4542/3935
f 2197/4524/3917 2195/4522/3915 2194/4540/3933
f 2194/4540/3933 2195/4522/3915 2192/4542/3935
f 2199/4527/3920 2197/4524/3917 2196/4537/3930
f 2196/4537/3930 2197/4524/3917 2194/4540/3933
f 2201/4529/3922 2199/4527/3920 2198/4535/3928
f 2198/4535/3928 2199/4527/3920 2196/4537/3930
f 2200/4532/3925 2201/4529/3922 2198/4535/3928
f 1863/4547/3587 2202/4548/3940 1864/4549/3941
f 1864/4549/3941 2202/4548/3940 2213/4550/3942
f 1864/4549/3941 2213/4550/3942 1865/4551/3943
f 1865/4551/3943 2213/4550/3942 2215/4552/3944
f 1865/4551/3943 2215/4552/3944 1866/4553/3945
f 1866/4553/3945 2215/4552/3944 2217/4554/3946
f 1866/4553/3945 2217/4554/3946 1867/4555/3947
f 1867/4555/3947 2217/4554/3946 1868/4556/3948
f 1868/4556/3948 2217/4554/3946 2219/4557/3949
f 1868/4556/3948 2219/4557/3949 1869/4558/3950
f 1869/4558/3950 2219/4557/3949 2221/4559/3951
f 1869/4558/3950 2221/4559/3951 1870/4560/3952
f 1870/4560/3952 2221/4559/3951 1871/4561/3953
f 1871/4561/3953 2221/4559/3951 2220/4562/3954
f 1871/4561/3953 2220/4562/3954 2209/4563/3955
f 2209/4563/3955 2220/4562/3954 2208/4564/3956
f 2208/4564/3956 2220/4562/3954 2218/4565/3957
f 2208/4564/3956 2218/4565/3957 2207/4566/3958
f 2207/4566/3958 2218/4565/3957 2216/4567/3959
f 2207/4566/3958 2216/4567/3959 2206/4568/3960
f 2206/4568/3960 2216/4567/3959 2205/4569/3961
f 2205/4569/3961 2216/4567/3959 2214/4570/3962
f 2205/4569/3961 2214/4570/3962 2204/4571/3963
f 2204/4571/3963 2214/4570/3962 2212/4572/3964
f 2204/4571/3963 2212/4572/3964 2203/4573/3965
f 2203/4573/3965 2212/4572/3964 2202/4548/3940
f 2202/4548/3940 2212/4572/3964 2213/4550/3942
f 2209/4563/3955 2210/4574/3966 1871/4561/3953
f 1871/4561/3953 2210/4574/3966 1852/4575/3967
f 1852/4575/3967 2210/4574/3966 2211/4576/3968
f 2215/4552/3944 2213/4550/3942 2212/4572/3964
f 2217/4554/3946 2215/4552/3944 2214/4570/3962
f 2214/4570/3962 2215/4552/3944 2212/4572/3964
f 2219/4557/3949 2217/4554/3946 2216/4567/3959
f 2216/4567/3959 2217/4554/3946 2214/4570/3962
f 2221/4559/3951 2219/4557/3949 2218/4565/3957
f 2218/4565/3957 2219/4557/3949 2216/4567/3959
f 2220/4562/3954 2221/4559/3951 2218/4565/3957
f 2223/4577/3969 2245/4578/3970 2222/4579/3971
f 2222/4579/3971 2245/4578/3970 2244/4580/3972
f 2222/4579/3971 2244/4580/3972 2239/4581/3973
f 2239/4581/3973 2244/4580/3972 2238/4582/3974
f 2238/4582/3974 2244/4580/3972 2243/4583/3975
f 2238/4582/3974 2243/4583/3975 2259/4584/3976
f 2259/4584/3976 2243/4583/3975 2242/4585/3977
f 2259/4584/3976 2242/4585/3977 2258/4586/3978
f 2258/4586/3978 2242/4585/3977 2241/4587/3979
f 2258/4586/3978 2241/4587/3979 2257/4588/3980
f 2257/4588/3980 2241/4587/3979 2240/4589/3981
f 2257/4588/3980 2240/4589/3981 2256/4590/3982
f 2256/4590/3982 2240/4589/3981 2232/4591/3983
f 2256/4590/3982 2232/4591/3983 2233/4592/3984
f 2223/4577/3969 2224/4593/3985 2245/4578/3970
f 2245/4578/3970 2224/4593/3985 2246/4594/3986
f 2245/4578/3970 2246/4594/3986 2244/4580/3972
f 2244/4580/3972 2246/4594/3986 2243/4583/3975
f 2246/4594/3986 2224/4593/3985 2250/4595/3987
f 2250/4595/3987 2224/4593/3985 2225/4596/3988
f 2250/4595/3987 2225/4596/3988 2251/4597/3989
f 2251/4597/3989 2225/4596/3988 2226/4598/3990
f 2251/4597/3989 2226/4598/3990 2252/4599/3991
f 2252/4599/3991 2226/4598/3990 2254/4600/3992
f 2252/4599/3991 2254/4600/3992 2255/4601/3993
f 2255/4601/3993 2254/4600/3992 2227/4602/3994
f 2255/4601/3993 2227/4602/3994 2228/4603/3995
f 2226/4598/3990 2227/4602/3994 2254/4600/3992
f 2228/4603/3995 2229/4604/3996 2255/4601/3993
f 2255/4601/3993 2229/4604/3996 2253/4605/3997
f 2255/4601/3993 2253/4605/3997 2252/4599/3991
f 2252/4599/3991 2253/4605/3997 2248/4606/3998
f 2252/4599/3991 2248/4606/3998 2247/4607/3999
f 2247/4607/3999 2248/4606/3998 2242/4585/3977
f 2247/4607/3999 2242/4585/3977 2243/4583/3975
f 2229/4604/3996 2230/4608/4000 2253/4605/3997
f 2253/4605/3997 2230/4608/4000 2249/4609/4001
f 2253/4605/3997 2249/4609/4001 2248/4606/3998
f 2248/4606/3998 2249/4609/4001 2241/4587/3979
f 2248/4606/3998 2241/4587/3979 2242/4585/3977
f 2230/4608/4000 2231/4610/4002 2249/4609/4001
f 2249/4609/4001 2231/4610/4002 2240/4589/3981
f 2249/4609/4001 2240/4589/3981 2241/4587/3979
f 2231/4610/4002 2232/4591/3983 2240/4589/3981
f 2256/4590/3982 2233/4592/3984 2260/4611/4003
f 2260/4611/4003 2233/4592/3984 2234/4612/4004
f 2260/4611/4003 2234/4612/4004 2235/4613/4005
f 2260/4611/4003 2235/4613/4005 2261/4614/4006
f 2261/4614/4006 2235/4613/4005 2236/4615/4007
f 2261/4614/4006 2236/4615/4007 2257/4588/3980
f 2257/4588/3980 2236/4615/4007 2258/4586/3978
f 2236/4615/4007 2237/4616/4008 2258/4586/3978
f 2258/4586/3978 2237/4616/4008 2259/4584/3976
f 2237/4616/4008 2238/4582/3974 2259/4584/3976
f 2247/4607/3999 2243/4583/3975 2246/4594/3986
f 2250/4595/3987 2251/4597/3989 2246/4594/3986
f 2246/4594/3986 2251/4597/3989 2247/4607/3999
f 2251/4597/3989 2252/4599/3991 2247/4607/3999
f 2261/4614/4006 2257/4588/3980 2256/4590/3982
f 2260/4611/4003 2261/4614/4006 2256/4590/3982
f 2028/4617/4009 2262/4618/4010 2029/4619/4011
f 2029/4619/4011 2262/4618/4010 2273/4620/4012
f 2029/4619/4011 2273/4620/4012 2030/4621/4013
f 2030/4621/4013 2273/4620/4012 2031/4622/4014
f 2031/4622/4014 2273/4620/4012 2275/4623/4015
f 2031/4622/4014 2275/4623/4015 2032/4624/4016
f 2032/4624/4016 2275/4623/4015 2277/4625/4017
f 2032/4624/4016 2277/4625/4017 2033/4626/4018
f 2033/4626/4018 2277/4625/4017 2034/4627/4019
f 2034/4627/4019 2277/4625/4017 2279/4628/4020
f 2034/4627/4019 2279/4628/4020 2035/4629/4021
f 2035/4629/4021 2279/4628/4020 2281/4630/4022
f 2035/4629/4021 2281/4630/4022 2036/4631/4023
f 2036/4631/4023 2281/4630/4022 2037/4632/3858
f 2037/4632/3858 2281/4630/4022 2280/4633/4024
f 2037/4632/3858 2280/4633/4024 2270/4634/4025
f 2270/4634/4025 2280/4633/4024 2269/4635/4026
f 2269/4635/4026 2280/4633/4024 2278/4636/4027
f 2269/4635/4026 2278/4636/4027 2268/4637/4028
f 2268/4637/4028 2278/4636/4027 2276/4638/4029
f 2268/4637/4028 2276/4638/4029 2267/4639/4030
f 2267/4639/4030 2276/4638/4029 2266/4640/4031
f 2266/4640/4031 2276/4638/4029 2274/4641/4032
f 2266/4640/4031 2274/4641/4032 2265/4642/4033
f 2265/4642/4033 2274/4641/4032 2272/4643/4034
f 2265/4642/4033 2272/4643/4034 2264/4644/4035
f 2264/4644/4035 2272/4643/4034 2263/4645/4036
f 2263/4645/4036 2272/4643/4034 2262/4618/4010
f 2262/4618/4010 2272/4643/4034 2273/4620/4012
f 2270/4634/4025 2271/4646/4037 2037/4632/3858
f 2275/4623/4015 2273/4620/4012 2272/4643/4034
f 2277/4625/4017 2275/4623/4015 2274/4641/4032
f 2274/4641/4032 2275/4623/4015 2272/4643/4034
f 2279/4628/4020 2277/4625/4017 2276/4638/4029
f 2276/4638/4029 2277/4625/4017 2274/4641/4032
f 2281/4630/4022 2279/4628/4020 2278/4636/4027
f 2278/4636/4027 2279/4628/4020 2276/4638/4029
f 2280/4633/4024 2281/4630/4022 2278/4636/4027
f 2283/4647/4038 2305/4648/4039 2282/4649/4040
f 2282/4649/4040 2305/4648/4039 2304/4650/4041
f 2282/4649/4040 2304/4650/4041 2299/4651/4042
f 2299/4651/4042 2304/4650/4041 2298/4652/4043
f 2298/4652/4043 2304/4650/4041 2303/4653/4044
f 2298/4652/4043 2303/4653/4044 2319/4654/4045
f 2319/4654/4045 2303/4653/4044 2302/4655/4046
f 2319/4654/4045 2302/4655/4046 2318/4656/4047
f 2318/4656/4047 2302/4655/4046 2301/4657/4048
f 2318/4656/4047 2301/4657/4048 2317/4658/4049
f 2317/4658/4049 2301/4657/4048 2300/4659/4050
f 2317/4658/4049 2300/4659/4050 2316/4660/4051
f 2316/4660/4051 2300/4659/4050 2292/4661/4052
f 2316/4660/4051 2292/4661/4052 2293/4662/4053
f 2283/4647/4038 2284/4663/4054 2305/4648/4039
f 2305/4648/4039 2284/4663/4054 2306/4664/4055
f 2305/4648/4039 2306/4664/4055 2304/4650/4041
f 2304/4650/4041 2306/4664/4055 2303/4653/4044
f 2306/4664/4055 2284/4663/4054 2310/4665/4056
f 2310/4665/4056 2284/4663/4054 2285/4666/4057
f 2310/4665/4056 2285/4666/4057 2311/4667/4058
f 2311/4667/4058 2285/4666/4057 2286/4668/4059
f 2311/4667/4058 2286/4668/4059 2312/4669/4060
f 2312/4669/4060 2286/4668/4059 2314/4670/4061
f 2312/4669/4060 2314/4670/4061 2315/4671/4062
f 2315/4671/4062 2314/4670/4061 2287/4672/4063
f 2315/4671/4062 2287/4672/4063 2288/4673/4064
f 2286/4668/4059 2287/4672/4063 2314/4670/4061
f 2288/4673/4064 2289/4674/4065 2315/4671/4062
f 2315/4671/4062 2289/4674/4065 2313/4675/4066
f 2315/4671/4062 2313/4675/4066 2312/4669/4060
f 2312/4669/4060 2313/4675/4066 2308/4676/4067
f 2312/4669/4060 2308/4676/4067 2307/4677/4068
f 2307/4677/4068 2308/4676/4067 2302/4655/4046
f 2307/4677/4068 2302/4655/4046 2303/4653/4044
f 2289/4674/4065 2290/4678/4069 2313/4675/4066
f 2313/4675/4066 2290/4678/4069 2309/4679/4070
f 2313/4675/4066 2309/4679/4070 2308/4676/4067
f 2308/4676/4067 2309/4679/4070 2301/4657/4048
f 2308/4676/4067 2301/4657/4048 2302/4655/4046
f 2290/4678/4069 2291/4680/4071 2309/4679/4070
f 2309/4679/4070 2291/4680/4071 2300/4659/4050
f 2309/4679/4070 2300/4659/4050 2301/4657/4048
f 2291/4680/4071 2292/4661/4052 2300/4659/4050
f 2316/4660/4051 2293/4662/4053 2320/4681/4072
f 2320/4681/4072 2293/4662/4053 2294/4682/4073
f 2320/4681/4072 2294/4682/4073 2295/4683/4074
f 2320/4681/4072 2295/4683/4074 2321/4684/4075
f 2321/4684/4075 2295/4683/4074 2296/4685/4076
f 2321/4684/4075 2296/4685/4076 2317/4658/4049
f 2317/4658/4049 2296/4685/4076 2318/4656/4047
f 2296/4685/4076 2297/4686/4077 2318/4656/4047
f 2318/4656/4047 2297/4686/4077 2319/4654/4045
f 2297/4686/4077 2298/4652/4043 2319/4654/4045
f 2307/4677/4068 2303/4653/4044 2306/4664/4055
f 2310/4665/4056 2311/4667/4058 2306/4664/4055
f 2306/4664/4055 2311/4667/4058 2307/4677/4068
f 2311/4667/4058 2312/4669/4060 2307/4677/4068
f 2321/4684/4075 2317/4658/4049 2316/4660/4051
f 2320/4681/4072 2321/4684/4075 2316/4660/4051
f 2323/4687/4078 2345/4688/4079 2322/4689/4080
f 2322/4689/4080 2345/4688/4079 2344/4690/4081
f 2322/4689/4080 2344/4690/4081 2339/4691/4082
f 2339/4691/4082 2344/4690/4081 2338/4692/4083
f 2338/4692/4083 2344/4690/4081 2343/4693/4084
f 2338/4692/4083 2343/4693/4084 2359/4694/4085
f 2359/4694/4085 2343/4693/4084 2342/4695/4086
f 2359/4694/4085 2342/4695/4086 2358/4696/4087
f 2358/4696/4087 2342/4695/4086 2341/4697/4088
f 2358/4696/4087 2341/4697/4088 2357/4698/4089
f 2357/4698/4089 2341/4697/4088 2340/4699/4090
f 2357/4698/4089 2340/4699/4090 2356/4700/4091
f 2356/4700/4091 2340/4699/4090 2332/4701/4092
f 2356/4700/4091 2332/4701/4092 2333/4702/4093
f 2323/4687/4078 2324/4703/4094 2345/4688/4079
f 2345/4688/4079 2324/4703/4094 2346/4704/4095
f 2345/4688/4079 2346/4704/4095 2344/4690/4081
f 2344/4690/4081 2346/4704/4095 2343/4693/4084
f 2346/4704/4095 2324/4703/4094 2350/4705/4096
f 2350/4705/4096 2324/4703/4094 2325/4706/4097
f 2350/4705/4096 2325/4706/4097 2351/4707/4098
f 2351/4707/4098 2325/4706/4097 2326/4708/4099
f 2351/4707/4098 2326/4708/4099 2352/4709/4100
f 2352/4709/4100 2326/4708/4099 2354/4710/4101
f 2352/4709/4100 2354/4710/4101 2355/4711/4102
f 2355/4711/4102 2354/4710/4101 2327/4712/4103
f 2355/4711/4102 2327/4712/4103 2328/4713/4104
f 2326/4708/4099 2327/4712/4103 2354/4710/4101
f 2328/4713/4104 2329/4714/4105 2355/4711/4102
f 2355/4711/4102 2329/4714/4105 2353/4715/4106
f 2355/4711/4102 2353/4715/4106 2352/4709/4100
f 2352/4709/4100 2353/4715/4106 2348/4716/4107
f 2352/4709/4100 2348/4716/4107 2347/4717/4108
f 2347/4717/4108 2348/4716/4107 2342/4695/4086
f 2347/4717/4108 2342/4695/4086 2343/4693/4084
f 2329/4714/4105 2330/4718/4109 2353/4715/4106
f 2353/4715/4106 2330/4718/4109 2349/4719/4110
f 2353/4715/4106 2349/4719/4110 2348/4716/4107
f 2348/4716/4107 2349/4719/4110 2341/4697/4088
f 2348/4716/4107 2341/4697/4088 2342/4695/4086
f 2330/4718/4109 2331/4720/4111 2349/4719/4110
f 2349/4719/4110 2331/4720/4111 2340/4699/4090
f 2349/4719/4110 2340/4699/4090 2341/4697/4088
f 2331/4720/4111 2332/4701/4092 2340/4699/4090
f 2356/4700/4091 2333/4702/4093 2360/4721/4112
f 2360/4721/4112 2333/4702/4093 2334/4722/4113
f 2360/4721/4112 2334/4722/4113 2335/4723/4114
f 2360/4721/4112 2335/4723/4114 2361/4724/4115
f 2361/4724/4115 2335/4723/4114 2336/4725/4116
f 2361/4724/4115 2336/4725/4116 2357/4698/4089
f 2357/4698/4089 2336/4725/4116 2358/4696/4087
f 2336/4725/4116 2337/4726/4117 2358/4696/4087
f 2358/4696/4087 2337/4726/4117 2359/4694/4085
f 2337/4726/4117 2338/4692/4083 2359/4694/4085
f 2347/4717/4108 2343/4693/4084 2346/4704/4095
f 2350/4705/4096 2351/4707/4098 2346/4704/4095
f 2346/4704/4095 2351/4707/4098 2347/4717/4108
f 2351/4707/4098 2352/4709/4100 2347/4717/4108
f 2361/4724/4115 2357/4698/4089 2356/4700/4091
f 2360/4721/4112 2361/4724/4115 2356/4700/4091
f 2363/4727/4118 2386/4728/4119 2362/4729/4120
f 2362/4729/4120 2386/4728/4119 2385/4730/4121
f 2362/4729/4120 2385/4730/4121 2379/4731/4122
f 2379/4731/4122 2385/4730/4121 2378/4732/4123
f 2378/4732/4123 2385/4730/4121 2384/4733/4124
f 2378/4732/4123 2384/4733/4124 2399/4734/4125
f 2399/4734/4125 2384/4733/4124 2383/4735/4126
f 2399/4734/4125 2383/4735/4126 2398/4736/4127
f 2398/4736/4127 2383/4735/4126 2382/4737/4128
f 2398/4736/4127 2382/4737/4128 2397/4738/4129
f 2397/4738/4129 2382/4737/4128 2381/4739/4130
f 2397/4738/4129 2381/4739/4130 2396/4740/4131
f 2396/4740/4131 2381/4739/4130 2372/4741/4132
f 2396/4740/4131 2372/4741/4132 2373/4742/4133
f 2363/4727/4118 2364/4743/4134 2386/4728/4119
f 2386/4728/4119 2364/4743/4134 2387/4744/4135
f 2386/4728/4119 2387/4744/4135 2385/4730/4121
f 2385/4730/4121 2387/4744/4135 2384/4733/4124
f 2387/4744/4135 2364/4743/4134 2391/4745/4136
f 2391/4745/4136 2364/4743/4134 2365/4746/4137
f 2391/4745/4136 2365/4746/4137 2392/4747/4138
f 2392/4747/4138 2365/4746/4137 2366/4748/4139
f 2392/4747/4138 2366/4748/4139 2393/4749/4140
f 2393/4749/4140 2366/4748/4139 2395/4750/4141
f 2393/4749/4140 2395/4750/4141 2380/4751/4142
f 2380/4751/4142 2395/4750/4141 2367/4752/4143
f 2380/4751/4142 2367/4752/4143 2368/4753/4144
f 2366/4748/4139 2367/4752/4143 2395/4750/4141
f 2368/4753/4144 2369/4754/4145 2380/4751/4142
f 2380/4751/4142 2369/4754/4145 2394/4755/4146
f 2380/4751/4142 2394/4755/4146 2393/4749/4140
f 2393/4749/4140 2394/4755/4146 2389/4756/4147
f 2393/4749/4140 2389/4756/4147 2388/4757/4148
f 2388/4757/4148 2389/4756/4147 2383/4735/4126
f 2388/4757/4148 2383/4735/4126 2384/4733/4124
f 2369/4754/4145 2370/4758/4149 2394/4755/4146
f 2394/4755/4146 2370/4758/4149 2390/4759/4150
f 2394/4755/4146 2390/4759/4150 2389/4756/4147
f 2389/4756/4147 2390/4759/4150 2382/4737/4128
f 2389/4756/4147 2382/4737/4128 2383/4735/4126
f 2370/4758/4149 2371/4760/4151 2390/4759/4150
f 2390/4759/4150 2371/4760/4151 2381/4739/4130
f 2390/4759/4150 2381/4739/4130 2382/4737/4128
f 2371/4760/4151 2372/4741/4132 2381/4739/4130
f 2396/4740/4131 2373/4742/4133 2400/4761/4152
f 2400/4761/4152 2373/4742/4133 2374/4762/4153
f 2400/4761/4152 2374/4762/4153 2375/4763/4154
f 2400/4761/4152 2375/4763/4154 2401/4764/4155
f 2401/4764/4155 2375/4763/4154 2376/4765/4156
f 2401/4764/4155 2376/4765/4156 2397/4738/4129
f 2397/4738/4129 2376/4765/4156 2398/4736/4127
f 2376/4765/4156 2377/4766/4157 2398/4736/4127
f 2398/4736/4127 2377/4766/4157 2399/4734/4125
f 2377/4766/4157 2378/4732/4123 2399/4734/4125
f 2388/4757/4148 2384/4733/4124 2387/4744/4135
f 2391/4745/4136 2392/4747/4138 2387/4744/4135
f 2387/4744/4135 2392/4747/4138 2388/4757/4148
f 2392/4747/4138 2393/4749/4140 2388/4757/4148
f 2401/4764/4155 2397/4738/4129 2396/4740/4131
f 2400/4761/4152 2401/4764/4155 2396/4740/4131
f 2373/4767/4133 2402/4768/4158 2374/4769/4153
f 2374/4769/4153 2402/4768/4158 2403/4770/4159
f 2374/4769/4153 2403/4770/4159 2404/4771/4160
f 2404/4771/4160 2403/4770/4159 2415/4772/4161
f 2404/4771/4160 2415/4772/4161 2416/4773/4162
f 2416/4773/4162 2415/4772/4161 2427/4774/4163
f 2416/4773/4162 2427/4774/4163 2428/4775/4164
f 2428/4775/4164 2427/4774/4163 2439/4776/4165
f 2428/4775/4164 2439/4776/4165 2440/4777/4166
f 2440/4777/4166 2439/4776/4165 2451/4778/4167
f 2440/4777/4166 2451/4778/4167 2452/4779/4168
f 2452/4779/4168 2451/4778/4167 2234/4780/4004
f 2452/4779/4168 2234/4780/4004 2453/4781/4169
f 2453/4781/4169 2234/4780/4004 2454/4782/4170
f 2453/4781/4169 2454/4782/4170 2442/4783/4171
f 2442/4783/4171 2454/4782/4170 2443/4784/4172
f 2442/4783/4171 2443/4784/4172 2431/4785/4173
f 2431/4785/4173 2443/4784/4172 2432/4786/4174
f 2431/4785/4173 2432/4786/4174 2420/4787/4175
f 2420/4787/4175 2432/4786/4174 2421/4788/4176
f 2420/4787/4175 2421/4788/4176 2409/4789/4177
f 2409/4789/4177 2421/4788/4176 2410/4790/4178
f 2409/4789/4177 2410/4790/4178 2228/4791/3995
f 2228/4791/3995 2410/4790/4178 2411/4792/4179
f 2228/4791/3995 2411/4792/4179 2412/4793/4180
f 2412/4793/4180 2411/4792/4179 2423/4794/4181
f 2412/4793/4180 2423/4794/4181 2230/4795/4000
f 2230/4795/4000 2423/4794/4181 2231/4796/4002
f 2231/4796/4002 2423/4794/4181 2434/4797/4182
f 2231/4796/4002 2434/4797/4182 2232/4798/3983
f 2232/4798/3983 2434/4797/4182 2445/4799/4183
f 2232/4798/3983 2445/4799/4183 2233/4800/3984
f 2233/4800/3984 2445/4799/4183 2456/4801/4184
f 2233/4800/3984 2456/4801/4184 2234/4780/4004
f 2234/4780/4004 2456/4801/4184 2455/4802/4185
f 2234/4780/4004 2455/4802/4185 2454/4782/4170
f 2454/4782/4170 2455/4802/4185 2443/4784/4172
f 2402/4768/4158 2373/4767/4133 2413/4803/4186
f 2413/4803/4186 2373/4767/4133 2372/4804/4132
f 2413/4803/4186 2372/4804/4132 2424/4805/4187
f 2424/4805/4187 2372/4804/4132 2371/4806/4151
f 2424/4805/4187 2371/4806/4151 2435/4807/4188
f 2435/4807/4188 2371/4806/4151 2370/4808/4149
f 2435/4807/4188 2370/4808/4149 2446/4809/4189
f 2446/4809/4189 2370/4808/4149 2369/4810/4145
f 2446/4809/4189 2369/4810/4145 2368/4811/4144
f 2234/4780/4004 2451/4778/4167 2368/4811/4144
f 2368/4811/4144 2451/4778/4167 2450/4812/4190
f 2368/4811/4144 2450/4812/4190 2449/4813/4191
f 2449/4813/4191 2450/4812/4190 2438/4814/4192
f 2449/4813/4191 2438/4814/4192 2437/4815/4193
f 2437/4815/4193 2438/4814/4192 2426/4816/4194
f 2437/4815/4193 2426/4816/4194 2425/4817/4195
f 2425/4817/4195 2426/4816/4194 2414/4818/4196
f 2425/4817/4195 2414/4818/4196 2413/4803/4186
f 2413/4803/4186 2414/4818/4196 2402/4768/4158
f 2230/4795/4000 2229/4819/3996 2412/4793/4180
f 2412/4793/4180 2229/4819/3996 2228/4791/3995
f 2374/4769/4153 2407/4820/4197 2228/4791/3995
f 2228/4791/3995 2407/4820/4197 2408/4821/4198
f 2228/4791/3995 2408/4821/4198 2409/4789/4177
f 2409/4789/4177 2408/4821/4198 2420/4787/4175
f 2415/4772/4161 2403/4770/4159 2414/4818/4196
f 2414/4818/4196 2403/4770/4159 2402/4768/4158
f 2404/4771/4160 2405/4822/4199 2374/4769/4153
f 2374/4769/4153 2405/4822/4199 2406/4823/4200
f 2374/4769/4153 2406/4823/4200 2407/4820/4197
f 2407/4820/4197 2406/4823/4200 2418/4824/4201
f 2407/4820/4197 2418/4824/4201 2419/4825/4202
f 2419/4825/4202 2418/4824/4201 2430/4826/4203
f 2419/4825/4202 2430/4826/4203 2431/4785/4173
f 2431/4785/4173 2430/4826/4203 2442/4783/4171
f 2404/4771/4160 2416/4773/4162 2405/4822/4199
f 2405/4822/4199 2416/4773/4162 2417/4827/4204
f 2405/4822/4199 2417/4827/4204 2406/4823/4200
f 2406/4823/4200 2417/4827/4204 2418/4824/4201
f 2420/4787/4175 2408/4821/4198 2419/4825/4202
f 2419/4825/4202 2408/4821/4198 2407/4820/4197
f 2411/4792/4179 2410/4790/4178 2422/4828/4205
f 2422/4828/4205 2410/4790/4178 2421/4788/4176
f 2422/4828/4205 2421/4788/4176 2433/4829/4206
f 2433/4829/4206 2421/4788/4176 2432/4786/4174
f 2433/4829/4206 2432/4786/4174 2444/4830/4207
f 2444/4830/4207 2432/4786/4174 2443/4784/4172
f 2444/4830/4207 2443/4784/4172 2455/4802/4185
f 2425/4817/4195 2413/4803/4186 2424/4805/4187
f 2427/4774/4163 2415/4772/4161 2426/4816/4194
f 2426/4816/4194 2415/4772/4161 2414/4818/4196
f 2416/4773/4162 2428/4775/4164 2417/4827/4204
f 2417/4827/4204 2428/4775/4164 2429/4831/4208
f 2417/4827/4204 2429/4831/4208 2418/4824/4201
f 2418/4824/4201 2429/4831/4208 2430/4826/4203
f 2431/4785/4173 2420/4787/4175 2419/4825/4202
f 2434/4797/4182 2423/4794/4181 2422/4828/4205
f 2422/4828/4205 2423/4794/4181 2411/4792/4179
f 2434/4797/4182 2422/4828/4205 2433/4829/4206
f 2425/4817/4195 2424/4805/4187 2436/4832/4209
f 2436/4832/4209 2424/4805/4187 2435/4807/4188
f 2436/4832/4209 2435/4807/4188 2447/4833/4210
f 2447/4833/4210 2435/4807/4188 2446/4809/4189
f 2447/4833/4210 2446/4809/4189 2368/4811/4144
f 2439/4776/4165 2427/4774/4163 2438/4814/4192
f 2438/4814/4192 2427/4774/4163 2426/4816/4194
f 2428/4775/4164 2440/4777/4166 2429/4831/4208
f 2429/4831/4208 2440/4777/4166 2441/4834/4211
f 2429/4831/4208 2441/4834/4211 2430/4826/4203
f 2430/4826/4203 2441/4834/4211 2442/4783/4171
f 2445/4799/4183 2434/4797/4182 2433/4829/4206
f 2445/4799/4183 2433/4829/4206 2444/4830/4207
f 2425/4817/4195 2436/4832/4209 2437/4815/4193
f 2437/4815/4193 2436/4832/4209 2448/4835/4212
f 2437/4815/4193 2448/4835/4212 2449/4813/4191
f 2449/4813/4191 2448/4835/4212 2368/4811/4144
f 2448/4835/4212 2436/4832/4209 2447/4833/4210
f 2451/4778/4167 2439/4776/4165 2450/4812/4190
f 2450/4812/4190 2439/4776/4165 2438/4814/4192
f 2453/4781/4169 2442/4783/4171 2441/4834/4211
f 2453/4781/4169 2441/4834/4211 2452/4779/4168
f 2452/4779/4168 2441/4834/4211 2440/4777/4166
f 2456/4801/4184 2445/4799/4183 2444/4830/4207
f 2456/4801/4184 2444/4830/4207 2455/4802/4185
f 2368/4811/4144 2448/4835/4212 2447/4833/4210
f 2458/4836/4213 2480/4837/4214 2457/4838/4215
f 2457/4838/4215 2480/4837/4214 2479/4839/4216
f 2457/4838/4215 2479/4839/4216 2474/4840/4217
f 2474/4840/4217 2479/4839/4216 2473/4841/4218
f 2473/4841/4218 2479/4839/4216 2478/4842/4219
f 2473/4841/4218 2478/4842/4219 2494/4843/4220
f 2494/4843/4220 2478/4842/4219 2477/4844/4221
f 2494/4843/4220 2477/4844/4221 2493/4845/4222
f 2493/4845/4222 2477/4844/4221 2476/4846/4223
f 2493/4845/4222 2476/4846/4223 2492/4847/4224
f 2492/4847/4224 2476/4846/4223 2475/4848/4225
f 2492/4847/4224 2475/4848/4225 2491/4849/4226
f 2491/4849/4226 2475/4848/4225 2467/4850/4227
f 2491/4849/4226 2467/4850/4227 2468/4851/4228
f 2458/4836/4213 2459/4852/4229 2480/4837/4214
f 2480/4837/4214 2459/4852/4229 2481/4853/4230
f 2480/4837/4214 2481/4853/4230 2479/4839/4216
f 2479/4839/4216 2481/4853/4230 2478/4842/4219
f 2481/4853/4230 2459/4852/4229 2485/4854/4231
f 2485/4854/4231 2459/4852/4229 2460/4855/4232
f 2485/4854/4231 2460/4855/4232 2486/4856/4233
f 2486/4856/4233 2460/4855/4232 2461/4857/4234
f 2486/4856/4233 2461/4857/4234 2487/4858/4235
f 2487/4858/4235 2461/4857/4234 2489/4859/4236
f 2487/4858/4235 2489/4859/4236 2490/4860/4237
f 2490/4860/4237 2489/4859/4236 2462/4861/4238
f 2490/4860/4237 2462/4861/4238 2463/4862/4239
f 2461/4857/4234 2462/4861/4238 2489/4859/4236
f 2463/4862/4239 2464/4863/4240 2490/4860/4237
f 2490/4860/4237 2464/4863/4240 2488/4864/4241
f 2490/4860/4237 2488/4864/4241 2487/4858/4235
f 2487/4858/4235 2488/4864/4241 2483/4865/4242
f 2487/4858/4235 2483/4865/4242 2482/4866/4243
f 2482/4866/4243 2483/4865/4242 2477/4844/4221
f 2482/4866/4243 2477/4844/4221 2478/4842/4219
f 2464/4863/4240 2465/4867/4244 2488/4864/4241
f 2488/4864/4241 2465/4867/4244 2484/4868/4245
f 2488/4864/4241 2484/4868/4245 2483/4865/4242
f 2483/4865/4242 2484/4868/4245 2476/4846/4223
f 2483/4865/4242 2476/4846/4223 2477/4844/4221
f 2465/4867/4244 2466/4869/4246 2484/4868/4245
f 2484/4868/4245 2466/4869/4246 2475/4848/4225
f 2484/4868/4245 2475/4848/4225 2476/4846/4223
f 2466/4869/4246 2467/4850/4227 2475/4848/4225
f 2491/4849/4226 2468/4851/4228 2495/4870/4247
f 2495/4870/4247 2468/4851/4228 2469/4871/4248
f 2495/4870/4247 2469/4871/4248 2470/4872/4249
f 2495/4870/4247 2470/4872/4249 2496/4873/4250
f 2496/4873/4250 2470/4872/4249 2471/4874/4251
f 2496/4873/4250 2471/4874/4251 2492/4847/4224
f 2492/4847/4224 2471/4874/4251 2493/4845/4222
f 2471/4874/4251 2472/4875/4252 2493/4845/4222
f 2493/4845/4222 2472/4875/4252 2494/4843/4220
f 2472/4875/4252 2473/4841/4218 2494/4843/4220
f 2482/4866/4243 2478/4842/4219 2481/4853/4230
f 2485/4854/4231 2486/4856/4233 2481/4853/4230
f 2481/4853/4230 2486/4856/4233 2482/4866/4243
f 2486/4856/4233 2487/4858/4235 2482/4866/4243
f 2496/4873/4250 2492/4847/4224 2491/4849/4226
f 2495/4870/4247 2496/4873/4250 2491/4849/4226
f 2514/4876/4253 2497/4877/4254 2516/4878/4255
f 2516/4878/4255 2497/4877/4254 2498/4879/4256
f 2516/4878/4255 2498/4879/4256 2515/4880/4257
f 2515/4880/4257 2498/4879/4256 2499/4881/4258
f 2515/4880/4257 2499/4881/4258 2519/4882/4259
f 2519/4882/4259 2499/4881/4258 2518/4883/4260
f 2519/4882/4259 2518/4883/4260 2524/4884/4261
f 2524/4884/4261 2518/4883/4260 2523/4885/4262
f 2524/4884/4261 2523/4885/4262 2529/4886/4263
f 2529/4886/4263 2523/4885/4262 2528/4887/4264
f 2529/4886/4263 2528/4887/4264 2533/4888/4265
f 2533/4888/4265 2528/4887/4264 2532/4889/4266
f 2533/4888/4265 2532/4889/4266 2507/4890/4267
f 2507/4890/4267 2532/4889/4266 2506/4891/4268
f 2506/4891/4268 2532/4889/4266 2531/4892/4269
f 2506/4891/4268 2531/4892/4269 2505/4893/4270
f 2505/4893/4270 2531/4892/4269 2527/4894/4271
f 2505/4893/4270 2527/4894/4271 2526/4895/4272
f 2526/4895/4272 2527/4894/4271 2521/4896/4273
f 2526/4895/4272 2521/4896/4273 2503/4897/4274
f 2503/4897/4274 2521/4896/4273 2502/4898/4275
f 2502/4898/4275 2521/4896/4273 2501/4899/4276
f 2501/4899/4276 2521/4896/4273 2522/4900/4277
f 2501/4899/4276 2522/4900/4277 2517/4901/4278
f 2517/4901/4278 2522/4900/4277 2523/4885/4262
f 2517/4901/4278 2523/4885/4262 2518/4883/4260
f 2499/4881/4258 2500/4902/4279 2518/4883/4260
f 2518/4883/4260 2500/4902/4279 2517/4901/4278
f 2500/4902/4279 2501/4899/4276 2517/4901/4278
f 2503/4897/4274 2504/4903/4280 2526/4895/4272
f 2526/4895/4272 2504/4903/4280 2505/4893/4270
f 2533/4888/4265 2507/4890/4267 2535/4904/4281
f 2535/4904/4281 2507/4890/4267 2508/4905/4282
f 2535/4904/4281 2508/4905/4282 2536/4906/4283
f 2536/4906/4283 2508/4905/4282 2509/4907/4284
f 2536/4906/4283 2509/4907/4284 2510/4908/4285
f 2536/4906/4283 2510/4908/4285 2534/4909/4286
f 2534/4909/4286 2510/4908/4285 2511/4910/4287
f 2534/4909/4286 2511/4910/4287 2530/4911/4288
f 2530/4911/4288 2511/4910/4287 2512/4912/4289
f 2530/4911/4288 2512/4912/4289 2525/4913/4290
f 2525/4913/4290 2512/4912/4289 2513/4914/4291
f 2525/4913/4290 2513/4914/4291 2520/4915/4292
f 2520/4915/4292 2513/4914/4291 2514/4876/4253
f 2520/4915/4292 2514/4876/4253 2516/4878/4255
f 2520/4915/4292 2516/4878/4255 2515/4880/4257
f 2525/4913/4290 2520/4915/4292 2519/4882/4259
f 2519/4882/4259 2520/4915/4292 2515/4880/4257
f 2525/4913/4290 2519/4882/4259 2524/4884/4261
f 2528/4887/4264 2523/4885/4262 2522/4900/4277
f 2528/4887/4264 2522/4900/4277 2527/4894/4271
f 2527/4894/4271 2522/4900/4277 2521/4896/4273
f 2530/4911/4288 2525/4913/4290 2524/4884/4261
f 2530/4911/4288 2524/4884/4261 2529/4886/4263
f 2532/4889/4266 2528/4887/4264 2527/4894/4271
f 2531/4892/4269 2532/4889/4266 2527/4894/4271
f 2534/4909/4286 2530/4911/4288 2529/4886/4263
f 2534/4909/4286 2529/4886/4263 2533/4888/4265
f 2536/4906/4283 2534/4909/4286 2533/4888/4265
f 2535/4904/4281 2536/4906/4283 2533/4888/4265
f 2508/4916/4282 2537/4917/4293 2509/4918/4284
f 2509/4918/4284 2537/4917/4293 2538/4919/4294
f 2509/4918/4284 2538/4919/4294 2539/4920/4295
f 2539/4920/4295 2538/4919/4294 2550/4921/4296
f 2539/4920/4295 2550/4921/4296 2551/4922/4297
f 2551/4922/4297 2550/4921/4296 2562/4923/4298
f 2551/4922/4297 2562/4923/4298 2563/4924/4299
f 2563/4924/4299 2562/4923/4298 2574/4925/4300
f 2563/4924/4299 2574/4925/4300 2575/4926/4301
f 2575/4926/4301 2574/4925/4300 2586/4927/4302
f 2575/4926/4301 2586/4927/4302 2587/4928/4303
f 2587/4928/4303 2586/4927/4302 2294/4929/4073
f 2587/4928/4303 2294/4929/4073 2588/4930/4304
f 2588/4930/4304 2294/4929/4073 2589/4931/4305
f 2588/4930/4304 2589/4931/4305 2577/4932/4306
f 2577/4932/4306 2589/4931/4305 2578/4933/4307
f 2577/4932/4306 2578/4933/4307 2566/4934/4308
f 2566/4934/4308 2578/4933/4307 2567/4935/4309
f 2566/4934/4308 2567/4935/4309 2555/4936/4310
f 2555/4936/4310 2567/4935/4309 2556/4937/4311
f 2555/4936/4310 2556/4937/4311 2544/4938/4312
f 2544/4938/4312 2556/4937/4311 2545/4939/4313
f 2544/4938/4312 2545/4939/4313 2288/4940/4064
f 2288/4940/4064 2545/4939/4313 2546/4941/4314
f 2288/4940/4064 2546/4941/4314 2547/4942/4315
f 2547/4942/4315 2546/4941/4314 2558/4943/4316
f 2547/4942/4315 2558/4943/4316 2290/4944/4069
f 2290/4944/4069 2558/4943/4316 2291/4945/4071
f 2291/4945/4071 2558/4943/4316 2569/4946/4317
f 2291/4945/4071 2569/4946/4317 2292/4947/4052
f 2292/4947/4052 2569/4946/4317 2580/4948/4318
f 2292/4947/4052 2580/4948/4318 2293/4949/4053
f 2293/4949/4053 2580/4948/4318 2591/4950/4319
f 2293/4949/4053 2591/4950/4319 2294/4929/4073
f 2294/4929/4073 2591/4950/4319 2590/4951/4320
f 2294/4929/4073 2590/4951/4320 2589/4931/4305
f 2589/4931/4305 2590/4951/4320 2578/4933/4307
f 2537/4917/4293 2508/4916/4282 2548/4952/4321
f 2548/4952/4321 2508/4916/4282 2507/4953/4267
f 2548/4952/4321 2507/4953/4267 2559/4954/4322
f 2559/4954/4322 2507/4953/4267 2506/4955/4268
f 2559/4954/4322 2506/4955/4268 2570/4956/4323
f 2570/4956/4323 2506/4955/4268 2505/4957/4270
f 2570/4956/4323 2505/4957/4270 2581/4958/4324
f 2581/4958/4324 2505/4957/4270 2504/4959/4280
f 2581/4958/4324 2504/4959/4280 2503/4960/4274
f 2294/4929/4073 2586/4927/4302 2503/4960/4274
f 2503/4960/4274 2586/4927/4302 2585/4961/4325
f 2503/4960/4274 2585/4961/4325 2584/4962/4326
f 2584/4962/4326 2585/4961/4325 2573/4963/4327
f 2584/4962/4326 2573/4963/4327 2572/4964/4328
f 2572/4964/4328 2573/4963/4327 2561/4965/4329
f 2572/4964/4328 2561/4965/4329 2560/4966/4330
f 2560/4966/4330 2561/4965/4329 2549/4967/4331
f 2560/4966/4330 2549/4967/4331 2548/4952/4321
f 2548/4952/4321 2549/4967/4331 2537/4917/4293
f 2290/4944/4069 2289/4968/4065 2547/4942/4315
f 2547/4942/4315 2289/4968/4065 2288/4940/4064
f 2509/4918/4284 2542/4969/4332 2288/4940/4064
f 2288/4940/4064 2542/4969/4332 2543/4970/4333
f 2288/4940/4064 2543/4970/4333 2544/4938/4312
f 2544/4938/4312 2543/4970/4333 2555/4936/4310
f 2550/4921/4296 2538/4919/4294 2549/4967/4331
f 2549/4967/4331 2538/4919/4294 2537/4917/4293
f 2539/4920/4295 2540/4971/4334 2509/4918/4284
f 2509/4918/4284 2540/4971/4334 2541/4972/4335
f 2509/4918/4284 2541/4972/4335 2542/4969/4332
f 2542/4969/4332 2541/4972/4335 2553/4973/4336
f 2542/4969/4332 2553/4973/4336 2554/4974/4337
f 2554/4974/4337 2553/4973/4336 2565/4975/4338
f 2554/4974/4337 2565/4975/4338 2566/4934/4308
f 2566/4934/4308 2565/4975/4338 2577/4932/4306
f 2539/4920/4295 2551/4922/4297 2540/4971/4334
f 2540/4971/4334 2551/4922/4297 2552/4976/4339
f 2540/4971/4334 2552/4976/4339 2541/4972/4335
f 2541/4972/4335 2552/4976/4339 2553/4973/4336
f 2555/4936/4310 2543/4970/4333 2554/4974/4337
f 2554/4974/4337 2543/4970/4333 2542/4969/4332
f 2546/4941/4314 2545/4939/4313 2557/4977/4340
f 2557/4977/4340 2545/4939/4313 2556/4937/4311
f 2557/4977/4340 2556/4937/4311 2568/4978/4341
f 2568/4978/4341 2556/4937/4311 2567/4935/4309
f 2568/4978/4341 2567/4935/4309 2579/4979/4342
f 2579/4979/4342 2567/4935/4309 2578/4933/4307
f 2579/4979/4342 2578/4933/4307 2590/4951/4320
f 2560/4966/4330 2548/4952/4321 2559/4954/4322
f 2562/4923/4298 2550/4921/4296 2561/4965/4329
f 2561/4965/4329 2550/4921/4296 2549/4967/4331
f 2551/4922/4297 2563/4924/4299 2552/4976/4339
f 2552/4976/4339 2563/4924/4299 2564/4980/4343
f 2552/4976/4339 2564/4980/4343 2553/4973/4336
f 2553/4973/4336 2564/4980/4343 2565/4975/4338
f 2566/4934/4308 2555/4936/4310 2554/4974/4337
f 2569/4946/4317 2558/4943/4316 2557/4977/4340
f 2557/4977/4340 2558/4943/4316 2546/4941/4314
f 2569/4946/4317 2557/4977/4340 2568/4978/4341
f 2560/4966/4330 2559/4954/4322 2571/4981/4344
f 2571/4981/4344 2559/4954/4322 2570/4956/4323
f 2571/4981/4344 2570/4956/4323 2582/4982/4345
f 2582/4982/4345 2570/4956/4323 2581/4958/4324
f 2582/4982/4345 2581/4958/4324 2503/4960/4274
f 2574/4925/4300 2562/4923/4298 2573/4963/4327
f 2573/4963/4327 2562/4923/4298 2561/4965/4329
f 2563/4924/4299 2575/4926/4301 2564/4980/4343
f 2564/4980/4343 2575/4926/4301 2576/4983/4346
f 2564/4980/4343 2576/4983/4346 2565/4975/4338
f 2565/4975/4338 2576/4983/4346 2577/4932/4306
f 2580/4948/4318 2569/4946/4317 2568/4978/4341
f 2580/4948/4318 2568/4978/4341 2579/4979/4342
f 2560/4966/4330 2571/4981/4344 2572/4964/4328
f 2572/4964/4328 2571/4981/4344 2583/4984/4347
f 2572/4964/4328 2583/4984/4347 2584/4962/4326
f 2584/4962/4326 2583/4984/4347 2503/4960/4274
f 2583/4984/4347 2571/4981/4344 2582/4982/4345
f 2586/4927/4302 2574/4925/4300 2585/4961/4325
f 2585/4961/4325 2574/4925/4300 2573/4963/4327
f 2588/4930/4304 2577/4932/4306 2576/4983/4346
f 2588/4930/4304 2576/4983/4346 2587/4928/4303
f 2587/4928/4303 2576/4983/4346 2575/4926/4301
f 2591/4950/4319 2580/4948/4318 2579/4979/4342
f 2591/4950/4319 2579/4979/4342 2590/4951/4320
f 2503/4960/4274 2583/4984/4347 2582/4982/4345
f 2593/4985/4348 2616/4986/4349 2592/4987/4350
f 2592/4987/4350 2616/4986/4349 2615/4988/4351
f 2592/4987/4350 2615/4988/4351 2609/4989/4352
f 2609/4989/4352 2615/4988/4351 2608/4990/4353
f 2608/4990/4353 2615/4988/4351 2614/4991/4354
f 2608/4990/4353 2614/4991/4354 2629/4992/4355
f 2629/4992/4355 2614/4991/4354 2613/4993/4356
f 2629/4992/4355 2613/4993/4356 2628/4994/4357
f 2628/4994/4357 2613/4993/4356 2612/4995/4358
f 2628/4994/4357 2612/4995/4358 2627/4996/4359
f 2627/4996/4359 2612/4995/4358 2611/4997/4360
f 2627/4996/4359 2611/4997/4360 2626/4998/4361
f 2626/4998/4361 2611/4997/4360 2602/4999/4362
f 2626/4998/4361 2602/4999/4362 2603/5000/4363
f 2593/4985/4348 2594/5001/4364 2616/4986/4349
f 2616/4986/4349 2594/5001/4364 2617/5002/4365
f 2616/4986/4349 2617/5002/4365 2615/4988/4351
f 2615/4988/4351 2617/5002/4365 2614/4991/4354
f 2617/5002/4365 2594/5001/4364 2621/5003/4366
f 2621/5003/4366 2594/5001/4364 2595/5004/4367
f 2621/5003/4366 2595/5004/4367 2622/5005/4368
f 2622/5005/4368 2595/5004/4367 2596/5006/4369
f 2622/5005/4368 2596/5006/4369 2623/5007/4370
f 2623/5007/4370 2596/5006/4369 2625/5008/4371
f 2623/5007/4370 2625/5008/4371 2610/5009/4372
f 2610/5009/4372 2625/5008/4371 2597/5010/4373
f 2610/5009/4372 2597/5010/4373 2598/5011/4374
f 2596/5006/4369 2597/5010/4373 2625/5008/4371
f 2598/5011/4374 2599/5012/4375 2610/5009/4372
f 2610/5009/4372 2599/5012/4375 2624/5013/4376
f 2610/5009/4372 2624/5013/4376 2623/5007/4370
f 2623/5007/4370 2624/5013/4376 2619/5014/4377
f 2623/5007/4370 2619/5014/4377 2618/5015/4378
f 2618/5015/4378 2619/5014/4377 2613/4993/4356
f 2618/5015/4378 2613/4993/4356 2614/4991/4354
f 2599/5012/4375 2600/5016/4379 2624/5013/4376
f 2624/5013/4376 2600/5016/4379 2620/5017/4380
f 2624/5013/4376 2620/5017/4380 2619/5014/4377
f 2619/5014/4377 2620/5017/4380 2612/4995/4358
f 2619/5014/4377 2612/4995/4358 2613/4993/4356
f 2600/5016/4379 2601/5018/4381 2620/5017/4380
f 2620/5017/4380 2601/5018/4381 2611/4997/4360
f 2620/5017/4380 2611/4997/4360 2612/4995/4358
f 2601/5018/4381 2602/4999/4362 2611/4997/4360
f 2626/4998/4361 2603/5000/4363 2630/5019/4382
f 2630/5019/4382 2603/5000/4363 2604/5020/4383
f 2630/5019/4382 2604/5020/4383 2605/5021/4384
f 2630/5019/4382 2605/5021/4384 2631/5022/4385
f 2631/5022/4385 2605/5021/4384 2606/5023/4386
f 2631/5022/4385 2606/5023/4386 2627/4996/4359
f 2627/4996/4359 2606/5023/4386 2628/4994/4357
f 2606/5023/4386 2607/5024/4387 2628/4994/4357
f 2628/4994/4357 2607/5024/4387 2629/4992/4355
f 2607/5024/4387 2608/4990/4353 2629/4992/4355
f 2618/5015/4378 2614/4991/4354 2617/5002/4365
f 2621/5003/4366 2622/5005/4368 2617/5002/4365
f 2617/5002/4365 2622/5005/4368 2618/5015/4378
f 2622/5005/4368 2623/5007/4370 2618/5015/4378
f 2631/5022/4385 2627/4996/4359 2626/4998/4361
f 2630/5019/4382 2631/5022/4385 2626/4998/4361
f 2333/5025/4093 2632/5026/4388 2334/5027/4113
f 2334/5027/4113 2632/5026/4388 2633/5028/4389
f 2334/5027/4113 2633/5028/4389 2634/5029/4390
f 2634/5029/4390 2633/5028/4389 2645/5030/4391
f 2634/5029/4390 2645/5030/4391 2646/5031/4392
f 2646/5031/4392 2645/5030/4391 2657/5032/4393
f 2646/5031/4392 2657/5032/4393 2658/5033/4394
f 2658/5033/4394 2657/5032/4393 2669/5034/4395
f 2658/5033/4394 2669/5034/4395 2670/5035/4396
f 2670/5035/4396 2669/5034/4395 2681/5036/4397
f 2670/5035/4396 2681/5036/4397 2682/5037/4398
f 2682/5037/4398 2681/5036/4397 2604/5038/4383
f 2682/5037/4398 2604/5038/4383 2683/5039/4399
f 2683/5039/4399 2604/5038/4383 2684/5040/4400
f 2683/5039/4399 2684/5040/4400 2672/5041/4401
f 2672/5041/4401 2684/5040/4400 2673/5042/4402
f 2672/5041/4401 2673/5042/4402 2661/5043/4403
f 2661/5043/4403 2673/5042/4402 2662/5044/4404
f 2661/5043/4403 2662/5044/4404 2650/5045/4405
f 2650/5045/4405 2662/5044/4404 2651/5046/4406
f 2650/5045/4405 2651/5046/4406 2639/5047/4407
f 2639/5047/4407 2651/5046/4406 2640/5048/4408
f 2639/5047/4407 2640/5048/4408 2598/5049/4374
f 2598/5049/4374 2640/5048/4408 2641/5050/4409
f 2598/5049/4374 2641/5050/4409 2642/5051/4410
f 2642/5051/4410 2641/5050/4409 2653/5052/4411
f 2642/5051/4410 2653/5052/4411 2600/5053/4379
f 2600/5053/4379 2653/5052/4411 2601/5054/4381
f 2601/5054/4381 2653/5052/4411 2664/5055/4412
f 2601/5054/4381 2664/5055/4412 2602/5056/4362
f 2602/5056/4362 2664/5055/4412 2675/5057/4413
f 2602/5056/4362 2675/5057/4413 2603/5058/4363
f 2603/5058/4363 2675/5057/4413 2686/5059/4414
f 2603/5058/4363 2686/5059/4414 2604/5038/4383
f 2604/5038/4383 2686/5059/4414 2685/5060/4415
f 2604/5038/4383 2685/5060/4415 2684/5040/4400
f 2684/5040/4400 2685/5060/4415 2673/5042/4402
f 2632/5026/4388 2333/5025/4093 2643/5061/4416
f 2643/5061/4416 2333/5025/4093 2332/5062/4092
f 2643/5061/4416 2332/5062/4092 2654/5063/4417
f 2654/5063/4417 2332/5062/4092 2331/5064/4111
f 2654/5063/4417 2331/5064/4111 2665/5065/4418
f 2665/5065/4418 2331/5064/4111 2330/5066/4109
f 2665/5065/4418 2330/5066/4109 2676/5067/4419
f 2676/5067/4419 2330/5066/4109 2329/5068/4105
f 2676/5067/4419 2329/5068/4105 2328/5069/4104
f 2604/5038/4383 2681/5036/4397 2328/5069/4104
f 2328/5069/4104 2681/5036/4397 2680/5070/4420
f 2328/5069/4104 2680/5070/4420 2679/5071/4421
f 2679/5071/4421 2680/5070/4420 2668/5072/4422
f 2679/5071/4421 2668/5072/4422 2667/5073/4423
f 2667/5073/4423 2668/5072/4422 2656/5074/4424
f 2667/5073/4423 2656/5074/4424 2655/5075/4425
f 2655/5075/4425 2656/5074/4424 2644/5076/4426
f 2655/5075/4425 2644/5076/4426 2643/5061/4416
f 2643/5061/4416 2644/5076/4426 2632/5026/4388
f 2600/5053/4379 2599/5077/4375 2642/5051/4410
f 2642/5051/4410 2599/5077/4375 2598/5049/4374
f 2334/5027/4113 2637/5078/4427 2598/5049/4374
f 2598/5049/4374 2637/5078/4427 2638/5079/4428
f 2598/5049/4374 2638/5079/4428 2639/5047/4407
f 2639/5047/4407 2638/5079/4428 2650/5045/4405
f 2645/5030/4391 2633/5028/4389 2644/5076/4426
f 2644/5076/4426 2633/5028/4389 2632/5026/4388
f 2634/5029/4390 2635/5080/4429 2334/5027/4113
f 2334/5027/4113 2635/5080/4429 2636/5081/4430
f 2334/5027/4113 2636/5081/4430 2637/5078/4427
f 2637/5078/4427 2636/5081/4430 2648/5082/4431
f 2637/5078/4427 2648/5082/4431 2649/5083/4432
f 2649/5083/4432 2648/5082/4431 2660/5084/4433
f 2649/5083/4432 2660/5084/4433 2661/5043/4403
f 2661/5043/4403 2660/5084/4433 2672/5041/4401
f 2634/5029/4390 2646/5031/4392 2635/5080/4429
f 2635/5080/4429 2646/5031/4392 2647/5085/4434
f 2635/5080/4429 2647/5085/4434 2636/5081/4430
f 2636/5081/4430 2647/5085/4434 2648/5082/4431
f 2650/5045/4405 2638/5079/4428 2649/5083/4432
f 2649/5083/4432 2638/5079/4428 2637/5078/4427
f 2641/5050/4409 2640/5048/4408 2652/5086/4435
f 2652/5086/4435 2640/5048/4408 2651/5046/4406
f 2652/5086/4435 2651/5046/4406 2663/5087/4436
f 2663/5087/4436 2651/5046/4406 2662/5044/4404
f 2663/5087/4436 2662/5044/4404 2674/5088/4437
f 2674/5088/4437 2662/5044/4404 2673/5042/4402
f 2674/5088/4437 2673/5042/4402 2685/5060/4415
f 2655/5075/4425 2643/5061/4416 2654/5063/4417
f 2657/5032/4393 2645/5030/4391 2656/5074/4424
f 2656/5074/4424 2645/5030/4391 2644/5076/4426
f 2646/5031/4392 2658/5033/4394 2647/5085/4434
f 2647/5085/4434 2658/5033/4394 2659/5089/4438
f 2647/5085/4434 2659/5089/4438 2648/5082/4431
f 2648/5082/4431 2659/5089/4438 2660/5084/4433
f 2661/5043/4403 2650/5045/4405 2649/5083/4432
f 2664/5055/4412 2653/5052/4411 2652/5086/4435
f 2652/5086/4435 2653/5052/4411 2641/5050/4409
f 2664/5055/4412 2652/5086/4435 2663/5087/4436
f 2655/5075/4425 2654/5063/4417 2666/5090/4439
f 2666/5090/4439 2654/5063/4417 2665/5065/4418
f 2666/5090/4439 2665/5065/4418 2677/5091/4440
f 2677/5091/4440 2665/5065/4418 2676/5067/4419
f 2677/5091/4440 2676/5067/4419 2328/5069/4104
f 2669/5034/4395 2657/5032/4393 2668/5072/4422
f 2668/5072/4422 2657/5032/4393 2656/5074/4424
f 2658/5033/4394 2670/5035/4396 2659/5089/4438
f 2659/5089/4438 2670/5035/4396 2671/5092/4441
f 2659/5089/4438 2671/5092/4441 2660/5084/4433
f 2660/5084/4433 2671/5092/4441 2672/5041/4401
f 2675/5057/4413 2664/5055/4412 2663/5087/4436
f 2675/5057/4413 2663/5087/4436 2674/5088/4437
f 2655/5075/4425 2666/5090/4439 2667/5073/4423
f 2667/5073/4423 2666/5090/4439 2678/5093/4442
f 2667/5073/4423 2678/5093/4442 2679/5071/4421
f 2679/5071/4421 2678/5093/4442 2328/5069/4104
f 2678/5093/4442 2666/5090/4439 2677/5091/4440
f 2681/5036/4397 2669/5034/4395 2680/5070/4420
f 2680/5070/4420 2669/5034/4395 2668/5072/4422
f 2683/5039/4399 2672/5041/4401 2671/5092/4441
f 2683/5039/4399 2671/5092/4441 2682/5037/4398
f 2682/5037/4398 2671/5092/4441 2670/5035/4396
f 2686/5059/4414 2675/5057/4413 2674/5088/4437
f 2686/5059/4414 2674/5088/4437 2685/5060/4415
f 2328/5069/4104 2678/5093/4442 2677/5091/4440
f 2367/5094/4143 2687/5095/4443 2368/5096/4144
f 2368/5096/4144 2687/5095/4443 2688/5097/4444
f 2368/5096/4144 2688/5097/4444 2689/5098/4445
f 2689/5098/4445 2688/5097/4444 2720/5099/4446
f 2689/5098/4445 2720/5099/4446 2721/5100/4447
f 2721/5100/4447 2720/5099/4446 2752/5101/4448
f 2721/5100/4447 2752/5101/4448 2753/5102/4449
f 2753/5102/4449 2752/5101/4448 2784/5103/4450
f 2753/5102/4449 2784/5103/4450 2785/5104/4451
f 2785/5104/4451 2784/5103/4450 2816/5105/4452
f 2785/5104/4451 2816/5105/4452 2817/5106/4453
f 2817/5106/4453 2816/5105/4452 2362/5107/4120
f 2817/5106/4453 2362/5107/4120 2818/5108/4454
f 2818/5108/4454 2362/5107/4120 2819/5109/4455
f 2818/5108/4454 2819/5109/4455 2787/5110/4456
f 2787/5110/4456 2819/5109/4455 2788/5111/4457
f 2787/5110/4456 2788/5111/4457 2756/5112/4458
f 2756/5112/4458 2788/5111/4457 2757/5113/4459
f 2756/5112/4458 2757/5113/4459 2725/5114/4460
f 2725/5114/4460 2757/5113/4459 2726/5115/4461
f 2725/5114/4460 2726/5115/4461 2694/5116/4462
f 2694/5116/4462 2726/5115/4461 2695/5117/4463
f 2694/5116/4462 2695/5117/4463 2368/5096/4144
f 2368/5096/4144 2695/5117/4463 2696/5118/4464
f 2368/5096/4144 2696/5118/4464 2697/5119/4465
f 2697/5119/4465 2696/5118/4464 2728/5120/4466
f 2697/5119/4465 2728/5120/4466 2729/5121/4467
f 2729/5121/4467 2728/5120/4466 2760/5122/4468
f 2729/5121/4467 2760/5122/4468 2761/5123/4469
f 2761/5123/4469 2760/5122/4468 2792/5124/4470
f 2761/5123/4469 2792/5124/4470 2793/5125/4471
f 2793/5125/4471 2792/5124/4470 2824/5126/4472
f 2793/5125/4471 2824/5126/4472 2825/5127/4473
f 2825/5127/4473 2824/5126/4472 2362/5107/4120
f 2825/5127/4473 2362/5107/4120 2826/5128/4474
f 2826/5128/4474 2362/5107/4120 2592/5129/4350
f 2826/5128/4474 2592/5129/4350 2827/5130/4475
f 2827/5130/4475 2592/5129/4350 2828/5131/4476
f 2827/5130/4475 2828/5131/4476 2796/5132/4477
f 2796/5132/4477 2828/5131/4476 2797/5133/4478
f 2796/5132/4477 2797/5133/4478 2765/5134/4479
f 2765/5134/4479 2797/5133/4478 2766/5135/4480
f 2765/5134/4479 2766/5135/4480 2734/5136/4481
f 2734/5136/4481 2766/5135/4480 2735/5137/4482
f 2734/5136/4481 2735/5137/4482 2703/5138/4483
f 2703/5138/4483 2735/5137/4482 2704/5139/4484
f 2703/5138/4483 2704/5139/4484 2604/5140/4383
f 2604/5140/4383 2704/5139/4484 2705/5141/4485
f 2604/5140/4383 2705/5141/4485 2706/5142/4486
f 2706/5142/4486 2705/5141/4485 2737/5143/4487
f 2706/5142/4486 2737/5143/4487 2738/5144/4488
f 2738/5144/4488 2737/5143/4487 2769/5145/4489
f 2738/5144/4488 2769/5145/4489 2770/5146/4490
f 2770/5146/4490 2769/5145/4489 2801/5147/4491
f 2770/5146/4490 2801/5147/4491 2802/5148/4492
f 2802/5148/4492 2801/5147/4491 2833/5149/4493
f 2802/5148/4492 2833/5149/4493 2834/5150/4494
f 2834/5150/4494 2833/5149/4493 2592/5129/4350
f 2834/5150/4494 2592/5129/4350 2835/5151/4495
f 2835/5151/4495 2592/5129/4350 2836/5152/4496
f 2835/5151/4495 2836/5152/4496 2804/5153/4497
f 2804/5153/4497 2836/5152/4496 2805/5154/4498
f 2804/5153/4497 2805/5154/4498 2773/5155/4499
f 2773/5155/4499 2805/5154/4498 2774/5156/4500
f 2773/5155/4499 2774/5156/4500 2742/5157/4501
f 2742/5157/4501 2774/5156/4500 2743/5158/4502
f 2742/5157/4501 2743/5158/4502 2711/5159/4503
f 2711/5159/4503 2743/5158/4502 2712/5160/4504
f 2711/5159/4503 2712/5160/4504 2604/5140/4383
f 2604/5140/4383 2712/5160/4504 2713/5161/4505
f 2604/5140/4383 2713/5161/4505 2714/5162/4506
f 2714/5162/4506 2713/5161/4505 2745/5163/4507
f 2714/5162/4506 2745/5163/4507 2746/5164/4508
f 2746/5164/4508 2745/5163/4507 2777/5165/4509
f 2746/5164/4508 2777/5165/4509 2778/5166/4510
f 2778/5166/4510 2777/5165/4509 2809/5167/4511
f 2778/5166/4510 2809/5167/4511 2810/5168/4512
f 2810/5168/4512 2809/5167/4511 2841/5169/4513
f 2810/5168/4512 2841/5169/4513 2609/5170/4352
f 2609/5170/4352 2841/5169/4513 2592/5129/4350
f 2592/5129/4350 2841/5169/4513 2840/5171/4514
f 2592/5129/4350 2840/5171/4514 2839/5172/4515
f 2839/5172/4515 2840/5171/4514 2808/5173/4516
f 2839/5172/4515 2808/5173/4516 2807/5174/4517
f 2807/5174/4517 2808/5173/4516 2776/5175/4518
f 2807/5174/4517 2776/5175/4518 2775/5176/4519
f 2775/5176/4519 2776/5175/4518 2744/5177/4520
f 2775/5176/4519 2744/5177/4520 2743/5158/4502
f 2743/5158/4502 2744/5177/4520 2712/5160/4504
f 2687/5095/4443 2367/5094/4143 2718/5178/4521
f 2718/5178/4521 2367/5094/4143 2366/5179/4139
f 2718/5178/4521 2366/5179/4139 2749/5180/4522
f 2749/5180/4522 2366/5179/4139 2365/5181/4137
f 2749/5180/4522 2365/5181/4137 2780/5182/4523
f 2780/5182/4523 2365/5181/4137 2364/5183/4134
f 2780/5182/4523 2364/5183/4134 2811/5184/4524
f 2811/5184/4524 2364/5183/4134 2363/5185/4118
f 2811/5184/4524 2363/5185/4118 2362/5107/4120
f 2609/5170/4352 2608/5186/4353 2810/5168/4512
f 2810/5168/4512 2608/5186/4353 2779/5187/4525
f 2810/5168/4512 2779/5187/4525 2778/5166/4510
f 2778/5166/4510 2779/5187/4525 2747/5188/4526
f 2778/5166/4510 2747/5188/4526 2746/5164/4508
f 2746/5164/4508 2747/5188/4526 2715/5189/4527
f 2746/5164/4508 2715/5189/4527 2714/5162/4506
f 2714/5162/4506 2715/5189/4527 2604/5140/4383
f 2608/5186/4353 2607/5190/4387 2779/5187/4525
f 2779/5187/4525 2607/5190/4387 2748/5191/4528
f 2779/5187/4525 2748/5191/4528 2747/5188/4526
f 2747/5188/4526 2748/5191/4528 2716/5192/4529
f 2747/5188/4526 2716/5192/4529 2715/5189/4527
f 2715/5189/4527 2716/5192/4529 2604/5140/4383
f 2607/5190/4387 2606/5193/4386 2748/5191/4528
f 2748/5191/4528 2606/5193/4386 2717/5194/4530
f 2748/5191/4528 2717/5194/4530 2716/5192/4529
f 2716/5192/4529 2717/5194/4530 2604/5140/4383
f 2606/5193/4386 2605/5195/4384 2717/5194/4530
f 2717/5194/4530 2605/5195/4384 2604/5140/4383
f 2703/5138/4483 2604/5140/4383 2702/5196/4531
f 2702/5196/4531 2604/5140/4383 2368/5096/4144
f 2702/5196/4531 2368/5096/4144 2701/5197/4532
f 2701/5197/4532 2368/5096/4144 2700/5198/4533
f 2701/5197/4532 2700/5198/4533 2732/5199/4534
f 2732/5199/4534 2700/5198/4533 2731/5200/4535
f 2732/5199/4534 2731/5200/4535 2763/5201/4536
f 2763/5201/4536 2731/5200/4535 2762/5202/4537
f 2763/5201/4536 2762/5202/4537 2794/5203/4538
f 2794/5203/4538 2762/5202/4537 2793/5125/4471
f 2794/5203/4538 2793/5125/4471 2825/5127/4473
f 2688/5097/4444 2687/5095/4443 2719/5204/4539
f 2719/5204/4539 2687/5095/4443 2718/5178/4521
f 2719/5204/4539 2718/5178/4521 2750/5205/4540
f 2750/5205/4540 2718/5178/4521 2749/5180/4522
f 2750/5205/4540 2749/5180/4522 2781/5206/4541
f 2781/5206/4541 2749/5180/4522 2780/5182/4523
f 2781/5206/4541 2780/5182/4523 2812/5207/4542
f 2812/5207/4542 2780/5182/4523 2811/5184/4524
f 2812/5207/4542 2811/5184/4524 2362/5107/4120
f 2689/5098/4445 2690/5208/4543 2368/5096/4144
f 2368/5096/4144 2690/5208/4543 2691/5209/4544
f 2368/5096/4144 2691/5209/4544 2692/5210/4545
f 2692/5210/4545 2691/5209/4544 2723/5211/4546
f 2692/5210/4545 2723/5211/4546 2724/5212/4547
f 2724/5212/4547 2723/5211/4546 2755/5213/4548
f 2724/5212/4547 2755/5213/4548 2756/5112/4458
f 2756/5112/4458 2755/5213/4548 2787/5110/4456
f 2689/5098/4445 2721/5100/4447 2690/5208/4543
f 2690/5208/4543 2721/5100/4447 2722/5214/4549
f 2690/5208/4543 2722/5214/4549 2691/5209/4544
f 2691/5209/4544 2722/5214/4549 2723/5211/4546
f 2694/5116/4462 2368/5096/4144 2693/5215/4550
f 2693/5215/4550 2368/5096/4144 2692/5210/4545
f 2693/5215/4550 2692/5210/4545 2724/5212/4547
f 2725/5114/4460 2694/5116/4462 2693/5215/4550
f 2725/5114/4460 2693/5215/4550 2724/5212/4547
f 2696/5118/4464 2695/5117/4463 2727/5216/4551
f 2727/5216/4551 2695/5117/4463 2726/5115/4461
f 2727/5216/4551 2726/5115/4461 2758/5217/4552
f 2758/5217/4552 2726/5115/4461 2757/5113/4459
f 2758/5217/4552 2757/5113/4459 2789/5218/4553
f 2789/5218/4553 2757/5113/4459 2788/5111/4457
f 2789/5218/4553 2788/5111/4457 2820/5219/4554
f 2820/5219/4554 2788/5111/4457 2819/5109/4455
f 2820/5219/4554 2819/5109/4455 2362/5107/4120
f 2697/5119/4465 2698/5220/4555 2368/5096/4144
f 2368/5096/4144 2698/5220/4555 2699/5221/4556
f 2368/5096/4144 2699/5221/4556 2700/5198/4533
f 2700/5198/4533 2699/5221/4556 2731/5200/4535
f 2697/5119/4465 2729/5121/4467 2698/5220/4555
f 2698/5220/4555 2729/5121/4467 2730/5222/4557
f 2698/5220/4555 2730/5222/4557 2699/5221/4556
f 2699/5221/4556 2730/5222/4557 2731/5200/4535
f 2734/5136/4481 2703/5138/4483 2702/5196/4531
f 2702/5196/4531 2701/5197/4532 2733/5223/4558
f 2733/5223/4558 2701/5197/4532 2732/5199/4534
f 2733/5223/4558 2732/5199/4534 2764/5224/4559
f 2764/5224/4559 2732/5199/4534 2763/5201/4536
f 2764/5224/4559 2763/5201/4536 2795/5225/4560
f 2795/5225/4560 2763/5201/4536 2794/5203/4538
f 2795/5225/4560 2794/5203/4538 2826/5128/4474
f 2826/5128/4474 2794/5203/4538 2825/5127/4473
f 2705/5141/4485 2704/5139/4484 2736/5226/4561
f 2736/5226/4561 2704/5139/4484 2735/5137/4482
f 2736/5226/4561 2735/5137/4482 2767/5227/4562
f 2767/5227/4562 2735/5137/4482 2766/5135/4480
f 2767/5227/4562 2766/5135/4480 2798/5228/4563
f 2798/5228/4563 2766/5135/4480 2797/5133/4478
f 2798/5228/4563 2797/5133/4478 2829/5229/4564
f 2829/5229/4564 2797/5133/4478 2828/5131/4476
f 2829/5229/4564 2828/5131/4476 2592/5129/4350
f 2706/5142/4486 2707/5230/4565 2604/5140/4383
f 2604/5140/4383 2707/5230/4565 2708/5231/4566
f 2604/5140/4383 2708/5231/4566 2709/5232/4567
f 2709/5232/4567 2708/5231/4566 2740/5233/4568
f 2709/5232/4567 2740/5233/4568 2741/5234/4569
f 2741/5234/4569 2740/5233/4568 2772/5235/4570
f 2741/5234/4569 2772/5235/4570 2773/5155/4499
f 2773/5155/4499 2772/5235/4570 2804/5153/4497
f 2706/5142/4486 2738/5144/4488 2707/5230/4565
f 2707/5230/4565 2738/5144/4488 2739/5236/4571
f 2707/5230/4565 2739/5236/4571 2708/5231/4566
f 2708/5231/4566 2739/5236/4571 2740/5233/4568
f 2711/5159/4503 2604/5140/4383 2710/5237/4572
f 2710/5237/4572 2604/5140/4383 2709/5232/4567
f 2710/5237/4572 2709/5232/4567 2741/5234/4569
f 2742/5157/4501 2711/5159/4503 2710/5237/4572
f 2742/5157/4501 2710/5237/4572 2741/5234/4569
f 2745/5163/4507 2713/5161/4505 2744/5177/4520
f 2744/5177/4520 2713/5161/4505 2712/5160/4504
f 2688/5097/4444 2719/5204/4539 2720/5099/4446
f 2720/5099/4446 2719/5204/4539 2751/5238/4573
f 2720/5099/4446 2751/5238/4573 2752/5101/4448
f 2752/5101/4448 2751/5238/4573 2783/5239/4574
f 2752/5101/4448 2783/5239/4574 2784/5103/4450
f 2784/5103/4450 2783/5239/4574 2815/5240/4575
f 2784/5103/4450 2815/5240/4575 2816/5105/4452
f 2816/5105/4452 2815/5240/4575 2362/5107/4120
f 2751/5238/4573 2719/5204/4539 2750/5205/4540
f 2721/5100/4447 2753/5102/4449 2722/5214/4549
f 2722/5214/4549 2753/5102/4449 2754/5241/4576
f 2722/5214/4549 2754/5241/4576 2723/5211/4546
f 2723/5211/4546 2754/5241/4576 2755/5213/4548
f 2756/5112/4458 2725/5114/4460 2724/5212/4547
f 2696/5118/4464 2727/5216/4551 2728/5120/4466
f 2728/5120/4466 2727/5216/4551 2759/5242/4577
f 2728/5120/4466 2759/5242/4577 2760/5122/4468
f 2760/5122/4468 2759/5242/4577 2791/5243/4578
f 2760/5122/4468 2791/5243/4578 2792/5124/4470
f 2792/5124/4470 2791/5243/4578 2823/5244/4579
f 2792/5124/4470 2823/5244/4579 2824/5126/4472
f 2824/5126/4472 2823/5244/4579 2362/5107/4120
f 2759/5242/4577 2727/5216/4551 2758/5217/4552
f 2762/5202/4537 2731/5200/4535 2730/5222/4557
f 2762/5202/4537 2730/5222/4557 2761/5123/4469
f 2761/5123/4469 2730/5222/4557 2729/5121/4467
f 2765/5134/4479 2734/5136/4481 2733/5223/4558
f 2733/5223/4558 2734/5136/4481 2702/5196/4531
f 2765/5134/4479 2733/5223/4558 2764/5224/4559
f 2705/5141/4485 2736/5226/4561 2737/5143/4487
f 2737/5143/4487 2736/5226/4561 2768/5245/4580
f 2737/5143/4487 2768/5245/4580 2769/5145/4489
f 2769/5145/4489 2768/5245/4580 2800/5246/4581
f 2769/5145/4489 2800/5246/4581 2801/5147/4491
f 2801/5147/4491 2800/5246/4581 2832/5247/4582
f 2801/5147/4491 2832/5247/4582 2833/5149/4493
f 2833/5149/4493 2832/5247/4582 2592/5129/4350
f 2768/5245/4580 2736/5226/4561 2767/5227/4562
f 2738/5144/4488 2770/5146/4490 2739/5236/4571
f 2739/5236/4571 2770/5146/4490 2771/5248/4583
f 2739/5236/4571 2771/5248/4583 2740/5233/4568
f 2740/5233/4568 2771/5248/4583 2772/5235/4570
f 2773/5155/4499 2742/5157/4501 2741/5234/4569
f 2775/5176/4519 2743/5158/4502 2774/5156/4500
f 2777/5165/4509 2745/5163/4507 2776/5175/4518
f 2776/5175/4518 2745/5163/4507 2744/5177/4520
f 2751/5238/4573 2750/5205/4540 2782/5249/4584
f 2782/5249/4584 2750/5205/4540 2781/5206/4541
f 2782/5249/4584 2781/5206/4541 2813/5250/4585
f 2813/5250/4585 2781/5206/4541 2812/5207/4542
f 2813/5250/4585 2812/5207/4542 2362/5107/4120
f 2753/5102/4449 2785/5104/4451 2754/5241/4576
f 2754/5241/4576 2785/5104/4451 2786/5251/4586
f 2754/5241/4576 2786/5251/4586 2755/5213/4548
f 2755/5213/4548 2786/5251/4586 2787/5110/4456
f 2759/5242/4577 2758/5217/4552 2790/5252/4587
f 2790/5252/4587 2758/5217/4552 2789/5218/4553
f 2790/5252/4587 2789/5218/4553 2821/5253/4588
f 2821/5253/4588 2789/5218/4553 2820/5219/4554
f 2821/5253/4588 2820/5219/4554 2362/5107/4120
f 2793/5125/4471 2762/5202/4537 2761/5123/4469
f 2796/5132/4477 2765/5134/4479 2764/5224/4559
f 2796/5132/4477 2764/5224/4559 2795/5225/4560
f 2768/5245/4580 2767/5227/4562 2799/5254/4589
f 2799/5254/4589 2767/5227/4562 2798/5228/4563
f 2799/5254/4589 2798/5228/4563 2830/5255/4590
f 2830/5255/4590 2798/5228/4563 2829/5229/4564
f 2830/5255/4590 2829/5229/4564 2592/5129/4350
f 2770/5146/4490 2802/5148/4492 2771/5248/4583
f 2771/5248/4583 2802/5148/4492 2803/5256/4591
f 2771/5248/4583 2803/5256/4591 2772/5235/4570
f 2772/5235/4570 2803/5256/4591 2804/5153/4497
f 2775/5176/4519 2774/5156/4500 2806/5257/4592
f 2806/5257/4592 2774/5156/4500 2805/5154/4498
f 2806/5257/4592 2805/5154/4498 2837/5258/4593
f 2837/5258/4593 2805/5154/4498 2836/5152/4496
f 2837/5258/4593 2836/5152/4496 2592/5129/4350
f 2809/5167/4511 2777/5165/4509 2808/5173/4516
f 2808/5173/4516 2777/5165/4509 2776/5175/4518
f 2751/5238/4573 2782/5249/4584 2783/5239/4574
f 2783/5239/4574 2782/5249/4584 2814/5259/4594
f 2783/5239/4574 2814/5259/4594 2815/5240/4575
f 2815/5240/4575 2814/5259/4594 2362/5107/4120
f 2814/5259/4594 2782/5249/4584 2813/5250/4585
f 2818/5108/4454 2787/5110/4456 2786/5251/4586
f 2818/5108/4454 2786/5251/4586 2817/5106/4453
f 2817/5106/4453 2786/5251/4586 2785/5104/4451
f 2759/5242/4577 2790/5252/4587 2791/5243/4578
f 2791/5243/4578 2790/5252/4587 2822/5260/4595
f 2791/5243/4578 2822/5260/4595 2823/5244/4579
f 2823/5244/4579 2822/5260/4595 2362/5107/4120
f 2822/5260/4595 2790/5252/4587 2821/5253/4588
f 2827/5130/4475 2796/5132/4477 2795/5225/4560
f 2827/5130/4475 2795/5225/4560 2826/5128/4474
f 2768/5245/4580 2799/5254/4589 2800/5246/4581
f 2800/5246/4581 2799/5254/4589 2831/5261/4596
f 2800/5246/4581 2831/5261/4596 2832/5247/4582
f 2832/5247/4582 2831/5261/4596 2592/5129/4350
f 2831/5261/4596 2799/5254/4589 2830/5255/4590
f 2835/5151/4495 2804/5153/4497 2803/5256/4591
f 2835/5151/4495 2803/5256/4591 2834/5150/4494
f 2834/5150/4494 2803/5256/4591 2802/5148/4492
f 2775/5176/4519 2806/5257/4592 2807/5174/4517
f 2807/5174/4517 2806/5257/4592 2838/5262/4597
f 2807/5174/4517 2838/5262/4597 2839/5172/4515
f 2839/5172/4515 2838/5262/4597 2592/5129/4350
f 2838/5262/4597 2806/5257/4592 2837/5258/4593
f 2841/5169/4513 2809/5167/4511 2840/5171/4514
f 2840/5171/4514 2809/5167/4511 2808/5173/4516
f 2362/5107/4120 2814/5259/4594 2813/5250/4585
f 2362/5107/4120 2822/5260/4595 2821/5253/4588
f 2592/5129/4350 2831/5261/4596 2830/5255/4590
f 2592/5129/4350 2838/5262/4597 2837/5258/4593
f 2859/5263/4598 2842/5264/4599 2862/5265/4600
f 2862/5265/4600 2842/5264/4599 2843/5266/4601
f 2862/5265/4600 2843/5266/4601 2861/5267/4602
f 2861/5267/4602 2843/5266/4601 2844/5268/4603
f 2861/5267/4602 2844/5268/4603 2865/5269/4604
f 2865/5269/4604 2844/5268/4603 2864/5270/4605
f 2865/5269/4604 2864/5270/4605 2870/5271/4606
f 2870/5271/4606 2864/5270/4605 2869/5272/4607
f 2870/5271/4606 2869/5272/4607 2875/5273/4608
f 2875/5273/4608 2869/5272/4607 2874/5274/4609
f 2875/5273/4608 2874/5274/4609 2879/5275/4610
f 2879/5275/4610 2874/5274/4609 2878/5276/4611
f 2879/5275/4610 2878/5276/4611 2852/5277/4612
f 2852/5277/4612 2878/5276/4611 2851/5278/4613
f 2851/5278/4613 2878/5276/4611 2877/5279/4614
f 2851/5278/4613 2877/5279/4614 2850/5280/4615
f 2850/5280/4615 2877/5279/4614 2873/5281/4616
f 2850/5280/4615 2873/5281/4616 2872/5282/4617
f 2872/5282/4617 2873/5281/4616 2867/5283/4618
f 2872/5282/4617 2867/5283/4618 2848/5284/4619
f 2848/5284/4619 2867/5283/4618 2847/5285/4620
f 2847/5285/4620 2867/5283/4618 2846/5286/4621
f 2846/5286/4621 2867/5283/4618 2868/5287/4622
f 2846/5286/4621 2868/5287/4622 2863/5288/4623
f 2863/5288/4623 2868/5287/4622 2869/5272/4607
f 2863/5288/4623 2869/5272/4607 2864/5270/4605
f 2844/5268/4603 2845/5289/4624 2864/5270/4605
f 2864/5270/4605 2845/5289/4624 2863/5288/4623
f 2845/5289/4624 2846/5286/4621 2863/5288/4623
f 2848/5284/4619 2849/5290/4625 2872/5282/4617
f 2872/5282/4617 2849/5290/4625 2850/5280/4615
f 2879/5275/4610 2852/5277/4612 2881/5291/4626
f 2881/5291/4626 2852/5277/4612 2853/5292/4627
f 2881/5291/4626 2853/5292/4627 2860/5293/4628
f 2860/5293/4628 2853/5292/4627 2854/5294/4629
f 2860/5293/4628 2854/5294/4629 2855/5295/4630
f 2860/5293/4628 2855/5295/4630 2880/5296/4631
f 2880/5296/4631 2855/5295/4630 2856/5297/4632
f 2880/5296/4631 2856/5297/4632 2876/5298/4633
f 2876/5298/4633 2856/5297/4632 2857/5299/4634
f 2876/5298/4633 2857/5299/4634 2871/5300/4635
f 2871/5300/4635 2857/5299/4634 2858/5301/4636
f 2871/5300/4635 2858/5301/4636 2866/5302/4637
f 2866/5302/4637 2858/5301/4636 2859/5263/4598
f 2866/5302/4637 2859/5263/4598 2862/5265/4600
f 2866/5302/4637 2862/5265/4600 2861/5267/4602
f 2871/5300/4635 2866/5302/4637 2865/5269/4604
f 2865/5269/4604 2866/5302/4637 2861/5267/4602
f 2871/5300/4635 2865/5269/4604 2870/5271/4606
f 2874/5274/4609 2869/5272/4607 2868/5287/4622
f 2874/5274/4609 2868/5287/4622 2873/5281/4616
f 2873/5281/4616 2868/5287/4622 2867/5283/4618
f 2876/5298/4633 2871/5300/4635 2870/5271/4606
f 2876/5298/4633 2870/5271/4606 2875/5273/4608
f 2878/5276/4611 2874/5274/4609 2873/5281/4616
f 2877/5279/4614 2878/5276/4611 2873/5281/4616
f 2880/5296/4631 2876/5298/4633 2875/5273/4608
f 2880/5296/4631 2875/5273/4608 2879/5275/4610
f 2860/5293/4628 2880/5296/4631 2879/5275/4610
f 2881/5291/4626 2860/5293/4628 2879/5275/4610
f 2853/5303/4627 2882/5304/4638 2854/5305/4629
f 2854/5305/4629 2882/5304/4638 2883/5306/4639
f 2854/5305/4629 2883/5306/4639 2884/5307/4640
f 2884/5307/4640 2883/5306/4639 2895/5308/4641
f 2884/5307/4640 2895/5308/4641 2896/5309/4642
f 2896/5309/4642 2895/5308/4641 2907/5310/4643
f 2896/5309/4642 2907/5310/4643 2908/5311/4644
f 2908/5311/4644 2907/5310/4643 2919/5312/4645
f 2908/5311/4644 2919/5312/4645 2920/5313/4646
f 2920/5313/4646 2919/5312/4645 2931/5314/4647
f 2920/5313/4646 2931/5314/4647 2932/5315/4648
f 2932/5315/4648 2931/5314/4647 2469/5316/4248
f 2932/5315/4648 2469/5316/4248 2933/5317/4649
f 2933/5317/4649 2469/5316/4248 2934/5318/4650
f 2933/5317/4649 2934/5318/4650 2922/5319/4651
f 2922/5319/4651 2934/5318/4650 2923/5320/4652
f 2922/5319/4651 2923/5320/4652 2911/5321/4653
f 2911/5321/4653 2923/5320/4652 2912/5322/4654
f 2911/5321/4653 2912/5322/4654 2900/5323/4655
f 2900/5323/4655 2912/5322/4654 2901/5324/4656
f 2900/5323/4655 2901/5324/4656 2889/5325/4657
f 2889/5325/4657 2901/5324/4656 2890/5326/4658
f 2889/5325/4657 2890/5326/4658 2463/5327/4239
f 2463/5327/4239 2890/5326/4658 2891/5328/4659
f 2463/5327/4239 2891/5328/4659 2892/5329/4660
f 2892/5329/4660 2891/5328/4659 2903/5330/4661
f 2892/5329/4660 2903/5330/4661 2465/5331/4244
f 2465/5331/4244 2903/5330/4661 2466/5332/4246
f 2466/5332/4246 2903/5330/4661 2914/5333/4662
f 2466/5332/4246 2914/5333/4662 2467/5334/4227
f 2467/5334/4227 2914/5333/4662 2925/5335/4663
f 2467/5334/4227 2925/5335/4663 2468/5336/4228
f 2468/5336/4228 2925/5335/4663 2936/5337/4664
f 2468/5336/4228 2936/5337/4664 2469/5316/4248
f 2469/5316/4248 2936/5337/4664 2935/5338/4665
f 2469/5316/4248 2935/5338/4665 2934/5318/4650
f 2934/5318/4650 2935/5338/4665 2923/5320/4652
f 2882/5304/4638 2853/5303/4627 2893/5339/4666
f 2893/5339/4666 2853/5303/4627 2852/5340/4612
f 2893/5339/4666 2852/5340/4612 2904/5341/4667
f 2904/5341/4667 2852/5340/4612 2851/5342/4613
f 2904/5341/4667 2851/5342/4613 2915/5343/4668
f 2915/5343/4668 2851/5342/4613 2850/5344/4615
f 2915/5343/4668 2850/5344/4615 2926/5345/4669
f 2926/5345/4669 2850/5344/4615 2849/5346/4625
f 2926/5345/4669 2849/5346/4625 2848/5347/4619
f 2469/5316/4248 2931/5314/4647 2848/5347/4619
f 2848/5347/4619 2931/5314/4647 2930/5348/4670
f 2848/5347/4619 2930/5348/4670 2929/5349/4671
f 2929/5349/4671 2930/5348/4670 2918/5350/4672
f 2929/5349/4671 2918/5350/4672 2917/5351/4673
f 2917/5351/4673 2918/5350/4672 2906/5352/4674
f 2917/5351/4673 2906/5352/4674 2905/5353/4675
f 2905/5353/4675 2906/5352/4674 2894/5354/4676
f 2905/5353/4675 2894/5354/4676 2893/5339/4666
f 2893/5339/4666 2894/5354/4676 2882/5304/4638
f 2465/5331/4244 2464/5355/4240 2892/5329/4660
f 2892/5329/4660 2464/5355/4240 2463/5327/4239
f 2854/5305/4629 2887/5356/4677 2463/5327/4239
f 2463/5327/4239 2887/5356/4677 2888/5357/4678
f 2463/5327/4239 2888/5357/4678 2889/5325/4657
f 2889/5325/4657 2888/5357/4678 2900/5323/4655
f 2895/5308/4641 2883/5306/4639 2894/5354/4676
f 2894/5354/4676 2883/5306/4639 2882/5304/4638
f 2884/5307/4640 2885/5358/4679 2854/5305/4629
f 2854/5305/4629 2885/5358/4679 2886/5359/4680
f 2854/5305/4629 2886/5359/4680 2887/5356/4677
f 2887/5356/4677 2886/5359/4680 2898/5360/4681
f 2887/5356/4677 2898/5360/4681 2899/5361/4682
f 2899/5361/4682 2898/5360/4681 2910/5362/4683
f 2899/5361/4682 2910/5362/4683 2911/5321/4653
f 2911/5321/4653 2910/5362/4683 2922/5319/4651
f 2884/5307/4640 2896/5309/4642 2885/5358/4679
f 2885/5358/4679 2896/5309/4642 2897/5363/4684
f 2885/5358/4679 2897/5363/4684 2886/5359/4680
f 2886/5359/4680 2897/5363/4684 2898/5360/4681
f 2900/5323/4655 2888/5357/4678 2899/5361/4682
f 2899/5361/4682 2888/5357/4678 2887/5356/4677
f 2891/5328/4659 2890/5326/4658 2902/5364/4685
f 2902/5364/4685 2890/5326/4658 2901/5324/4656
f 2902/5364/4685 2901/5324/4656 2913/5365/4686
f 2913/5365/4686 2901/5324/4656 2912/5322/4654
f 2913/5365/4686 2912/5322/4654 2924/5366/4687
f 2924/5366/4687 2912/5322/4654 2923/5320/4652
f 2924/5366/4687 2923/5320/4652 2935/5338/4665
f 2905/5353/4675 2893/5339/4666 2904/5341/4667
f 2907/5310/4643 2895/5308/4641 2906/5352/4674
f 2906/5352/4674 2895/5308/4641 2894/5354/4676
f 2896/5309/4642 2908/5311/4644 2897/5363/4684
f 2897/5363/4684 2908/5311/4644 2909/5367/4688
f 2897/5363/4684 2909/5367/4688 2898/5360/4681
f 2898/5360/4681 2909/5367/4688 2910/5362/4683
f 2911/5321/4653 2900/5323/4655 2899/5361/4682
f 2914/5333/4662 2903/5330/4661 2902/5364/4685
f 2902/5364/4685 2903/5330/4661 2891/5328/4659
f 2914/5333/4662 2902/5364/4685 2913/5365/4686
f 2905/5353/4675 2904/5341/4667 2916/5368/4689
f 2916/5368/4689 2904/5341/4667 2915/5343/4668
f 2916/5368/4689 2915/5343/4668 2927/5369/4690
f 2927/5369/4690 2915/5343/4668 2926/5345/4669
f 2927/5369/4690 2926/5345/4669 2848/5347/4619
f 2919/5312/4645 2907/5310/4643 2918/5350/4672
f 2918/5350/4672 2907/5310/4643 2906/5352/4674
f 2908/5311/4644 2920/5313/4646 2909/5367/4688
f 2909/5367/4688 2920/5313/4646 2921/5370/4691
f 2909/5367/4688 2921/5370/4691 2910/5362/4683
f 2910/5362/4683 2921/5370/4691 2922/5319/4651
f 2925/5335/4663 2914/5333/4662 2913/5365/4686
f 2925/5335/4663 2913/5365/4686 2924/5366/4687
f 2905/5353/4675 2916/5368/4689 2917/5351/4673
f 2917/5351/4673 2916/5368/4689 2928/5371/4692
f 2917/5351/4673 2928/5371/4692 2929/5349/4671
f 2929/5349/4671 2928/5371/4692 2848/5347/4619
f 2928/5371/4692 2916/5368/4689 2927/5369/4690
f 2931/5314/4647 2919/5312/4645 2930/5348/4670
f 2930/5348/4670 2919/5312/4645 2918/5350/4672
f 2933/5317/4649 2922/5319/4651 2921/5370/4691
f 2933/5317/4649 2921/5370/4691 2932/5315/4648
f 2932/5315/4648 2921/5370/4691 2920/5313/4646
f 2936/5337/4664 2925/5335/4663 2924/5366/4687
f 2936/5337/4664 2924/5366/4687 2935/5338/4665
f 2848/5347/4619 2928/5371/4692 2927/5369/4690
f 2597/5372/4373 2937/5373/4693 2598/5374/4374
f 2598/5374/4374 2937/5373/4693 2938/5375/4694
f 2598/5374/4374 2938/5375/4694 2939/5376/4695
f 2939/5376/4695 2938/5375/4694 2945/5377/4696
f 2939/5376/4695 2945/5377/4696 2946/5378/4697
f 2946/5378/4697 2945/5377/4696 2952/5379/4698
f 2946/5378/4697 2952/5379/4698 2953/5380/4699
f 2953/5380/4699 2952/5379/4698 2959/5381/4700
f 2953/5380/4699 2959/5381/4700 2960/5382/4701
f 2960/5382/4701 2959/5381/4700 2966/5383/4702
f 2960/5382/4701 2966/5383/4702 2859/5384/4598
f 2859/5384/4598 2966/5383/4702 2842/5385/4599
f 2842/5385/4599 2966/5383/4702 2965/5386/4703
f 2842/5385/4599 2965/5386/4703 2964/5387/4704
f 2964/5387/4704 2965/5386/4703 2958/5388/4705
f 2964/5387/4704 2958/5388/4705 2957/5389/4706
f 2957/5389/4706 2958/5388/4705 2951/5390/4707
f 2957/5389/4706 2951/5390/4707 2950/5391/4708
f 2950/5391/4708 2951/5390/4707 2944/5392/4709
f 2950/5391/4708 2944/5392/4709 2943/5393/4710
f 2943/5393/4710 2944/5392/4709 2937/5373/4693
f 2943/5393/4710 2937/5373/4693 2597/5372/4373
f 2597/5372/4373 2596/5394/4369 2943/5393/4710
f 2943/5393/4710 2596/5394/4369 2949/5395/4711
f 2943/5393/4710 2949/5395/4711 2950/5391/4708
f 2950/5391/4708 2949/5395/4711 2956/5396/4712
f 2950/5391/4708 2956/5396/4712 2957/5389/4706
f 2957/5389/4706 2956/5396/4712 2963/5397/4713
f 2957/5389/4706 2963/5397/4713 2964/5387/4704
f 2964/5387/4704 2963/5397/4713 2842/5385/4599
f 2596/5394/4369 2595/5398/4367 2949/5395/4711
f 2949/5395/4711 2595/5398/4367 2955/5399/4714
f 2949/5395/4711 2955/5399/4714 2956/5396/4712
f 2956/5396/4712 2955/5399/4714 2962/5400/4715
f 2956/5396/4712 2962/5400/4715 2963/5397/4713
f 2963/5397/4713 2962/5400/4715 2592/5401/4350
f 2963/5397/4713 2592/5401/4350 2842/5385/4599
f 2595/5398/4367 2594/5402/4364 2955/5399/4714
f 2955/5399/4714 2594/5402/4364 2961/5403/4716
f 2955/5399/4714 2961/5403/4716 2962/5400/4715
f 2962/5400/4715 2961/5403/4716 2592/5401/4350
f 2594/5402/4364 2593/5404/4348 2961/5403/4716
f 2961/5403/4716 2593/5404/4348 2592/5401/4350
f 2859/5384/4598 2858/5405/4636 2960/5382/4701
f 2960/5382/4701 2858/5405/4636 2954/5406/4717
f 2960/5382/4701 2954/5406/4717 2953/5380/4699
f 2953/5380/4699 2954/5406/4717 2947/5407/4718
f 2953/5380/4699 2947/5407/4718 2946/5378/4697
f 2946/5378/4697 2947/5407/4718 2940/5408/4719
f 2946/5378/4697 2940/5408/4719 2939/5376/4695
f 2939/5376/4695 2940/5408/4719 2598/5374/4374
f 2858/5405/4636 2857/5409/4634 2954/5406/4717
f 2954/5406/4717 2857/5409/4634 2948/5410/4720
f 2954/5406/4717 2948/5410/4720 2947/5407/4718
f 2947/5407/4718 2948/5410/4720 2941/5411/4721
f 2947/5407/4718 2941/5411/4721 2940/5408/4719
f 2940/5408/4719 2941/5411/4721 2854/5412/4629
f 2940/5408/4719 2854/5412/4629 2598/5374/4374
f 2857/5409/4634 2856/5413/4632 2948/5410/4720
f 2948/5410/4720 2856/5413/4632 2942/5414/4722
f 2948/5410/4720 2942/5414/4722 2941/5411/4721
f 2941/5411/4721 2942/5414/4722 2854/5412/4629
f 2856/5413/4632 2855/5415/4630 2942/5414/4722
f 2942/5414/4722 2855/5415/4630 2854/5412/4629
f 2945/5377/4696 2938/5375/4694 2944/5392/4709
f 2944/5392/4709 2938/5375/4694 2937/5373/4693
f 2952/5379/4698 2945/5377/4696 2951/5390/4707
f 2951/5390/4707 2945/5377/4696 2944/5392/4709
f 2959/5381/4700 2952/5379/4698 2958/5388/4705
f 2958/5388/4705 2952/5379/4698 2951/5390/4707
f 2966/5383/4702 2959/5381/4700 2965/5386/4703
f 2965/5386/4703 2959/5381/4700 2958/5388/4705
f 2847/5416/4620 2967/5417/4723 2848/5418/4619
f 2848/5418/4619 2967/5417/4723 2968/5419/4724
f 2848/5418/4619 2968/5419/4724 2969/5420/4725
f 2969/5420/4725 2968/5419/4724 3000/5421/4726
f 2969/5420/4725 3000/5421/4726 3001/5422/4727
f 3001/5422/4727 3000/5421/4726 3032/5423/4728
f 3001/5422/4727 3032/5423/4728 3033/5424/4729
f 3033/5424/4729 3032/5423/4728 3064/5425/4730
f 3033/5424/4729 3064/5425/4730 3065/5426/4731
f 3065/5426/4731 3064/5425/4730 3096/5427/4732
f 3065/5426/4731 3096/5427/4732 3097/5428/4733
f 3097/5428/4733 3096/5427/4732 2842/5429/4599
f 3097/5428/4733 2842/5429/4599 3098/5430/4734
f 3098/5430/4734 2842/5429/4599 3099/5431/4735
f 3098/5430/4734 3099/5431/4735 3067/5432/4736
f 3067/5432/4736 3099/5431/4735 3068/5433/4737
f 3067/5432/4736 3068/5433/4737 3036/5434/4738
f 3036/5434/4738 3068/5433/4737 3037/5435/4739
f 3036/5434/4738 3037/5435/4739 3005/5436/4740
f 3005/5436/4740 3037/5435/4739 3006/5437/4741
f 3005/5436/4740 3006/5437/4741 2974/5438/4742
f 2974/5438/4742 3006/5437/4741 2975/5439/4743
f 2974/5438/4742 2975/5439/4743 2848/5418/4619
f 2848/5418/4619 2975/5439/4743 2976/5440/4744
f 2848/5418/4619 2976/5440/4744 2977/5441/4745
f 2977/5441/4745 2976/5440/4744 3008/5442/4746
f 2977/5441/4745 3008/5442/4746 3009/5443/4747
f 3009/5443/4747 3008/5442/4746 3040/5444/4748
f 3009/5443/4747 3040/5444/4748 3041/5445/4749
f 3041/5445/4749 3040/5444/4748 3072/5446/4750
f 3041/5445/4749 3072/5446/4750 3073/5447/4751
f 3073/5447/4751 3072/5446/4750 3104/5448/4752
f 3073/5447/4751 3104/5448/4752 3105/5449/4753
f 3105/5449/4753 3104/5448/4752 2842/5429/4599
f 3105/5449/4753 2842/5429/4599 3106/5450/4754
f 3106/5450/4754 2842/5429/4599 2497/5451/4254
f 3106/5450/4754 2497/5451/4254 3107/5452/4755
f 3107/5452/4755 2497/5451/4254 3108/5453/4756
f 3107/5452/4755 3108/5453/4756 3076/5454/4757
f 3076/5454/4757 3108/5453/4756 3077/5455/4758
f 3076/5454/4757 3077/5455/4758 3045/5456/4759
f 3045/5456/4759 3077/5455/4758 3046/5457/4760
f 3045/5456/4759 3046/5457/4760 3014/5458/4761
f 3014/5458/4761 3046/5457/4760 3015/5459/4762
f 3014/5458/4761 3015/5459/4762 2983/5460/4763
f 2983/5460/4763 3015/5459/4762 2984/5461/4764
f 2983/5460/4763 2984/5461/4764 2509/5462/4284
f 2509/5462/4284 2984/5461/4764 2985/5463/4765
f 2509/5462/4284 2985/5463/4765 2986/5464/4766
f 2986/5464/4766 2985/5463/4765 3017/5465/4767
f 2986/5464/4766 3017/5465/4767 3018/5466/4768
f 3018/5466/4768 3017/5465/4767 3049/5467/4769
f 3018/5466/4768 3049/5467/4769 3050/5468/4770
f 3050/5468/4770 3049/5467/4769 3081/5469/4771
f 3050/5468/4770 3081/5469/4771 3082/5470/4772
f 3082/5470/4772 3081/5469/4771 3113/5471/4773
f 3082/5470/4772 3113/5471/4773 3114/5472/4774
f 3114/5472/4774 3113/5471/4773 2497/5451/4254
f 3114/5472/4774 2497/5451/4254 3115/5473/4775
f 3115/5473/4775 2497/5451/4254 3116/5474/4776
f 3115/5473/4775 3116/5474/4776 3084/5475/4777
f 3084/5475/4777 3116/5474/4776 3085/5476/4778
f 3084/5475/4777 3085/5476/4778 3053/5477/4779
f 3053/5477/4779 3085/5476/4778 3054/5478/4780
f 3053/5477/4779 3054/5478/4780 3022/5479/4781
f 3022/5479/4781 3054/5478/4780 3023/5480/4782
f 3022/5479/4781 3023/5480/4782 2991/5481/4783
f 2991/5481/4783 3023/5480/4782 2992/5482/4784
f 2991/5481/4783 2992/5482/4784 2509/5462/4284
f 2509/5462/4284 2992/5482/4784 2993/5483/4785
f 2509/5462/4284 2993/5483/4785 2994/5484/4786
f 2994/5484/4786 2993/5483/4785 3025/5485/4787
f 2994/5484/4786 3025/5485/4787 3026/5486/4788
f 3026/5486/4788 3025/5485/4787 3057/5487/4789
f 3026/5486/4788 3057/5487/4789 3058/5488/4790
f 3058/5488/4790 3057/5487/4789 3089/5489/4791
f 3058/5488/4790 3089/5489/4791 3090/5490/4792
f 3090/5490/4792 3089/5489/4791 3121/5491/4793
f 3090/5490/4792 3121/5491/4793 2514/5492/4253
f 2514/5492/4253 3121/5491/4793 2497/5451/4254
f 2497/5451/4254 3121/5491/4793 3120/5493/4794
f 2497/5451/4254 3120/5493/4794 3119/5494/4795
f 3119/5494/4795 3120/5493/4794 3088/5495/4796
f 3119/5494/4795 3088/5495/4796 3087/5496/4797
f 3087/5496/4797 3088/5495/4796 3056/5497/4798
f 3087/5496/4797 3056/5497/4798 3055/5498/4799
f 3055/5498/4799 3056/5497/4798 3024/5499/4800
f 3055/5498/4799 3024/5499/4800 3023/5480/4782
f 3023/5480/4782 3024/5499/4800 2992/5482/4784
f 2967/5417/4723 2847/5416/4620 2998/5500/4801
f 2998/5500/4801 2847/5416/4620 2846/5501/4621
f 2998/5500/4801 2846/5501/4621 3029/5502/4802
f 3029/5502/4802 2846/5501/4621 2845/5503/4624
f 3029/5502/4802 2845/5503/4624 3060/5504/4803
f 3060/5504/4803 2845/5503/4624 2844/5505/4603
f 3060/5504/4803 2844/5505/4603 3091/5506/4804
f 3091/5506/4804 2844/5505/4603 2843/5507/4601
f 3091/5506/4804 2843/5507/4601 2842/5429/4599
f 2514/5492/4253 2513/5508/4291 3090/5490/4792
f 3090/5490/4792 2513/5508/4291 3059/5509/4805
f 3090/5490/4792 3059/5509/4805 3058/5488/4790
f 3058/5488/4790 3059/5509/4805 3027/5510/4806
f 3058/5488/4790 3027/5510/4806 3026/5486/4788
f 3026/5486/4788 3027/5510/4806 2995/5511/4807
f 3026/5486/4788 2995/5511/4807 2994/5484/4786
f 2994/5484/4786 2995/5511/4807 2509/5462/4284
f 2513/5508/4291 2512/5512/4289 3059/5509/4805
f 3059/5509/4805 2512/5512/4289 3028/5513/4808
f 3059/5509/4805 3028/5513/4808 3027/5510/4806
f 3027/5510/4806 3028/5513/4808 2996/5514/4809
f 3027/5510/4806 2996/5514/4809 2995/5511/4807
f 2995/5511/4807 2996/5514/4809 2509/5462/4284
f 2512/5512/4289 2511/5515/4287 3028/5513/4808
f 3028/5513/4808 2511/5515/4287 2997/5516/4810
f 3028/5513/4808 2997/5516/4810 2996/5514/4809
f 2996/5514/4809 2997/5516/4810 2509/5462/4284
f 2511/5515/4287 2510/5517/4285 2997/5516/4810
f 2997/5516/4810 2510/5517/4285 2509/5462/4284
f 2983/5460/4763 2509/5462/4284 2982/5518/4811
f 2982/5518/4811 2509/5462/4284 2848/5418/4619
f 2982/5518/4811 2848/5418/4619 2981/5519/4812
f 2981/5519/4812 2848/5418/4619 2980/5520/4813
f 2981/5519/4812 2980/5520/4813 3012/5521/4814
f 3012/5521/4814 2980/5520/4813 3011/5522/4815
f 3012/5521/4814 3011/5522/4815 3043/5523/4816
f 3043/5523/4816 3011/5522/4815 3042/5524/4817
f 3043/5523/4816 3042/5524/4817 3074/5525/4818
f 3074/5525/4818 3042/5524/4817 3073/5447/4751
f 3074/5525/4818 3073/5447/4751 3105/5449/4753
f 2968/5419/4724 2967/5417/4723 2999/5526/4819
f 2999/5526/4819 2967/5417/4723 2998/5500/4801
f 2999/5526/4819 2998/5500/4801 3030/5527/4820
f 3030/5527/4820 2998/5500/4801 3029/5502/4802
f 3030/5527/4820 3029/5502/4802 3061/5528/4821
f 3061/5528/4821 3029/5502/4802 3060/5504/4803
f 3061/5528/4821 3060/5504/4803 3092/5529/4822
f 3092/5529/4822 3060/5504/4803 3091/5506/4804
f 3092/5529/4822 3091/5506/4804 2842/5429/4599
f 2969/5420/4725 2970/5530/4823 2848/5418/4619
f 2848/5418/4619 2970/5530/4823 2971/5531/4824
f 2848/5418/4619 2971/5531/4824 2972/5532/4825
f 2972/5532/4825 2971/5531/4824 3003/5533/4826
f 2972/5532/4825 3003/5533/4826 3004/5534/4827
f 3004/5534/4827 3003/5533/4826 3035/5535/4828
f 3004/5534/4827 3035/5535/4828 3036/5434/4738
f 3036/5434/4738 3035/5535/4828 3067/5432/4736
f 2969/5420/4725 3001/5422/4727 2970/5530/4823
f 2970/5530/4823 3001/5422/4727 3002/5536/4829
f 2970/5530/4823 3002/5536/4829 2971/5531/4824
f 2971/5531/4824 3002/5536/4829 3003/5533/4826
f 2974/5438/4742 2848/5418/4619 2973/5537/4830
f 2973/5537/4830 2848/5418/4619 2972/5532/4825
f 2973/5537/4830 2972/5532/4825 3004/5534/4827
f 3005/5436/4740 2974/5438/4742 2973/5537/4830
f 3005/5436/4740 2973/5537/4830 3004/5534/4827
f 2976/5440/4744 2975/5439/4743 3007/5538/4831
f 3007/5538/4831 2975/5439/4743 3006/5437/4741
f 3007/5538/4831 3006/5437/4741 3038/5539/4832
f 3038/5539/4832 3006/5437/4741 3037/5435/4739
f 3038/5539/4832 3037/5435/4739 3069/5540/4833
f 3069/5540/4833 3037/5435/4739 3068/5433/4737
f 3069/5540/4833 3068/5433/4737 3100/5541/4834
f 3100/5541/4834 3068/5433/4737 3099/5431/4735
f 3100/5541/4834 3099/5431/4735 2842/5429/4599
f 2977/5441/4745 2978/5542/4835 2848/5418/4619
f 2848/5418/4619 2978/5542/4835 2979/5543/4836
f 2848/5418/4619 2979/5543/4836 2980/5520/4813
f 2980/5520/4813 2979/5543/4836 3011/5522/4815
f 2977/5441/4745 3009/5443/4747 2978/5542/4835
f 2978/5542/4835 3009/5443/4747 3010/5544/4837
f 2978/5542/4835 3010/5544/4837 2979/5543/4836
f 2979/5543/4836 3010/5544/4837 3011/5522/4815
f 3014/5458/4761 2983/5460/4763 2982/5518/4811
f 2982/5518/4811 2981/5519/4812 3013/5545/4838
f 3013/5545/4838 2981/5519/4812 3012/5521/4814
f 3013/5545/4838 3012/5521/4814 3044/5546/4839
f 3044/5546/4839 3012/5521/4814 3043/5523/4816
f 3044/5546/4839 3043/5523/4816 3075/5547/4840
f 3075/5547/4840 3043/5523/4816 3074/5525/4818
f 3075/5547/4840 3074/5525/4818 3106/5450/4754
f 3106/5450/4754 3074/5525/4818 3105/5449/4753
f 2985/5463/4765 2984/5461/4764 3016/5548/4841
f 3016/5548/4841 2984/5461/4764 3015/5459/4762
f 3016/5548/4841 3015/5459/4762 3047/5549/4842
f 3047/5549/4842 3015/5459/4762 3046/5457/4760
f 3047/5549/4842 3046/5457/4760 3078/5550/4843
f 3078/5550/4843 3046/5457/4760 3077/5455/4758
f 3078/5550/4843 3077/5455/4758 3109/5551/4844
f 3109/5551/4844 3077/5455/4758 3108/5453/4756
f 3109/5551/4844 3108/5453/4756 2497/5451/4254
f 2986/5464/4766 2987/5552/4845 2509/5462/4284
f 2509/5462/4284 2987/5552/4845 2988/5553/4846
f 2509/5462/4284 2988/5553/4846 2989/5554/4847
f 2989/5554/4847 2988/5553/4846 3020/5555/4848
f 2989/5554/4847 3020/5555/4848 3021/5556/4849
f 3021/5556/4849 3020/5555/4848 3052/5557/4850
f 3021/5556/4849 3052/5557/4850 3053/5477/4779
f 3053/5477/4779 3052/5557/4850 3084/5475/4777
f 2986/5464/4766 3018/5466/4768 2987/5552/4845
f 2987/5552/4845 3018/5466/4768 3019/5558/4851
f 2987/5552/4845 3019/5558/4851 2988/5553/4846
f 2988/5553/4846 3019/5558/4851 3020/5555/4848
f 2991/5481/4783 2509/5462/4284 2990/5559/4852
f 2990/5559/4852 2509/5462/4284 2989/5554/4847
f 2990/5559/4852 2989/5554/4847 3021/5556/4849
f 3022/5479/4781 2991/5481/4783 2990/5559/4852
f 3022/5479/4781 2990/5559/4852 3021/5556/4849
f 3025/5485/4787 2993/5483/4785 3024/5499/4800
f 3024/5499/4800 2993/5483/4785 2992/5482/4784
f 2968/5419/4724 2999/5526/4819 3000/5421/4726
f 3000/5421/4726 2999/5526/4819 3031/5560/4853
f 3000/5421/4726 3031/5560/4853 3032/5423/4728
f 3032/5423/4728 3031/5560/4853 3063/5561/4854
f 3032/5423/4728 3063/5561/4854 3064/5425/4730
f 3064/5425/4730 3063/5561/4854 3095/5562/4855
f 3064/5425/4730 3095/5562/4855 3096/5427/4732
f 3096/5427/4732 3095/5562/4855 2842/5429/4599
f 3031/5560/4853 2999/5526/4819 3030/5527/4820
f 3001/5422/4727 3033/5424/4729 3002/5536/4829
f 3002/5536/4829 3033/5424/4729 3034/5563/4856
f 3002/5536/4829 3034/5563/4856 3003/5533/4826
f 3003/5533/4826 3034/5563/4856 3035/5535/4828
f 3036/5434/4738 3005/5436/4740 3004/5534/4827
f 2976/5440/4744 3007/5538/4831 3008/5442/4746
f 3008/5442/4746 3007/5538/4831 3039/5564/4857
f 3008/5442/4746 3039/5564/4857 3040/5444/4748
f 3040/5444/4748 3039/5564/4857 3071/5565/4858
f 3040/5444/4748 3071/5565/4858 3072/5446/4750
f 3072/5446/4750 3071/5565/4858 3103/5566/4859
f 3072/5446/4750 3103/5566/4859 3104/5448/4752
f 3104/5448/4752 3103/5566/4859 2842/5429/4599
f 3039/5564/4857 3007/5538/4831 3038/5539/4832
f 3042/5524/4817 3011/5522/4815 3010/5544/4837
f 3042/5524/4817 3010/5544/4837 3041/5445/4749
f 3041/5445/4749 3010/5544/4837 3009/5443/4747
f 3045/5456/4759 3014/5458/4761 3013/5545/4838
f 3013/5545/4838 3014/5458/4761 2982/5518/4811
f 3045/5456/4759 3013/5545/4838 3044/5546/4839
f 2985/5463/4765 3016/5548/4841 3017/5465/4767
f 3017/5465/4767 3016/5548/4841 3048/5567/4860
f 3017/5465/4767 3048/5567/4860 3049/5467/4769
f 3049/5467/4769 3048/5567/4860 3080/5568/4861
f 3049/5467/4769 3080/5568/4861 3081/5469/4771
f 3081/5469/4771 3080/5568/4861 3112/5569/4862
f 3081/5469/4771 3112/5569/4862 3113/5471/4773
f 3113/5471/4773 3112/5569/4862 2497/5451/4254
f 3048/5567/4860 3016/5548/4841 3047/5549/4842
f 3018/5466/4768 3050/5468/4770 3019/5558/4851
f 3019/5558/4851 3050/5468/4770 3051/5570/4863
f 3019/5558/4851 3051/5570/4863 3020/5555/4848
f 3020/5555/4848 3051/5570/4863 3052/5557/4850
f 3053/5477/4779 3022/5479/4781 3021/5556/4849
f 3055/5498/4799 3023/5480/4782 3054/5478/4780
f 3057/5487/4789 3025/5485/4787 3056/5497/4798
f 3056/5497/4798 3025/5485/4787 3024/5499/4800
f 3031/5560/4853 3030/5527/4820 3062/5571/4864
f 3062/5571/4864 3030/5527/4820 3061/5528/4821
f 3062/5571/4864 3061/5528/4821 3093/5572/4865
f 3093/5572/4865 3061/5528/4821 3092/5529/4822
f 3093/5572/4865 3092/5529/4822 2842/5429/4599
f 3033/5424/4729 3065/5426/4731 3034/5563/4856
f 3034/5563/4856 3065/5426/4731 3066/5573/4866
f 3034/5563/4856 3066/5573/4866 3035/5535/4828
f 3035/5535/4828 3066/5573/4866 3067/5432/4736
f 3039/5564/4857 3038/5539/4832 3070/5574/4867
f 3070/5574/4867 3038/5539/4832 3069/5540/4833
f 3070/5574/4867 3069/5540/4833 3101/5575/4868
f 3101/5575/4868 3069/5540/4833 3100/5541/4834
f 3101/5575/4868 3100/5541/4834 2842/5429/4599
f 3073/5447/4751 3042/5524/4817 3041/5445/4749
f 3076/5454/4757 3045/5456/4759 3044/5546/4839
f 3076/5454/4757 3044/5546/4839 3075/5547/4840
f 3048/5567/4860 3047/5549/4842 3079/5576/4869
f 3079/5576/4869 3047/5549/4842 3078/5550/4843
f 3079/5576/4869 3078/5550/4843 3110/5577/4870
f 3110/5577/4870 3078/5550/4843 3109/5551/4844
f 3110/5577/4870 3109/5551/4844 2497/5451/4254
f 3050/5468/4770 3082/5470/4772 3051/5570/4863
f 3051/5570/4863 3082/5470/4772 3083/5578/4871
f 3051/5570/4863 3083/5578/4871 3052/5557/4850
f 3052/5557/4850 3083/5578/4871 3084/5475/4777
f 3055/5498/4799 3054/5478/4780 3086/5579/4872
f 3086/5579/4872 3054/5478/4780 3085/5476/4778
f 3086/5579/4872 3085/5476/4778 3117/5580/4873
f 3117/5580/4873 3085/5476/4778 3116/5474/4776
f 3117/5580/4873 3116/5474/4776 2497/5451/4254
f 3089/5489/4791 3057/5487/4789 3088/5495/4796
f 3088/5495/4796 3057/5487/4789 3056/5497/4798
f 3031/5560/4853 3062/5571/4864 3063/5561/4854
f 3063/5561/4854 3062/5571/4864 3094/5581/4874
f 3063/5561/4854 3094/5581/4874 3095/5562/4855
f 3095/5562/4855 3094/5581/4874 2842/5429/4599
f 3094/5581/4874 3062/5571/4864 3093/5572/4865
f 3098/5430/4734 3067/5432/4736 3066/5573/4866
f 3098/5430/4734 3066/5573/4866 3097/5428/4733
f 3097/5428/4733 3066/5573/4866 3065/5426/4731
f 3039/5564/4857 3070/5574/4867 3071/5565/4858
f 3071/5565/4858 3070/5574/4867 3102/5582/4875
f 3071/5565/4858 3102/5582/4875 3103/5566/4859
f 3103/5566/4859 3102/5582/4875 2842/5429/4599
f 3102/5582/4875 3070/5574/4867 3101/5575/4868
f 3107/5452/4755 3076/5454/4757 3075/5547/4840
f 3107/5452/4755 3075/5547/4840 3106/5450/4754
f 3048/5567/4860 3079/5576/4869 3080/5568/4861
f 3080/5568/4861 3079/5576/4869 3111/5583/4876
f 3080/5568/4861 3111/5583/4876 3112/5569/4862
f 3112/5569/4862 3111/5583/4876 2497/5451/4254
f 3111/5583/4876 3079/5576/4869 3110/5577/4870
f 3115/5473/4775 3084/5475/4777 3083/5578/4871
f 3115/5473/4775 3083/5578/4871 3114/5472/4774
f 3114/5472/4774 3083/5578/4871 3082/5470/4772
f 3055/5498/4799 3086/5579/4872 3087/5496/4797
f 3087/5496/4797 3086/5579/4872 3118/5584/4877
f 3087/5496/4797 3118/5584/4877 3119/5494/4795
f 3119/5494/4795 3118/5584/4877 2497/5451/4254
f 3118/5584/4877 3086/5579/4872 3117/5580/4873
f 3121/5491/4793 3089/5489/4791 3120/5493/4794
f 3120/5493/4794 3089/5489/4791 3088/5495/4796
f 2842/5429/4599 3094/5581/4874 3093/5572/4865
f 2842/5429/4599 3102/5582/4875 3101/5575/4868
f 2497/5451/4254 3111/5583/4876 3110/5577/4870
f 2497/5451/4254 3118/5584/4877 3117/5580/4873
f 2502/5585/4275 3122/5586/4878 2503/5587/4274
f 2503/5587/4274 3122/5586/4878 3123/5588/4879
f 2503/5587/4274 3123/5588/4879 3124/5589/4880
f 3124/5589/4880 3123/5588/4879 3130/5590/4881
f 3124/5589/4880 3130/5590/4881 3131/5591/4882
f 3131/5591/4882 3130/5590/4881 3137/5592/4883
f 3131/5591/4882 3137/5592/4883 3138/5593/4884
f 3138/5593/4884 3137/5592/4883 3144/5594/4885
f 3138/5593/4884 3144/5594/4885 3145/5595/4886
f 3145/5595/4886 3144/5594/4885 3151/5596/4887
f 3145/5595/4886 3151/5596/4887 2379/5597/4122
f 2379/5597/4122 3151/5596/4887 2362/5598/4120
f 2362/5598/4120 3151/5596/4887 3150/5599/4888
f 2362/5598/4120 3150/5599/4888 3149/5600/4889
f 3149/5600/4889 3150/5599/4888 3143/5601/4890
f 3149/5600/4889 3143/5601/4890 3142/5602/4891
f 3142/5602/4891 3143/5601/4890 3136/5603/4892
f 3142/5602/4891 3136/5603/4892 3135/5604/4893
f 3135/5604/4893 3136/5603/4892 3129/5605/4894
f 3135/5604/4893 3129/5605/4894 3128/5606/4895
f 3128/5606/4895 3129/5605/4894 3122/5586/4878
f 3128/5606/4895 3122/5586/4878 2502/5585/4275
f 2502/5585/4275 2501/5607/4276 3128/5606/4895
f 3128/5606/4895 2501/5607/4276 3134/5608/4896
f 3128/5606/4895 3134/5608/4896 3135/5604/4893
f 3135/5604/4893 3134/5608/4896 3141/5609/4897
f 3135/5604/4893 3141/5609/4897 3142/5602/4891
f 3142/5602/4891 3141/5609/4897 3148/5610/4898
f 3142/5602/4891 3148/5610/4898 3149/5600/4889
f 3149/5600/4889 3148/5610/4898 2362/5598/4120
f 2501/5607/4276 2500/5611/4279 3134/5608/4896
f 3134/5608/4896 2500/5611/4279 3140/5612/4899
f 3134/5608/4896 3140/5612/4899 3141/5609/4897
f 3141/5609/4897 3140/5612/4899 3147/5613/4900
f 3141/5609/4897 3147/5613/4900 3148/5610/4898
f 3148/5610/4898 3147/5613/4900 2497/5614/4254
f 3148/5610/4898 2497/5614/4254 2362/5598/4120
f 2500/5611/4279 2499/5615/4258 3140/5612/4899
f 3140/5612/4899 2499/5615/4258 3146/5616/4901
f 3140/5612/4899 3146/5616/4901 3147/5613/4900
f 3147/5613/4900 3146/5616/4901 2497/5614/4254
f 2499/5615/4258 2498/5617/4256 3146/5616/4901
f 3146/5616/4901 2498/5617/4256 2497/5614/4254
f 2379/5597/4122 2378/5618/4123 3145/5595/4886
f 3145/5595/4886 2378/5618/4123 3139/5619/4902
f 3145/5595/4886 3139/5619/4902 3138/5593/4884
f 3138/5593/4884 3139/5619/4902 3132/5620/4903
f 3138/5593/4884 3132/5620/4903 3131/5591/4882
f 3131/5591/4882 3132/5620/4903 3125/5621/4904
f 3131/5591/4882 3125/5621/4904 3124/5589/4880
f 3124/5589/4880 3125/5621/4904 2503/5587/4274
f 2378/5618/4123 2377/5622/4157 3139/5619/4902
f 3139/5619/4902 2377/5622/4157 3133/5623/4905
f 3139/5619/4902 3133/5623/4905 3132/5620/4903
f 3132/5620/4903 3133/5623/4905 3126/5624/4906
f 3132/5620/4903 3126/5624/4906 3125/5621/4904
f 3125/5621/4904 3126/5624/4906 2374/5625/4153
f 3125/5621/4904 2374/5625/4153 2503/5587/4274
f 2377/5622/4157 2376/5626/4156 3133/5623/4905
f 3133/5623/4905 2376/5626/4156 3127/5627/4907
f 3133/5623/4905 3127/5627/4907 3126/5624/4906
f 3126/5624/4906 3127/5627/4907 2374/5625/4153
f 2376/5626/4156 2375/5628/4154 3127/5627/4907
f 3127/5627/4907 2375/5628/4154 2374/5625/4153
f 3130/5590/4881 3123/5588/4879 3129/5605/4894
f 3129/5605/4894 3123/5588/4879 3122/5586/4878
f 3137/5592/4883 3130/5590/4881 3136/5603/4892
f 3136/5603/4892 3130/5590/4881 3129/5605/4894
f 3144/5594/4885 3137/5592/4883 3143/5601/4890
f 3143/5601/4890 3137/5592/4883 3136/5603/4892
f 3151/5596/4887 3144/5594/4885 3150/5599/4888
f 3150/5599/4888 3144/5594/4885 3143/5601/4890
f 2262/5629/4908 2457/5630/4215 2263/5631/4909
f 2263/5631/4909 2457/5630/4215 3153/5632/4910
f 2263/5631/4909 3153/5632/4910 2264/5633/4911
f 2264/5633/4911 3153/5632/4910 2265/5634/4912
f 2265/5634/4912 3153/5632/4910 3155/5635/4913
f 2265/5634/4912 3155/5635/4913 2266/5636/4914
f 2266/5636/4914 3155/5635/4913 3157/5637/4915
f 2266/5636/4914 3157/5637/4915 2267/5638/4916
f 2267/5638/4916 3157/5637/4915 2268/5639/4917
f 2268/5639/4917 3157/5637/4915 3159/5640/4918
f 2268/5639/4917 3159/5640/4918 2269/5641/4919
f 2269/5641/4919 3159/5640/4918 3161/5642/4920
f 2269/5641/4919 3161/5642/4920 2270/5643/4921
f 2270/5643/4921 3161/5642/4920 2271/5644/4037
f 2271/5644/4037 3161/5642/4920 3160/5645/4922
f 2271/5644/4037 3160/5645/4922 2469/5646/4248
f 2469/5646/4248 3160/5645/4922 2470/5647/4249
f 2470/5647/4249 3160/5645/4922 2471/5648/4251
f 2471/5648/4251 3160/5645/4922 3158/5649/4923
f 2471/5648/4251 3158/5649/4923 2472/5650/4252
f 2472/5650/4252 3158/5649/4923 3156/5651/4924
f 2472/5650/4252 3156/5651/4924 2473/5652/4218
f 2473/5652/4218 3156/5651/4924 3154/5653/4925
f 2473/5652/4218 3154/5653/4925 2474/5654/4217
f 2474/5654/4217 3154/5653/4925 3152/5655/4926
f 2474/5654/4217 3152/5655/4926 2457/5630/4215
f 2457/5630/4215 3152/5655/4926 3153/5632/4910
f 3155/5635/4913 3153/5632/4910 3152/5655/4926
f 3155/5635/4913 3152/5655/4926 3154/5653/4925
f 3157/5637/4915 3155/5635/4913 3154/5653/4925
f 3157/5637/4915 3154/5653/4925 3156/5651/4924
f 3159/5640/4918 3157/5637/4915 3156/5651/4924
f 3159/5640/4918 3156/5651/4924 3158/5649/4923
f 3161/5642/4920 3159/5640/4918 3158/5649/4923
f 3161/5642/4920 3158/5649/4923 3160/5645/4922
f 2462/5656/4238 3162/5657/4927 2463/5658/4239
f 2463/5658/4239 3162/5657/4927 3163/5659/4928
f 2463/5658/4239 3163/5659/4928 3164/5660/4929
f 3164/5660/4929 3163/5659/4928 3170/5661/4930
f 3164/5660/4929 3170/5661/4930 3171/5662/4931
f 3171/5662/4931 3170/5661/4930 3177/5663/4932
f 3171/5662/4931 3177/5663/4932 3178/5664/4933
f 3178/5664/4933 3177/5663/4932 3184/5665/4934
f 3178/5664/4933 3184/5665/4934 3185/5666/4935
f 3185/5666/4935 3184/5665/4934 3191/5667/4936
f 3185/5666/4935 3191/5667/4936 2339/5668/4082
f 2339/5668/4082 3191/5667/4936 2322/5669/4080
f 2322/5669/4080 3191/5667/4936 3190/5670/4937
f 2322/5669/4080 3190/5670/4937 3189/5671/4938
f 3189/5671/4938 3190/5670/4937 3183/5672/4939
f 3189/5671/4938 3183/5672/4939 3182/5673/4940
f 3182/5673/4940 3183/5672/4939 3176/5674/4941
f 3182/5673/4940 3176/5674/4941 3175/5675/4942
f 3175/5675/4942 3176/5674/4941 3169/5676/4943
f 3175/5675/4942 3169/5676/4943 3168/5677/4944
f 3168/5677/4944 3169/5676/4943 3162/5657/4927
f 3168/5677/4944 3162/5657/4927 2462/5656/4238
f 2462/5656/4238 2461/5678/4234 3168/5677/4944
f 3168/5677/4944 2461/5678/4234 3174/5679/4945
f 3168/5677/4944 3174/5679/4945 3175/5675/4942
f 3175/5675/4942 3174/5679/4945 3181/5680/4946
f 3175/5675/4942 3181/5680/4946 3182/5673/4940
f 3182/5673/4940 3181/5680/4946 3188/5681/4947
f 3182/5673/4940 3188/5681/4947 3189/5671/4938
f 3189/5671/4938 3188/5681/4947 2322/5669/4080
f 2461/5678/4234 2460/5682/4232 3174/5679/4945
f 3174/5679/4945 2460/5682/4232 3180/5683/4948
f 3174/5679/4945 3180/5683/4948 3181/5680/4946
f 3181/5680/4946 3180/5683/4948 3187/5684/4949
f 3181/5680/4946 3187/5684/4949 3188/5681/4947
f 3188/5681/4947 3187/5684/4949 2457/5685/4215
f 3188/5681/4947 2457/5685/4215 2322/5669/4080
f 2460/5682/4232 2459/5686/4229 3180/5683/4948
f 3180/5683/4948 2459/5686/4229 3186/5687/4950
f 3180/5683/4948 3186/5687/4950 3187/5684/4949
f 3187/5684/4949 3186/5687/4950 2457/5685/4215
f 2459/5686/4229 2458/5688/4213 3186/5687/4950
f 3186/5687/4950 2458/5688/4213 2457/5685/4215
f 2339/5668/4082 2338/5689/4083 3185/5666/4935
f 3185/5666/4935 2338/5689/4083 3179/5690/4951
f 3185/5666/4935 3179/5690/4951 3178/5664/4933
f 3178/5664/4933 3179/5690/4951 3172/5691/4952
f 3178/5664/4933 3172/5691/4952 3171/5662/4931
f 3171/5662/4931 3172/5691/4952 3165/5692/4953
f 3171/5662/4931 3165/5692/4953 3164/5660/4929
f 3164/5660/4929 3165/5692/4953 2463/5658/4239
f 2338/5689/4083 2337/5693/4117 3179/5690/4951
f 3179/5690/4951 2337/5693/4117 3173/5694/4954
f 3179/5690/4951 3173/5694/4954 3172/5691/4952
f 3172/5691/4952 3173/5694/4954 3166/5695/4955
f 3172/5691/4952 3166/5695/4955 3165/5692/4953
f 3165/5692/4953 3166/5695/4955 2334/5696/4113
f 3165/5692/4953 2334/5696/4113 2463/5658/4239
f 2337/5693/4117 2336/5697/4116 3173/5694/4954
f 3173/5694/4954 2336/5697/4116 3167/5698/4956
f 3173/5694/4954 3167/5698/4956 3166/5695/4955
f 3166/5695/4955 3167/5698/4956 2334/5696/4113
f 2336/5697/4116 2335/5699/4114 3167/5698/4956
f 3167/5698/4956 2335/5699/4114 2334/5696/4113
f 3170/5661/4930 3163/5659/4928 3169/5676/4943
f 3169/5676/4943 3163/5659/4928 3162/5657/4927
f 3177/5663/4932 3170/5661/4930 3176/5674/4941
f 3176/5674/4941 3170/5661/4930 3169/5676/4943
f 3184/5665/4934 3177/5663/4932 3183/5672/4939
f 3183/5672/4939 3177/5663/4932 3176/5674/4941
f 3191/5667/4936 3184/5665/4934 3190/5670/4937
f 3190/5670/4937 3184/5665/4934 3183/5672/4939
f 2202/5700/3940 2328/5701/4104 2203/5702/4957
f 2203/5702/4957 2328/5701/4104 3193/5703/4958
f 2203/5702/4957 3193/5703/4958 2204/5704/4959
f 2204/5704/4959 3193/5703/4958 3195/5705/4960
f 2204/5704/4959 3195/5705/4960 2205/5706/4961
f 2205/5706/4961 3195/5705/4960 3197/5707/4962
f 2205/5706/4961 3197/5707/4962 2206/5708/4963
f 2206/5708/4963 3197/5707/4962 2207/5709/4964
f 2207/5709/4964 3197/5707/4962 3199/5710/4965
f 2207/5709/4964 3199/5710/4965 2208/5711/4966
f 2208/5711/4966 3199/5710/4965 3201/5712/4967
f 2208/5711/4966 3201/5712/4967 2209/5713/4968
f 2209/5713/4968 3201/5712/4967 2210/5714/4969
f 2210/5714/4969 3201/5712/4967 2211/5715/4970
f 2211/5715/4970 3201/5712/4967 3200/5716/4971
f 2211/5715/4970 3200/5716/4971 2322/5717/4080
f 2322/5717/4080 3200/5716/4971 2323/5718/4078
f 2323/5718/4078 3200/5716/4971 2324/5719/4094
f 2324/5719/4094 3200/5716/4971 3198/5720/4972
f 2324/5719/4094 3198/5720/4972 2325/5721/4097
f 2325/5721/4097 3198/5720/4972 3196/5722/4973
f 2325/5721/4097 3196/5722/4973 2326/5723/4099
f 2326/5723/4099 3196/5722/4973 3194/5724/4974
f 2326/5723/4099 3194/5724/4974 2327/5725/4103
f 2327/5725/4103 3194/5724/4974 3192/5726/4975
f 2327/5725/4103 3192/5726/4975 2328/5701/4104
f 2328/5701/4104 3192/5726/4975 3193/5703/4958
f 3195/5705/4960 3193/5703/4958 3192/5726/4975
f 3195/5705/4960 3192/5726/4975 3194/5724/4974
f 3197/5707/4962 3195/5705/4960 3194/5724/4974
f 3197/5707/4962 3194/5724/4974 3196/5722/4973
f 3199/5710/4965 3197/5707/4962 3196/5722/4973
f 3199/5710/4965 3196/5722/4973 3198/5720/4972
f 3201/5712/4967 3199/5710/4965 3198/5720/4972
f 3201/5712/4967 3198/5720/4972 3200/5716/4971
f 2227/5727/3994 3202/5728/4976 2228/5729/3995
f 2228/5729/3995 3202/5728/4976 3203/5730/4977
f 2228/5729/3995 3203/5730/4977 3204/5731/4978
f 3204/5731/4978 3203/5730/4977 3210/5732/4979
f 3204/5731/4978 3210/5732/4979 3211/5733/4980
f 3211/5733/4980 3210/5732/4979 3217/5734/4981
f 3211/5733/4980 3217/5734/4981 3218/5735/4982
f 3218/5735/4982 3217/5734/4981 3224/5736/4983
f 3218/5735/4982 3224/5736/4983 3225/5737/4984
f 3225/5737/4984 3224/5736/4983 3231/5738/4985
f 3225/5737/4984 3231/5738/4985 2299/5739/4042
f 2299/5739/4042 3231/5738/4985 2282/5740/4040
f 2282/5740/4040 3231/5738/4985 3230/5741/4986
f 2282/5740/4040 3230/5741/4986 3229/5742/4987
f 3229/5742/4987 3230/5741/4986 3223/5743/4988
f 3229/5742/4987 3223/5743/4988 3222/5744/4989
f 3222/5744/4989 3223/5743/4988 3216/5745/4990
f 3222/5744/4989 3216/5745/4990 3215/5746/4991
f 3215/5746/4991 3216/5745/4990 3209/5747/4992
f 3215/5746/4991 3209/5747/4992 3208/5748/4993
f 3208/5748/4993 3209/5747/4992 3202/5728/4976
f 3208/5748/4993 3202/5728/4976 2227/5727/3994
f 2227/5727/3994 2226/5749/3990 3208/5748/4993
f 3208/5748/4993 2226/5749/3990 3214/5750/4994
f 3208/5748/4993 3214/5750/4994 3215/5746/4991
f 3215/5746/4991 3214/5750/4994 3221/5751/4995
f 3215/5746/4991 3221/5751/4995 3222/5744/4989
f 3222/5744/4989 3221/5751/4995 3228/5752/4996
f 3222/5744/4989 3228/5752/4996 3229/5742/4987
f 3229/5742/4987 3228/5752/4996 2282/5740/4040
f 2226/5749/3990 2225/5753/3988 3214/5750/4994
f 3214/5750/4994 2225/5753/3988 3220/5754/4997
f 3214/5750/4994 3220/5754/4997 3221/5751/4995
f 3221/5751/4995 3220/5754/4997 3227/5755/4998
f 3221/5751/4995 3227/5755/4998 3228/5752/4996
f 3228/5752/4996 3227/5755/4998 2222/5756/3971
f 3228/5752/4996 2222/5756/3971 2282/5740/4040
f 2225/5753/3988 2224/5757/3985 3220/5754/4997
f 3220/5754/4997 2224/5757/3985 3226/5758/4999
f 3220/5754/4997 3226/5758/4999 3227/5755/4998
f 3227/5755/4998 3226/5758/4999 2222/5756/3971
f 2224/5757/3985 2223/5759/3969 3226/5758/4999
f 3226/5758/4999 2223/5759/3969 2222/5756/3971
f 2299/5739/4042 2298/5760/4043 3225/5737/4984
f 3225/5737/4984 2298/5760/4043 3219/5761/5000
f 3225/5737/4984 3219/5761/5000 3218/5735/4982
f 3218/5735/4982 3219/5761/5000 3212/5762/5001
f 3218/5735/4982 3212/5762/5001 3211/5733/4980
f 3211/5733/4980 3212/5762/5001 3205/5763/5002
f 3211/5733/4980 3205/5763/5002 3204/5731/4978
f 3204/5731/4978 3205/5763/5002 2228/5729/3995
f 2298/5760/4043 2297/5764/4077 3219/5761/5000
f 3219/5761/5000 2297/5764/4077 3213/5765/5003
f 3219/5761/5000 3213/5765/5003 3212/5762/5001
f 3212/5762/5001 3213/5765/5003 3206/5766/5004
f 3212/5762/5001 3206/5766/5004 3205/5763/5002
f 3205/5763/5002 3206/5766/5004 2294/5767/4073
f 3205/5763/5002 2294/5767/4073 2228/5729/3995
f 2297/5764/4077 2296/5768/4076 3213/5765/5003
f 3213/5765/5003 2296/5768/4076 3207/5769/5005
f 3213/5765/5003 3207/5769/5005 3206/5766/5004
f 3206/5766/5004 3207/5769/5005 2294/5767/4073
f 2296/5768/4076 2295/5770/4074 3207/5769/5005
f 3207/5769/5005 2295/5770/4074 2294/5767/4073
f 3210/5732/4979 3203/5730/4977 3209/5747/4992
f 3209/5747/4992 3203/5730/4977 3202/5728/4976
f 3217/5734/4981 3210/5732/4979 3216/5745/4990
f 3216/5745/4990 3210/5732/4979 3209/5747/4992
f 3224/5736/4983 3217/5734/4981 3223/5743/4988
f 3223/5743/4988 3217/5734/4981 3216/5745/4990
f 3231/5738/4985 3224/5736/4983 3230/5741/4986
f 3230/5741/4986 3224/5736/4983 3223/5743/4988
f 2182/5771/3911 2288/5772/4064 2183/5773/5006
f 2183/5773/5006 2288/5772/4064 3233/5774/5007
f 2183/5773/5006 3233/5774/5007 2184/5775/5008
f 2184/5775/5008 3233/5774/5007 3235/5776/5009
f 2184/5775/5008 3235/5776/5009 2185/5777/5010
f 2185/5777/5010 3235/5776/5009 3237/5778/5011
f 2185/5777/5010 3237/5778/5011 2186/5779/5012
f 2186/5779/5012 3237/5778/5011 2187/5780/5013
f 2187/5780/5013 3237/5778/5011 3239/5781/5014
f 2187/5780/5013 3239/5781/5014 2188/5782/5015
f 2188/5782/5015 3239/5781/5014 3241/5783/5016
f 2188/5782/5015 3241/5783/5016 2189/5784/5017
f 2189/5784/5017 3241/5783/5016 2190/5785/5018
f 2190/5785/5018 3241/5783/5016 2191/5786/5019
f 2191/5786/5019 3241/5783/5016 3240/5787/5020
f 2191/5786/5019 3240/5787/5020 2282/5788/4040
f 2282/5788/4040 3240/5787/5020 2283/5789/4038
f 2283/5789/4038 3240/5787/5020 2284/5790/4054
f 2284/5790/4054 3240/5787/5020 3238/5791/5021
f 2284/5790/4054 3238/5791/5021 2285/5792/4057
f 2285/5792/4057 3238/5791/5021 3236/5793/5022
f 2285/5792/4057 3236/5793/5022 2286/5794/4059
f 2286/5794/4059 3236/5793/5022 3234/5795/5023
f 2286/5794/4059 3234/5795/5023 2287/5796/4063
f 2287/5796/4063 3234/5795/5023 3232/5797/5024
f 2287/5796/4063 3232/5797/5024 2288/5772/4064
f 2288/5772/4064 3232/5797/5024 3233/5774/5007
f 3235/5776/5009 3233/5774/5007 3232/5797/5024
f 3235/5776/5009 3232/5797/5024 3234/5795/5023
f 3237/5778/5011 3235/5776/5009 3234/5795/5023
f 3237/5778/5011 3234/5795/5023 3236/5793/5022
f 3239/5781/5014 3237/5778/5011 3236/5793/5022
f 3239/5781/5014 3236/5793/5022 3238/5791/5021
f 3241/5783/5016 3239/5781/5014 3238/5791/5021
f 3241/5783/5016 3238/5791/5021 3240/5787/5020
f 2007/5798/5025 2222/5799/3971 2008/5800/5026
f 2008/5800/5026 2222/5799/3971 3243/5801/5027
f 2008/5800/5026 3243/5801/5027 2009/5802/5028
f 2009/5802/5028 3243/5801/5027 2010/5803/5029
f 2010/5803/5029 3243/5801/5027 3245/5804/5030
f 2010/5803/5029 3245/5804/5030 2011/5805/5031
f 2011/5805/5031 3245/5804/5030 3247/5806/5032
f 2011/5805/5031 3247/5806/5032 2012/5807/5033
f 2012/5807/5033 3247/5806/5032 2013/5808/5034
f 2013/5808/5034 3247/5806/5032 3249/5809/5035
f 2013/5808/5034 3249/5809/5035 2014/5810/5036
f 2014/5810/5036 3249/5809/5035 3251/5811/5037
f 2014/5810/5036 3251/5811/5037 2015/5812/5038
f 2015/5812/5038 3251/5811/5037 2016/5813/3755
f 2016/5813/3755 3251/5811/5037 3250/5814/5039
f 2016/5813/3755 3250/5814/5039 2234/5815/4004
f 2234/5815/4004 3250/5814/5039 2235/5816/4005
f 2235/5816/4005 3250/5814/5039 2236/5817/4007
f 2236/5817/4007 3250/5814/5039 3248/5818/5040
f 2236/5817/4007 3248/5818/5040 2237/5819/4008
f 2237/5819/4008 3248/5818/5040 3246/5820/5041
f 2237/5819/4008 3246/5820/5041 2238/5821/3974
f 2238/5821/3974 3246/5820/5041 3244/5822/5042
f 2238/5821/3974 3244/5822/5042 2239/5823/3973
f 2239/5823/3973 3244/5822/5042 3242/5824/5043
f 2239/5823/3973 3242/5824/5043 2222/5799/3971
f 2222/5799/3971 3242/5824/5043 3243/5801/5027
f 3245/5804/5030 3243/5801/5027 3242/5824/5043
f 3245/5804/5030 3242/5824/5043 3244/5822/5042
f 3247/5806/5032 3245/5804/5030 3244/5822/5042
f 3247/5806/5032 3244/5822/5042 3246/5820/5041
f 3249/5809/5035 3247/5806/5032 3246/5820/5041
f 3249/5809/5035 3246/5820/5041 3248/5818/5040
f 3251/5811/5037 3249/5809/5035 3248/5818/5040
f 3251/5811/5037 3248/5818/5040 3250/5814/5039
f 2028/5825/4009 1852/5826/3967 2262/5827/4010
f 2262/5827/4010 1852/5826/3967 2211/5828/3968
f 2028/5829/3756 2027/5830/3758 1852/5831/3574
f 1852/5831/3574 2027/5830/3758 1853/5832/3572
f 2191/5833/3939 2007/5834/3728 2027/5835/3938
f 2027/5835/3938 2007/5834/3728 1853/5836/3727
f 2282/5837/4040 2222/5838/3971 2191/5839/5019
f 2191/5839/5019 2222/5838/3971 2007/5840/5025
f 2503/5841/4274 2374/5842/4153 2294/5843/4073
f 2294/5843/4073 2374/5842/4153 2228/5844/3995
f 2328/5845/4104 1863/5846/3587 2604/5847/4383
f 2604/5847/4383 1863/5846/3587 1862/5848/3674
f 2604/5847/4383 1862/5848/3674 2368/5849/4144
f 2368/5849/4144 1862/5848/3674 2234/5850/4004
f 2234/5850/4004 1862/5848/3674 2016/5851/3755
f 2328/5845/4104 2202/5852/3940 1863/5846/3587
f 1834/5853/5044 3298/5854/5045 1775/5855/5046
f 1775/5855/5046 3298/5854/5045 3299/5856/5047
f 1775/5855/5046 3299/5856/5047 3301/5857/5048
f 3301/5857/5048 3299/5856/5047 3300/5858/5049
f 1833/5859/5050 1851/5860/5051 1834/5853/5044
f 1834/5853/5044 1851/5860/5051 2362/5861/4120
f 1834/5853/5044 2362/5861/4120 2497/5862/4254
f 1833/5859/5050 1832/5863/5052 1851/5860/5051
f 1851/5860/5051 1832/5863/5052 1831/5864/5053
f 1851/5860/5051 1831/5864/5053 1847/5865/5054
f 1847/5865/5054 1831/5864/5053 1830/5866/5055
f 1847/5865/5054 1830/5866/5055 1848/5867/5056
f 1848/5867/5056 1830/5866/5055 1829/5868/5057
f 1848/5867/5056 1829/5868/5057 1849/5869/5058
f 1849/5869/5058 1829/5868/5057 3252/5870/5059
f 1849/5869/5058 3252/5870/5059 1850/5871/5060
f 1850/5871/5060 3252/5870/5059 1839/5872/5061
f 1839/5872/5061 3252/5870/5059 3253/5873/5062
f 1839/5872/5061 3253/5873/5062 3258/5874/5063
f 3258/5874/5063 3253/5873/5062 3257/5875/5064
f 3257/5875/5064 3253/5873/5062 3256/5876/5065
f 3256/5876/5065 3253/5873/5062 3254/5877/5066
f 3256/5876/5065 3254/5877/5066 3255/5878/5067
f 3260/5879/5068 3261/5880/5069 3259/5881/5070
f 3259/5881/5070 3261/5880/5069 3262/5882/5071
f 1851/5860/5051 1828/5883/5072 2362/5861/4120
f 2362/5861/4120 1828/5883/5072 1827/5884/5073
f 2362/5861/4120 1827/5884/5073 1776/5885/5074
f 2362/5861/4120 1776/5885/5074 3302/5886/5075
f 3302/5886/5075 1776/5885/5074 1775/5855/5046
f 3302/5886/5075 1775/5855/5046 3301/5857/5048
f 3264/5887/5076 3265/5888/5077 3263/5889/5078
f 3263/5889/5078 3265/5888/5077 3306/5890/5079
f 3306/5890/5079 3265/5888/5077 3304/5891/5080
f 3306/5890/5079 3304/5891/5080 3305/5892/5081
f 3265/5888/5077 3266/5893/5082 3304/5891/5080
f 3304/5891/5080 3266/5893/5082 3303/5894/5083
f 3303/5894/5083 3266/5893/5082 2362/5861/4120
f 3303/5894/5083 2362/5861/4120 3302/5886/5075
f 3266/5893/5082 3267/5895/5084 2362/5861/4120
f 2362/5861/4120 3267/5895/5084 3274/5896/5085
f 2362/5861/4120 3274/5896/5085 3275/5897/5086
f 3267/5895/5084 3268/5898/5087 3274/5896/5085
f 3274/5896/5085 3268/5898/5087 3273/5899/5088
f 3273/5899/5088 3268/5898/5087 3270/5900/5089
f 3273/5899/5088 3270/5900/5089 3271/5901/5090
f 3268/5898/5087 3269/5902/5091 3270/5900/5089
f 3271/5901/5090 3272/5903/5092 3273/5899/5088
f 3276/5904/5093 3282/5905/5094 3275/5897/5086
f 3275/5897/5086 3282/5905/5094 2592/5906/4350
f 3275/5897/5086 2592/5906/4350 2362/5861/4120
f 3277/5907/5095 3278/5908/5096 3276/5904/5093
f 3276/5904/5093 3278/5908/5096 3281/5909/5097
f 3276/5904/5093 3281/5909/5097 3282/5905/5094
f 3278/5908/5096 3279/5910/5098 3281/5909/5097
f 3281/5909/5097 3279/5910/5098 3280/5911/5099
f 3282/5905/5094 3283/5912/5100 2592/5906/4350
f 2592/5906/4350 3283/5912/5100 3290/5913/5101
f 2592/5906/4350 3290/5913/5101 3291/5914/5102
f 3283/5912/5100 3284/5915/5103 3290/5913/5101
f 3290/5913/5101 3284/5915/5103 3289/5916/5104
f 3289/5916/5104 3284/5915/5103 3286/5917/5105
f 3289/5916/5104 3286/5917/5105 3287/5918/5106
f 3284/5915/5103 3285/5919/5107 3286/5917/5105
f 3287/5918/5106 3288/5920/5108 3289/5916/5104
f 3291/5914/5102 3292/5921/5109 2592/5906/4350
f 2592/5906/4350 3292/5921/5109 3295/5922/5110
f 2592/5906/4350 3295/5922/5110 2842/5923/4599
f 2842/5923/4599 3295/5922/5110 3296/5924/5111
f 2842/5923/4599 3296/5924/5111 2497/5862/4254
f 2497/5862/4254 3296/5924/5111 3297/5925/5112
f 2497/5862/4254 3297/5925/5112 3298/5854/5045
f 3293/5926/5113 3294/5927/5114 3292/5921/5109
f 3292/5921/5109 3294/5927/5114 3295/5922/5110
f 1834/5853/5044 2497/5862/4254 3298/5854/5045
f 2463/5928/4239 2334/5929/4113 2854/5930/4629
f 2854/5930/4629 2334/5929/4113 2598/5931/4374
f 2271/5932/4037 2469/5933/4248 2037/5934/3858
f 2037/5934/3858 2469/5933/4248 2848/5935/4619
f 2037/5934/3858 2848/5935/4619 2509/5936/4284
f 2037/5934/3858 2509/5936/4284 2038/5937/3771
f 2038/5937/3771 2509/5936/4284 2288/5938/4064
f 2038/5937/3771 2288/5938/4064 2182/5939/3911
f 3284/5940/5103 3283/5941/5100 3324/5942/5115
f 3324/5942/5115 3283/5941/5100 3326/5943/5116
f 3324/5942/5115 3326/5943/5116 3323/5944/5117
f 3323/5944/5117 3326/5943/5116 3325/5945/5118
f 3323/5944/5117 3325/5945/5118 3322/5946/5119
f 3322/5946/5119 3325/5945/5118 3327/5947/5120
f 3322/5946/5119 3327/5947/5120 3321/5948/5121
f 3321/5948/5121 3327/5947/5120 3320/5949/5122
f 3320/5949/5122 3327/5947/5120 3328/5950/5123
f 3320/5949/5122 3328/5950/5123 3319/5951/5124
f 3319/5951/5124 3328/5950/5123 3329/5952/5125
f 3319/5951/5124 3329/5952/5125 3318/5953/5126
f 3318/5953/5126 3329/5952/5125 3317/5954/5127
f 3317/5954/5127 3329/5952/5125 3314/5955/5128
f 3317/5954/5127 3314/5955/5128 3316/5956/5129
f 3316/5956/5129 3314/5955/5128 3315/5957/5130
f 3283/5941/5100 3307/5958/5131 3326/5943/5116
f 3326/5943/5116 3307/5958/5131 3308/5959/5132
f 3326/5943/5116 3308/5959/5132 3325/5945/5118
f 3325/5945/5118 3308/5959/5132 3309/5960/5133
f 3325/5945/5118 3309/5960/5133 3327/5947/5120
f 3327/5947/5120 3309/5960/5133 3310/5961/5134
f 3327/5947/5120 3310/5961/5134 3311/5962/5135
f 3327/5947/5120 3311/5962/5135 3328/5950/5123
f 3328/5950/5123 3311/5962/5135 3312/5963/5136
f 3328/5950/5123 3312/5963/5136 3329/5952/5125
f 3329/5952/5125 3312/5963/5136 3313/5964/5137
f 3329/5952/5125 3313/5964/5137 3314/5955/5128
f 3283/5965/5100 3282/5966/5094 3307/5967/5138
f 3307/5967/5138 3282/5966/5094 3341/5968/5139
f 3307/5967/5138 3341/5968/5139 3308/5969/5140
f 3308/5969/5140 3341/5968/5139 3344/5970/5141
f 3308/5969/5140 3344/5970/5141 3309/5971/5142
f 3309/5971/5142 3344/5970/5141 3347/5972/5143
f 3309/5971/5142 3347/5972/5143 3310/5973/5144
f 3310/5973/5144 3347/5972/5143 3311/5974/5145
f 3311/5974/5145 3347/5972/5143 3350/5975/5146
f 3311/5974/5145 3350/5975/5146 3312/5976/5147
f 3312/5976/5147 3350/5975/5146 3353/5977/5148
f 3312/5976/5147 3353/5977/5148 3313/5978/5149
f 3313/5978/5149 3353/5977/5148 3314/5979/5150
f 3314/5979/5150 3353/5977/5148 3315/5980/5151
f 3315/5980/5151 3353/5977/5148 3352/5981/5152
f 3315/5980/5151 3352/5981/5152 3337/5982/5153
f 3337/5982/5153 3352/5981/5152 3351/5983/5154
f 3337/5982/5153 3351/5983/5154 3336/5984/5155
f 3336/5984/5155 3351/5983/5154 3335/5985/5156
f 3335/5985/5156 3351/5983/5154 3348/5986/5157
f 3335/5985/5156 3348/5986/5157 3334/5987/5158
f 3334/5987/5158 3348/5986/5157 3345/5988/5159
f 3334/5987/5158 3345/5988/5159 3333/5989/5160
f 3333/5989/5160 3345/5988/5159 3332/5990/5161
f 3332/5990/5161 3345/5988/5159 3342/5991/5162
f 3332/5990/5161 3342/5991/5162 3331/5992/5163
f 3331/5992/5163 3342/5991/5162 3339/5993/5164
f 3331/5992/5163 3339/5993/5164 3330/5994/5165
f 3330/5994/5165 3339/5993/5164 3282/5966/5094
f 3282/5966/5094 3339/5993/5164 3340/5995/5166
f 3282/5966/5094 3340/5995/5166 3341/5968/5139
f 3341/5968/5139 3340/5995/5166 3344/5970/5141
f 3337/5982/5153 3338/5996/5167 3315/5980/5151
f 3340/5995/5166 3339/5993/5164 3343/5997/5168
f 3343/5997/5168 3339/5993/5164 3342/5991/5162
f 3343/5997/5168 3342/5991/5162 3346/5998/5169
f 3346/5998/5169 3342/5991/5162 3345/5988/5159
f 3346/5998/5169 3345/5988/5159 3349/5999/5170
f 3349/5999/5170 3345/5988/5159 3348/5986/5157
f 3349/5999/5170 3348/5986/5157 3352/5981/5152
f 3352/5981/5152 3348/5986/5157 3351/5983/5154
f 3347/5972/5143 3344/5970/5141 3343/5997/5168
f 3343/5997/5168 3344/5970/5141 3340/5995/5166
f 3347/5972/5143 3343/5997/5168 3346/5998/5169
f 3350/5975/5146 3347/5972/5143 3346/5998/5169
f 3350/5975/5146 3346/5998/5169 3349/5999/5170
f 3353/5977/5148 3350/5975/5146 3349/5999/5170
f 3353/5977/5148 3349/5999/5170 3352/5981/5152
f 3282/6000/5094 3281/6001/5097 3330/6002/5171
f 3330/6002/5171 3281/6001/5097 3364/6003/5172
f 3330/6002/5171 3364/6003/5172 3331/6004/5173
f 3331/6004/5173 3364/6003/5172 3363/6005/5174
f 3331/6004/5173 3363/6005/5174 3332/6006/5175
f 3332/6006/5175 3363/6005/5174 3365/6007/5176
f 3332/6006/5175 3365/6007/5176 3333/6008/5177
f 3333/6008/5177 3365/6007/5176 3334/6009/5178
f 3334/6009/5178 3365/6007/5176 3366/6010/5179
f 3334/6009/5178 3366/6010/5179 3335/6011/5180
f 3335/6011/5180 3366/6010/5179 3367/6012/5181
f 3335/6011/5180 3367/6012/5181 3336/6013/5182
f 3336/6013/5182 3367/6012/5181 3337/6014/5183
f 3337/6014/5183 3367/6012/5181 3361/6015/5184
f 3337/6014/5183 3361/6015/5184 3338/6016/5185
f 3338/6016/5185 3361/6015/5184 3362/6017/5186
f 3281/6001/5097 3354/6018/5187 3364/6003/5172
f 3364/6003/5172 3354/6018/5187 3355/6019/5188
f 3364/6003/5172 3355/6019/5188 3363/6005/5174
f 3363/6005/5174 3355/6019/5188 3356/6020/5189
f 3363/6005/5174 3356/6020/5189 3365/6007/5176
f 3365/6007/5176 3356/6020/5189 3357/6021/5190
f 3365/6007/5176 3357/6021/5190 3358/6022/5191
f 3365/6007/5176 3358/6022/5191 3366/6010/5179
f 3366/6010/5179 3358/6022/5191 3359/6023/5192
f 3366/6010/5179 3359/6023/5192 3367/6012/5181
f 3367/6012/5181 3359/6023/5192 3360/6024/5193
f 3367/6012/5181 3360/6024/5193 3361/6015/5184
f 3280/6025/5099 3279/6026/5098 3385/6027/5194
f 3385/6027/5194 3279/6026/5098 3387/6028/5195
f 3385/6027/5194 3387/6028/5195 3384/6029/5196
f 3384/6029/5196 3387/6028/5195 3386/6030/5197
f 3384/6029/5196 3386/6030/5197 3383/6031/5198
f 3383/6031/5198 3386/6030/5197 3388/6032/5199
f 3383/6031/5198 3388/6032/5199 3382/6033/5200
f 3382/6033/5200 3388/6032/5199 3381/6034/5201
f 3381/6034/5201 3388/6032/5199 3389/6035/5202
f 3381/6034/5201 3389/6035/5202 3380/6036/5203
f 3380/6036/5203 3389/6035/5202 3390/6037/5204
f 3380/6036/5203 3390/6037/5204 3379/6038/5205
f 3379/6038/5205 3390/6037/5204 3378/6039/5206
f 3378/6039/5206 3390/6037/5204 3377/6040/5207
f 3377/6040/5207 3390/6037/5204 3375/6041/5208
f 3377/6040/5207 3375/6041/5208 3376/6042/5209
f 3279/6026/5098 3368/6043/5210 3387/6028/5195
f 3387/6028/5195 3368/6043/5210 3369/6044/5211
f 3387/6028/5195 3369/6044/5211 3386/6030/5197
f 3386/6030/5197 3369/6044/5211 3370/6045/5212
f 3386/6030/5197 3370/6045/5212 3388/6032/5199
f 3388/6032/5199 3370/6045/5212 3371/6046/5213
f 3388/6032/5199 3371/6046/5213 3372/6047/5214
f 3388/6032/5199 3372/6047/5214 3389/6035/5202
f 3389/6035/5202 3372/6047/5214 3373/6048/5215
f 3389/6035/5202 3373/6048/5215 3390/6037/5204
f 3390/6037/5204 3373/6048/5215 3374/6049/5216
f 3390/6037/5204 3374/6049/5216 3375/6041/5208
f 3391/6050/5217 3392/6051/5218 3408/6052/5219
f 3408/6052/5219 3392/6051/5218 3409/6053/5220
f 3408/6052/5219 3409/6053/5220 3407/6054/5221
f 3407/6054/5221 3409/6053/5220 3406/6055/5222
f 3406/6055/5222 3409/6053/5220 3410/6056/5223
f 3406/6055/5222 3410/6056/5223 3405/6057/5224
f 3405/6057/5224 3410/6056/5223 3411/6058/5225
f 3405/6057/5224 3411/6058/5225 3404/6059/5226
f 3404/6059/5226 3411/6058/5225 3403/6060/5227
f 3403/6060/5227 3411/6058/5225 3412/6061/5228
f 3403/6060/5227 3412/6061/5228 3402/6062/5229
f 3402/6062/5229 3412/6061/5228 3413/6063/5230
f 3402/6062/5229 3413/6063/5230 3401/6064/5231
f 3401/6064/5231 3413/6063/5230 3287/6065/5106
f 3287/6065/5106 3413/6063/5230 3400/6066/5232
f 3287/6065/5106 3400/6066/5232 3288/6067/5108
f 3392/6051/5218 3393/6068/5233 3409/6053/5220
f 3409/6053/5220 3393/6068/5233 3394/6069/5234
f 3409/6053/5220 3394/6069/5234 3395/6070/5235
f 3409/6053/5220 3395/6070/5235 3410/6056/5223
f 3410/6056/5223 3395/6070/5235 3396/6071/5236
f 3410/6056/5223 3396/6071/5236 3411/6058/5225
f 3411/6058/5225 3396/6071/5236 3397/6072/5237
f 3411/6058/5225 3397/6072/5237 3398/6073/5238
f 3411/6058/5225 3398/6073/5238 3412/6061/5228
f 3412/6061/5228 3398/6073/5238 3399/6074/5239
f 3412/6061/5228 3399/6074/5239 3413/6063/5230
f 3413/6063/5230 3399/6074/5239 3400/6066/5232
f 3279/6075/5098 3278/6076/5096 3368/6077/5240
f 3368/6077/5240 3278/6076/5096 3424/6078/5241
f 3368/6077/5240 3424/6078/5241 3369/6079/5242
f 3369/6079/5242 3424/6078/5241 3426/6080/5243
f 3369/6079/5242 3426/6080/5243 3370/6081/5244
f 3370/6081/5244 3426/6080/5243 3428/6082/5245
f 3370/6081/5244 3428/6082/5245 3371/6083/5246
f 3371/6083/5246 3428/6082/5245 3372/6084/5247
f 3372/6084/5247 3428/6082/5245 3430/6085/5248
f 3372/6084/5247 3430/6085/5248 3373/6086/5249
f 3373/6086/5249 3430/6085/5248 3432/6087/5250
f 3373/6086/5249 3432/6087/5250 3374/6088/5251
f 3374/6088/5251 3432/6087/5250 3375/6089/5252
f 3375/6089/5252 3432/6087/5250 3376/6090/5253
f 3376/6090/5253 3432/6087/5250 3431/6091/5254
f 3376/6090/5253 3431/6091/5254 3421/6092/5255
f 3421/6092/5255 3431/6091/5254 3420/6093/5256
f 3420/6093/5256 3431/6091/5254 3419/6094/5257
f 3419/6094/5257 3431/6091/5254 3429/6095/5258
f 3419/6094/5257 3429/6095/5258 3418/6096/5259
f 3418/6096/5259 3429/6095/5258 3427/6097/5260
f 3418/6096/5259 3427/6097/5260 3417/6098/5261
f 3417/6098/5261 3427/6097/5260 3416/6099/5262
f 3416/6099/5262 3427/6097/5260 3425/6100/5263
f 3416/6099/5262 3425/6100/5263 3415/6101/5264
f 3415/6101/5264 3425/6100/5263 3423/6102/5265
f 3415/6101/5264 3423/6102/5265 3414/6103/5266
f 3414/6103/5266 3423/6102/5265 3278/6076/5096
f 3278/6076/5096 3423/6102/5265 3424/6078/5241
f 3421/6092/5255 3422/6104/5267 3376/6090/5253
f 3426/6080/5243 3424/6078/5241 3423/6102/5265
f 3428/6082/5245 3426/6080/5243 3425/6100/5263
f 3425/6100/5263 3426/6080/5243 3423/6102/5265
f 3430/6085/5248 3428/6082/5245 3427/6097/5260
f 3427/6097/5260 3428/6082/5245 3425/6100/5263
f 3432/6087/5250 3430/6085/5248 3429/6095/5258
f 3429/6095/5258 3430/6085/5248 3427/6097/5260
f 3431/6091/5254 3432/6087/5250 3429/6095/5258
f 3278/6105/5096 3277/6106/5095 3414/6107/5268
f 3414/6107/5268 3277/6106/5095 3443/6108/5269
f 3414/6107/5268 3443/6108/5269 3415/6109/5270
f 3415/6109/5270 3443/6108/5269 3442/6110/5271
f 3415/6109/5270 3442/6110/5271 3416/6111/5272
f 3416/6111/5272 3442/6110/5271 3444/6112/5273
f 3416/6111/5272 3444/6112/5273 3417/6113/5274
f 3417/6113/5274 3444/6112/5273 3418/6114/5275
f 3418/6114/5275 3444/6112/5273 3445/6115/5276
f 3418/6114/5275 3445/6115/5276 3419/6116/5277
f 3419/6116/5277 3445/6115/5276 3446/6117/5278
f 3419/6116/5277 3446/6117/5278 3420/6118/5279
f 3420/6118/5279 3446/6117/5278 3421/6119/5280
f 3421/6119/5280 3446/6117/5278 3422/6120/5281
f 3422/6120/5281 3446/6117/5278 3440/6121/5282
f 3422/6120/5281 3440/6121/5282 3441/6122/5283
f 3277/6106/5095 3433/6123/5284 3443/6108/5269
f 3443/6108/5269 3433/6123/5284 3434/6124/5285
f 3443/6108/5269 3434/6124/5285 3442/6110/5271
f 3442/6110/5271 3434/6124/5285 3435/6125/5286
f 3442/6110/5271 3435/6125/5286 3444/6112/5273
f 3444/6112/5273 3435/6125/5286 3436/6126/5287
f 3444/6112/5273 3436/6126/5287 3437/6127/5288
f 3444/6112/5273 3437/6127/5288 3445/6115/5276
f 3445/6115/5276 3437/6127/5288 3438/6128/5289
f 3445/6115/5276 3438/6128/5289 3446/6117/5278
f 3446/6117/5278 3438/6128/5289 3439/6129/5290
f 3446/6117/5278 3439/6129/5290 3440/6121/5282
f 3276/6130/5093 3447/6131/5291 3277/6132/5095
f 3277/6132/5095 3447/6131/5291 3433/6133/5292
f 3433/6133/5292 3447/6131/5291 3448/6134/5293
f 3433/6133/5292 3448/6134/5293 3434/6135/5294
f 3434/6135/5294 3448/6134/5293 3449/6136/5295
f 3434/6135/5294 3449/6136/5295 3435/6137/5296
f 3435/6137/5296 3449/6136/5295 3450/6138/5297
f 3435/6137/5296 3450/6138/5297 3436/6139/5298
f 3436/6139/5298 3450/6138/5297 3451/6140/5299
f 3436/6139/5298 3451/6140/5299 3437/6141/5300
f 3437/6141/5300 3451/6140/5299 3452/6142/5301
f 3437/6141/5300 3452/6142/5301 3438/6143/5302
f 3438/6143/5302 3452/6142/5301 3453/6144/5303
f 3438/6143/5302 3453/6144/5303 3439/6145/5304
f 3439/6145/5304 3453/6144/5303 3454/6146/5305
f 3439/6145/5304 3454/6146/5305 3440/6147/5306
f 3440/6147/5306 3454/6146/5305 3455/6148/5307
f 3440/6147/5306 3455/6148/5307 3441/6149/5308
f 3276/6150/5093 3275/6151/5086 3447/6152/5309
f 3447/6152/5309 3275/6151/5086 3466/6153/5310
f 3447/6152/5309 3466/6153/5310 3448/6154/5311
f 3448/6154/5311 3466/6153/5310 3465/6155/5312
f 3448/6154/5311 3465/6155/5312 3449/6156/5313
f 3449/6156/5313 3465/6155/5312 3467/6157/5314
f 3449/6156/5313 3467/6157/5314 3450/6158/5315
f 3450/6158/5315 3467/6157/5314 3451/6159/5316
f 3451/6159/5316 3467/6157/5314 3468/6160/5317
f 3451/6159/5316 3468/6160/5317 3452/6161/5318
f 3452/6161/5318 3468/6160/5317 3469/6162/5319
f 3452/6161/5318 3469/6162/5319 3453/6163/5320
f 3453/6163/5320 3469/6162/5319 3454/6164/5321
f 3454/6164/5321 3469/6162/5319 3463/6165/5322
f 3454/6164/5321 3463/6165/5322 3455/6166/5323
f 3455/6166/5323 3463/6165/5322 3464/6167/5324
f 3275/6151/5086 3456/6168/5325 3466/6153/5310
f 3466/6153/5310 3456/6168/5325 3457/6169/5326
f 3466/6153/5310 3457/6169/5326 3465/6155/5312
f 3465/6155/5312 3457/6169/5326 3458/6170/5327
f 3465/6155/5312 3458/6170/5327 3467/6157/5314
f 3467/6157/5314 3458/6170/5327 3459/6171/5328
f 3467/6157/5314 3459/6171/5328 3460/6172/5329
f 3467/6157/5314 3460/6172/5329 3468/6160/5317
f 3468/6160/5317 3460/6172/5329 3461/6173/5330
f 3468/6160/5317 3461/6173/5330 3469/6162/5319
f 3469/6162/5319 3461/6173/5330 3462/6174/5331
f 3469/6162/5319 3462/6174/5331 3463/6165/5322
f 3275/6175/5086 3274/6176/5085 3456/6177/5332
f 3456/6177/5332 3274/6176/5085 3481/6178/5333
f 3456/6177/5332 3481/6178/5333 3457/6179/5334
f 3457/6179/5334 3481/6178/5333 3484/6180/5335
f 3457/6179/5334 3484/6180/5335 3458/6181/5336
f 3458/6181/5336 3484/6180/5335 3487/6182/5337
f 3458/6181/5336 3487/6182/5337 3459/6183/5338
f 3459/6183/5338 3487/6182/5337 3460/6184/5339
f 3460/6184/5339 3487/6182/5337 3490/6185/5340
f 3460/6184/5339 3490/6185/5340 3461/6186/5341
f 3461/6186/5341 3490/6185/5340 3493/6187/5342
f 3461/6186/5341 3493/6187/5342 3462/6188/5343
f 3462/6188/5343 3493/6187/5342 3463/6189/5344
f 3463/6189/5344 3493/6187/5342 3464/6190/5345
f 3464/6190/5345 3493/6187/5342 3492/6191/5346
f 3464/6190/5345 3492/6191/5346 3477/6192/5347
f 3477/6192/5347 3492/6191/5346 3491/6193/5348
f 3477/6192/5347 3491/6193/5348 3476/6194/5349
f 3476/6194/5349 3491/6193/5348 3475/6195/5350
f 3475/6195/5350 3491/6193/5348 3488/6196/5351
f 3475/6195/5350 3488/6196/5351 3474/6197/5352
f 3474/6197/5352 3488/6196/5351 3485/6198/5353
f 3474/6197/5352 3485/6198/5353 3473/6199/5354
f 3473/6199/5354 3485/6198/5353 3472/6200/5355
f 3472/6200/5355 3485/6198/5353 3482/6201/5356
f 3472/6200/5355 3482/6201/5356 3471/6202/5357
f 3471/6202/5357 3482/6201/5356 3479/6203/5358
f 3471/6202/5357 3479/6203/5358 3470/6204/5359
f 3470/6204/5359 3479/6203/5358 3274/6176/5085
f 3274/6176/5085 3479/6203/5358 3480/6205/5360
f 3274/6176/5085 3480/6205/5360 3481/6178/5333
f 3481/6178/5333 3480/6205/5360 3484/6180/5335
f 3477/6192/5347 3478/6206/5361 3464/6190/5345
f 3480/6205/5360 3479/6203/5358 3483/6207/5362
f 3483/6207/5362 3479/6203/5358 3482/6201/5356
f 3483/6207/5362 3482/6201/5356 3486/6208/5363
f 3486/6208/5363 3482/6201/5356 3485/6198/5353
f 3486/6208/5363 3485/6198/5353 3489/6209/5364
f 3489/6209/5364 3485/6198/5353 3488/6196/5351
f 3489/6209/5364 3488/6196/5351 3492/6191/5346
f 3492/6191/5346 3488/6196/5351 3491/6193/5348
f 3487/6182/5337 3484/6180/5335 3483/6207/5362
f 3483/6207/5362 3484/6180/5335 3480/6205/5360
f 3487/6182/5337 3483/6207/5362 3486/6208/5363
f 3490/6185/5340 3487/6182/5337 3486/6208/5363
f 3490/6185/5340 3486/6208/5363 3489/6209/5364
f 3493/6187/5342 3490/6185/5340 3489/6209/5364
f 3493/6187/5342 3489/6209/5364 3492/6191/5346
f 3274/6210/5085 3273/6211/5088 3470/6212/5365
f 3470/6212/5365 3273/6211/5088 3504/6213/5366
f 3470/6212/5365 3504/6213/5366 3471/6214/5367
f 3471/6214/5367 3504/6213/5366 3503/6215/5368
f 3471/6214/5367 3503/6215/5368 3472/6216/5369
f 3472/6216/5369 3503/6215/5368 3505/6217/5370
f 3472/6216/5369 3505/6217/5370 3473/6218/5371
f 3473/6218/5371 3505/6217/5370 3474/6219/5372
f 3474/6219/5372 3505/6217/5370 3506/6220/5373
f 3474/6219/5372 3506/6220/5373 3475/6221/5374
f 3475/6221/5374 3506/6220/5373 3507/6222/5375
f 3475/6221/5374 3507/6222/5375 3476/6223/5376
f 3476/6223/5376 3507/6222/5375 3477/6224/5377
f 3477/6224/5377 3507/6222/5375 3501/6225/5378
f 3477/6224/5377 3501/6225/5378 3478/6226/5379
f 3478/6226/5379 3501/6225/5378 3502/6227/5380
f 3273/6211/5088 3494/6228/5381 3504/6213/5366
f 3504/6213/5366 3494/6228/5381 3495/6229/5382
f 3504/6213/5366 3495/6229/5382 3503/6215/5368
f 3503/6215/5368 3495/6229/5382 3496/6230/5383
f 3503/6215/5368 3496/6230/5383 3505/6217/5370
f 3505/6217/5370 3496/6230/5383 3497/6231/5384
f 3505/6217/5370 3497/6231/5384 3498/6232/5385
f 3505/6217/5370 3498/6232/5385 3506/6220/5373
f 3506/6220/5373 3498/6232/5385 3499/6233/5386
f 3506/6220/5373 3499/6233/5386 3507/6222/5375
f 3507/6222/5375 3499/6233/5386 3500/6234/5387
f 3507/6222/5375 3500/6234/5387 3501/6225/5378
f 3272/6235/5092 3271/6236/5090 3525/6237/5388
f 3525/6237/5388 3271/6236/5090 3527/6238/5389
f 3525/6237/5388 3527/6238/5389 3524/6239/5390
f 3524/6239/5390 3527/6238/5389 3526/6240/5391
f 3524/6239/5390 3526/6240/5391 3523/6241/5392
f 3523/6241/5392 3526/6240/5391 3528/6242/5393
f 3523/6241/5392 3528/6242/5393 3522/6243/5394
f 3522/6243/5394 3528/6242/5393 3521/6244/5395
f 3521/6244/5395 3528/6242/5393 3529/6245/5396
f 3521/6244/5395 3529/6245/5396 3520/6246/5397
f 3520/6246/5397 3529/6245/5396 3530/6247/5398
f 3520/6246/5397 3530/6247/5398 3519/6248/5399
f 3519/6248/5399 3530/6247/5398 3518/6249/5400
f 3518/6249/5400 3530/6247/5398 3517/6250/5401
f 3517/6250/5401 3530/6247/5398 3515/6251/5402
f 3517/6250/5401 3515/6251/5402 3516/6252/5403
f 3271/6236/5090 3508/6253/5404 3527/6238/5389
f 3527/6238/5389 3508/6253/5404 3509/6254/5405
f 3527/6238/5389 3509/6254/5405 3526/6240/5391
f 3526/6240/5391 3509/6254/5405 3510/6255/5406
f 3526/6240/5391 3510/6255/5406 3528/6242/5393
f 3528/6242/5393 3510/6255/5406 3511/6256/5407
f 3528/6242/5393 3511/6256/5407 3512/6257/5408
f 3528/6242/5393 3512/6257/5408 3529/6245/5396
f 3529/6245/5396 3512/6257/5408 3513/6258/5409
f 3529/6245/5396 3513/6258/5409 3530/6247/5398
f 3530/6247/5398 3513/6258/5409 3514/6259/5410
f 3530/6247/5398 3514/6259/5410 3515/6251/5402
f 3271/6260/5090 3270/6261/5089 3508/6262/5411
f 3508/6262/5411 3270/6261/5089 3541/6263/5412
f 3508/6262/5411 3541/6263/5412 3509/6264/5413
f 3509/6264/5413 3541/6263/5412 3543/6265/5414
f 3509/6264/5413 3543/6265/5414 3510/6266/5415
f 3510/6266/5415 3543/6265/5414 3545/6267/5416
f 3510/6266/5415 3545/6267/5416 3511/6268/5417
f 3511/6268/5417 3545/6267/5416 3512/6269/5418
f 3512/6269/5418 3545/6267/5416 3547/6270/5419
f 3512/6269/5418 3547/6270/5419 3513/6271/5420
f 3513/6271/5420 3547/6270/5419 3549/6272/5421
f 3513/6271/5420 3549/6272/5421 3514/6273/5422
f 3514/6273/5422 3549/6272/5421 3515/6274/5423
f 3515/6274/5423 3549/6272/5421 3516/6275/5424
f 3516/6275/5424 3549/6272/5421 3548/6276/5425
f 3516/6275/5424 3548/6276/5425 3538/6277/5426
f 3538/6277/5426 3548/6276/5425 3537/6278/5427
f 3537/6278/5427 3548/6276/5425 3536/6279/5428
f 3536/6279/5428 3548/6276/5425 3546/6280/5429
f 3536/6279/5428 3546/6280/5429 3535/6281/5430
f 3535/6281/5430 3546/6280/5429 3544/6282/5431
f 3535/6281/5430 3544/6282/5431 3534/6283/5432
f 3534/6283/5432 3544/6282/5431 3533/6284/5433
f 3533/6284/5433 3544/6282/5431 3542/6285/5434
f 3533/6284/5433 3542/6285/5434 3532/6286/5435
f 3532/6286/5435 3542/6285/5434 3540/6287/5436
f 3532/6286/5435 3540/6287/5436 3531/6288/5437
f 3531/6288/5437 3540/6287/5436 3270/6261/5089
f 3270/6261/5089 3540/6287/5436 3541/6263/5412
f 3538/6277/5426 3539/6289/5438 3516/6275/5424
f 3543/6265/5414 3541/6263/5412 3540/6287/5436
f 3545/6267/5416 3543/6265/5414 3542/6285/5434
f 3542/6285/5434 3543/6265/5414 3540/6287/5436
f 3547/6270/5419 3545/6267/5416 3544/6282/5431
f 3544/6282/5431 3545/6267/5416 3542/6285/5434
f 3549/6272/5421 3547/6270/5419 3546/6280/5429
f 3546/6280/5429 3547/6270/5419 3544/6282/5431
f 3548/6276/5425 3549/6272/5421 3546/6280/5429
f 3270/6290/5089 3269/6291/5091 3531/6292/5439
f 3531/6292/5439 3269/6291/5091 3560/6293/5440
f 3531/6292/5439 3560/6293/5440 3532/6294/5441
f 3532/6294/5441 3560/6293/5440 3559/6295/5442
f 3532/6294/5441 3559/6295/5442 3533/6296/5443
f 3533/6296/5443 3559/6295/5442 3561/6297/5444
f 3533/6296/5443 3561/6297/5444 3534/6298/5445
f 3534/6298/5445 3561/6297/5444 3535/6299/5446
f 3535/6299/5446 3561/6297/5444 3562/6300/5447
f 3535/6299/5446 3562/6300/5447 3536/6301/5448
f 3536/6301/5448 3562/6300/5447 3563/6302/5449
f 3536/6301/5448 3563/6302/5449 3537/6303/5450
f 3537/6303/5450 3563/6302/5449 3538/6304/5451
f 3538/6304/5451 3563/6302/5449 3539/6305/5452
f 3539/6305/5452 3563/6302/5449 3557/6306/5453
f 3539/6305/5452 3557/6306/5453 3558/6307/5454
f 3269/6291/5091 3550/6308/5455 3560/6293/5440
f 3560/6293/5440 3550/6308/5455 3551/6309/5456
f 3560/6293/5440 3551/6309/5456 3559/6295/5442
f 3559/6295/5442 3551/6309/5456 3552/6310/5457
f 3559/6295/5442 3552/6310/5457 3561/6297/5444
f 3561/6297/5444 3552/6310/5457 3553/6311/5458
f 3561/6297/5444 3553/6311/5458 3554/6312/5459
f 3561/6297/5444 3554/6312/5459 3562/6300/5447
f 3562/6300/5447 3554/6312/5459 3555/6313/5460
f 3562/6300/5447 3555/6313/5460 3563/6302/5449
f 3563/6302/5449 3555/6313/5460 3556/6314/5461
f 3563/6302/5449 3556/6314/5461 3557/6306/5453
f 3268/6315/5087 3564/6316/5462 3269/6317/5091
f 3269/6317/5091 3564/6316/5462 3550/6318/5463
f 3550/6318/5463 3564/6316/5462 3565/6319/5464
f 3550/6318/5463 3565/6319/5464 3551/6320/5465
f 3551/6320/5465 3565/6319/5464 3566/6321/5466
f 3551/6320/5465 3566/6321/5466 3552/6322/5467
f 3552/6322/5467 3566/6321/5466 3567/6323/5468
f 3552/6322/5467 3567/6323/5468 3553/6324/5469
f 3553/6324/5469 3567/6323/5468 3568/6325/5470
f 3553/6324/5469 3568/6325/5470 3554/6326/5471
f 3554/6326/5471 3568/6325/5470 3569/6327/5472
f 3554/6326/5471 3569/6327/5472 3555/6328/5473
f 3555/6328/5473 3569/6327/5472 3570/6329/5474
f 3555/6328/5473 3570/6329/5474 3556/6330/5475
f 3556/6330/5475 3570/6329/5474 3571/6331/5476
f 3556/6330/5475 3571/6331/5476 3557/6332/5477
f 3557/6332/5477 3571/6331/5476 3572/6333/5478
f 3557/6332/5477 3572/6333/5478 3558/6334/5479
f 3268/6335/5087 3267/6336/5084 3564/6337/5480
f 3564/6337/5480 3267/6336/5084 3583/6338/5481
f 3564/6337/5480 3583/6338/5481 3565/6339/5482
f 3565/6339/5482 3583/6338/5481 3582/6340/5483
f 3565/6339/5482 3582/6340/5483 3566/6341/5484
f 3566/6341/5484 3582/6340/5483 3584/6342/5485
f 3566/6341/5484 3584/6342/5485 3567/6343/5486
f 3567/6343/5486 3584/6342/5485 3568/6344/5487
f 3568/6344/5487 3584/6342/5485 3585/6345/5488
f 3568/6344/5487 3585/6345/5488 3569/6346/5489
f 3569/6346/5489 3585/6345/5488 3586/6347/5490
f 3569/6346/5489 3586/6347/5490 3570/6348/5491
f 3570/6348/5491 3586/6347/5490 3571/6349/5492
f 3571/6349/5492 3586/6347/5490 3580/6350/5493
f 3571/6349/5492 3580/6350/5493 3572/6351/5494
f 3572/6351/5494 3580/6350/5493 3581/6352/5495
f 3267/6336/5084 3573/6353/5496 3583/6338/5481
f 3583/6338/5481 3573/6353/5496 3574/6354/5497
f 3583/6338/5481 3574/6354/5497 3582/6340/5483
f 3582/6340/5483 3574/6354/5497 3575/6355/5498
f 3582/6340/5483 3575/6355/5498 3584/6342/5485
f 3584/6342/5485 3575/6355/5498 3576/6356/5499
f 3584/6342/5485 3576/6356/5499 3577/6357/5500
f 3584/6342/5485 3577/6357/5500 3585/6345/5488
f 3585/6345/5488 3577/6357/5500 3578/6358/5501
f 3585/6345/5488 3578/6358/5501 3586/6347/5490
f 3586/6347/5490 3578/6358/5501 3579/6359/5502
f 3586/6347/5490 3579/6359/5502 3580/6350/5493
f 3587/6360/5503 3588/6361/5504 3604/6362/5505
f 3604/6362/5505 3588/6361/5504 3605/6363/5506
f 3604/6362/5505 3605/6363/5506 3603/6364/5507
f 3603/6364/5507 3605/6363/5506 3602/6365/5508
f 3602/6365/5508 3605/6363/5506 3606/6366/5509
f 3602/6365/5508 3606/6366/5509 3601/6367/5510
f 3601/6367/5510 3606/6366/5509 3607/6368/5511
f 3601/6367/5510 3607/6368/5511 3600/6369/5512
f 3600/6369/5512 3607/6368/5511 3599/6370/5513
f 3599/6370/5513 3607/6368/5511 3608/6371/5514
f 3599/6370/5513 3608/6371/5514 3598/6372/5515
f 3598/6372/5515 3608/6371/5514 3609/6373/5516
f 3598/6372/5515 3609/6373/5516 3597/6374/5517
f 3597/6374/5517 3609/6373/5516 3299/6375/5047
f 3299/6375/5047 3609/6373/5516 3596/6376/5518
f 3299/6375/5047 3596/6376/5518 3300/6377/5049
f 3588/6361/5504 3589/6378/5519 3605/6363/5506
f 3605/6363/5506 3589/6378/5519 3590/6379/5520
f 3605/6363/5506 3590/6379/5520 3591/6380/5521
f 3605/6363/5506 3591/6380/5521 3606/6366/5509
f 3606/6366/5509 3591/6380/5521 3592/6381/5522
f 3606/6366/5509 3592/6381/5522 3607/6368/5511
f 3607/6368/5511 3592/6381/5522 3593/6382/5523
f 3607/6368/5511 3593/6382/5523 3594/6383/5524
f 3607/6368/5511 3594/6383/5524 3608/6371/5514
f 3608/6371/5514 3594/6383/5524 3595/6384/5525
f 3608/6371/5514 3595/6384/5525 3609/6373/5516
f 3609/6373/5516 3595/6384/5525 3596/6376/5518
f 3267/6385/5084 3266/6386/5082 3573/6387/5526
f 3573/6387/5526 3266/6386/5082 3621/6388/5527
f 3573/6387/5526 3621/6388/5527 3574/6389/5528
f 3574/6389/5528 3621/6388/5527 3624/6390/5529
f 3574/6389/5528 3624/6390/5529 3575/6391/5530
f 3575/6391/5530 3624/6390/5529 3627/6392/5531
f 3575/6391/5530 3627/6392/5531 3576/6393/5532
f 3576/6393/5532 3627/6392/5531 3577/6394/5533
f 3577/6394/5533 3627/6392/5531 3630/6395/5534
f 3577/6394/5533 3630/6395/5534 3578/6396/5535
f 3578/6396/5535 3630/6395/5534 3633/6397/5536
f 3578/6396/5535 3633/6397/5536 3579/6398/5537
f 3579/6398/5537 3633/6397/5536 3580/6399/5538
f 3580/6399/5538 3633/6397/5536 3581/6400/5539
f 3581/6400/5539 3633/6397/5536 3632/6401/5540
f 3581/6400/5539 3632/6401/5540 3617/6402/5541
f 3617/6402/5541 3632/6401/5540 3631/6403/5542
f 3617/6402/5541 3631/6403/5542 3616/6404/5543
f 3616/6404/5543 3631/6403/5542 3615/6405/5544
f 3615/6405/5544 3631/6403/5542 3628/6406/5545
f 3615/6405/5544 3628/6406/5545 3614/6407/5546
f 3614/6407/5546 3628/6406/5545 3625/6408/5547
f 3614/6407/5546 3625/6408/5547 3613/6409/5548
f 3613/6409/5548 3625/6408/5547 3612/6410/5549
f 3612/6410/5549 3625/6408/5547 3622/6411/5550
f 3612/6410/5549 3622/6411/5550 3611/6412/5551
f 3611/6412/5551 3622/6411/5550 3619/6413/5552
f 3611/6412/5551 3619/6413/5552 3610/6414/5553
f 3610/6414/5553 3619/6413/5552 3266/6386/5082
f 3266/6386/5082 3619/6413/5552 3620/6415/5554
f 3266/6386/5082 3620/6415/5554 3621/6388/5527
f 3621/6388/5527 3620/6415/5554 3624/6390/5529
f 3617/6402/5541 3618/6416/5555 3581/6400/5539
f 3620/6415/5554 3619/6413/5552 3623/6417/5556
f 3623/6417/5556 3619/6413/5552 3622/6411/5550
f 3623/6417/5556 3622/6411/5550 3626/6418/5557
f 3626/6418/5557 3622/6411/5550 3625/6408/5547
f 3626/6418/5557 3625/6408/5547 3629/6419/5558
f 3629/6419/5558 3625/6408/5547 3628/6406/5545
f 3629/6419/5558 3628/6406/5545 3632/6401/5540
f 3632/6401/5540 3628/6406/5545 3631/6403/5542
f 3627/6392/5531 3624/6390/5529 3623/6417/5556
f 3623/6417/5556 3624/6390/5529 3620/6415/5554
f 3627/6392/5531 3623/6417/5556 3626/6418/5557
f 3630/6395/5534 3627/6392/5531 3626/6418/5557
f 3630/6395/5534 3626/6418/5557 3629/6419/5558
f 3633/6397/5536 3630/6395/5534 3629/6419/5558
f 3633/6397/5536 3629/6419/5558 3632/6401/5540
f 3266/6420/5082 3265/6421/5077 3610/6422/5559
f 3610/6422/5559 3265/6421/5077 3644/6423/5560
f 3610/6422/5559 3644/6423/5560 3611/6424/5561
f 3611/6424/5561 3644/6423/5560 3643/6425/5562
f 3611/6424/5561 3643/6425/5562 3612/6426/5563
f 3612/6426/5563 3643/6425/5562 3645/6427/5564
f 3612/6426/5563 3645/6427/5564 3613/6428/5565
f 3613/6428/5565 3645/6427/5564 3614/6429/5566
f 3614/6429/5566 3645/6427/5564 3646/6430/5567
f 3614/6429/5566 3646/6430/5567 3615/6431/5568
f 3615/6431/5568 3646/6430/5567 3647/6432/5569
f 3615/6431/5568 3647/6432/5569 3616/6433/5570
f 3616/6433/5570 3647/6432/5569 3617/6434/5571
f 3617/6434/5571 3647/6432/5569 3641/6435/5572
f 3617/6434/5571 3641/6435/5572 3618/6436/5573
f 3618/6436/5573 3641/6435/5572 3642/6437/5574
f 3265/6421/5077 3634/6438/5575 3644/6423/5560
f 3644/6423/5560 3634/6438/5575 3635/6439/5576
f 3644/6423/5560 3635/6439/5576 3643/6425/5562
f 3643/6425/5562 3635/6439/5576 3636/6440/5577
f 3643/6425/5562 3636/6440/5577 3645/6427/5564
f 3645/6427/5564 3636/6440/5577 3637/6441/5578
f 3645/6427/5564 3637/6441/5578 3638/6442/5579
f 3645/6427/5564 3638/6442/5579 3646/6430/5567
f 3646/6430/5567 3638/6442/5579 3639/6443/5580
f 3646/6430/5567 3639/6443/5580 3647/6432/5569
f 3647/6432/5569 3639/6443/5580 3640/6444/5581
f 3647/6432/5569 3640/6444/5581 3641/6435/5572
f 3264/6445/5076 3263/6446/5078 3665/6447/5582
f 3665/6447/5582 3263/6446/5078 3667/6448/5583
f 3665/6447/5582 3667/6448/5583 3664/6449/5584
f 3664/6449/5584 3667/6448/5583 3666/6450/5585
f 3664/6449/5584 3666/6450/5585 3663/6451/5586
f 3663/6451/5586 3666/6450/5585 3668/6452/5587
f 3663/6451/5586 3668/6452/5587 3662/6453/5588
f 3662/6453/5588 3668/6452/5587 3661/6454/5589
f 3661/6454/5589 3668/6452/5587 3669/6455/5590
f 3661/6454/5589 3669/6455/5590 3660/6456/5591
f 3660/6456/5591 3669/6455/5590 3670/6457/5592
f 3660/6456/5591 3670/6457/5592 3659/6458/5593
f 3659/6458/5593 3670/6457/5592 3658/6459/5594
f 3658/6459/5594 3670/6457/5592 3657/6460/5595
f 3657/6460/5595 3670/6457/5592 3655/6461/5596
f 3657/6460/5595 3655/6461/5596 3656/6462/5597
f 3263/6446/5078 3648/6463/5598 3667/6448/5583
f 3667/6448/5583 3648/6463/5598 3649/6464/5599
f 3667/6448/5583 3649/6464/5599 3666/6450/5585
f 3666/6450/5585 3649/6464/5599 3650/6465/5600
f 3666/6450/5585 3650/6465/5600 3668/6452/5587
f 3668/6452/5587 3650/6465/5600 3651/6466/5601
f 3668/6452/5587 3651/6466/5601 3652/6467/5602
f 3668/6452/5587 3652/6467/5602 3669/6455/5590
f 3669/6455/5590 3652/6467/5602 3653/6468/5603
f 3669/6455/5590 3653/6468/5603 3670/6457/5592
f 3670/6457/5592 3653/6468/5603 3654/6469/5604
f 3670/6457/5592 3654/6469/5604 3655/6461/5596
f 3263/6470/5078 3306/6471/5079 3648/6472/5605
f 3648/6472/5605 3306/6471/5079 3681/6473/5606
f 3648/6472/5605 3681/6473/5606 3649/6474/5607
f 3649/6474/5607 3681/6473/5606 3683/6475/5608
f 3649/6474/5607 3683/6475/5608 3650/6476/5609
f 3650/6476/5609 3683/6475/5608 3685/6477/5610
f 3650/6476/5609 3685/6477/5610 3651/6478/5611
f 3651/6478/5611 3685/6477/5610 3652/6479/5612
f 3652/6479/5612 3685/6477/5610 3687/6480/5613
f 3652/6479/5612 3687/6480/5613 3653/6481/5614
f 3653/6481/5614 3687/6480/5613 3689/6482/5615
f 3653/6481/5614 3689/6482/5615 3654/6483/5616
f 3654/6483/5616 3689/6482/5615 3655/6484/5617
f 3655/6484/5617 3689/6482/5615 3656/6485/5618
f 3656/6485/5618 3689/6482/5615 3688/6486/5619
f 3656/6485/5618 3688/6486/5619 3678/6487/5620
f 3678/6487/5620 3688/6486/5619 3677/6488/5621
f 3677/6488/5621 3688/6486/5619 3676/6489/5622
f 3676/6489/5622 3688/6486/5619 3686/6490/5623
f 3676/6489/5622 3686/6490/5623 3675/6491/5624
f 3675/6491/5624 3686/6490/5623 3684/6492/5625
f 3675/6491/5624 3684/6492/5625 3674/6493/5626
f 3674/6493/5626 3684/6492/5625 3673/6494/5627
f 3673/6494/5627 3684/6492/5625 3682/6495/5628
f 3673/6494/5627 3682/6495/5628 3672/6496/5629
f 3672/6496/5629 3682/6495/5628 3680/6497/5630
f 3672/6496/5629 3680/6497/5630 3671/6498/5631
f 3671/6498/5631 3680/6497/5630 3306/6471/5079
f 3306/6471/5079 3680/6497/5630 3681/6473/5606
f 3678/6487/5620 3679/6499/5632 3656/6485/5618
f 3683/6475/5608 3681/6473/5606 3680/6497/5630
f 3685/6477/5610 3683/6475/5608 3682/6495/5628
f 3682/6495/5628 3683/6475/5608 3680/6497/5630
f 3687/6480/5613 3685/6477/5610 3684/6492/5625
f 3684/6492/5625 3685/6477/5610 3682/6495/5628
f 3689/6482/5615 3687/6480/5613 3686/6490/5623
f 3686/6490/5623 3687/6480/5613 3684/6492/5625
f 3688/6486/5619 3689/6482/5615 3686/6490/5623
f 3306/6500/5079 3305/6501/5081 3671/6502/5633
f 3671/6502/5633 3305/6501/5081 3700/6503/5634
f 3671/6502/5633 3700/6503/5634 3672/6504/5635
f 3672/6504/5635 3700/6503/5634 3699/6505/5636
f 3672/6504/5635 3699/6505/5636 3673/6506/5637
f 3673/6506/5637 3699/6505/5636 3701/6507/5638
f 3673/6506/5637 3701/6507/5638 3674/6508/5639
f 3674/6508/5639 3701/6507/5638 3675/6509/5640
f 3675/6509/5640 3701/6507/5638 3702/6510/5641
f 3675/6509/5640 3702/6510/5641 3676/6511/5642
f 3676/6511/5642 3702/6510/5641 3703/6512/5643
f 3676/6511/5642 3703/6512/5643 3677/6513/5644
f 3677/6513/5644 3703/6512/5643 3678/6514/5645
f 3678/6514/5645 3703/6512/5643 3679/6515/5646
f 3679/6515/5646 3703/6512/5643 3697/6516/5647
f 3679/6515/5646 3697/6516/5647 3698/6517/5648
f 3305/6501/5081 3690/6518/5649 3700/6503/5634
f 3700/6503/5634 3690/6518/5649 3691/6519/5650
f 3700/6503/5634 3691/6519/5650 3699/6505/5636
f 3699/6505/5636 3691/6519/5650 3692/6520/5651
f 3699/6505/5636 3692/6520/5651 3701/6507/5638
f 3701/6507/5638 3692/6520/5651 3693/6521/5652
f 3701/6507/5638 3693/6521/5652 3694/6522/5653
f 3701/6507/5638 3694/6522/5653 3702/6510/5641
f 3702/6510/5641 3694/6522/5653 3695/6523/5654
f 3702/6510/5641 3695/6523/5654 3703/6512/5643
f 3703/6512/5643 3695/6523/5654 3696/6524/5655
f 3703/6512/5643 3696/6524/5655 3697/6516/5647
f 3698/6525/5656 3697/6526/5657 3704/6527/5658
f 3704/6527/5658 3697/6526/5657 3712/6528/5659
f 3712/6528/5659 3697/6526/5657 3696/6529/5660
f 3712/6528/5659 3696/6529/5660 3711/6530/5661
f 3711/6530/5661 3696/6529/5660 3695/6531/5662
f 3711/6530/5661 3695/6531/5662 3710/6532/5663
f 3710/6532/5663 3695/6531/5662 3694/6533/5664
f 3710/6532/5663 3694/6533/5664 3709/6534/5665
f 3709/6534/5665 3694/6533/5664 3693/6535/5666
f 3709/6534/5665 3693/6535/5666 3708/6536/5667
f 3708/6536/5667 3693/6535/5666 3692/6537/5668
f 3708/6536/5667 3692/6537/5668 3707/6538/5669
f 3707/6538/5669 3692/6537/5668 3691/6539/5670
f 3707/6538/5669 3691/6539/5670 3706/6540/5671
f 3706/6540/5671 3691/6539/5670 3690/6541/5672
f 3706/6540/5671 3690/6541/5672 3705/6542/5673
f 3705/6542/5673 3690/6541/5672 3305/6543/5081
f 3705/6542/5673 3305/6543/5081 3304/6544/5080
f 3713/6545/5674 3704/6546/5675 3721/6547/5676
f 3721/6547/5676 3704/6546/5675 3712/6548/5677
f 3721/6547/5676 3712/6548/5677 3722/6549/5678
f 3722/6549/5678 3712/6548/5677 3711/6550/5679
f 3722/6549/5678 3711/6550/5679 3710/6551/5680
f 3722/6549/5678 3710/6551/5680 3723/6552/5681
f 3723/6552/5681 3710/6551/5680 3709/6553/5682
f 3723/6552/5681 3709/6553/5682 3724/6554/5683
f 3724/6554/5683 3709/6553/5682 3708/6555/5684
f 3724/6554/5683 3708/6555/5684 3707/6556/5685
f 3724/6554/5683 3707/6556/5685 3725/6557/5686
f 3725/6557/5686 3707/6556/5685 3706/6558/5687
f 3725/6557/5686 3706/6558/5687 3726/6559/5688
f 3726/6559/5688 3706/6558/5687 3705/6560/5689
f 3726/6559/5688 3705/6560/5689 3303/6561/5083
f 3303/6561/5083 3705/6560/5689 3304/6562/5080
f 3303/6561/5083 3714/6563/5690 3726/6559/5688
f 3726/6559/5688 3714/6563/5690 3715/6564/5691
f 3726/6559/5688 3715/6564/5691 3725/6557/5686
f 3725/6557/5686 3715/6564/5691 3716/6565/5692
f 3725/6557/5686 3716/6565/5692 3724/6554/5683
f 3724/6554/5683 3716/6565/5692 3717/6566/5693
f 3724/6554/5683 3717/6566/5693 3718/6567/5694
f 3724/6554/5683 3718/6567/5694 3723/6552/5681
f 3723/6552/5681 3718/6567/5694 3719/6568/5695
f 3723/6552/5681 3719/6568/5695 3722/6549/5678
f 3722/6549/5678 3719/6568/5695 3720/6569/5696
f 3722/6549/5678 3720/6569/5696 3721/6547/5676
f 3727/6570/5697 3713/6571/5698 3735/6572/5699
f 3735/6572/5699 3713/6571/5698 3737/6573/5700
f 3735/6572/5699 3737/6573/5700 3738/6574/5701
f 3738/6574/5701 3737/6573/5700 3741/6575/5702
f 3738/6574/5701 3741/6575/5702 3733/6576/5703
f 3733/6576/5703 3741/6575/5702 3732/6577/5704
f 3732/6577/5704 3741/6575/5702 3744/6578/5705
f 3732/6577/5704 3744/6578/5705 3731/6579/5706
f 3731/6579/5706 3744/6578/5705 3730/6580/5707
f 3730/6580/5707 3744/6578/5705 3747/6581/5708
f 3730/6580/5707 3747/6581/5708 3729/6582/5709
f 3729/6582/5709 3747/6581/5708 3750/6583/5710
f 3729/6582/5709 3750/6583/5710 3728/6584/5711
f 3728/6584/5711 3750/6583/5710 3302/6585/5075
f 3302/6585/5075 3750/6583/5710 3749/6586/5712
f 3302/6585/5075 3749/6586/5712 3748/6587/5713
f 3748/6587/5713 3749/6586/5712 3745/6588/5714
f 3748/6587/5713 3745/6588/5714 3715/6589/5715
f 3715/6589/5715 3745/6588/5714 3716/6590/5716
f 3716/6590/5716 3745/6588/5714 3742/6591/5717
f 3716/6590/5716 3742/6591/5717 3717/6592/5718
f 3717/6592/5718 3742/6591/5717 3718/6593/5719
f 3718/6593/5719 3742/6591/5717 3739/6594/5720
f 3718/6593/5719 3739/6594/5720 3719/6595/5721
f 3719/6595/5721 3739/6594/5720 3736/6596/5722
f 3719/6595/5721 3736/6596/5722 3720/6597/5723
f 3720/6597/5723 3736/6596/5722 3721/6598/5724
f 3721/6598/5724 3736/6596/5722 3713/6571/5698
f 3713/6571/5698 3736/6596/5722 3737/6573/5700
f 3715/6589/5715 3714/6599/5725 3748/6587/5713
f 3748/6587/5713 3714/6599/5725 3302/6585/5075
f 3714/6599/5725 3303/6600/5083 3302/6585/5075
f 3733/6576/5703 3734/6601/5726 3738/6574/5701
f 3738/6574/5701 3734/6601/5726 3735/6572/5699
f 3737/6573/5700 3736/6596/5722 3740/6602/5727
f 3740/6602/5727 3736/6596/5722 3739/6594/5720
f 3740/6602/5727 3739/6594/5720 3743/6603/5728
f 3743/6603/5728 3739/6594/5720 3742/6591/5717
f 3743/6603/5728 3742/6591/5717 3746/6604/5729
f 3746/6604/5729 3742/6591/5717 3745/6588/5714
f 3746/6604/5729 3745/6588/5714 3749/6586/5712
f 3744/6578/5705 3741/6575/5702 3740/6602/5727
f 3740/6602/5727 3741/6575/5702 3737/6573/5700
f 3744/6578/5705 3740/6602/5727 3743/6603/5728
f 3747/6581/5708 3744/6578/5705 3743/6603/5728
f 3747/6581/5708 3743/6603/5728 3746/6604/5729
f 3750/6583/5710 3747/6581/5708 3746/6604/5729
f 3750/6583/5710 3746/6604/5729 3749/6586/5712
f 3265/6605/5077 3264/6606/5076 3634/6607/5730
f 3634/6607/5730 3264/6606/5076 3665/6608/5731
f 3634/6607/5730 3665/6608/5731 3635/6609/5732
f 3635/6609/5732 3665/6608/5731 3664/6610/5733
f 3635/6609/5732 3664/6610/5733 3636/6611/5734
f 3636/6611/5734 3664/6610/5733 3663/6612/5735
f 3636/6611/5734 3663/6612/5735 3637/6613/5736
f 3637/6613/5736 3663/6612/5735 3662/6614/5737
f 3637/6613/5736 3662/6614/5737 3638/6615/5738
f 3638/6615/5738 3662/6614/5737 3661/6616/5739
f 3638/6615/5738 3661/6616/5739 3639/6617/5740
f 3639/6617/5740 3661/6616/5739 3660/6618/5741
f 3639/6617/5740 3660/6618/5741 3640/6619/5742
f 3640/6619/5742 3660/6618/5741 3659/6620/5743
f 3640/6619/5742 3659/6620/5743 3641/6621/5744
f 3641/6621/5744 3659/6620/5743 3658/6622/5745
f 3641/6621/5744 3658/6622/5745 3642/6623/5746
f 3642/6623/5746 3658/6622/5745 3657/6624/5747
f 3751/6625/5748 3727/6626/5749 3759/6627/5750
f 3759/6627/5750 3727/6626/5749 3735/6628/5751
f 3759/6627/5750 3735/6628/5751 3760/6629/5752
f 3760/6629/5752 3735/6628/5751 3734/6630/5753
f 3760/6629/5752 3734/6630/5753 3733/6631/5754
f 3760/6629/5752 3733/6631/5754 3761/6632/5755
f 3761/6632/5755 3733/6631/5754 3732/6633/5756
f 3761/6632/5755 3732/6633/5756 3762/6634/5757
f 3762/6634/5757 3732/6633/5756 3731/6635/5758
f 3762/6634/5757 3731/6635/5758 3730/6636/5759
f 3762/6634/5757 3730/6636/5759 3763/6637/5760
f 3763/6637/5760 3730/6636/5759 3729/6638/5761
f 3763/6637/5760 3729/6638/5761 3764/6639/5762
f 3764/6639/5762 3729/6638/5761 3728/6640/5763
f 3764/6639/5762 3728/6640/5763 3301/6641/5048
f 3301/6641/5048 3728/6640/5763 3302/6642/5075
f 3301/6641/5048 3752/6643/5764 3764/6639/5762
f 3764/6639/5762 3752/6643/5764 3753/6644/5765
f 3764/6639/5762 3753/6644/5765 3763/6637/5760
f 3763/6637/5760 3753/6644/5765 3754/6645/5766
f 3763/6637/5760 3754/6645/5766 3762/6634/5757
f 3762/6634/5757 3754/6645/5766 3755/6646/5767
f 3762/6634/5757 3755/6646/5767 3756/6647/5768
f 3762/6634/5757 3756/6647/5768 3761/6632/5755
f 3761/6632/5755 3756/6647/5768 3757/6648/5769
f 3761/6632/5755 3757/6648/5769 3760/6629/5752
f 3760/6629/5752 3757/6648/5769 3758/6649/5770
f 3760/6629/5752 3758/6649/5770 3759/6627/5750
f 3588/6650/5771 3751/6651/5772 3589/6652/5773
f 3589/6652/5773 3751/6651/5772 3759/6653/5774
f 3589/6652/5773 3759/6653/5774 3590/6654/5775
f 3590/6654/5775 3759/6653/5774 3758/6655/5776
f 3590/6654/5775 3758/6655/5776 3591/6656/5777
f 3591/6656/5777 3758/6655/5776 3757/6657/5778
f 3591/6656/5777 3757/6657/5778 3592/6658/5779
f 3592/6658/5779 3757/6657/5778 3756/6659/5780
f 3592/6658/5779 3756/6659/5780 3593/6660/5781
f 3593/6660/5781 3756/6659/5780 3755/6661/5782
f 3593/6660/5781 3755/6661/5782 3594/6662/5783
f 3594/6662/5783 3755/6661/5782 3754/6663/5784
f 3594/6662/5783 3754/6663/5784 3595/6664/5785
f 3595/6664/5785 3754/6663/5784 3753/6665/5786
f 3595/6664/5785 3753/6665/5786 3596/6666/5787
f 3596/6666/5787 3753/6665/5786 3752/6667/5788
f 3596/6666/5787 3752/6667/5788 3300/6668/5049
f 3300/6668/5049 3752/6667/5788 3301/6669/5048
f 3765/6670/5789 3587/6671/5790 3773/6672/5791
f 3773/6672/5791 3587/6671/5790 3775/6673/5792
f 3773/6672/5791 3775/6673/5792 3776/6674/5793
f 3776/6674/5793 3775/6673/5792 3779/6675/5794
f 3776/6674/5793 3779/6675/5794 3771/6676/5795
f 3771/6676/5795 3779/6675/5794 3770/6677/5796
f 3770/6677/5796 3779/6675/5794 3782/6678/5797
f 3770/6677/5796 3782/6678/5797 3769/6679/5798
f 3769/6679/5798 3782/6678/5797 3768/6680/5799
f 3768/6680/5799 3782/6678/5797 3785/6681/5800
f 3768/6680/5799 3785/6681/5800 3767/6682/5801
f 3767/6682/5801 3785/6681/5800 3788/6683/5802
f 3767/6682/5801 3788/6683/5802 3766/6684/5803
f 3766/6684/5803 3788/6683/5802 3298/6685/5045
f 3298/6685/5045 3788/6683/5802 3787/6686/5804
f 3298/6685/5045 3787/6686/5804 3786/6687/5805
f 3786/6687/5805 3787/6686/5804 3783/6688/5806
f 3786/6687/5805 3783/6688/5806 3598/6689/5807
f 3598/6689/5807 3783/6688/5806 3599/6690/5808
f 3599/6690/5808 3783/6688/5806 3780/6691/5809
f 3599/6690/5808 3780/6691/5809 3600/6692/5810
f 3600/6692/5810 3780/6691/5809 3601/6693/5811
f 3601/6693/5811 3780/6691/5809 3777/6694/5812
f 3601/6693/5811 3777/6694/5812 3602/6695/5813
f 3602/6695/5813 3777/6694/5812 3774/6696/5814
f 3602/6695/5813 3774/6696/5814 3603/6697/5815
f 3603/6697/5815 3774/6696/5814 3604/6698/5816
f 3604/6698/5816 3774/6696/5814 3587/6671/5790
f 3587/6671/5790 3774/6696/5814 3775/6673/5792
f 3598/6689/5807 3597/6699/5817 3786/6687/5805
f 3786/6687/5805 3597/6699/5817 3298/6685/5045
f 3597/6699/5817 3299/6700/5047 3298/6685/5045
f 3771/6676/5795 3772/6701/5818 3776/6674/5793
f 3776/6674/5793 3772/6701/5818 3773/6672/5791
f 3775/6673/5792 3774/6696/5814 3778/6702/5819
f 3778/6702/5819 3774/6696/5814 3777/6694/5812
f 3778/6702/5819 3777/6694/5812 3781/6703/5820
f 3781/6703/5820 3777/6694/5812 3780/6691/5809
f 3781/6703/5820 3780/6691/5809 3784/6704/5821
f 3784/6704/5821 3780/6691/5809 3783/6688/5806
f 3784/6704/5821 3783/6688/5806 3787/6686/5804
f 3782/6678/5797 3779/6675/5794 3778/6702/5819
f 3778/6702/5819 3779/6675/5794 3775/6673/5792
f 3782/6678/5797 3778/6702/5819 3781/6703/5820
f 3785/6681/5800 3782/6678/5797 3781/6703/5820
f 3785/6681/5800 3781/6703/5820 3784/6704/5821
f 3788/6683/5802 3785/6681/5800 3784/6704/5821
f 3788/6683/5802 3784/6704/5821 3787/6686/5804
f 3789/6705/5822 3765/6706/5823 3797/6707/5824
f 3797/6707/5824 3765/6706/5823 3799/6708/5825
f 3797/6707/5824 3799/6708/5825 3796/6709/5826
f 3796/6709/5826 3799/6708/5825 3795/6710/5827
f 3795/6710/5827 3799/6708/5825 3794/6711/5828
f 3794/6711/5828 3799/6708/5825 3801/6712/5829
f 3794/6711/5828 3801/6712/5829 3793/6713/5830
f 3793/6713/5830 3801/6712/5829 3803/6714/5831
f 3793/6713/5830 3803/6714/5831 3792/6715/5832
f 3792/6715/5832 3803/6714/5831 3791/6716/5833
f 3791/6716/5833 3803/6714/5831 3805/6717/5834
f 3791/6716/5833 3805/6717/5834 3790/6718/5835
f 3790/6718/5835 3805/6717/5834 3807/6719/5836
f 3790/6718/5835 3807/6719/5836 3297/6720/5112
f 3297/6720/5112 3807/6719/5836 3806/6721/5837
f 3297/6720/5112 3806/6721/5837 3766/6722/5838
f 3766/6722/5838 3806/6721/5837 3767/6723/5839
f 3767/6723/5839 3806/6721/5837 3804/6724/5840
f 3767/6723/5839 3804/6724/5840 3768/6725/5841
f 3768/6725/5841 3804/6724/5840 3802/6726/5842
f 3768/6725/5841 3802/6726/5842 3769/6727/5843
f 3769/6727/5843 3802/6726/5842 3770/6728/5844
f 3770/6728/5844 3802/6726/5842 3800/6729/5845
f 3770/6728/5844 3800/6729/5845 3771/6730/5846
f 3771/6730/5846 3800/6729/5845 3798/6731/5847
f 3771/6730/5846 3798/6731/5847 3772/6732/5848
f 3772/6732/5848 3798/6731/5847 3773/6733/5849
f 3773/6733/5849 3798/6731/5847 3765/6706/5823
f 3765/6706/5823 3798/6731/5847 3799/6708/5825
f 3766/6722/5838 3298/6734/5045 3297/6720/5112
f 3801/6712/5829 3799/6708/5825 3798/6731/5847
f 3803/6714/5831 3801/6712/5829 3800/6729/5845
f 3800/6729/5845 3801/6712/5829 3798/6731/5847
f 3805/6717/5834 3803/6714/5831 3802/6726/5842
f 3802/6726/5842 3803/6714/5831 3800/6729/5845
f 3807/6719/5836 3805/6717/5834 3804/6724/5840
f 3804/6724/5840 3805/6717/5834 3802/6726/5842
f 3806/6721/5837 3807/6719/5836 3804/6724/5840
f 3808/6735/5850 3795/6736/5851 3813/6737/5852
f 3813/6737/5852 3795/6736/5851 3830/6738/5853
f 3813/6737/5852 3830/6738/5853 3831/6739/5854
f 3831/6739/5854 3830/6738/5853 3858/6740/5855
f 3831/6739/5854 3858/6740/5855 3859/6741/5856
f 3859/6741/5856 3858/6740/5855 3886/6742/5857
f 3859/6741/5856 3886/6742/5857 3887/6743/5858
f 3887/6743/5858 3886/6742/5857 3914/6744/5859
f 3887/6743/5858 3914/6744/5859 3915/6745/5860
f 3915/6745/5860 3914/6744/5859 3296/6746/5111
f 3915/6745/5860 3296/6746/5111 3916/6747/5861
f 3916/6747/5861 3296/6746/5111 3917/6748/5862
f 3916/6747/5861 3917/6748/5862 3889/6749/5863
f 3889/6749/5863 3917/6748/5862 3890/6750/5864
f 3889/6749/5863 3890/6750/5864 3862/6751/5865
f 3862/6751/5865 3890/6750/5864 3863/6752/5866
f 3862/6751/5865 3863/6752/5866 3835/6753/5867
f 3835/6753/5867 3863/6752/5866 3836/6754/5868
f 3835/6753/5867 3836/6754/5868 3813/6737/5852
f 3813/6737/5852 3836/6754/5868 3837/6755/5869
f 3813/6737/5852 3837/6755/5869 3838/6756/5870
f 3838/6756/5870 3837/6755/5869 3865/6757/5871
f 3838/6756/5870 3865/6757/5871 3866/6758/5872
f 3866/6758/5872 3865/6757/5871 3893/6759/5873
f 3866/6758/5872 3893/6759/5873 3894/6760/5874
f 3894/6760/5874 3893/6759/5873 3921/6761/5875
f 3894/6760/5874 3921/6761/5875 3809/6762/5876
f 3809/6762/5876 3921/6761/5875 3296/6746/5111
f 3296/6746/5111 3921/6761/5875 3920/6763/5877
f 3296/6746/5111 3920/6763/5877 3919/6764/5878
f 3919/6764/5878 3920/6763/5877 3892/6765/5879
f 3919/6764/5878 3892/6765/5879 3891/6766/5880
f 3891/6766/5880 3892/6765/5879 3864/6767/5881
f 3891/6766/5880 3864/6767/5881 3863/6752/5866
f 3863/6752/5866 3864/6767/5881 3836/6754/5868
f 3794/6768/5882 3814/6769/5883 3795/6736/5851
f 3795/6736/5851 3814/6769/5883 3815/6770/5884
f 3795/6736/5851 3815/6770/5884 3816/6771/5885
f 3816/6771/5885 3815/6770/5884 3843/6772/5886
f 3816/6771/5885 3843/6772/5886 3844/6773/5887
f 3844/6773/5887 3843/6772/5886 3871/6774/5888
f 3844/6773/5887 3871/6774/5888 3872/6775/5889
f 3872/6775/5889 3871/6774/5888 3899/6776/5890
f 3872/6775/5889 3899/6776/5890 3900/6777/5891
f 3900/6777/5891 3899/6776/5890 3297/6778/5112
f 3900/6777/5891 3297/6778/5112 3901/6779/5892
f 3901/6779/5892 3297/6778/5112 3902/6780/5893
f 3901/6779/5892 3902/6780/5893 3874/6781/5894
f 3874/6781/5894 3902/6780/5893 3875/6782/5895
f 3874/6781/5894 3875/6782/5895 3847/6783/5896
f 3847/6783/5896 3875/6782/5895 3848/6784/5897
f 3847/6783/5896 3848/6784/5897 3820/6785/5898
f 3820/6785/5898 3848/6784/5897 3821/6786/5899
f 3820/6785/5898 3821/6786/5899 3795/6736/5851
f 3795/6736/5851 3821/6786/5899 3822/6787/5900
f 3795/6736/5851 3822/6787/5900 3823/6788/5901
f 3823/6788/5901 3822/6787/5900 3850/6789/5902
f 3823/6788/5901 3850/6789/5902 3851/6790/5903
f 3851/6790/5903 3850/6789/5902 3878/6791/5904
f 3851/6790/5903 3878/6791/5904 3879/6792/5905
f 3879/6792/5905 3878/6791/5904 3906/6793/5906
f 3879/6792/5905 3906/6793/5906 3907/6794/5907
f 3907/6794/5907 3906/6793/5906 3297/6778/5112
f 3907/6794/5907 3297/6778/5112 3908/6795/5908
f 3908/6795/5908 3297/6778/5112 3296/6746/5111
f 3908/6795/5908 3296/6746/5111 3909/6796/5909
f 3909/6796/5909 3296/6746/5111 3910/6797/5910
f 3909/6796/5909 3910/6797/5910 3882/6798/5911
f 3882/6798/5911 3910/6797/5910 3883/6799/5912
f 3882/6798/5911 3883/6799/5912 3855/6800/5913
f 3855/6800/5913 3883/6799/5912 3856/6801/5914
f 3855/6800/5913 3856/6801/5914 3828/6802/5915
f 3828/6802/5915 3856/6801/5914 3829/6803/5916
f 3828/6802/5915 3829/6803/5916 3795/6736/5851
f 3795/6736/5851 3829/6803/5916 3830/6738/5853
f 3794/6768/5882 3793/6804/5917 3814/6769/5883
f 3814/6769/5883 3793/6804/5917 3841/6805/5918
f 3814/6769/5883 3841/6805/5918 3842/6806/5919
f 3842/6806/5919 3841/6805/5918 3869/6807/5920
f 3842/6806/5919 3869/6807/5920 3870/6808/5921
f 3870/6808/5921 3869/6807/5920 3897/6809/5922
f 3870/6808/5921 3897/6809/5922 3898/6810/5923
f 3898/6810/5923 3897/6809/5922 3297/6778/5112
f 3898/6810/5923 3297/6778/5112 3899/6776/5890
f 3793/6804/5917 3792/6811/5924 3841/6805/5918
f 3841/6805/5918 3792/6811/5924 3791/6812/5925
f 3841/6805/5918 3791/6812/5925 3868/6813/5926
f 3868/6813/5926 3791/6812/5925 3790/6814/5927
f 3868/6813/5926 3790/6814/5927 3895/6815/5928
f 3895/6815/5928 3790/6814/5927 3297/6778/5112
f 3895/6815/5928 3297/6778/5112 3896/6816/5929
f 3896/6816/5929 3297/6778/5112 3897/6809/5922
f 3896/6816/5929 3897/6809/5922 3869/6807/5920
f 3809/6762/5876 3810/6817/5930 3894/6760/5874
f 3894/6760/5874 3810/6817/5930 3867/6818/5931
f 3894/6760/5874 3867/6818/5931 3866/6758/5872
f 3866/6758/5872 3867/6818/5931 3839/6819/5932
f 3866/6758/5872 3839/6819/5932 3838/6756/5870
f 3838/6756/5870 3839/6819/5932 3813/6737/5852
f 3810/6817/5930 3811/6820/5933 3867/6818/5931
f 3867/6818/5931 3811/6820/5933 3812/6821/5934
f 3867/6818/5931 3812/6821/5934 3840/6822/5935
f 3840/6822/5935 3812/6821/5934 3813/6737/5852
f 3840/6822/5935 3813/6737/5852 3839/6819/5932
f 3843/6772/5886 3815/6770/5884 3842/6806/5919
f 3842/6806/5919 3815/6770/5884 3814/6769/5883
f 3816/6771/5885 3817/6823/5936 3795/6736/5851
f 3795/6736/5851 3817/6823/5936 3818/6824/5937
f 3795/6736/5851 3818/6824/5937 3819/6825/5938
f 3819/6825/5938 3818/6824/5937 3846/6826/5939
f 3819/6825/5938 3846/6826/5939 3847/6783/5896
f 3847/6783/5896 3846/6826/5939 3874/6781/5894
f 3816/6771/5885 3844/6773/5887 3817/6823/5936
f 3817/6823/5936 3844/6773/5887 3845/6827/5940
f 3817/6823/5936 3845/6827/5940 3818/6824/5937
f 3818/6824/5937 3845/6827/5940 3846/6826/5939
f 3820/6785/5898 3795/6736/5851 3819/6825/5938
f 3847/6783/5896 3820/6785/5898 3819/6825/5938
f 3822/6787/5900 3821/6786/5899 3849/6828/5941
f 3849/6828/5941 3821/6786/5899 3848/6784/5897
f 3849/6828/5941 3848/6784/5897 3876/6829/5942
f 3876/6829/5942 3848/6784/5897 3875/6782/5895
f 3876/6829/5942 3875/6782/5895 3903/6830/5943
f 3903/6830/5943 3875/6782/5895 3902/6780/5893
f 3903/6830/5943 3902/6780/5893 3297/6778/5112
f 3823/6788/5901 3824/6831/5944 3795/6736/5851
f 3795/6736/5851 3824/6831/5944 3825/6832/5945
f 3795/6736/5851 3825/6832/5945 3826/6833/5946
f 3826/6833/5946 3825/6832/5945 3853/6834/5947
f 3826/6833/5946 3853/6834/5947 3854/6835/5948
f 3854/6835/5948 3853/6834/5947 3881/6836/5949
f 3854/6835/5948 3881/6836/5949 3882/6798/5911
f 3882/6798/5911 3881/6836/5949 3909/6796/5909
f 3823/6788/5901 3851/6790/5903 3824/6831/5944
f 3824/6831/5944 3851/6790/5903 3852/6837/5950
f 3824/6831/5944 3852/6837/5950 3825/6832/5945
f 3825/6832/5945 3852/6837/5950 3853/6834/5947
f 3828/6802/5915 3795/6736/5851 3827/6838/5951
f 3827/6838/5951 3795/6736/5851 3826/6833/5946
f 3827/6838/5951 3826/6833/5946 3854/6835/5948
f 3855/6800/5913 3828/6802/5915 3827/6838/5951
f 3855/6800/5913 3827/6838/5951 3854/6835/5948
f 3830/6738/5853 3829/6803/5916 3857/6839/5952
f 3857/6839/5952 3829/6803/5916 3856/6801/5914
f 3857/6839/5952 3856/6801/5914 3884/6840/5953
f 3884/6840/5953 3856/6801/5914 3883/6799/5912
f 3884/6840/5953 3883/6799/5912 3911/6841/5954
f 3911/6841/5954 3883/6799/5912 3910/6797/5910
f 3911/6841/5954 3910/6797/5910 3296/6746/5111
f 3831/6739/5854 3832/6842/5955 3813/6737/5852
f 3813/6737/5852 3832/6842/5955 3833/6843/5956
f 3813/6737/5852 3833/6843/5956 3834/6844/5957
f 3834/6844/5957 3833/6843/5956 3861/6845/5958
f 3834/6844/5957 3861/6845/5958 3862/6751/5865
f 3862/6751/5865 3861/6845/5958 3889/6749/5863
f 3831/6739/5854 3859/6741/5856 3832/6842/5955
f 3832/6842/5955 3859/6741/5856 3860/6846/5959
f 3832/6842/5955 3860/6846/5959 3833/6843/5956
f 3833/6843/5956 3860/6846/5959 3861/6845/5958
f 3835/6753/5867 3813/6737/5852 3834/6844/5957
f 3862/6751/5865 3835/6753/5867 3834/6844/5957
f 3865/6757/5871 3837/6755/5869 3864/6767/5881
f 3864/6767/5881 3837/6755/5869 3836/6754/5868
f 3867/6818/5931 3840/6822/5935 3839/6819/5932
f 3871/6774/5888 3843/6772/5886 3870/6808/5921
f 3870/6808/5921 3843/6772/5886 3842/6806/5919
f 3844/6773/5887 3872/6775/5889 3845/6827/5940
f 3845/6827/5940 3872/6775/5889 3873/6847/5960
f 3845/6827/5940 3873/6847/5960 3846/6826/5939
f 3846/6826/5939 3873/6847/5960 3874/6781/5894
f 3822/6787/5900 3849/6828/5941 3850/6789/5902
f 3850/6789/5902 3849/6828/5941 3877/6848/5961
f 3850/6789/5902 3877/6848/5961 3878/6791/5904
f 3878/6791/5904 3877/6848/5961 3905/6849/5962
f 3878/6791/5904 3905/6849/5962 3906/6793/5906
f 3906/6793/5906 3905/6849/5962 3297/6778/5112
f 3877/6848/5961 3849/6828/5941 3876/6829/5942
f 3851/6790/5903 3879/6792/5905 3852/6837/5950
f 3852/6837/5950 3879/6792/5905 3880/6850/5963
f 3852/6837/5950 3880/6850/5963 3853/6834/5947
f 3853/6834/5947 3880/6850/5963 3881/6836/5949
f 3882/6798/5911 3855/6800/5913 3854/6835/5948
f 3830/6738/5853 3857/6839/5952 3858/6740/5855
f 3858/6740/5855 3857/6839/5952 3885/6851/5964
f 3858/6740/5855 3885/6851/5964 3886/6742/5857
f 3886/6742/5857 3885/6851/5964 3913/6852/5965
f 3886/6742/5857 3913/6852/5965 3914/6744/5859
f 3914/6744/5859 3913/6852/5965 3296/6746/5111
f 3885/6851/5964 3857/6839/5952 3884/6840/5953
f 3859/6741/5856 3887/6743/5858 3860/6846/5959
f 3860/6846/5959 3887/6743/5858 3888/6853/5966
f 3860/6846/5959 3888/6853/5966 3861/6845/5958
f 3861/6845/5958 3888/6853/5966 3889/6749/5863
f 3891/6766/5880 3863/6752/5866 3890/6750/5864
f 3893/6759/5873 3865/6757/5871 3892/6765/5879
f 3892/6765/5879 3865/6757/5871 3864/6767/5881
f 3896/6816/5929 3869/6807/5920 3868/6813/5926
f 3868/6813/5926 3869/6807/5920 3841/6805/5918
f 3895/6815/5928 3896/6816/5929 3868/6813/5926
f 3899/6776/5890 3871/6774/5888 3898/6810/5923
f 3898/6810/5923 3871/6774/5888 3870/6808/5921
f 3901/6779/5892 3874/6781/5894 3873/6847/5960
f 3901/6779/5892 3873/6847/5960 3900/6777/5891
f 3900/6777/5891 3873/6847/5960 3872/6775/5889
f 3877/6848/5961 3876/6829/5942 3904/6854/5967
f 3904/6854/5967 3876/6829/5942 3903/6830/5943
f 3904/6854/5967 3903/6830/5943 3297/6778/5112
f 3879/6792/5905 3907/6794/5907 3880/6850/5963
f 3880/6850/5963 3907/6794/5907 3908/6795/5908
f 3880/6850/5963 3908/6795/5908 3881/6836/5949
f 3881/6836/5949 3908/6795/5908 3909/6796/5909
f 3885/6851/5964 3884/6840/5953 3912/6855/5968
f 3912/6855/5968 3884/6840/5953 3911/6841/5954
f 3912/6855/5968 3911/6841/5954 3296/6746/5111
f 3916/6747/5861 3889/6749/5863 3888/6853/5966
f 3916/6747/5861 3888/6853/5966 3915/6745/5860
f 3915/6745/5860 3888/6853/5966 3887/6743/5858
f 3891/6766/5880 3890/6750/5864 3918/6856/5969
f 3918/6856/5969 3890/6750/5864 3917/6748/5862
f 3918/6856/5969 3917/6748/5862 3296/6746/5111
f 3921/6761/5875 3893/6759/5873 3920/6763/5877
f 3920/6763/5877 3893/6759/5873 3892/6765/5879
f 3297/6778/5112 3905/6849/5962 3904/6854/5967
f 3904/6854/5967 3905/6849/5962 3877/6848/5961
f 3296/6746/5111 3913/6852/5965 3912/6855/5968
f 3912/6855/5968 3913/6852/5965 3885/6851/5964
f 3296/6746/5111 3919/6764/5878 3918/6856/5969
f 3918/6856/5969 3919/6764/5878 3891/6766/5880
f 3922/6857/5970 3923/6858/5971 3933/6859/5972
f 3933/6859/5972 3923/6858/5971 3935/6860/5973
f 3933/6859/5972 3935/6860/5973 3932/6861/5974
f 3932/6861/5974 3935/6860/5973 3931/6862/5975
f 3931/6862/5975 3935/6860/5973 3937/6863/5976
f 3931/6862/5975 3937/6863/5976 3930/6864/5977
f 3930/6864/5977 3937/6863/5976 3939/6865/5978
f 3930/6864/5977 3939/6865/5978 3929/6866/5979
f 3929/6866/5979 3939/6865/5978 3928/6867/5980
f 3928/6867/5980 3939/6865/5978 3941/6868/5981
f 3928/6867/5980 3941/6868/5981 3927/6869/5982
f 3927/6869/5982 3941/6868/5981 3943/6870/5983
f 3927/6869/5982 3943/6870/5983 3926/6871/5984
f 3926/6871/5984 3943/6870/5983 3295/6872/5110
f 3295/6872/5110 3943/6870/5983 3942/6873/5985
f 3295/6872/5110 3942/6873/5985 3296/6874/5111
f 3296/6874/5111 3942/6873/5985 3809/6875/5986
f 3809/6875/5986 3942/6873/5985 3940/6876/5987
f 3809/6875/5986 3940/6876/5987 3810/6877/5988
f 3810/6877/5988 3940/6876/5987 3938/6878/5989
f 3810/6877/5988 3938/6878/5989 3811/6879/5990
f 3811/6879/5990 3938/6878/5989 3812/6880/5991
f 3812/6880/5991 3938/6878/5989 3936/6881/5992
f 3812/6880/5991 3936/6881/5992 3813/6882/5993
f 3813/6882/5993 3936/6881/5992 3934/6883/5994
f 3813/6882/5993 3934/6883/5994 3808/6884/5995
f 3808/6884/5995 3934/6883/5994 3925/6885/5996
f 3925/6885/5996 3934/6883/5994 3924/6886/5997
f 3924/6886/5997 3934/6883/5994 3923/6858/5971
f 3923/6858/5971 3934/6883/5994 3935/6860/5973
f 3937/6863/5976 3935/6860/5973 3934/6883/5994
f 3939/6865/5978 3937/6863/5976 3936/6881/5992
f 3936/6881/5992 3937/6863/5976 3934/6883/5994
f 3941/6868/5981 3939/6865/5978 3938/6878/5989
f 3938/6878/5989 3939/6865/5978 3936/6881/5992
f 3943/6870/5983 3941/6868/5981 3940/6876/5987
f 3940/6876/5987 3941/6868/5981 3938/6878/5989
f 3942/6873/5985 3943/6870/5983 3940/6876/5987
f 3944/6887/5998 3922/6888/5999 3952/6889/6000
f 3952/6889/6000 3922/6888/5999 3954/6890/6001
f 3952/6889/6000 3954/6890/6001 3955/6891/6002
f 3955/6891/6002 3954/6890/6001 3958/6892/6003
f 3955/6891/6002 3958/6892/6003 3950/6893/6004
f 3950/6893/6004 3958/6892/6003 3949/6894/6005
f 3949/6894/6005 3958/6892/6003 3961/6895/6006
f 3949/6894/6005 3961/6895/6006 3948/6896/6007
f 3948/6896/6007 3961/6895/6006 3947/6897/6008
f 3947/6897/6008 3961/6895/6006 3964/6898/6009
f 3947/6897/6008 3964/6898/6009 3946/6899/6010
f 3946/6899/6010 3964/6898/6009 3967/6900/6011
f 3946/6899/6010 3967/6900/6011 3945/6901/6012
f 3945/6901/6012 3967/6900/6011 3294/6902/5114
f 3294/6902/5114 3967/6900/6011 3966/6903/6013
f 3294/6902/5114 3966/6903/6013 3965/6904/6014
f 3965/6904/6014 3966/6903/6013 3962/6905/6015
f 3965/6904/6014 3962/6905/6015 3927/6906/6016
f 3927/6906/6016 3962/6905/6015 3928/6907/6017
f 3928/6907/6017 3962/6905/6015 3959/6908/6018
f 3928/6907/6017 3959/6908/6018 3929/6909/6019
f 3929/6909/6019 3959/6908/6018 3930/6910/6020
f 3930/6910/6020 3959/6908/6018 3956/6911/6021
f 3930/6910/6020 3956/6911/6021 3931/6912/6022
f 3931/6912/6022 3956/6911/6021 3953/6913/6023
f 3931/6912/6022 3953/6913/6023 3932/6914/6024
f 3932/6914/6024 3953/6913/6023 3933/6915/6025
f 3933/6915/6025 3953/6913/6023 3922/6888/5999
f 3922/6888/5999 3953/6913/6023 3954/6890/6001
f 3927/6906/6016 3926/6916/6026 3965/6904/6014
f 3965/6904/6014 3926/6916/6026 3294/6902/5114
f 3926/6916/6026 3295/6917/5110 3294/6902/5114
f 3950/6893/6004 3951/6918/6027 3955/6891/6002
f 3955/6891/6002 3951/6918/6027 3952/6889/6000
f 3954/6890/6001 3953/6913/6023 3957/6919/6028
f 3957/6919/6028 3953/6913/6023 3956/6911/6021
f 3957/6919/6028 3956/6911/6021 3960/6920/6029
f 3960/6920/6029 3956/6911/6021 3959/6908/6018
f 3960/6920/6029 3959/6908/6018 3963/6921/6030
f 3963/6921/6030 3959/6908/6018 3962/6905/6015
f 3963/6921/6030 3962/6905/6015 3966/6903/6013
f 3961/6895/6006 3958/6892/6003 3957/6919/6028
f 3957/6919/6028 3958/6892/6003 3954/6890/6001
f 3961/6895/6006 3957/6919/6028 3960/6920/6029
f 3964/6898/6009 3961/6895/6006 3960/6920/6029
f 3964/6898/6009 3960/6920/6029 3963/6921/6030
f 3967/6900/6011 3964/6898/6009 3963/6921/6030
f 3967/6900/6011 3963/6921/6030 3966/6903/6013
f 3273/6922/5088 3272/6923/5092 3494/6924/6031
f 3494/6924/6031 3272/6923/5092 3525/6925/6032
f 3494/6924/6031 3525/6925/6032 3495/6926/6033
f 3495/6926/6033 3525/6925/6032 3524/6927/6034
f 3495/6926/6033 3524/6927/6034 3496/6928/6035
f 3496/6928/6035 3524/6927/6034 3523/6929/6036
f 3496/6928/6035 3523/6929/6036 3497/6930/6037
f 3497/6930/6037 3523/6929/6036 3522/6931/6038
f 3497/6930/6037 3522/6931/6038 3498/6932/6039
f 3498/6932/6039 3522/6931/6038 3521/6933/6040
f 3498/6932/6039 3521/6933/6040 3499/6934/6041
f 3499/6934/6041 3521/6933/6040 3520/6935/6042
f 3499/6934/6041 3520/6935/6042 3500/6936/6043
f 3500/6936/6043 3520/6935/6042 3519/6937/6044
f 3500/6936/6043 3519/6937/6044 3501/6938/6045
f 3501/6938/6045 3519/6937/6044 3518/6939/6046
f 3501/6938/6045 3518/6939/6046 3502/6940/6047
f 3502/6940/6047 3518/6939/6046 3517/6941/6048
f 3968/6942/6049 3944/6943/6050 3976/6944/6051
f 3976/6944/6051 3944/6943/6050 3977/6945/6052
f 3976/6944/6051 3977/6945/6052 3975/6946/6053
f 3975/6946/6053 3977/6945/6052 3974/6947/6054
f 3974/6947/6054 3977/6945/6052 3978/6948/6055
f 3974/6947/6054 3978/6948/6055 3973/6949/6056
f 3973/6949/6056 3978/6948/6055 3979/6950/6057
f 3973/6949/6056 3979/6950/6057 3972/6951/6058
f 3972/6951/6058 3979/6950/6057 3971/6952/6059
f 3971/6952/6059 3979/6950/6057 3980/6953/6060
f 3971/6952/6059 3980/6953/6060 3970/6954/6061
f 3970/6954/6061 3980/6953/6060 3981/6955/6062
f 3970/6954/6061 3981/6955/6062 3969/6956/6063
f 3969/6956/6063 3981/6955/6062 3293/6957/5113
f 3293/6957/5113 3981/6955/6062 3945/6958/6064
f 3293/6957/5113 3945/6958/6064 3294/6959/5114
f 3944/6943/6050 3952/6960/6065 3977/6945/6052
f 3977/6945/6052 3952/6960/6065 3951/6961/6066
f 3977/6945/6052 3951/6961/6066 3950/6962/6067
f 3977/6945/6052 3950/6962/6067 3978/6948/6055
f 3978/6948/6055 3950/6962/6067 3949/6963/6068
f 3978/6948/6055 3949/6963/6068 3979/6950/6057
f 3979/6950/6057 3949/6963/6068 3948/6964/6069
f 3979/6950/6057 3948/6964/6069 3947/6965/6070
f 3979/6950/6057 3947/6965/6070 3980/6953/6060
f 3980/6953/6060 3947/6965/6070 3946/6966/6071
f 3980/6953/6060 3946/6966/6071 3981/6955/6062
f 3981/6955/6062 3946/6966/6071 3945/6958/6064
f 3968/6967/6072 3976/6968/6073 3982/6969/6074
f 3982/6969/6074 3976/6968/6073 3990/6970/6075
f 3990/6970/6075 3976/6968/6073 3975/6971/6076
f 3990/6970/6075 3975/6971/6076 3989/6972/6077
f 3989/6972/6077 3975/6971/6076 3974/6973/6078
f 3989/6972/6077 3974/6973/6078 3988/6974/6079
f 3988/6974/6079 3974/6973/6078 3973/6975/6080
f 3988/6974/6079 3973/6975/6080 3987/6976/6081
f 3987/6976/6081 3973/6975/6080 3972/6977/6082
f 3987/6976/6081 3972/6977/6082 3986/6978/6083
f 3986/6978/6083 3972/6977/6082 3971/6979/6084
f 3986/6978/6083 3971/6979/6084 3985/6980/6085
f 3985/6980/6085 3971/6979/6084 3970/6981/6086
f 3985/6980/6085 3970/6981/6086 3984/6982/6087
f 3984/6982/6087 3970/6981/6086 3969/6983/6088
f 3984/6982/6087 3969/6983/6088 3983/6984/6089
f 3983/6984/6089 3969/6983/6088 3293/6985/5113
f 3983/6984/6089 3293/6985/5113 3292/6986/5109
f 3991/6987/6090 3982/6988/6091 3999/6989/6092
f 3999/6989/6092 3982/6988/6091 3990/6990/6093
f 3999/6989/6092 3990/6990/6093 4000/6991/6094
f 4000/6991/6094 3990/6990/6093 3989/6992/6095
f 4000/6991/6094 3989/6992/6095 3988/6993/6096
f 4000/6991/6094 3988/6993/6096 4001/6994/6097
f 4001/6994/6097 3988/6993/6096 3987/6995/6098
f 4001/6994/6097 3987/6995/6098 4002/6996/6099
f 4002/6996/6099 3987/6995/6098 3986/6997/6100
f 4002/6996/6099 3986/6997/6100 3985/6998/6101
f 4002/6996/6099 3985/6998/6101 4003/6999/6102
f 4003/6999/6102 3985/6998/6101 3984/7000/6103
f 4003/6999/6102 3984/7000/6103 4004/7001/6104
f 4004/7001/6104 3984/7000/6103 3983/7002/6105
f 4004/7001/6104 3983/7002/6105 3291/7003/5102
f 3291/7003/5102 3983/7002/6105 3292/7004/5109
f 3291/7003/5102 3992/7005/6106 4004/7001/6104
f 4004/7001/6104 3992/7005/6106 3993/7006/6107
f 4004/7001/6104 3993/7006/6107 4003/6999/6102
f 4003/6999/6102 3993/7006/6107 3994/7007/6108
f 4003/6999/6102 3994/7007/6108 4002/6996/6099
f 4002/6996/6099 3994/7007/6108 3995/7008/6109
f 4002/6996/6099 3995/7008/6109 3996/7009/6110
f 4002/6996/6099 3996/7009/6110 4001/6994/6097
f 4001/6994/6097 3996/7009/6110 3997/7010/6111
f 4001/6994/6097 3997/7010/6111 4000/6991/6094
f 4000/6991/6094 3997/7010/6111 3998/7011/6112
f 4000/6991/6094 3998/7011/6112 3999/6989/6092
f 4005/7012/6113 3991/7013/6114 4013/7014/6115
f 4013/7014/6115 3991/7013/6114 4015/7015/6116
f 4013/7014/6115 4015/7015/6116 4016/7016/6117
f 4016/7016/6117 4015/7015/6116 4019/7017/6118
f 4016/7016/6117 4019/7017/6118 4011/7018/6119
f 4011/7018/6119 4019/7017/6118 4010/7019/6120
f 4010/7019/6120 4019/7017/6118 4022/7020/6121
f 4010/7019/6120 4022/7020/6121 4009/7021/6122
f 4009/7021/6122 4022/7020/6121 4008/7022/6123
f 4008/7022/6123 4022/7020/6121 4025/7023/6124
f 4008/7022/6123 4025/7023/6124 4007/7024/6125
f 4007/7024/6125 4025/7023/6124 4028/7025/6126
f 4007/7024/6125 4028/7025/6126 4006/7026/6127
f 4006/7026/6127 4028/7025/6126 3290/7027/5101
f 3290/7027/5101 4028/7025/6126 4027/7028/6128
f 3290/7027/5101 4027/7028/6128 4026/7029/6129
f 4026/7029/6129 4027/7028/6128 4023/7030/6130
f 4026/7029/6129 4023/7030/6130 3993/7031/6131
f 3993/7031/6131 4023/7030/6130 3994/7032/6132
f 3994/7032/6132 4023/7030/6130 4020/7033/6133
f 3994/7032/6132 4020/7033/6133 3995/7034/6134
f 3995/7034/6134 4020/7033/6133 3996/7035/6135
f 3996/7035/6135 4020/7033/6133 4017/7036/6136
f 3996/7035/6135 4017/7036/6136 3997/7037/6137
f 3997/7037/6137 4017/7036/6136 4014/7038/6138
f 3997/7037/6137 4014/7038/6138 3998/7039/6139
f 3998/7039/6139 4014/7038/6138 3999/7040/6140
f 3999/7040/6140 4014/7038/6138 3991/7013/6114
f 3991/7013/6114 4014/7038/6138 4015/7015/6116
f 3993/7031/6131 3992/7041/6141 4026/7029/6129
f 4026/7029/6129 3992/7041/6141 3290/7027/5101
f 3992/7041/6141 3291/7042/5102 3290/7027/5101
f 4011/7018/6119 4012/7043/6142 4016/7016/6117
f 4016/7016/6117 4012/7043/6142 4013/7014/6115
f 4015/7015/6116 4014/7038/6138 4018/7044/6143
f 4018/7044/6143 4014/7038/6138 4017/7036/6136
f 4018/7044/6143 4017/7036/6136 4021/7045/6144
f 4021/7045/6144 4017/7036/6136 4020/7033/6133
f 4021/7045/6144 4020/7033/6133 4024/7046/6145
f 4024/7046/6145 4020/7033/6133 4023/7030/6130
f 4024/7046/6145 4023/7030/6130 4027/7028/6128
f 4022/7020/6121 4019/7017/6118 4018/7044/6143
f 4018/7044/6143 4019/7017/6118 4015/7015/6116
f 4022/7020/6121 4018/7044/6143 4021/7045/6144
f 4025/7023/6124 4022/7020/6121 4021/7045/6144
f 4025/7023/6124 4021/7045/6144 4024/7046/6145
f 4028/7025/6126 4025/7023/6124 4024/7046/6145
f 4028/7025/6126 4024/7046/6145 4027/7028/6128
f 4029/7047/6146 4005/7048/6147 4037/7049/6148
f 4037/7049/6148 4005/7048/6147 4013/7050/6149
f 4037/7049/6148 4013/7050/6149 4038/7051/6150
f 4038/7051/6150 4013/7050/6149 4012/7052/6151
f 4038/7051/6150 4012/7052/6151 4011/7053/6152
f 4038/7051/6150 4011/7053/6152 4039/7054/6153
f 4039/7054/6153 4011/7053/6152 4010/7055/6154
f 4039/7054/6153 4010/7055/6154 4040/7056/6155
f 4040/7056/6155 4010/7055/6154 4009/7057/6156
f 4040/7056/6155 4009/7057/6156 4008/7058/6157
f 4040/7056/6155 4008/7058/6157 4041/7059/6158
f 4041/7059/6158 4008/7058/6157 4007/7060/6159
f 4041/7059/6158 4007/7060/6159 4042/7061/6160
f 4042/7061/6160 4007/7060/6159 4006/7062/6161
f 4042/7061/6160 4006/7062/6161 3289/7063/5104
f 3289/7063/5104 4006/7062/6161 3290/7064/5101
f 3289/7063/5104 4030/7065/6162 4042/7061/6160
f 4042/7061/6160 4030/7065/6162 4031/7066/6163
f 4042/7061/6160 4031/7066/6163 4041/7059/6158
f 4041/7059/6158 4031/7066/6163 4032/7067/6164
f 4041/7059/6158 4032/7067/6164 4040/7056/6155
f 4040/7056/6155 4032/7067/6164 4033/7068/6165
f 4040/7056/6155 4033/7068/6165 4034/7069/6166
f 4040/7056/6155 4034/7069/6166 4039/7054/6153
f 4039/7054/6153 4034/7069/6166 4035/7070/6167
f 4039/7054/6153 4035/7070/6167 4038/7051/6150
f 4038/7051/6150 4035/7070/6167 4036/7071/6168
f 4038/7051/6150 4036/7071/6168 4037/7049/6148
f 3392/7072/6169 4029/7073/6170 3393/7074/6171
f 3393/7074/6171 4029/7073/6170 4037/7075/6172
f 3393/7074/6171 4037/7075/6172 3394/7076/6173
f 3394/7076/6173 4037/7075/6172 4036/7077/6174
f 3394/7076/6173 4036/7077/6174 3395/7078/6175
f 3395/7078/6175 4036/7077/6174 4035/7079/6176
f 3395/7078/6175 4035/7079/6176 3396/7080/6177
f 3396/7080/6177 4035/7079/6176 4034/7081/6178
f 3396/7080/6177 4034/7081/6178 3397/7082/6179
f 3397/7082/6179 4034/7081/6178 4033/7083/6180
f 3397/7082/6179 4033/7083/6180 3398/7084/6181
f 3398/7084/6181 4033/7083/6180 4032/7085/6182
f 3398/7084/6181 4032/7085/6182 3399/7086/6183
f 3399/7086/6183 4032/7085/6182 4031/7087/6184
f 3399/7086/6183 4031/7087/6184 3400/7088/6185
f 3400/7088/6185 4031/7087/6184 4030/7089/6186
f 3400/7088/6185 4030/7089/6186 3288/7090/5108
f 3288/7090/5108 4030/7089/6186 3289/7091/5104
f 4043/7092/6187 3391/7093/6188 4051/7094/6189
f 4051/7094/6189 3391/7093/6188 4053/7095/6190
f 4051/7094/6189 4053/7095/6190 4050/7096/6191
f 4050/7096/6191 4053/7095/6190 4049/7097/6192
f 4049/7097/6192 4053/7095/6190 4055/7098/6193
f 4049/7097/6192 4055/7098/6193 4048/7099/6194
f 4048/7099/6194 4055/7098/6193 4057/7100/6195
f 4048/7099/6194 4057/7100/6195 4047/7101/6196
f 4047/7101/6196 4057/7100/6195 4046/7102/6197
f 4046/7102/6197 4057/7100/6195 4059/7103/6198
f 4046/7102/6197 4059/7103/6198 4045/7104/6199
f 4045/7104/6199 4059/7103/6198 4061/7105/6200
f 4045/7104/6199 4061/7105/6200 4044/7106/6201
f 4044/7106/6201 4061/7105/6200 3286/7107/5105
f 3286/7107/5105 4061/7105/6200 4060/7108/6202
f 3286/7107/5105 4060/7108/6202 3401/7109/6203
f 3401/7109/6203 4060/7108/6202 3402/7110/6204
f 3402/7110/6204 4060/7108/6202 4058/7111/6205
f 3402/7110/6204 4058/7111/6205 3403/7112/6206
f 3403/7112/6206 4058/7111/6205 4056/7113/6207
f 3403/7112/6206 4056/7113/6207 3404/7114/6208
f 3404/7114/6208 4056/7113/6207 3405/7115/6209
f 3405/7115/6209 4056/7113/6207 4054/7116/6210
f 3405/7115/6209 4054/7116/6210 3406/7117/6211
f 3406/7117/6211 4054/7116/6210 4052/7118/6212
f 3406/7117/6211 4052/7118/6212 3407/7119/6213
f 3407/7119/6213 4052/7118/6212 3408/7120/6214
f 3408/7120/6214 4052/7118/6212 3391/7093/6188
f 3391/7093/6188 4052/7118/6212 4053/7095/6190
f 3401/7109/6203 3287/7121/5106 3286/7107/5105
f 4055/7098/6193 4053/7095/6190 4052/7118/6212
f 4057/7100/6195 4055/7098/6193 4054/7116/6210
f 4054/7116/6210 4055/7098/6193 4052/7118/6212
f 4059/7103/6198 4057/7100/6195 4056/7113/6207
f 4056/7113/6207 4057/7100/6195 4054/7116/6210
f 4061/7105/6200 4059/7103/6198 4058/7111/6205
f 4058/7111/6205 4059/7103/6198 4056/7113/6207
f 4060/7108/6202 4061/7105/6200 4058/7111/6205
f 3281/7122/5097 3280/7123/5099 3354/7124/6215
f 3354/7124/6215 3280/7123/5099 3385/7125/6216
f 3354/7124/6215 3385/7125/6216 3355/7126/6217
f 3355/7126/6217 3385/7125/6216 3384/7127/6218
f 3355/7126/6217 3384/7127/6218 3356/7128/6219
f 3356/7128/6219 3384/7127/6218 3383/7129/6220
f 3356/7128/6219 3383/7129/6220 3357/7130/6221
f 3357/7130/6221 3383/7129/6220 3382/7131/6222
f 3357/7130/6221 3382/7131/6222 3358/7132/6223
f 3358/7132/6223 3382/7131/6222 3381/7133/6224
f 3358/7132/6223 3381/7133/6224 3359/7134/6225
f 3359/7134/6225 3381/7133/6224 3380/7135/6226
f 3359/7134/6225 3380/7135/6226 3360/7136/6227
f 3360/7136/6227 3380/7135/6226 3379/7137/6228
f 3360/7136/6227 3379/7137/6228 3361/7138/6229
f 3361/7138/6229 3379/7137/6228 3378/7139/6230
f 3361/7138/6229 3378/7139/6230 3362/7140/6231
f 3362/7140/6231 3378/7139/6230 3377/7141/6232
f 4062/7142/6233 4043/7143/6234 4070/7144/6235
f 4070/7144/6235 4043/7143/6234 4071/7145/6236
f 4070/7144/6235 4071/7145/6236 4069/7146/6237
f 4069/7146/6237 4071/7145/6236 4068/7147/6238
f 4068/7147/6238 4071/7145/6236 4072/7148/6239
f 4068/7147/6238 4072/7148/6239 4067/7149/6240
f 4067/7149/6240 4072/7148/6239 4073/7150/6241
f 4067/7149/6240 4073/7150/6241 4066/7151/6242
f 4066/7151/6242 4073/7150/6241 4065/7152/6243
f 4065/7152/6243 4073/7150/6241 4074/7153/6244
f 4065/7152/6243 4074/7153/6244 4064/7154/6245
f 4064/7154/6245 4074/7153/6244 4075/7155/6246
f 4064/7154/6245 4075/7155/6246 4063/7156/6247
f 4063/7156/6247 4075/7155/6246 3285/7157/5107
f 3285/7157/5107 4075/7155/6246 4044/7158/6248
f 3285/7157/5107 4044/7158/6248 3286/7159/5105
f 4043/7143/6234 4051/7160/6249 4071/7145/6236
f 4071/7145/6236 4051/7160/6249 4050/7161/6250
f 4071/7145/6236 4050/7161/6250 4049/7162/6251
f 4071/7145/6236 4049/7162/6251 4072/7148/6239
f 4072/7148/6239 4049/7162/6251 4048/7163/6252
f 4072/7148/6239 4048/7163/6252 4073/7150/6241
f 4073/7150/6241 4048/7163/6252 4047/7164/6253
f 4073/7150/6241 4047/7164/6253 4046/7165/6254
f 4073/7150/6241 4046/7165/6254 4074/7153/6244
f 4074/7153/6244 4046/7165/6254 4045/7166/6255
f 4074/7153/6244 4045/7166/6255 4075/7155/6246
f 4075/7155/6246 4045/7166/6255 4044/7158/6248
f 4062/7167/6256 4070/7168/6257 3316/7169/6258
f 3316/7169/6258 4070/7168/6257 3317/7170/6259
f 3317/7170/6259 4070/7168/6257 4069/7171/6260
f 3317/7170/6259 4069/7171/6260 3318/7172/6261
f 3318/7172/6261 4069/7171/6260 4068/7173/6262
f 3318/7172/6261 4068/7173/6262 3319/7174/6263
f 3319/7174/6263 4068/7173/6262 4067/7175/6264
f 3319/7174/6263 4067/7175/6264 3320/7176/6265
f 3320/7176/6265 4067/7175/6264 4066/7177/6266
f 3320/7176/6265 4066/7177/6266 3321/7178/6267
f 3321/7178/6267 4066/7177/6266 4065/7179/6268
f 3321/7178/6267 4065/7179/6268 3322/7180/6269
f 3322/7180/6269 4065/7179/6268 4064/7181/6270
f 3322/7180/6269 4064/7181/6270 3323/7182/6271
f 3323/7182/6271 4064/7181/6270 4063/7183/6272
f 3323/7182/6271 4063/7183/6272 3324/7184/6273
f 3324/7184/6273 4063/7183/6272 3285/7185/5107
f 3324/7184/6273 3285/7185/5107 3284/7186/5103
f 4043/7187/6234 4062/7188/6233 4077/7189/6274
f 4077/7189/6274 4062/7188/6233 4076/7190/6275
f 4062/7191/6256 3316/7192/6258 4076/7193/6276
f 4076/7193/6276 3316/7192/6258 4078/7194/6277
f 3316/7195/5129 3315/7196/5130 4078/7197/6278
f 4078/7197/6278 3315/7196/5130 4079/7198/6279
f 3315/7199/5151 3338/7200/5167 4079/7201/6280
f 4079/7201/6280 3338/7200/5167 4080/7202/6281
f 3338/7203/5185 3362/7204/5186 4080/7205/6282
f 4080/7205/6282 3362/7204/5186 4081/7206/6283
f 3362/7207/6231 3377/7208/6232 4081/7209/6284
f 4081/7209/6284 3377/7208/6232 4082/7210/6285
f 3377/7211/5207 3376/7212/5209 4082/7213/6286
f 4082/7213/6286 3376/7212/5209 4083/7214/6287
f 3376/7215/5253 3422/7216/5267 4083/7217/6288
f 4083/7217/6288 3422/7216/5267 4084/7218/6289
f 3422/7219/5281 3441/7220/5283 4084/7221/6290
f 4084/7221/6290 3441/7220/5283 4085/7222/6291
f 3441/7223/5308 3455/7224/5307 4085/7225/6292
f 4085/7225/6292 3455/7224/5307 4086/7226/6293
f 3455/7227/5323 3464/7228/5324 4086/7229/6294
f 4086/7229/6294 3464/7228/5324 4087/7230/6295
f 3464/7231/5345 3478/7232/5361 4087/7233/6296
f 4087/7233/6296 3478/7232/5361 4088/7234/6297
f 3478/7235/5379 3502/7236/5380 4088/7237/6298
f 4088/7237/6298 3502/7236/5380 4089/7238/6299
f 3502/7239/6047 3517/7240/6048 4089/7241/6300
f 4089/7241/6300 3517/7240/6048 4090/7242/6301
f 3517/7243/5401 3516/7244/5403 4090/7245/6302
f 4090/7245/6302 3516/7244/5403 4091/7246/6303
f 3516/7247/5424 3539/7248/5438 4091/7249/6304
f 4091/7249/6304 3539/7248/5438 4092/7250/6305
f 3539/7251/5452 3558/7252/5454 4092/7253/6306
f 4092/7253/6306 3558/7252/5454 4093/7254/6307
f 3558/7255/5479 3572/7256/5478 4093/7257/6308
f 4093/7257/6308 3572/7256/5478 4094/7258/6309
f 3572/7259/5494 3581/7260/5495 4094/7261/6310
f 4094/7261/6310 3581/7260/5495 4095/7262/6311
f 3581/7263/5539 3618/7264/5555 4095/7265/6312
f 4095/7265/6312 3618/7264/5555 4096/7266/6313
f 3618/7267/5573 3642/7268/5574 4096/7269/6314
f 4096/7269/6314 3642/7268/5574 4097/7270/6315
f 3642/7271/5746 3657/7272/5747 4097/7273/6316
f 4097/7273/6316 3657/7272/5747 4098/7274/6317
f 3657/7275/5595 3656/7276/5597 4098/7277/6318
f 4098/7277/6318 3656/7276/5597 4099/7278/6319
f 2262/7279/4908 2211/7280/4970 2457/7281/4215
f 2457/7281/4215 2211/7280/4970 2322/7282/4080
f 3588/7283/5504 3587/7284/5503 4101/7285/6320
f 4101/7285/6320 3587/7284/5503 4100/7286/6321
f 3679/7287/5646 3698/7288/5648 4103/7289/6322
f 4103/7289/6322 3698/7288/5648 4102/7290/6323
f 3698/7291/5656 3704/7292/5658 4102/7293/6324
f 4102/7293/6324 3704/7292/5658 4104/7294/6325
f 3704/7295/5675 3713/7296/5674 4104/7297/6326
f 4104/7297/6326 3713/7296/5674 4105/7298/6327
f 3713/7299/5698 3727/7300/5697 4105/7301/6328
f 4105/7301/6328 3727/7300/5697 4106/7302/6329
f 3727/7303/5749 3751/7304/5748 4106/7305/6330
f 4106/7305/6330 3751/7304/5748 4107/7306/6331
f 3751/7307/5772 3588/7308/5771 4107/7309/6332
f 4107/7309/6332 3588/7308/5771 4101/7310/6333
f 3392/7311/5218 3391/7312/5217 4109/7313/6334
f 4109/7313/6334 3391/7312/5217 4108/7314/6335
f 3944/7315/6050 3968/7316/6049 4111/7317/6336
f 4111/7317/6336 3968/7316/6049 4110/7318/6337
f 3968/7319/6072 3982/7320/6074 4110/7321/6338
f 4110/7321/6338 3982/7320/6074 4112/7322/6339
f 3982/7323/6091 3991/7324/6090 4112/7325/6340
f 4112/7325/6340 3991/7324/6090 4113/7326/6341
f 3991/7327/6114 4005/7328/6113 4113/7329/6342
f 4113/7329/6342 4005/7328/6113 4114/7330/6343
f 4005/7331/6147 4029/7332/6146 4114/7333/6344
f 4114/7333/6344 4029/7332/6146 4115/7334/6345
f 4029/7335/6170 3392/7336/6169 4115/7337/6346
f 4115/7337/6346 3392/7336/6169 4109/7338/6347
f 3587/7339/5790 3765/7340/5789 4100/7341/6348
f 4100/7341/6348 3765/7340/5789 4116/7342/6349
f 3656/7343/5618 3679/7344/5632 4099/7345/6350
f 4099/7345/6350 3679/7344/5632 4103/7346/6351
f 3391/7347/6188 4043/7348/6187 4108/7349/6352
f 4108/7349/6352 4043/7348/6187 4077/7350/6353
f 3922/7351/5999 3944/7352/5998 4117/7353/6354
f 4117/7353/6354 3944/7352/5998 4111/7354/6355
f 3923/7355/5971 3922/7356/5970 4119/7357/6356
f 4119/7357/6356 3922/7356/5970 4117/7358/6357
f 4119/7357/6356 4117/7358/6357 4118/7359/6358
f 3789/7360/5822 4120/7361/6359 3765/7362/5823
f 3765/7362/5823 4120/7361/6359 4116/7363/6360
f 4116/7363/6360 4120/7361/6359 4121/7364/6361
f 4117/7365/6362 4111/7366/6363 4118/7367/6364
f 4118/7367/6364 4111/7366/6363 4108/7368/6365
f 4118/7367/6364 4108/7368/6365 4077/7369/6366
f 4111/7366/6363 4110/7370/6367 4108/7368/6365
f 4108/7368/6365 4110/7370/6367 4109/7371/6368
f 4109/7371/6368 4110/7370/6367 4114/7372/6369
f 4109/7371/6368 4114/7372/6369 4115/7373/6370
f 4112/7374/6371 4113/7375/6372 4110/7370/6367
f 4110/7370/6367 4113/7375/6372 4114/7372/6369
f 4118/7367/6364 4077/7369/6366 4083/7376/6373
f 4083/7376/6373 4077/7369/6366 4076/7377/6374
f 4083/7376/6373 4076/7377/6374 4082/7378/6375
f 4082/7378/6375 4076/7377/6374 4080/7379/6376
f 4082/7378/6375 4080/7379/6376 4081/7380/6377
f 4078/7381/6378 4079/7382/6379 4076/7377/6374
f 4076/7377/6374 4079/7382/6379 4080/7379/6376
f 4083/7376/6373 4084/7383/6380 4118/7367/6364
f 4118/7367/6364 4084/7383/6380 4121/7384/6381
f 4121/7384/6381 4084/7383/6380 4091/7385/6382
f 4121/7384/6381 4091/7385/6382 4092/7386/6383
f 4084/7383/6380 4085/7387/6384 4091/7385/6382
f 4091/7385/6382 4085/7387/6384 4090/7388/6385
f 4090/7388/6385 4085/7387/6384 4088/7389/6386
f 4090/7388/6385 4088/7389/6386 4089/7390/6387
f 4086/7391/6388 4087/7392/6389 4085/7387/6384
f 4085/7387/6384 4087/7392/6389 4088/7389/6386
f 4121/7384/6381 4092/7386/6383 4099/7393/6390
f 4099/7393/6390 4092/7386/6383 4093/7394/6391
f 4099/7393/6390 4093/7394/6391 4098/7395/6392
f 4098/7395/6392 4093/7394/6391 4096/7396/6393
f 4098/7395/6392 4096/7396/6393 4097/7397/6394
f 4094/7398/6395 4095/7399/6396 4093/7394/6391
f 4093/7394/6391 4095/7399/6396 4096/7396/6393
f 4099/7393/6390 4103/7400/6397 4121/7384/6381
f 4121/7384/6381 4103/7400/6397 4100/7401/6398
f 4121/7384/6381 4100/7401/6398 4116/7402/6399
f 4103/7400/6397 4102/7403/6400 4100/7401/6398
f 4100/7401/6398 4102/7403/6400 4101/7404/6401
f 4101/7404/6401 4102/7403/6400 4106/7405/6402
f 4101/7404/6401 4106/7405/6402 4107/7406/6403
f 4104/7407/6404 4105/7408/6405 4102/7403/6400
f 4102/7403/6400 4105/7408/6405 4106/7405/6402
f 3808/7409/5850 3925/7410/6406 3795/7411/5851
f 3795/7411/5851 3925/7410/6406 3796/7412/6407
f 3796/7412/6407 3925/7410/6406 3924/7413/6408
f 3796/7412/6407 3924/7413/6408 3797/7414/6409
f 3797/7414/6409 3924/7413/6408 3923/7415/6410
f 3797/7414/6409 3923/7415/6410 3789/7416/6411
f 3789/7416/6411 3923/7415/6410 4119/7417/6412
f 3789/7416/6411 4119/7417/6412 4120/7418/6413
f 4119/7419/6414 4118/7420/6415 4120/7421/6416
f 4120/7421/6416 4118/7420/6415 4121/7422/6417
# 4121 vertices
# 7422 texture params
# 6417 normals
# 8194 facets

# 6 groups
