ISO-10303-21;
HEADER;
/* Generated by software containing ST-Developer
 * from STEP Tools, Inc. (www.steptools.com) 
 */

FILE_DESCRIPTION(
/* description */ (''),
/* implementation_level */ '2;1');

FILE_NAME(
/* name */ 'LM7805_with_Heatsink.step',
/* time_stamp */ '2026-08-30T00:05:19+02:00',
/* author */ (''),
/* organization */ (''),
/* preprocessor_version */ 'ST-DEVELOPER v20.1',
/* originating_system */ 'Autodesk Translation Framework v15.8.0.0',
/* authorisation */ '');

FILE_SCHEMA (('AUTOMOTIVE_DESIGN { 1 0 10303 214 3 1 1 }'));
ENDSEC;

DATA;
#10=MECHANICAL_DESIGN_GEOMETRIC_PRESENTATION_REPRESENTATION('',(#74,#75,
#76,#77,#78,#79,#80,#81,#82),#11993);
#11=ITEM_DEFINED_TRANSFORMATION($,$,#5134,#5497);
#12=ITEM_DEFINED_TRANSFORMATION($,$,#5168,#5498);
#13=ITEM_DEFINED_TRANSFORMATION($,$,#5328,#5499);
#14=ITEM_DEFINED_TRANSFORMATION($,$,#5380,#5500);
#15=ITEM_DEFINED_TRANSFORMATION($,$,#5465,#5501);
#16=(
REPRESENTATION_RELATIONSHIP($,$,#12016,#12015)
REPRESENTATION_RELATIONSHIP_WITH_TRANSFORMATION(#11)
SHAPE_REPRESENTATION_RELATIONSHIP()
);
#17=(
REPRESENTATION_RELATIONSHIP($,$,#12017,#12015)
REPRESENTATION_RELATIONSHIP_WITH_TRANSFORMATION(#12)
SHAPE_REPRESENTATION_RELATIONSHIP()
);
#18=(
REPRESENTATION_RELATIONSHIP($,$,#12018,#12015)
REPRESENTATION_RELATIONSHIP_WITH_TRANSFORMATION(#13)
SHAPE_REPRESENTATION_RELATIONSHIP()
);
#19=(
REPRESENTATION_RELATIONSHIP($,$,#12019,#12015)
REPRESENTATION_RELATIONSHIP_WITH_TRANSFORMATION(#14)
SHAPE_REPRESENTATION_RELATIONSHIP()
);
#20=(
REPRESENTATION_RELATIONSHIP($,$,#12020,#12015)
REPRESENTATION_RELATIONSHIP_WITH_TRANSFORMATION(#15)
SHAPE_REPRESENTATION_RELATIONSHIP()
);
#21=CONTEXT_DEPENDENT_SHAPE_REPRESENTATION(#16,#12010);
#22=CONTEXT_DEPENDENT_SHAPE_REPRESENTATION(#17,#12011);
#23=CONTEXT_DEPENDENT_SHAPE_REPRESENTATION(#18,#12012);
#24=CONTEXT_DEPENDENT_SHAPE_REPRESENTATION(#19,#12013);
#25=CONTEXT_DEPENDENT_SHAPE_REPRESENTATION(#20,#12014);
#26=NEXT_ASSEMBLY_USAGE_OCCURRENCE('Heatsink:1','Heatsink:1',
'Heatsink:1',#12022,#12023,'Heatsink:1');
#27=NEXT_ASSEMBLY_USAGE_OCCURRENCE('TO-220-3:1','TO-220-3:1',
'TO-220-3:1',#12022,#12024,'TO-220-3:1');
#28=NEXT_ASSEMBLY_USAGE_OCCURRENCE('Screw:1','Screw:1','Screw:1',#12022,
#12025,'Screw:1');
#29=NEXT_ASSEMBLY_USAGE_OCCURRENCE('Washer:1','Washer:1','Washer:1',#12022,
#12026,'Washer:1');
#30=NEXT_ASSEMBLY_USAGE_OCCURRENCE('Nut:1','Nut:1','Nut:1',#12022,#12027,
'Nut:1');
#31=(
BOUNDED_SURFACE()
B_SPLINE_SURFACE(1,2,((#11545,#11546,#11547,#11548,#11549,#11550,#11551,
#11552,#11553,#11554,#11555,#11556,#11557,#11558,#11559,#11560,#11561,#11562,
#11563,#11564,#11565,#11566,#11567,#11568,#11569,#11570,#11571,#11572,#11573,
#11574,#11575,#11576,#11577,#11578,#11579,#11580,#11581,#11582,#11583,#11584,
#11585,#11586,#11587,#11588,#11589,#11590,#11591,#11592,#11593,#11594,#11595,
#11596,#11597,#11598,#11599,#11600,#11601),(#11602,#11603,#11604,#11605,
#11606,#11607,#11608,#11609,#11610,#11611,#11612,#11613,#11614,#11615,#11616,
#11617,#11618,#11619,#11620,#11621,#11622,#11623,#11624,#11625,#11626,#11627,
#11628,#11629,#11630,#11631,#11632,#11633,#11634,#11635,#11636,#11637,#11638,
#11639,#11640,#11641,#11642,#11643,#11644,#11645,#11646,#11647,#11648,#11649,
#11650,#11651,#11652,#11653,#11654,#11655,#11656,#11657,#11658)),
 .UNSPECIFIED.,.F.,.F.,.F.)
B_SPLINE_SURFACE_WITH_KNOTS((2,2),(3,2,2,2,2,2,2,2,2,2,2,2,2,2,2,2,2,2,
2,2,2,2,2,2,2,2,2,2,3),(-0.00014288932329376,1.),(0.,0.0333333333333333,
0.0666666666666667,0.1,0.133333333333333,0.166666666666667,0.2,0.233333333333333,
0.266666666666667,0.3,0.333333333333333,0.366666666666667,0.4,0.433333333333333,
0.466666666666667,0.5,0.533333333333333,0.566666666666667,0.6,0.633333333333333,
0.666666666666667,0.7,0.733333333333333,0.766666666666667,0.8,0.833333333333333,
0.866666666666667,0.9,0.91992577224385),.UNSPECIFIED.)
GEOMETRIC_REPRESENTATION_ITEM()
RATIONAL_B_SPLINE_SURFACE(((1.,0.866025403784439,1.,0.866025403784439,1.,
0.866025403784439,1.,0.866025403784439,1.,0.866025403784439,1.,0.866025403784439,
1.,0.866025403784439,1.,0.866025403784439,1.,0.866025403784439,1.,0.866025403784439,
1.,0.866025403784439,1.,0.866025403784439,1.,0.866025403784439,1.,0.866025403784439,
1.,0.866025403784439,1.,0.866025403784439,1.,0.866025403784439,1.,0.866025403784439,
1.,0.866025403784439,1.,0.866025403784439,1.,0.866025403784439,1.,0.866025403784439,
1.,0.866025403784439,1.,0.866025403784439,1.,0.866025403784439,1.,0.866025403784439,
1.,0.866025403784439,1.,0.919913581280409,0.935574186914748),(1.,0.866025403784439,
1.,0.866025403784439,1.,0.866025403784439,1.,0.866025403784439,1.,0.866025403784439,
1.,0.866025403784439,1.,0.866025403784439,1.,0.866025403784439,1.,0.866025403784439,
1.,0.866025403784439,1.,0.866025403784439,1.,0.866025403784439,1.,0.866025403784439,
1.,0.866025403784439,1.,0.866025403784439,1.,0.866025403784439,1.,0.866025403784439,
1.,0.866025403784439,1.,0.866025403784439,1.,0.866025403784439,1.,0.866025403784439,
1.,0.866025403784439,1.,0.866025403784439,1.,0.866025403784439,1.,0.866025403784439,
1.,0.866025403784439,1.,0.866025403784439,1.,0.919913581280409,0.935574186914748)))
REPRESENTATION_ITEM('')
SURFACE()
);
#32=(
BOUNDED_SURFACE()
B_SPLINE_SURFACE(1,2,((#11686,#11687,#11688,#11689,#11690,#11691,#11692,
#11693,#11694,#11695,#11696,#11697,#11698,#11699,#11700,#11701,#11702,#11703,
#11704,#11705,#11706,#11707,#11708,#11709,#11710,#11711,#11712,#11713,#11714,
#11715,#11716,#11717,#11718,#11719,#11720,#11721,#11722,#11723,#11724,#11725,
#11726,#11727,#11728,#11729,#11730,#11731,#11732,#11733,#11734,#11735,#11736,
#11737,#11738,#11739,#11740,#11741,#11742,#11743,#11744),(#11745,#11746,
#11747,#11748,#11749,#11750,#11751,#11752,#11753,#11754,#11755,#11756,#11757,
#11758,#11759,#11760,#11761,#11762,#11763,#11764,#11765,#11766,#11767,#11768,
#11769,#11770,#11771,#11772,#11773,#11774,#11775,#11776,#11777,#11778,#11779,
#11780,#11781,#11782,#11783,#11784,#11785,#11786,#11787,#11788,#11789,#11790,
#11791,#11792,#11793,#11794,#11795,#11796,#11797,#11798,#11799,#11800,#11801,
#11802,#11803)),.UNSPECIFIED.,.F.,.F.,.F.)
B_SPLINE_SURFACE_WITH_KNOTS((2,2),(3,2,2,2,2,2,2,2,2,2,2,2,2,2,2,2,2,2,
2,2,2,2,2,2,2,2,2,2,2,3),(0.,1.00011551794855),(0.,0.0333333333333333,0.0666666666666667,
0.1,0.133333333333333,0.166666666666667,0.2,0.233333333333333,0.266666666666667,
0.3,0.333333333333333,0.366666666666667,0.4,0.433333333333333,0.466666666666667,
0.5,0.533333333333333,0.566666666666667,0.6,0.633333333333333,0.666666666666667,
0.7,0.733333333333333,0.766666666666667,0.8,0.833333333333333,0.866666666666667,
0.9,0.91992605788472,0.929125318463567),.UNSPECIFIED.)
GEOMETRIC_REPRESENTATION_ITEM()
RATIONAL_B_SPLINE_SURFACE(((1.,0.866025403784439,1.,0.866025403784439,1.,
0.866025403784439,1.,0.866025403784439,1.,0.866025403784439,1.,0.866025403784439,
1.,0.866025403784439,1.,0.866025403784439,1.,0.866025403784439,1.,0.866025403784439,
1.,0.866025403784439,1.,0.866025403784439,1.,0.866025403784439,1.,0.866025403784439,
1.,0.866025403784439,1.,0.866025403784439,1.,0.866025403784439,1.,0.866025403784439,
1.,0.866025403784439,1.,0.866025403784439,1.,0.866025403784439,1.,0.866025403784439,
1.,0.866025403784439,1.,0.866025403784439,1.,0.866025403784439,1.,0.866025403784439,
1.,0.866025403784439,1.,0.919912433221801,0.93557463593173,0.93557463593173,
0.93557463593173),(1.,0.866025403784439,1.,0.866025403784439,1.,0.866025403784439,
1.,0.866025403784439,1.,0.866025403784439,1.,0.866025403784439,1.,0.866025403784439,
1.,0.866025403784439,1.,0.866025403784439,1.,0.866025403784439,1.,0.866025403784439,
1.,0.866025403784439,1.,0.866025403784439,1.,0.866025403784439,1.,0.866025403784439,
1.,0.866025403784439,1.,0.866025403784439,1.,0.866025403784439,1.,0.866025403784439,
1.,0.866025403784439,1.,0.866025403784439,1.,0.866025403784439,1.,0.866025403784439,
1.,0.866025403784439,1.,0.866025403784439,1.,0.866025403784439,1.,0.866025403784439,
1.,0.919912433221801,0.93557463593173,0.93557463593173,0.93557463593173)))
REPRESENTATION_ITEM('')
SURFACE()
);
#33=(
BOUNDED_SURFACE()
B_SPLINE_SURFACE(1,2,((#11831,#11832,#11833,#11834,#11835,#11836,#11837,
#11838,#11839,#11840,#11841,#11842,#11843,#11844,#11845,#11846,#11847,#11848,
#11849,#11850,#11851,#11852,#11853,#11854,#11855,#11856,#11857,#11858,#11859,
#11860,#11861,#11862,#11863,#11864,#11865,#11866,#11867,#11868,#11869,#11870,
#11871,#11872,#11873,#11874,#11875,#11876,#11877,#11878,#11879,#11880,#11881,
#11882,#11883,#11884,#11885,#11886,#11887,#11888,#11889),(#11890,#11891,
#11892,#11893,#11894,#11895,#11896,#11897,#11898,#11899,#11900,#11901,#11902,
#11903,#11904,#11905,#11906,#11907,#11908,#11909,#11910,#11911,#11912,#11913,
#11914,#11915,#11916,#11917,#11918,#11919,#11920,#11921,#11922,#11923,#11924,
#11925,#11926,#11927,#11928,#11929,#11930,#11931,#11932,#11933,#11934,#11935,
#11936,#11937,#11938,#11939,#11940,#11941,#11942,#11943,#11944,#11945,#11946,
#11947,#11948)),.UNSPECIFIED.,.F.,.F.,.F.)
B_SPLINE_SURFACE_WITH_KNOTS((2,2),(3,2,2,2,2,2,2,2,2,2,2,2,2,2,2,2,2,2,
2,2,2,2,2,2,2,2,2,2,2,3),(0.,1.),(0.,0.0333333333333333,0.0666666666666667,
0.1,0.133333333333333,0.166666666666667,0.2,0.233333333333333,0.266666666666667,
0.3,0.333333333333333,0.366666666666667,0.4,0.433333333333333,0.466666666666667,
0.5,0.533333333333333,0.566666666666667,0.6,0.633333333333333,0.666666666666667,
0.7,0.733333333333333,0.766666666666667,0.8,0.833333333333333,0.866666666666667,
0.9,0.91992577224385,0.929125029966288),.UNSPECIFIED.)
GEOMETRIC_REPRESENTATION_ITEM()
RATIONAL_B_SPLINE_SURFACE(((1.,0.866025403784439,1.,0.866025403784439,1.,
0.866025403784439,1.,0.866025403784439,1.,0.866025403784439,1.,0.866025403784439,
1.,0.866025403784439,1.,0.866025403784439,1.,0.866025403784439,1.,0.866025403784439,
1.,0.866025403784439,1.,0.866025403784439,1.,0.866025403784439,1.,0.866025403784439,
1.,0.866025403784439,1.,0.866025403784439,1.,0.866025403784439,1.,0.866025403784439,
1.,0.866025403784439,1.,0.866025403784439,1.,0.866025403784439,1.,0.866025403784439,
1.,0.866025403784439,1.,0.866025403784439,1.,0.866025403784439,1.,0.866025403784439,
1.,0.866025403784439,1.,0.919913581280409,0.935574186914748,0.935574186914748,
0.935574186914748),(1.,0.866025403784439,1.,0.866025403784439,1.,0.866025403784439,
1.,0.866025403784439,1.,0.866025403784439,1.,0.866025403784439,1.,0.866025403784439,
1.,0.866025403784439,1.,0.866025403784439,1.,0.866025403784439,1.,0.866025403784439,
1.,0.866025403784439,1.,0.866025403784439,1.,0.866025403784439,1.,0.866025403784439,
1.,0.866025403784439,1.,0.866025403784439,1.,0.866025403784439,1.,0.866025403784439,
1.,0.866025403784439,1.,0.866025403784439,1.,0.866025403784439,1.,0.866025403784439,
1.,0.866025403784439,1.,0.866025403784439,1.,0.866025403784439,1.,0.866025403784439,
1.,0.919913581280409,0.935574186914748,0.935574186914748,0.935574186914748)))
REPRESENTATION_ITEM('')
SURFACE()
);
#34=(
BOUNDED_CURVE()
B_SPLINE_CURVE(2,(#11213,#11214,#11215),.UNSPECIFIED.,.F.,.F.)
B_SPLINE_CURVE_WITH_KNOTS((3,3),(-1.02622489938987,-0.464067715378632),
 .UNSPECIFIED.)
CURVE()
GEOMETRIC_REPRESENTATION_ITEM()
RATIONAL_B_SPLINE_CURVE((1.7348618758422,1.97868076459249,1.73486187584223))
REPRESENTATION_ITEM('')
);
#35=(
BOUNDED_CURVE()
B_SPLINE_CURVE(2,(#11228,#11229,#11230),.UNSPECIFIED.,.F.,.F.)
B_SPLINE_CURVE_WITH_KNOTS((3,3),(-1.02626648498897,-0.464092949448894),
 .UNSPECIFIED.)
CURVE()
GEOMETRIC_REPRESENTATION_ITEM()
RATIONAL_B_SPLINE_CURVE((1.73490869558932,1.97873416442466,1.73490869558928))
REPRESENTATION_ITEM('')
);
#36=(
BOUNDED_CURVE()
B_SPLINE_CURVE(2,(#11243,#11244,#11245),.UNSPECIFIED.,.F.,.F.)
B_SPLINE_CURVE_WITH_KNOTS((3,3),(-1.02626648498903,-0.46409294944895),
 .UNSPECIFIED.)
CURVE()
GEOMETRIC_REPRESENTATION_ITEM()
RATIONAL_B_SPLINE_CURVE((1.73490869558928,1.97873416442466,1.73490869558933))
REPRESENTATION_ITEM('')
);
#37=(
BOUNDED_CURVE()
B_SPLINE_CURVE(2,(#11258,#11259,#11260),.UNSPECIFIED.,.F.,.F.)
B_SPLINE_CURVE_WITH_KNOTS((3,3),(0.464067715378605,0.745146307384236),
 .UNSPECIFIED.)
CURVE()
GEOMETRIC_REPRESENTATION_ITEM()
RATIONAL_B_SPLINE_CURVE((1.7348618758422,1.85677132021735,1.85677132021735))
REPRESENTATION_ITEM('')
);
#38=(
BOUNDED_CURVE()
B_SPLINE_CURVE(2,(#11265,#11266,#11267),.UNSPECIFIED.,.F.,.F.)
B_SPLINE_CURVE_WITH_KNOTS((3,3),(0.745146307384236,1.02622489938984),
 .UNSPECIFIED.)
CURVE()
GEOMETRIC_REPRESENTATION_ITEM()
RATIONAL_B_SPLINE_CURVE((1.85677132021735,1.85677132021735,1.73486187584222))
REPRESENTATION_ITEM('')
);
#39=(
BOUNDED_CURVE()
B_SPLINE_CURVE(2,(#11280,#11281,#11282),.UNSPECIFIED.,.F.,.F.)
B_SPLINE_CURVE_WITH_KNOTS((3,3),(0.464092949448957,1.02626648498899),
 .UNSPECIFIED.)
CURVE()
GEOMETRIC_REPRESENTATION_ITEM()
RATIONAL_B_SPLINE_CURVE((1.73490869558935,1.97873416442467,1.73490869558935))
REPRESENTATION_ITEM('')
);
#40=(
BOUNDED_CURVE()
B_SPLINE_CURVE(2,(#11295,#11296,#11297),.UNSPECIFIED.,.F.,.F.)
B_SPLINE_CURVE_WITH_KNOTS((3,3),(0.464092949448954,1.02626648498899),
 .UNSPECIFIED.)
CURVE()
GEOMETRIC_REPRESENTATION_ITEM()
RATIONAL_B_SPLINE_CURVE((1.73490869558935,1.97873416442467,1.73490869558935))
REPRESENTATION_ITEM('')
);
#41=(
BOUNDED_CURVE()
B_SPLINE_CURVE(2,(#11377,#11378,#11379),.UNSPECIFIED.,.F.,.F.)
B_SPLINE_CURVE_WITH_KNOTS((3,3),(-1.07725534490024,-0.494995276638784),
 .UNSPECIFIED.)
CURVE()
GEOMETRIC_REPRESENTATION_ITEM()
RATIONAL_B_SPLINE_CURVE((1.7924281476599,2.04433744673053,1.79242814765989))
REPRESENTATION_ITEM('')
);
#42=(
BOUNDED_CURVE()
B_SPLINE_CURVE(2,(#11392,#11393,#11394),.UNSPECIFIED.,.F.,.F.)
B_SPLINE_CURVE_WITH_KNOTS((3,3),(0.494995276638787,1.07725534490012),
 .UNSPECIFIED.)
CURVE()
GEOMETRIC_REPRESENTATION_ITEM()
RATIONAL_B_SPLINE_CURVE((1.7924281476599,2.04433744673048,1.79242814766001))
REPRESENTATION_ITEM('')
);
#43=(
BOUNDED_CURVE()
B_SPLINE_CURVE(2,(#11407,#11408,#11409),.UNSPECIFIED.,.F.,.F.)
B_SPLINE_CURVE_WITH_KNOTS((3,3),(0.49499527663879,1.07725534490012),
 .UNSPECIFIED.)
CURVE()
GEOMETRIC_REPRESENTATION_ITEM()
RATIONAL_B_SPLINE_CURVE((1.79242814765991,2.04433744673048,1.79242814766001))
REPRESENTATION_ITEM('')
);
#44=(
BOUNDED_CURVE()
B_SPLINE_CURVE(2,(#11422,#11423,#11424),.UNSPECIFIED.,.F.,.F.)
B_SPLINE_CURVE_WITH_KNOTS((3,3),(0.494995276638792,0.786125310769516),
 .UNSPECIFIED.)
CURVE()
GEOMETRIC_REPRESENTATION_ITEM()
RATIONAL_B_SPLINE_CURVE((1.7924281476599,1.91838279719521,1.91838279719521))
REPRESENTATION_ITEM('')
);
#45=(
BOUNDED_CURVE()
B_SPLINE_CURVE(2,(#11429,#11430,#11431),.UNSPECIFIED.,.F.,.F.)
B_SPLINE_CURVE_WITH_KNOTS((3,3),(0.786125310769516,1.07725534490025),
 .UNSPECIFIED.)
CURVE()
GEOMETRIC_REPRESENTATION_ITEM()
RATIONAL_B_SPLINE_CURVE((1.91838279719521,1.91838279719521,1.79242814765989))
REPRESENTATION_ITEM('')
);
#46=(
BOUNDED_CURVE()
B_SPLINE_CURVE(2,(#11444,#11445,#11446),.UNSPECIFIED.,.F.,.F.)
B_SPLINE_CURVE_WITH_KNOTS((3,3),(-1.07725534490024,-0.494995276638913),
 .UNSPECIFIED.)
CURVE()
GEOMETRIC_REPRESENTATION_ITEM()
RATIONAL_B_SPLINE_CURVE((1.79242814765989,2.04433744673046,1.79242814766))
REPRESENTATION_ITEM('')
);
#47=(
BOUNDED_CURVE()
B_SPLINE_CURVE(2,(#11459,#11460,#11461),.UNSPECIFIED.,.F.,.F.)
B_SPLINE_CURVE_WITH_KNOTS((3,3),(-1.07725534490014,-0.494995276638917),
 .UNSPECIFIED.)
CURVE()
GEOMETRIC_REPRESENTATION_ITEM()
RATIONAL_B_SPLINE_CURVE((1.79242814765998,2.04433744673041,1.79242814766))
REPRESENTATION_ITEM('')
);
#48=(
BOUNDED_CURVE()
B_SPLINE_CURVE(2,(#11659,#11660,#11661,#11662,#11663,#11664,#11665,#11666,
#11667,#11668,#11669,#11670,#11671,#11672,#11673,#11674,#11675,#11676,#11677,
#11678,#11679,#11680,#11681,#11682,#11683,#11684,#11685),.UNSPECIFIED.,
 .F.,.F.)
B_SPLINE_CURVE_WITH_KNOTS((3,2,2,2,2,2,2,2,2,2,2,2,2,3),(0.235107665105311,
0.266666666666667,0.3,0.333333333333333,0.366666666666667,0.4,0.433333333333333,
0.466666666666667,0.5,0.533333333333333,0.566666666666667,0.6,0.633333333333333,
0.63532001617032),.UNSPECIFIED.)
CURVE()
GEOMETRIC_REPRESENTATION_ITEM()
RATIONAL_B_SPLINE_CURVE((0.986496291759002,0.873156865265534,1.,0.866025403784439,
1.,0.866025403784439,1.,0.866025403784439,1.,0.866025403784439,1.,0.866025403784439,
1.,0.866025403784439,1.,0.866025403784439,1.,0.866025403784439,1.,0.866025403784439,
1.,0.866025403784439,1.,0.866025403784439,1.,0.99201504907319,0.984981912044009))
REPRESENTATION_ITEM('')
);
#49=(
BOUNDED_CURVE()
B_SPLINE_CURVE(2,(#11804,#11805,#11806,#11807,#11808,#11809,#11810,#11811,
#11812,#11813,#11814,#11815,#11816,#11817,#11818,#11819,#11820,#11821,#11822,
#11823,#11824,#11825,#11826,#11827,#11828,#11829,#11830),.UNSPECIFIED.,
 .F.,.F.)
B_SPLINE_CURVE_WITH_KNOTS((3,2,2,2,2,2,2,2,2,2,2,2,2,3),(0.28203771105464,
0.289878370528867,0.326113166844975,0.362347963161084,0.398582759477192,
0.434817555793301,0.471052352109409,0.507287148425517,0.543521944741626,
0.579756741057734,0.615991537373843,0.652226333689951,0.688461130006059,
0.717064625809512),.UNSPECIFIED.)
CURVE()
GEOMETRIC_REPRESENTATION_ITEM()
RATIONAL_B_SPLINE_CURVE((0.954565885598465,0.971009932608444,1.,0.866025403784439,
1.,0.866025403784439,1.,0.866025403784439,1.,0.866025403784439,1.,0.866025403784439,
1.,0.866025403784439,1.,0.866025403784439,1.,0.866025403784439,1.,0.866025403784439,
1.,0.866025403784439,1.,0.866025403784439,1.,0.894241387002984,0.955452998794799))
REPRESENTATION_ITEM('')
);
#50=CONICAL_SURFACE('',#5472,1.575,0.78539816339745);
#51=CONICAL_SURFACE('',#5475,2.68125,1.0471975511966);
#52=CONICAL_SURFACE('',#5477,1.575,0.78539816339745);
#53=CONICAL_SURFACE('',#5480,2.68125,1.0471975511966);
#54=TOROIDAL_SURFACE('',#5370,2.9,0.2);
#55=TOROIDAL_SURFACE('',#5371,2.9,0.2);
#56=ELLIPSE('',#5281,1.15602119342774,0.2);
#57=ELLIPSE('',#5297,0.200763967508669,0.2);
#58=ELLIPSE('',#5301,0.200763967508669,0.2);
#59=ELLIPSE('',#5303,1.15602119342774,0.2);
#60=SPHERICAL_SURFACE('',#5276,0.2);
#61=SPHERICAL_SURFACE('',#5282,0.2);
#62=SPHERICAL_SURFACE('',#5287,0.2);
#63=SPHERICAL_SURFACE('',#5291,0.2);
#64=SHAPE_REPRESENTATION_RELATIONSHIP('SRR','None',#12016,#69);
#65=SHAPE_REPRESENTATION_RELATIONSHIP('SRR','None',#12017,#70);
#66=SHAPE_REPRESENTATION_RELATIONSHIP('SRR','None',#12018,#71);
#67=SHAPE_REPRESENTATION_RELATIONSHIP('SRR','None',#12019,#72);
#68=SHAPE_REPRESENTATION_RELATIONSHIP('SRR','None',#12020,#73);
#69=ADVANCED_BREP_SHAPE_REPRESENTATION('',(#83),#11988);
#70=ADVANCED_BREP_SHAPE_REPRESENTATION('',(#84,#85,#86,#87,#88),#11989);
#71=ADVANCED_BREP_SHAPE_REPRESENTATION('',(#89),#11990);
#72=ADVANCED_BREP_SHAPE_REPRESENTATION('',(#90),#11991);
#73=ADVANCED_BREP_SHAPE_REPRESENTATION('',(#91),#11992);
#74=STYLED_ITEM('',(#12049),#83);
#75=STYLED_ITEM('',(#12050),#84);
#76=STYLED_ITEM('',(#12050),#85);
#77=STYLED_ITEM('',(#12050),#86);
#78=STYLED_ITEM('',(#12050),#87);
#79=STYLED_ITEM('',(#12051),#88);
#80=STYLED_ITEM('',(#12052),#89);
#81=STYLED_ITEM('',(#12052),#90);
#82=STYLED_ITEM('',(#12052),#91);
#83=MANIFOLD_SOLID_BREP('Body',#5068);
#84=MANIFOLD_SOLID_BREP('Leg Left',#5069);
#85=MANIFOLD_SOLID_BREP('Leg Middle',#5070);
#86=MANIFOLD_SOLID_BREP('Leg Right',#5071);
#87=MANIFOLD_SOLID_BREP('Sink',#5072);
#88=MANIFOLD_SOLID_BREP('Silicon Body',#5073);
#89=MANIFOLD_SOLID_BREP('Body1',#5074);
#90=MANIFOLD_SOLID_BREP('Body1',#5075);
#91=MANIFOLD_SOLID_BREP('Body1',#5076);
#92=FACE_BOUND('',#759,.T.);
#93=FACE_BOUND('',#761,.T.);
#94=FACE_BOUND('',#873,.T.);
#95=FACE_BOUND('',#874,.T.);
#96=FACE_BOUND('',#876,.T.);
#97=FACE_BOUND('',#877,.T.);
#98=FACE_BOUND('',#952,.T.);
#99=FACE_BOUND('',#970,.T.);
#100=FACE_BOUND('',#972,.T.);
#101=FACE_BOUND('',#1036,.T.);
#102=FACE_BOUND('',#1038,.T.);
#103=B_SPLINE_SURFACE_WITH_KNOTS('',3,3,((#6704,#6705,#6706,#6707),(#6708,
#6709,#6710,#6711),(#6712,#6713,#6714,#6715),(#6716,#6717,#6718,#6719),
(#6720,#6721,#6722,#6723)),.UNSPECIFIED.,.F.,.F.,.F.,(4,1,4),(4,4),(0.694931190987445,
0.8393404461897,1.03188611979271),(-4.44089209850063E-16,0.2),
 .UNSPECIFIED.);
#104=B_SPLINE_SURFACE_WITH_KNOTS('',3,3,((#6758,#6759,#6760,#6761),(#6762,
#6763,#6764,#6765),(#6766,#6767,#6768,#6769),(#6770,#6771,#6772,#6773),
(#6774,#6775,#6776,#6777)),.UNSPECIFIED.,.F.,.F.,.F.,(4,1,4),(4,4),(2.35242104207257,
2.49006111343722,2.67358120859008),(-8.88178419700125E-16,0.2),
 .UNSPECIFIED.);
#105=B_SPLINE_SURFACE_WITH_KNOTS('',3,3,((#6807,#6808,#6809,#6810),(#6811,
#6812,#6813,#6814),(#6815,#6816,#6817,#6818),(#6819,#6820,#6821,#6822),
(#6823,#6824,#6825,#6826)),.UNSPECIFIED.,.F.,.F.,.F.,(4,1,4),(4,4),(2.72883983348249,
2.86647990484713,3.05),(0.,0.2),.UNSPECIFIED.);
#106=B_SPLINE_SURFACE_WITH_KNOTS('',3,3,((#6880,#6881,#6882,#6883),(#6884,
#6885,#6886,#6887),(#6888,#6889,#6890,#6891),(#6892,#6893,#6894,#6895),
(#6896,#6897,#6898,#6899)),.UNSPECIFIED.,.F.,.F.,.F.,(4,1,4),(4,4),(0.299999999999989,
0.444409255202244,0.636954928805252),(0.,0.2),.UNSPECIFIED.);
#107=B_SPLINE_SURFACE_WITH_KNOTS('',3,3,((#8610,#8611,#8612,#8613,#8614,
#8615,#8616,#8617,#8618,#8619,#8620,#8621,#8622,#8623,#8624,#8625,#8626,
#8627,#8628,#8629,#8630,#8631,#8632,#8633,#8634,#8635,#8636,#8637,#8638,
#8639,#8640,#8641,#8642,#8643,#8644,#8645,#8646,#8647,#8648,#8649,#8650,
#8651,#8652,#8653,#8654,#8655,#8656,#8657,#8658,#8659,#8660,#8661,#8662,
#8663,#8664,#8665,#8666,#8667,#8668,#8669,#8670,#8671,#8672,#8673,#8674,
#8675,#8676,#8677,#8678,#8679,#8680,#8681,#8682,#8683,#8684,#8685,#8686,
#8687,#8688,#8689,#8690,#8691,#8692,#8693,#8694,#8695,#8696,#8697,#8698),
(#8699,#8700,#8701,#8702,#8703,#8704,#8705,#8706,#8707,#8708,#8709,#8710,
#8711,#8712,#8713,#8714,#8715,#8716,#8717,#8718,#8719,#8720,#8721,#8722,
#8723,#8724,#8725,#8726,#8727,#8728,#8729,#8730,#8731,#8732,#8733,#8734,
#8735,#8736,#8737,#8738,#8739,#8740,#8741,#8742,#8743,#8744,#8745,#8746,
#8747,#8748,#8749,#8750,#8751,#8752,#8753,#8754,#8755,#8756,#8757,#8758,
#8759,#8760,#8761,#8762,#8763,#8764,#8765,#8766,#8767,#8768,#8769,#8770,
#8771,#8772,#8773,#8774,#8775,#8776,#8777,#8778,#8779,#8780,#8781,#8782,
#8783,#8784,#8785,#8786,#8787),(#8788,#8789,#8790,#8791,#8792,#8793,#8794,
#8795,#8796,#8797,#8798,#8799,#8800,#8801,#8802,#8803,#8804,#8805,#8806,
#8807,#8808,#8809,#8810,#8811,#8812,#8813,#8814,#8815,#8816,#8817,#8818,
#8819,#8820,#8821,#8822,#8823,#8824,#8825,#8826,#8827,#8828,#8829,#8830,
#8831,#8832,#8833,#8834,#8835,#8836,#8837,#8838,#8839,#8840,#8841,#8842,
#8843,#8844,#8845,#8846,#8847,#8848,#8849,#8850,#8851,#8852,#8853,#8854,
#8855,#8856,#8857,#8858,#8859,#8860,#8861,#8862,#8863,#8864,#8865,#8866,
#8867,#8868,#8869,#8870,#8871,#8872,#8873,#8874,#8875,#8876),(#8877,#8878,
#8879,#8880,#8881,#8882,#8883,#8884,#8885,#8886,#8887,#8888,#8889,#8890,
#8891,#8892,#8893,#8894,#8895,#8896,#8897,#8898,#8899,#8900,#8901,#8902,
#8903,#8904,#8905,#8906,#8907,#8908,#8909,#8910,#8911,#8912,#8913,#8914,
#8915,#8916,#8917,#8918,#8919,#8920,#8921,#8922,#8923,#8924,#8925,#8926,
#8927,#8928,#8929,#8930,#8931,#8932,#8933,#8934,#8935,#8936,#8937,#8938,
#8939,#8940,#8941,#8942,#8943,#8944,#8945,#8946,#8947,#8948,#8949,#8950,
#8951,#8952,#8953,#8954,#8955,#8956,#8957,#8958,#8959,#8960,#8961,#8962,
#8963,#8964,#8965)),.UNSPECIFIED.,.F.,.F.,.F.,(4,4),(4,1,1,1,1,1,1,1,1,
1,1,1,1,1,1,1,1,1,1,1,1,1,1,1,1,1,1,1,1,1,1,1,1,1,1,1,1,1,1,1,1,1,1,1,1,
1,1,1,1,1,1,1,1,1,1,1,1,1,1,1,1,1,1,1,1,1,1,1,1,1,1,1,1,1,1,1,1,1,1,1,1,
1,1,1,1,1,4),(0.,0.0395196259260299),(8.30626835282487,9.30446657224842,
10.302664791672,11.3008630110955,12.2990612305191,13.2972594499426,14.2954576693662,
15.2936558887897,16.2918541082133,17.2900523276368,18.2882505470603,19.2864487664839,
20.2846469859074,21.282845205331,22.2810434247545,23.2792416441781,24.2774398636016,
25.2756380830252,26.2738363024487,27.2720345218723,28.2702327412958,29.2684309607194,
30.2666291801429,31.2648273995665,32.26302561899,33.2612238384136,34.2594220578371,
35.2576202772606,36.2558184966842,37.2540167161077,38.2522149355313,39.2504131549548,
40.2486113743784,41.2468095938019,42.2450078132255,43.243206032649,44.2414042520726,
45.2396024714961,46.2378006909197,47.2359989103432,48.2341971297668,49.2323953491903,
50.2305935686139,51.2287917880374,52.226990007461,53.2251882268845,54.223386446308,
55.2215846657316,56.2197828851551,57.2179811045787,58.2161793240022,59.2143775434258,
60.2125757628493,61.2107739822729,62.2089722016964,63.20717042112,64.2053686405435,
65.2035668599671,66.2017650793906,67.1999632988142,68.1981615182377,69.1963597376613,
70.1945579570848,71.1927561765083,72.1909543959319,73.1891526153554,74.187350834779,
75.1855490542025,76.1837472736261,77.1819454930496,78.1801437124732,79.1783419318967,
80.1765401513203,81.1747383707438,82.1729365901674,83.1711348095909,84.1693330290145,
85.167531248438,86.1657294678616,87.1639276872851,88.1621259067087,89.1603241261322,
90.1585223455558,91.1567205649793,92.1549187844028,93.1531170038264,94.1513152232499),
 .UNSPECIFIED.);
#108=B_SPLINE_SURFACE_WITH_KNOTS('',3,3,((#9165,#9166,#9167,#9168,#9169,
#9170,#9171,#9172,#9173,#9174,#9175,#9176,#9177,#9178,#9179,#9180,#9181,
#9182,#9183,#9184,#9185,#9186,#9187,#9188,#9189,#9190,#9191,#9192,#9193,
#9194,#9195,#9196,#9197,#9198,#9199,#9200,#9201,#9202,#9203,#9204,#9205,
#9206,#9207,#9208,#9209,#9210,#9211,#9212,#9213,#9214,#9215,#9216,#9217,
#9218,#9219,#9220,#9221,#9222,#9223,#9224,#9225,#9226,#9227,#9228,#9229,
#9230,#9231,#9232,#9233,#9234,#9235,#9236,#9237,#9238,#9239,#9240,#9241,
#9242,#9243,#9244,#9245,#9246,#9247,#9248,#9249,#9250,#9251,#9252,#9253),
(#9254,#9255,#9256,#9257,#9258,#9259,#9260,#9261,#9262,#9263,#9264,#9265,
#9266,#9267,#9268,#9269,#9270,#9271,#9272,#9273,#9274,#9275,#9276,#9277,
#9278,#9279,#9280,#9281,#9282,#9283,#9284,#9285,#9286,#9287,#9288,#9289,
#9290,#9291,#9292,#9293,#9294,#9295,#9296,#9297,#9298,#9299,#9300,#9301,
#9302,#9303,#9304,#9305,#9306,#9307,#9308,#9309,#9310,#9311,#9312,#9313,
#9314,#9315,#9316,#9317,#9318,#9319,#9320,#9321,#9322,#9323,#9324,#9325,
#9326,#9327,#9328,#9329,#9330,#9331,#9332,#9333,#9334,#9335,#9336,#9337,
#9338,#9339,#9340,#9341,#9342),(#9343,#9344,#9345,#9346,#9347,#9348,#9349,
#9350,#9351,#9352,#9353,#9354,#9355,#9356,#9357,#9358,#9359,#9360,#9361,
#9362,#9363,#9364,#9365,#9366,#9367,#9368,#9369,#9370,#9371,#9372,#9373,
#9374,#9375,#9376,#9377,#9378,#9379,#9380,#9381,#9382,#9383,#9384,#9385,
#9386,#9387,#9388,#9389,#9390,#9391,#9392,#9393,#9394,#9395,#9396,#9397,
#9398,#9399,#9400,#9401,#9402,#9403,#9404,#9405,#9406,#9407,#9408,#9409,
#9410,#9411,#9412,#9413,#9414,#9415,#9416,#9417,#9418,#9419,#9420,#9421,
#9422,#9423,#9424,#9425,#9426,#9427,#9428,#9429,#9430,#9431),(#9432,#9433,
#9434,#9435,#9436,#9437,#9438,#9439,#9440,#9441,#9442,#9443,#9444,#9445,
#9446,#9447,#9448,#9449,#9450,#9451,#9452,#9453,#9454,#9455,#9456,#9457,
#9458,#9459,#9460,#9461,#9462,#9463,#9464,#9465,#9466,#9467,#9468,#9469,
#9470,#9471,#9472,#9473,#9474,#9475,#9476,#9477,#9478,#9479,#9480,#9481,
#9482,#9483,#9484,#9485,#9486,#9487,#9488,#9489,#9490,#9491,#9492,#9493,
#9494,#9495,#9496,#9497,#9498,#9499,#9500,#9501,#9502,#9503,#9504,#9505,
#9506,#9507,#9508,#9509,#9510,#9511,#9512,#9513,#9514,#9515,#9516,#9517,
#9518,#9519,#9520)),.UNSPECIFIED.,.F.,.F.,.F.,(4,4),(4,1,1,1,1,1,1,1,1,
1,1,1,1,1,1,1,1,1,1,1,1,1,1,1,1,1,1,1,1,1,1,1,1,1,1,1,1,1,1,1,1,1,1,1,1,
1,1,1,1,1,1,1,1,1,1,1,1,1,1,1,1,1,1,1,1,1,1,1,1,1,1,1,1,1,1,1,1,1,1,1,1,
1,1,1,1,1,4),(0.,0.0395196259260299),(11.6156374476063,12.6138356670299,
13.6120338864534,14.610232105877,15.6084303253005,16.6066285447241,17.6048267641476,
18.6030249835711,19.6012232029947,20.5994214224182,21.5976196418418,22.5958178612653,
23.5940160806889,24.5922143001124,25.590412519536,26.5886107389595,27.5868089583831,
28.5850071778066,29.5832053972302,30.5814036166537,31.5796018360773,32.5778000555008,
33.5759982749244,34.5741964943479,35.5723947137715,36.570592933195,37.5687911526186,
38.5669893720421,39.5651875914656,40.5633858108892,41.5615840303127,42.5597822497363,
43.5579804691598,44.5561786885834,45.5543769080069,46.5525751274305,47.550773346854,
48.5489715662776,49.5471697857011,50.5453680051247,51.5435662245482,52.5417644439718,
53.5399626633953,54.5381608828189,55.5363591022424,56.534557321666,57.5327555410895,
58.5309537605131,59.5291519799366,60.5273501993601,61.5255484187837,62.5237466382072,
63.5219448576308,64.5201430770543,65.5183412964779,66.5165395159014,67.514737735325,
68.5129359547485,69.5111341741721,70.5093323935956,71.5075306130192,72.5057288324427,
73.5039270518663,74.5021252712898,75.5003234907134,76.4985217101369,77.4967199295605,
78.494918148984,79.4931163684076,80.4913145878311,81.4895128072547,82.4877110266782,
83.4859092461017,84.4841074655253,85.4823056849488,86.4805039043724,87.4787021237959,
88.4769003432195,89.475098562643,90.4732967820666,91.4714950014901,92.4696932209137,
93.4678914403372,94.4660896597608,95.4642878791843,96.4624860986079,97.4606843180314),
 .UNSPECIFIED.);
#109=B_SPLINE_SURFACE_WITH_KNOTS('',3,3,((#10002,#10003,#10004,#10005),
(#10006,#10007,#10008,#10009),(#10010,#10011,#10012,#10013),(#10014,#10015,
#10016,#10017)),.UNSPECIFIED.,.F.,.F.,.F.,(4,4),(4,4),(0.,1.),(-1.33134450453761E-8,
1.),.UNSPECIFIED.);
#110=B_SPLINE_SURFACE_WITH_KNOTS('',3,3,((#10038,#10039,#10040,#10041),
(#10042,#10043,#10044,#10045),(#10046,#10047,#10048,#10049),(#10050,#10051,
#10052,#10053)),.UNSPECIFIED.,.F.,.F.,.F.,(4,4),(4,4),(0.,1.),(0.,1.),
 .UNSPECIFIED.);
#111=B_SPLINE_SURFACE_WITH_KNOTS('',3,3,((#10073,#10074,#10075,#10076),
(#10077,#10078,#10079,#10080),(#10081,#10082,#10083,#10084),(#10085,#10086,
#10087,#10088)),.UNSPECIFIED.,.F.,.F.,.F.,(4,4),(4,4),(0.,1.),(0.,1.),
 .UNSPECIFIED.);
#112=B_SPLINE_SURFACE_WITH_KNOTS('',3,3,((#10095,#10096,#10097,#10098),
(#10099,#10100,#10101,#10102),(#10103,#10104,#10105,#10106),(#10107,#10108,
#10109,#10110)),.UNSPECIFIED.,.F.,.F.,.F.,(4,4),(4,4),(0.,1.),(-1.35072715413562E-8,
1.),.UNSPECIFIED.);
#113=B_SPLINE_SURFACE_WITH_KNOTS('',3,3,((#10201,#10202,#10203,#10204),
(#10205,#10206,#10207,#10208),(#10209,#10210,#10211,#10212),(#10213,#10214,
#10215,#10216)),.UNSPECIFIED.,.F.,.F.,.F.,(4,4),(4,4),(0.,1.),(-1.55549546216189E-5,
1.),.UNSPECIFIED.);
#114=B_SPLINE_SURFACE_WITH_KNOTS('',3,3,((#10228,#10229,#10230,#10231),
(#10232,#10233,#10234,#10235),(#10236,#10237,#10238,#10239),(#10240,#10241,
#10242,#10243)),.UNSPECIFIED.,.F.,.F.,.F.,(4,4),(4,4),(0.,1.),(0.,1.),
 .UNSPECIFIED.);
#115=B_SPLINE_SURFACE_WITH_KNOTS('',3,3,((#10252,#10253,#10254,#10255),
(#10256,#10257,#10258,#10259),(#10260,#10261,#10262,#10263),(#10264,#10265,
#10266,#10267)),.UNSPECIFIED.,.F.,.F.,.F.,(4,4),(4,4),(0.,1.),(0.,1.),
 .UNSPECIFIED.);
#116=B_SPLINE_SURFACE_WITH_KNOTS('',3,3,((#10274,#10275,#10276,#10277),
(#10278,#10279,#10280,#10281),(#10282,#10283,#10284,#10285),(#10286,#10287,
#10288,#10289)),.UNSPECIFIED.,.F.,.F.,.F.,(4,4),(4,4),(0.,1.),(-1.55549485343713E-5,
1.),.UNSPECIFIED.);
#117=B_SPLINE_SURFACE_WITH_KNOTS('',3,3,((#10308,#10309,#10310,#10311),
(#10312,#10313,#10314,#10315),(#10316,#10317,#10318,#10319),(#10320,#10321,
#10322,#10323)),.UNSPECIFIED.,.F.,.F.,.F.,(4,4),(4,4),(0.,1.),(-3.90316114806898E-7,
1.),.UNSPECIFIED.);
#118=B_SPLINE_SURFACE_WITH_KNOTS('',3,3,((#10335,#10336,#10337,#10338),
(#10339,#10340,#10341,#10342),(#10343,#10344,#10345,#10346),(#10347,#10348,
#10349,#10350)),.UNSPECIFIED.,.F.,.F.,.F.,(4,4),(4,4),(0.,1.),(0.,1.),
 .UNSPECIFIED.);
#119=B_SPLINE_SURFACE_WITH_KNOTS('',3,3,((#10359,#10360,#10361,#10362),
(#10363,#10364,#10365,#10366),(#10367,#10368,#10369,#10370),(#10371,#10372,
#10373,#10374)),.UNSPECIFIED.,.F.,.F.,.F.,(4,4),(4,4),(0.,1.),(0.,1.),
 .UNSPECIFIED.);
#120=B_SPLINE_SURFACE_WITH_KNOTS('',3,3,((#10381,#10382,#10383,#10384),
(#10385,#10386,#10387,#10388),(#10389,#10390,#10391,#10392),(#10393,#10394,
#10395,#10396)),.UNSPECIFIED.,.F.,.F.,.F.,(4,4),(4,4),(0.,1.),(-1.3313420390104E-8,
1.),.UNSPECIFIED.);
#121=B_SPLINE_SURFACE_WITH_KNOTS('',3,3,((#10415,#10416,#10417,#10418),
(#10419,#10420,#10421,#10422),(#10423,#10424,#10425,#10426),(#10427,#10428,
#10429,#10430)),.UNSPECIFIED.,.F.,.F.,.F.,(4,4),(4,4),(0.,1.),(-1.55549523032529E-5,
1.),.UNSPECIFIED.);
#122=B_SPLINE_SURFACE_WITH_KNOTS('',3,3,((#10442,#10443,#10444,#10445),
(#10446,#10447,#10448,#10449),(#10450,#10451,#10452,#10453),(#10454,#10455,
#10456,#10457)),.UNSPECIFIED.,.F.,.F.,.F.,(4,4),(4,4),(0.,1.),(0.,1.),
 .UNSPECIFIED.);
#123=B_SPLINE_SURFACE_WITH_KNOTS('',3,3,((#10466,#10467,#10468,#10469),
(#10470,#10471,#10472,#10473),(#10474,#10475,#10476,#10477),(#10478,#10479,
#10480,#10481)),.UNSPECIFIED.,.F.,.F.,.F.,(4,4),(4,4),(0.,1.),(0.,1.),
 .UNSPECIFIED.);
#124=B_SPLINE_SURFACE_WITH_KNOTS('',3,3,((#10488,#10489,#10490,#10491),
(#10492,#10493,#10494,#10495),(#10496,#10497,#10498,#10499),(#10500,#10501,
#10502,#10503)),.UNSPECIFIED.,.F.,.F.,.F.,(4,4),(4,4),(0.,1.),(-1.5554954389964E-5,
1.),.UNSPECIFIED.);
#125=B_SPLINE_SURFACE_WITH_KNOTS('',3,3,((#10522,#10523,#10524,#10525),
(#10526,#10527,#10528,#10529),(#10530,#10531,#10532,#10533),(#10534,#10535,
#10536,#10537)),.UNSPECIFIED.,.F.,.F.,.F.,(4,4),(4,4),(0.,1.),(-3.89939151511568E-7,
1.),.UNSPECIFIED.);
#126=B_SPLINE_SURFACE_WITH_KNOTS('',3,3,((#10549,#10550,#10551,#10552),
(#10553,#10554,#10555,#10556),(#10557,#10558,#10559,#10560),(#10561,#10562,
#10563,#10564)),.UNSPECIFIED.,.F.,.F.,.F.,(4,4),(4,4),(0.,1.),(0.,1.),
 .UNSPECIFIED.);
#127=B_SPLINE_SURFACE_WITH_KNOTS('',3,3,((#10573,#10574,#10575,#10576),
(#10577,#10578,#10579,#10580),(#10581,#10582,#10583,#10584),(#10585,#10586,
#10587,#10588)),.UNSPECIFIED.,.F.,.F.,.F.,(4,4),(4,4),(0.,1.),(0.,1.),
 .UNSPECIFIED.);
#128=B_SPLINE_SURFACE_WITH_KNOTS('',3,3,((#10595,#10596,#10597,#10598),
(#10599,#10600,#10601,#10602),(#10603,#10604,#10605,#10606),(#10607,#10608,
#10609,#10610)),.UNSPECIFIED.,.F.,.F.,.F.,(4,4),(4,4),(0.,1.),(-1.26418831934264E-7,
1.),.UNSPECIFIED.);
#129=B_SPLINE_SURFACE_WITH_KNOTS('',3,3,((#10629,#10630,#10631,#10632),
(#10633,#10634,#10635,#10636),(#10637,#10638,#10639,#10640),(#10641,#10642,
#10643,#10644)),.UNSPECIFIED.,.F.,.F.,.F.,(4,4),(4,4),(0.,1.),(-1.55549534295703E-5,
1.),.UNSPECIFIED.);
#130=B_SPLINE_SURFACE_WITH_KNOTS('',3,3,((#10656,#10657,#10658,#10659),
(#10660,#10661,#10662,#10663),(#10664,#10665,#10666,#10667),(#10668,#10669,
#10670,#10671)),.UNSPECIFIED.,.F.,.F.,.F.,(4,4),(4,4),(0.,1.),(0.,1.),
 .UNSPECIFIED.);
#131=B_SPLINE_SURFACE_WITH_KNOTS('',3,3,((#10680,#10681,#10682,#10683),
(#10684,#10685,#10686,#10687),(#10688,#10689,#10690,#10691),(#10692,#10693,
#10694,#10695)),.UNSPECIFIED.,.F.,.F.,.F.,(4,4),(4,4),(0.,1.),(0.,1.),
 .UNSPECIFIED.);
#132=B_SPLINE_SURFACE_WITH_KNOTS('',3,3,((#10702,#10703,#10704,#10705),
(#10706,#10707,#10708,#10709),(#10710,#10711,#10712,#10713),(#10714,#10715,
#10716,#10717)),.UNSPECIFIED.,.F.,.F.,.F.,(4,4),(4,4),(0.,1.),(-1.55549518814562E-5,
1.),.UNSPECIFIED.);
#133=B_SPLINE_SURFACE_WITH_KNOTS('',3,3,((#10736,#10737,#10738,#10739),
(#10740,#10741,#10742,#10743),(#10744,#10745,#10746,#10747),(#10748,#10749,
#10750,#10751)),.UNSPECIFIED.,.F.,.F.,.F.,(4,4),(4,4),(0.,1.),(-1.34111981346044E-8,
1.),.UNSPECIFIED.);
#134=B_SPLINE_SURFACE_WITH_KNOTS('',3,3,((#10763,#10764,#10765,#10766),
(#10767,#10768,#10769,#10770),(#10771,#10772,#10773,#10774),(#10775,#10776,
#10777,#10778)),.UNSPECIFIED.,.F.,.F.,.F.,(4,4),(4,4),(0.,1.),(0.,1.),
 .UNSPECIFIED.);
#135=B_SPLINE_SURFACE_WITH_KNOTS('',3,3,((#10787,#10788,#10789,#10790),
(#10791,#10792,#10793,#10794),(#10795,#10796,#10797,#10798),(#10799,#10800,
#10801,#10802)),.UNSPECIFIED.,.F.,.F.,.F.,(4,4),(4,4),(0.,1.),(0.,1.),
 .UNSPECIFIED.);
#136=B_SPLINE_SURFACE_WITH_KNOTS('',3,3,((#10809,#10810,#10811,#10812),
(#10813,#10814,#10815,#10816),(#10817,#10818,#10819,#10820),(#10821,#10822,
#10823,#10824)),.UNSPECIFIED.,.F.,.F.,.F.,(4,4),(4,4),(0.,1.),(-3.14720355660201E-7,
1.),.UNSPECIFIED.);
#137=B_SPLINE_SURFACE_WITH_KNOTS('',3,3,((#10843,#10844,#10845,#10846),
(#10847,#10848,#10849,#10850),(#10851,#10852,#10853,#10854),(#10855,#10856,
#10857,#10858)),.UNSPECIFIED.,.F.,.F.,.F.,(4,4),(4,4),(0.,1.),(-1.55549532705529E-5,
1.),.UNSPECIFIED.);
#138=B_SPLINE_SURFACE_WITH_KNOTS('',3,3,((#10870,#10871,#10872,#10873),
(#10874,#10875,#10876,#10877),(#10878,#10879,#10880,#10881),(#10882,#10883,
#10884,#10885)),.UNSPECIFIED.,.F.,.F.,.F.,(4,4),(4,4),(0.,1.),(0.,1.),
 .UNSPECIFIED.);
#139=B_SPLINE_SURFACE_WITH_KNOTS('',3,3,((#10894,#10895,#10896,#10897),
(#10898,#10899,#10900,#10901),(#10902,#10903,#10904,#10905),(#10906,#10907,
#10908,#10909)),.UNSPECIFIED.,.F.,.F.,.F.,(4,4),(4,4),(0.,1.),(0.,1.),
 .UNSPECIFIED.);
#140=B_SPLINE_SURFACE_WITH_KNOTS('',3,3,((#10916,#10917,#10918,#10919),
(#10920,#10921,#10922,#10923),(#10924,#10925,#10926,#10927),(#10928,#10929,
#10930,#10931)),.UNSPECIFIED.,.F.,.F.,.F.,(4,4),(4,4),(0.,1.),(-1.55549570556455E-5,
1.),.UNSPECIFIED.);
#141=B_SPLINE_CURVE_WITH_KNOTS('',3,(#6688,#6689,#6690,#6691,#6692,#6693,
#6694),.UNSPECIFIED.,.F.,.F.,(4,3,4),(0.,0.897597901025656,1.5707963267949),
 .UNSPECIFIED.);
#142=B_SPLINE_CURVE_WITH_KNOTS('',3,(#6697,#6698,#6699,#6700,#6701,#6702,
#6703),.UNSPECIFIED.,.F.,.F.,(4,3,4),(0.,0.673198425769237,1.57079632679489),
 .UNSPECIFIED.);
#143=B_SPLINE_CURVE_WITH_KNOTS('',3,(#6728,#6729,#6730,#6731,#6732,#6733,
#6734),.UNSPECIFIED.,.F.,.F.,(4,3,4),(0.,0.673198425769245,1.5707963267949),
 .UNSPECIFIED.);
#144=B_SPLINE_CURVE_WITH_KNOTS('',3,(#6781,#6782,#6783,#6784,#6785,#6786,
#6787),.UNSPECIFIED.,.F.,.F.,(4,3,4),(0.,0.673198425769236,1.57079632679489),
 .UNSPECIFIED.);
#145=B_SPLINE_CURVE_WITH_KNOTS('',3,(#6791,#6792,#6793,#6794,#6795,#6796,
#6797),.UNSPECIFIED.,.F.,.F.,(4,3,4),(0.,0.673198425769243,1.5707963267949),
 .UNSPECIFIED.);
#146=B_SPLINE_CURVE_WITH_KNOTS('',3,(#6800,#6801,#6802,#6803,#6804,#6805,
#6806),.UNSPECIFIED.,.F.,.F.,(4,3,4),(0.,0.673198425769245,1.5707963267949),
 .UNSPECIFIED.);
#147=B_SPLINE_CURVE_WITH_KNOTS('',3,(#6831,#6832,#6833,#6834,#6835,#6836,
#6837),.UNSPECIFIED.,.F.,.F.,(4,3,4),(0.,0.673198425769243,1.5707963267949),
 .UNSPECIFIED.);
#148=B_SPLINE_CURVE_WITH_KNOTS('',3,(#6903,#6904,#6905,#6906,#6907,#6908,
#6909),.UNSPECIFIED.,.F.,.F.,(4,3,4),(0.,0.897597901025657,1.5707963267949),
 .UNSPECIFIED.);
#149=B_SPLINE_CURVE_WITH_KNOTS('',3,(#7554,#7555,#7556,#7557,#7558,#7559,
#7560,#7561,#7562,#7563),.UNSPECIFIED.,.F.,.F.,(4,3,3,4),(-4.09232582034258,
-3.99279287769419,-2.99459465827064,-2.06924277469722),.UNSPECIFIED.);
#150=B_SPLINE_CURVE_WITH_KNOTS('',3,(#7566,#7567,#7568,#7569,#7570,#7571,
#7572),.UNSPECIFIED.,.F.,.F.,(4,3,4),(0.,0.998198219423554,1.11850960794437),
 .UNSPECIFIED.);
#151=B_SPLINE_CURVE_WITH_KNOTS('',3,(#7577,#7578,#7579,#7580,#7581,#7582,
#7583,#7584,#7585,#7586,#7587,#7588,#7589,#7590,#7591,#7592,#7593,#7594,
#7595,#7596,#7597,#7598),.UNSPECIFIED.,.F.,.F.,(4,3,3,3,3,3,3,4),(-10.3755111275222,
-9.98198219423548,-8.98378397481193,-7.98558575538838,-6.98738753596483,
-5.98918931654129,-4.99099109711774,-4.09232582034258),.UNSPECIFIED.);
#152=B_SPLINE_CURVE_WITH_KNOTS('',3,(#7599,#7600,#7601,#7602,#7603,#7604,
#7605,#7606,#7607,#7608,#7609,#7610,#7611,#7612,#7613,#7614,#7615,#7616,
#7617,#7618,#7619,#7620),.UNSPECIFIED.,.F.,.F.,(4,3,3,3,3,3,3,4),(1.11850960794437,
1.99639643884711,2.99459465827065,3.99279287769419,4.99099109711774,5.98918931654128,
6.98738753596483,7.40169491512396),.UNSPECIFIED.);
#153=B_SPLINE_CURVE_WITH_KNOTS('',3,(#7625,#7626,#7627,#7628,#7629,#7630,
#7631,#7632,#7633,#7634,#7635,#7636,#7637,#7638,#7639,#7640,#7641,#7642,
#7643,#7644,#7645,#7646),.UNSPECIFIED.,.F.,.F.,(4,3,3,3,3,3,3,4),(-16.6586964347018,
-15.9711715107768,-14.9729732913532,-13.9747750719297,-12.9765768525061,
-11.9783786330826,-10.980180413659,-10.3755111275222),.UNSPECIFIED.);
#154=B_SPLINE_CURVE_WITH_KNOTS('',3,(#7647,#7648,#7649,#7650,#7651,#7652,
#7653,#7654,#7655,#7656,#7657,#7658,#7659,#7660,#7661,#7662,#7663,#7664,
#7665,#7666,#7667,#7668),.UNSPECIFIED.,.F.,.F.,(4,3,3,3,3,3,3,4),(7.40169491512396,
7.98558575538838,8.98378397481192,9.98198219423547,10.980180413659,11.9783786330826,
12.9765768525061,13.6848802223035),.UNSPECIFIED.);
#155=B_SPLINE_CURVE_WITH_KNOTS('',3,(#7673,#7674,#7675,#7676,#7677,#7678,
#7679,#7680,#7681,#7682,#7683,#7684,#7685,#7686,#7687,#7688,#7689,#7690,
#7691,#7692,#7693,#7694),.UNSPECIFIED.,.F.,.F.,(4,3,3,3,3,3,3,4),(-22.9418817418813,
-21.960360827318,-20.9621626078945,-19.963964388471,-18.9657661690474,-17.9675679496239,
-16.9693697302003,-16.6586964347018),.UNSPECIFIED.);
#156=B_SPLINE_CURVE_WITH_KNOTS('',3,(#7695,#7696,#7697,#7698,#7699,#7700,
#7701,#7702,#7703,#7704,#7705,#7706,#7707,#7708,#7709,#7710,#7711,#7712,
#7713,#7714,#7715,#7716,#7717,#7718,#7719),.UNSPECIFIED.,.F.,.F.,(4,3,3,
3,3,3,3,3,4),(13.6848802223035,13.9747750719297,14.9729732913532,15.9711715107768,
16.9693697302003,17.9675679496238,18.9657661690474,19.963964388471,19.9680655294831),
 .UNSPECIFIED.);
#157=B_SPLINE_CURVE_WITH_KNOTS('',3,(#7724,#7725,#7726,#7727,#7728,#7729,
#7730,#7731,#7732,#7733,#7734,#7735,#7736,#7737,#7738,#7739,#7740,#7741,
#7742,#7743,#7744,#7745,#7746,#7747,#7748),.UNSPECIFIED.,.F.,.F.,(4,3,3,
3,3,3,3,3,4),(-29.2250670490609,-28.9477483632829,-27.9495501438593,-26.9513519244358,
-25.9531537050122,-24.9549554855887,-23.9567572661651,-22.9585590467416,
-22.9418817418813),.UNSPECIFIED.);
#158=B_SPLINE_CURVE_WITH_KNOTS('',3,(#7749,#7750,#7751,#7752,#7753,#7754,
#7755,#7756,#7757,#7758,#7759,#7760,#7761,#7762,#7763,#7764,#7765,#7766,
#7767,#7768,#7769,#7770),.UNSPECIFIED.,.F.,.F.,(4,3,3,3,3,3,3,4),(19.9680655294831,
20.9621626078945,21.960360827318,22.9585590467416,23.9567572661651,24.9549554855887,
25.9531537050122,26.2512508366627),.UNSPECIFIED.);
#159=B_SPLINE_CURVE_WITH_KNOTS('',3,(#7775,#7776,#7777,#7778,#7779,#7780,
#7781,#7782,#7783,#7784,#7785,#7786,#7787,#7788,#7789,#7790,#7791,#7792,
#7793,#7794,#7795,#7796),.UNSPECIFIED.,.F.,.F.,(4,3,3,3,3,3,3,4),(-35.5082523562405,
-34.9369376798242,-33.9387394604006,-32.9405412409771,-31.9423430215535,
-30.94414480213,-29.9459465827064,-29.2250670490609),.UNSPECIFIED.);
#160=B_SPLINE_CURVE_WITH_KNOTS('',3,(#7797,#7798,#7799,#7800,#7801,#7802,
#7803,#7804,#7805,#7806,#7807,#7808,#7809,#7810,#7811,#7812,#7813,#7814,
#7815,#7816,#7817,#7818),.UNSPECIFIED.,.F.,.F.,(4,3,3,3,3,3,3,4),(26.2512508366627,
26.9513519244358,27.9495501438593,28.9477483632829,29.9459465827064,30.94414480213,
31.9423430215535,32.5344361438423),.UNSPECIFIED.);
#161=B_SPLINE_CURVE_WITH_KNOTS('',3,(#7823,#7824,#7825,#7826,#7827,#7828,
#7829,#7830,#7831,#7832,#7833,#7834,#7835,#7836,#7837,#7838,#7839,#7840,
#7841,#7842,#7843,#7844),.UNSPECIFIED.,.F.,.F.,(4,3,3,3,3,3,3,4),(-41.7914376634201,
-40.9261269963655,-39.9279287769419,-38.9297305575184,-37.9315323380948,
-36.9333341186713,-35.9351358992477,-35.5082523562405),.UNSPECIFIED.);
#162=B_SPLINE_CURVE_WITH_KNOTS('',3,(#7845,#7846,#7847,#7848,#7849,#7850,
#7851,#7852,#7853,#7854,#7855,#7856,#7857,#7858,#7859,#7860,#7861,#7862,
#7863,#7864,#7865,#7866),.UNSPECIFIED.,.F.,.F.,(4,3,3,3,3,3,3,4),(32.5344361438423,
32.9405412409771,33.9387394604006,34.9369376798242,35.9351358992477,36.9333341186713,
37.9315323380948,38.8176214510219),.UNSPECIFIED.);
#163=B_SPLINE_CURVE_WITH_KNOTS('',3,(#7871,#7872,#7873,#7874,#7875,#7876,
#7877,#7878,#7879,#7880,#7881,#7882,#7883,#7884,#7885,#7886,#7887,#7888,
#7889,#7890,#7891,#7892,#7893,#7894,#7895),.UNSPECIFIED.,.F.,.F.,(4,3,3,
3,3,3,3,3,4),(-48.0746229705997,-47.9135145323303,-46.9153163129067,-45.9171180934832,
-44.9189198740596,-43.9207216546361,-42.9225234352125,-41.924325215789,
-41.7914376634201),.UNSPECIFIED.);
#164=B_SPLINE_CURVE_WITH_KNOTS('',3,(#7896,#7897,#7898,#7899,#7900,#7901,
#7902,#7903,#7904,#7905,#7906,#7907,#7908,#7909,#7910,#7911,#7912,#7913,
#7914,#7915,#7916,#7917,#7918,#7919,#7920),.UNSPECIFIED.,.F.,.F.,(4,3,3,
3,3,3,3,3,4),(38.8176214510219,38.9297305575183,39.9279287769419,40.9261269963654,
41.924325215789,42.9225234352125,43.9207216546361,44.9189198740596,45.1008067582015),
 .UNSPECIFIED.);
#165=B_SPLINE_CURVE_WITH_KNOTS('',3,(#7925,#7926,#7927,#7928,#7929,#7930,
#7931,#7932,#7933,#7934,#7935,#7936,#7937,#7938,#7939,#7940,#7941,#7942,
#7943,#7944,#7945,#7946),.UNSPECIFIED.,.F.,.F.,(4,3,3,3,3,3,3,4),(-54.3578082777793,
-53.9027038488716,-52.904505629448,-51.9063074100245,-50.9081091906009,
-49.9099109711774,-48.9117127517538,-48.0746229705997),.UNSPECIFIED.);
#166=B_SPLINE_CURVE_WITH_KNOTS('',3,(#7947,#7948,#7949,#7950,#7951,#7952,
#7953,#7954,#7955,#7956,#7957,#7958,#7959,#7960,#7961,#7962,#7963,#7964,
#7965,#7966,#7967,#7968),.UNSPECIFIED.,.F.,.F.,(4,3,3,3,3,3,3,4),(45.1008067582015,
45.9171180934832,46.9153163129067,47.9135145323303,48.9117127517538,49.9099109711774,
50.9081091906009,51.3839920653811),.UNSPECIFIED.);
#167=B_SPLINE_CURVE_WITH_KNOTS('',3,(#7973,#7974,#7975,#7976,#7977,#7978,
#7979,#7980,#7981,#7982,#7983,#7984,#7985,#7986,#7987,#7988,#7989,#7990,
#7991,#7992,#7993,#7994),.UNSPECIFIED.,.F.,.F.,(4,3,3,3,3,3,3,4),(-60.6409935849589,
-59.8918931654129,-58.8936949459893,-57.8954967265658,-56.8972985071422,
-55.8991002877187,-54.9009020682951,-54.3578082777793),.UNSPECIFIED.);
#168=B_SPLINE_CURVE_WITH_KNOTS('',3,(#7995,#7996,#7997,#7998,#7999,#8000,
#8001,#8002,#8003,#8004,#8005,#8006,#8007,#8008,#8009,#8010,#8011,#8012,
#8013,#8014,#8015,#8016),.UNSPECIFIED.,.F.,.F.,(4,3,3,3,3,3,3,4),(51.3839920653811,
51.9063074100245,52.904505629448,53.9027038488716,54.9009020682951,55.8991002877187,
56.8972985071422,57.6671773725607),.UNSPECIFIED.);
#169=B_SPLINE_CURVE_WITH_KNOTS('',3,(#8021,#8022,#8023,#8024,#8025,#8026,
#8027,#8028,#8029,#8030,#8031,#8032,#8033,#8034,#8035,#8036,#8037,#8038,
#8039,#8040,#8041,#8042,#8043,#8044,#8045),.UNSPECIFIED.,.F.,.F.,(4,3,3,
3,3,3,3,3,4),(-66.9241788921385,-66.8792807013777,-65.8810824819541,-64.8828842625306,
-63.884686043107,-62.8864878236835,-61.88828960426,-60.8900913848364,-60.6409935849589),
 .UNSPECIFIED.);
#170=B_SPLINE_CURVE_WITH_KNOTS('',3,(#8046,#8047,#8048,#8049,#8050,#8051,
#8052,#8053,#8054,#8055,#8056,#8057,#8058,#8059,#8060,#8061,#8062,#8063,
#8064,#8065,#8066,#8067,#8068,#8069,#8070),.UNSPECIFIED.,.F.,.F.,(4,3,3,
3,3,3,3,3,4),(57.6671773725607,57.8954967265657,58.8936949459893,59.8918931654128,
60.8900913848364,61.8882896042599,62.8864878236835,63.884686043107,63.9503626797403),
 .UNSPECIFIED.);
#171=B_SPLINE_CURVE_WITH_KNOTS('',3,(#8075,#8076,#8077,#8078,#8079,#8080,
#8081,#8082,#8083,#8084,#8085,#8086,#8087,#8088,#8089,#8090,#8091,#8092,
#8093,#8094,#8095,#8096),.UNSPECIFIED.,.F.,.F.,(4,3,3,3,3,3,3,4),(-73.2073641993181,
-72.868470017919,-71.8702717984954,-70.8720735790719,-69.8738753596483,
-68.8756771402248,-67.8774789208012,-66.9241788921385),.UNSPECIFIED.);
#172=B_SPLINE_CURVE_WITH_KNOTS('',3,(#8097,#8098,#8099,#8100,#8101,#8102,
#8103,#8104,#8105,#8106,#8107,#8108,#8109,#8110,#8111,#8112,#8113,#8114,
#8115,#8116,#8117,#8118),.UNSPECIFIED.,.F.,.F.,(4,3,3,3,3,3,3,4),(63.9503626797403,
64.8828842625306,65.8810824819541,66.8792807013777,67.8774789208012,68.8756771402248,
69.8738753596483,70.2335479869199),.UNSPECIFIED.);
#173=B_SPLINE_CURVE_WITH_KNOTS('',3,(#8123,#8124,#8125,#8126,#8127,#8128,
#8129,#8130,#8131,#8132,#8133,#8134,#8135,#8136,#8137,#8138,#8139,#8140,
#8141,#8142,#8143,#8144),.UNSPECIFIED.,.F.,.F.,(4,3,3,3,3,3,3,4),(-79.4905495064977,
-78.8576593344603,-77.8594611150367,-76.8612628956132,-75.8630646761896,
-74.8648664567661,-73.8666682373425,-73.2073641993181),.UNSPECIFIED.);
#174=B_SPLINE_CURVE_WITH_KNOTS('',3,(#8145,#8146,#8147,#8148,#8149,#8150,
#8151,#8152,#8153,#8154,#8155,#8156,#8157,#8158,#8159,#8160,#8161,#8162,
#8163,#8164,#8165,#8166),.UNSPECIFIED.,.F.,.F.,(4,3,3,3,3,3,3,4),(70.2335479869199,
70.8720735790718,71.8702717984954,72.8684700179189,73.8666682373425,74.864866456766,
75.8630646761896,76.5167332940995),.UNSPECIFIED.);
#175=B_SPLINE_CURVE_WITH_KNOTS('',3,(#8171,#8172,#8173,#8174,#8175,#8176,
#8177,#8178,#8179,#8180,#8181,#8182,#8183,#8184,#8185,#8186,#8187,#8188,
#8189,#8190,#8191,#8192),.UNSPECIFIED.,.F.,.F.,(4,3,3,3,3,3,3,4),(-85.7737348136773,
-84.8468486510016,-83.848650431578,-82.8504522121545,-81.8522539927309,
-80.8540557733074,-79.8558575538838,-79.4905495064977),.UNSPECIFIED.);
#176=B_SPLINE_CURVE_WITH_KNOTS('',3,(#8193,#8194,#8195,#8196,#8197,#8198,
#8199,#8200,#8201,#8202,#8203,#8204,#8205,#8206,#8207,#8208,#8209,#8210,
#8211,#8212,#8213,#8214),.UNSPECIFIED.,.F.,.F.,(4,3,3,3,3,3,3,4),(76.5167332940995,
76.8612628956131,77.8594611150367,78.8576593344602,79.8558575538838,80.8540557733073,
81.8522539927309,82.799918601279),.UNSPECIFIED.);
#177=B_SPLINE_CURVE_WITH_KNOTS('',3,(#8220,#8221,#8222,#8223,#8224,#8225,
#8226,#8227),.UNSPECIFIED.,.F.,.F.,(4,1,1,1,1,4),(91.106186954104,91.4714950014901,
92.4696932209137,93.4678914403372,94.4660896597608,95.3914415433342),
 .UNSPECIFIED.);
#178=B_SPLINE_CURVE_WITH_KNOTS('',3,(#8230,#8231,#8232,#8233,#8234,#8235,
#8236),.UNSPECIFIED.,.F.,.F.,(4,1,1,1,4),(91.106186954104,91.1567205649793,
92.1549187844028,93.1531170038264,94.1513152232499),.UNSPECIFIED.);
#179=B_SPLINE_CURVE_WITH_KNOTS('',3,(#8241,#8242,#8243,#8244,#8245,#8246,
#8247,#8248,#8249,#8250),.UNSPECIFIED.,.F.,.F.,(4,1,1,1,1,1,1,4),(84.8230016469244,
85.4823056849488,86.4805039043724,87.4787021237959,88.4769003432195,89.475098562643,
90.4732967820666,91.106186954104),.UNSPECIFIED.);
#180=B_SPLINE_CURVE_WITH_KNOTS('',3,(#8251,#8252,#8253,#8254,#8255,#8256,
#8257,#8258,#8259,#8260),.UNSPECIFIED.,.F.,.F.,(4,1,1,1,1,1,1,4),(84.8230016469244,
85.167531248438,86.1657294678616,87.1639276872851,88.1621259067087,89.1603241261322,
90.1585223455558,91.106186954104),.UNSPECIFIED.);
#181=B_SPLINE_CURVE_WITH_KNOTS('',3,(#8265,#8266,#8267,#8268,#8269,#8270,
#8271,#8272,#8273,#8274),.UNSPECIFIED.,.F.,.F.,(4,1,1,1,1,1,1,4),(78.5398163397448,
79.4931163684076,80.4913145878311,81.4895128072547,82.4877110266782,83.4859092461017,
84.4841074655253,84.8230016469244),.UNSPECIFIED.);
#182=B_SPLINE_CURVE_WITH_KNOTS('',3,(#8275,#8276,#8277,#8278,#8279,#8280,
#8281,#8282,#8283,#8284),.UNSPECIFIED.,.F.,.F.,(4,1,1,1,1,1,1,4),(78.5398163397448,
79.1783419318967,80.1765401513203,81.1747383707438,82.1729365901674,83.1711348095909,
84.1693330290145,84.8230016469244),.UNSPECIFIED.);
#183=B_SPLINE_CURVE_WITH_KNOTS('',3,(#8289,#8290,#8291,#8292,#8293,#8294,
#8295,#8296,#8297,#8298,#8299),.UNSPECIFIED.,.F.,.F.,(4,1,1,1,1,1,1,1,4),
(72.2566310325652,72.5057288324427,73.5039270518663,74.5021252712898,75.5003234907134,
76.4985217101369,77.4967199295605,78.494918148984,78.5398163397448),
 .UNSPECIFIED.);
#184=B_SPLINE_CURVE_WITH_KNOTS('',3,(#8300,#8301,#8302,#8303,#8304,#8305,
#8306,#8307,#8308,#8309),.UNSPECIFIED.,.F.,.F.,(4,1,1,1,1,1,1,4),(72.2566310325652,
73.1891526153554,74.187350834779,75.1855490542025,76.1837472736261,77.1819454930496,
78.1801437124732,78.5398163397448),.UNSPECIFIED.);
#185=B_SPLINE_CURVE_WITH_KNOTS('',3,(#8314,#8315,#8316,#8317,#8318,#8319,
#8320,#8321,#8322,#8323),.UNSPECIFIED.,.F.,.F.,(4,1,1,1,1,1,1,4),(65.9734457253856,
66.5165395159014,67.514737735325,68.5129359547485,69.5111341741721,70.5093323935956,
71.5075306130192,72.2566310325652),.UNSPECIFIED.);
#186=B_SPLINE_CURVE_WITH_KNOTS('',3,(#8324,#8325,#8326,#8327,#8328,#8329,
#8330,#8331,#8332,#8333,#8334),.UNSPECIFIED.,.F.,.F.,(4,1,1,1,1,1,1,1,4),
(65.9734457253856,66.2017650793906,67.1999632988142,68.1981615182377,69.1963597376613,
70.1945579570848,71.1927561765083,72.1909543959319,72.2566310325652),
 .UNSPECIFIED.);
#187=B_SPLINE_CURVE_WITH_KNOTS('',3,(#8339,#8340,#8341,#8342,#8343,#8344,
#8345,#8346,#8347,#8348),.UNSPECIFIED.,.F.,.F.,(4,1,1,1,1,1,1,4),(59.690260418206,
60.5273501993601,61.5255484187837,62.5237466382072,63.5219448576308,64.5201430770543,
65.5183412964779,65.9734457253856),.UNSPECIFIED.);
#188=B_SPLINE_CURVE_WITH_KNOTS('',3,(#8349,#8350,#8351,#8352,#8353,#8354,
#8355,#8356,#8357,#8358),.UNSPECIFIED.,.F.,.F.,(4,1,1,1,1,1,1,4),(59.690260418206,
60.2125757628493,61.2107739822729,62.2089722016964,63.20717042112,64.2053686405435,
65.2035668599671,65.9734457253856),.UNSPECIFIED.);
#189=B_SPLINE_CURVE_WITH_KNOTS('',3,(#8363,#8364,#8365,#8366,#8367,#8368,
#8369,#8370,#8371,#8372,#8373),.UNSPECIFIED.,.F.,.F.,(4,1,1,1,1,1,1,1,4),
(53.4070751110264,53.5399626633953,54.5381608828189,55.5363591022424,56.534557321666,
57.5327555410895,58.5309537605131,59.5291519799366,59.690260418206),
 .UNSPECIFIED.);
#190=B_SPLINE_CURVE_WITH_KNOTS('',3,(#8374,#8375,#8376,#8377,#8378,#8379,
#8380,#8381,#8382,#8383),.UNSPECIFIED.,.F.,.F.,(4,1,1,1,1,1,1,4),(53.4070751110264,
54.223386446308,55.2215846657316,56.2197828851551,57.2179811045787,58.2161793240022,
59.2143775434258,59.690260418206),.UNSPECIFIED.);
#191=B_SPLINE_CURVE_WITH_KNOTS('',3,(#8388,#8389,#8390,#8391,#8392,#8393,
#8394,#8395,#8396,#8397),.UNSPECIFIED.,.F.,.F.,(4,1,1,1,1,1,1,4),(47.1238898038469,
47.550773346854,48.5489715662776,49.5471697857011,50.5453680051247,51.5435662245482,
52.5417644439718,53.4070751110264),.UNSPECIFIED.);
#192=B_SPLINE_CURVE_WITH_KNOTS('',3,(#8398,#8399,#8400,#8401,#8402,#8403,
#8404,#8405,#8406,#8407,#8408),.UNSPECIFIED.,.F.,.F.,(4,1,1,1,1,1,1,1,4),
(47.1238898038469,47.2359989103432,48.2341971297668,49.2323953491903,50.2305935686139,
51.2287917880374,52.226990007461,53.2251882268845,53.4070751110264),
 .UNSPECIFIED.);
#193=B_SPLINE_CURVE_WITH_KNOTS('',3,(#8413,#8414,#8415,#8416,#8417,#8418,
#8419,#8420,#8421,#8422),.UNSPECIFIED.,.F.,.F.,(4,1,1,1,1,1,1,4),(40.8407044966673,
41.5615840303127,42.5597822497363,43.5579804691598,44.5561786885834,45.5543769080069,
46.5525751274305,47.1238898038469),.UNSPECIFIED.);
#194=B_SPLINE_CURVE_WITH_KNOTS('',3,(#8423,#8424,#8425,#8426,#8427,#8428,
#8429,#8430,#8431,#8432),.UNSPECIFIED.,.F.,.F.,(4,1,1,1,1,1,1,4),(40.8407044966673,
41.2468095938019,42.2450078132255,43.243206032649,44.2414042520726,45.2396024714961,
46.2378006909197,47.1238898038469),.UNSPECIFIED.);
#195=B_SPLINE_CURVE_WITH_KNOTS('',3,(#8437,#8438,#8439,#8440,#8441,#8442,
#8443,#8444,#8445,#8446,#8447),.UNSPECIFIED.,.F.,.F.,(4,1,1,1,1,1,1,1,4),
(34.5575191894877,34.5741964943479,35.5723947137715,36.570592933195,37.5687911526186,
38.5669893720421,39.5651875914656,40.5633858108892,40.8407044966673),
 .UNSPECIFIED.);
#196=B_SPLINE_CURVE_WITH_KNOTS('',3,(#8448,#8449,#8450,#8451,#8452,#8453,
#8454,#8455,#8456,#8457),.UNSPECIFIED.,.F.,.F.,(4,1,1,1,1,1,1,4),(34.5575191894877,
35.2576202772606,36.2558184966842,37.2540167161077,38.2522149355313,39.2504131549548,
40.2486113743784,40.8407044966673),.UNSPECIFIED.);
#197=B_SPLINE_CURVE_WITH_KNOTS('',3,(#8462,#8463,#8464,#8465,#8466,#8467,
#8468,#8469,#8470,#8471),.UNSPECIFIED.,.F.,.F.,(4,1,1,1,1,1,1,4),(28.2743338823081,
28.5850071778066,29.5832053972302,30.5814036166537,31.5796018360773,32.5778000555008,
33.5759982749244,34.5575191894877),.UNSPECIFIED.);
#198=B_SPLINE_CURVE_WITH_KNOTS('',3,(#8472,#8473,#8474,#8475,#8476,#8477,
#8478,#8479,#8480,#8481),.UNSPECIFIED.,.F.,.F.,(4,1,1,1,1,1,1,4),(28.2743338823081,
29.2684309607194,30.2666291801429,31.2648273995665,32.26302561899,33.2612238384136,
34.2594220578371,34.5575191894877),.UNSPECIFIED.);
#199=B_SPLINE_CURVE_WITH_KNOTS('',3,(#8486,#8487,#8488,#8489,#8490,#8491,
#8492,#8493,#8494,#8495),.UNSPECIFIED.,.F.,.F.,(4,1,1,1,1,1,1,4),(21.9911485751285,
22.5958178612653,23.5940160806889,24.5922143001124,25.590412519536,26.5886107389595,
27.5868089583831,28.2743338823081),.UNSPECIFIED.);
#200=B_SPLINE_CURVE_WITH_KNOTS('',3,(#8496,#8497,#8498,#8499,#8500,#8501,
#8502,#8503,#8504,#8505,#8506),.UNSPECIFIED.,.F.,.F.,(4,1,1,1,1,1,1,1,4),
(21.9911485751285,22.2810434247545,23.2792416441781,24.2774398636016,25.2756380830252,
26.2738363024487,27.2720345218723,28.2702327412958,28.2743338823081),
 .UNSPECIFIED.);
#201=B_SPLINE_CURVE_WITH_KNOTS('',3,(#8511,#8512,#8513,#8514,#8515,#8516,
#8517,#8518,#8519,#8520),.UNSPECIFIED.,.F.,.F.,(4,1,1,1,1,1,1,4),(15.7079632679489,
16.6066285447241,17.6048267641476,18.6030249835711,19.6012232029947,20.5994214224182,
21.5976196418418,21.9911485751285),.UNSPECIFIED.);
#202=B_SPLINE_CURVE_WITH_KNOTS('',3,(#8521,#8522,#8523,#8524,#8525,#8526,
#8527,#8528,#8529,#8530),.UNSPECIFIED.,.F.,.F.,(4,1,1,1,1,1,1,4),(15.7079632679489,
16.2918541082133,17.2900523276368,18.2882505470603,19.2864487664839,20.2846469859074,
21.282845205331,21.9911485751285),.UNSPECIFIED.);
#203=B_SPLINE_CURVE_WITH_KNOTS('',3,(#8546,#8547,#8548,#8549,#8550,#8551,
#8552,#8553,#8554,#8555),.UNSPECIFIED.,.F.,.F.,(4,2,2,2,4),(-0.0298320580080738,
-0.0222821628520504,-0.0147946073715763,-0.00737232197796527,-1.38777878078145E-17),
 .UNSPECIFIED.);
#204=B_SPLINE_CURVE_WITH_KNOTS('',3,(#8558,#8559,#8560,#8561,#8562,#8563,
#8564,#8565,#8566,#8567),.UNSPECIFIED.,.F.,.F.,(4,2,2,2,4),(0.,0.00737232197796525,
0.0147946073715763,0.0222821628520504,0.0298320580080738),.UNSPECIFIED.);
#205=B_SPLINE_CURVE_WITH_KNOTS('',3,(#8572,#8573,#8574,#8575,#8576,#8577,
#8578,#8579,#8580,#8581),.UNSPECIFIED.,.F.,.F.,(4,2,2,2,4),(-0.0298320580080738,
-0.0222821628520504,-0.0147946073715763,-0.00737232197796527,-1.38777878078145E-17),
 .UNSPECIFIED.);
#206=B_SPLINE_CURVE_WITH_KNOTS('',3,(#8585,#8586,#8587,#8588,#8589,#8590,
#8591,#8592,#8593,#8594),.UNSPECIFIED.,.F.,.F.,(4,2,2,2,4),(0.,0.00737232197796525,
0.0147946073715763,0.0222821628520504,0.0298320580080738),.UNSPECIFIED.);
#207=B_SPLINE_CURVE_WITH_KNOTS('',3,(#8967,#8968,#8969,#8970,#8971,#8972,
#8973,#8974,#8975,#8976,#8977,#8978,#8979,#8980,#8981,#8982,#8983,#8984,
#8985,#8986,#8987,#8988,#8989,#8990,#8991,#8992,#8993,#8994,#8995,#8996,
#8997,#8998,#8999,#9000,#9001,#9002,#9003,#9004,#9005,#9006,#9007,#9008,
#9009,#9010,#9011,#9012,#9013,#9014,#9015,#9016,#9017,#9018,#9019,#9020,
#9021,#9022,#9023,#9024,#9025,#9026,#9027,#9028,#9029,#9030,#9031,#9032,
#9033,#9034,#9035,#9036,#9037,#9038,#9039,#9040,#9041,#9042,#9043,#9044,
#9045,#9046,#9047,#9048,#9049,#9050,#9051),.UNSPECIFIED.,.F.,.F.,(4,3,3,
3,3,3,3,3,3,3,3,3,3,3,3,3,3,3,3,3,3,3,3,3,3,3,3,3,4),(0.,0.0124798062066573,
0.0328141011129017,0.0506066091558655,0.0589772321989445,0.064820136385534,
0.0684052820928936,0.0875011394275078,0.106454121556814,0.123629132531764,
0.12738239726923,0.130553035828971,0.148816533820577,0.166519362398993,
0.175154165456613,0.184300753531182,0.188218790341919,0.19135062035606,
0.209231177261271,0.227157819819144,0.238950539172965,0.243808086943817,
0.248566626329688,0.266799863409695,0.280474791219701,0.284138508035212,
0.287920143031941,0.304709858840829,0.321499574649717),.UNSPECIFIED.);
#208=B_SPLINE_CURVE_WITH_KNOTS('',3,(#9052,#9053,#9054,#9055,#9056,#9057,
#9058),.UNSPECIFIED.,.F.,.F.,(4,3,4),(82.799918601279,82.8504522121544,
83.7758040957279),.UNSPECIFIED.);
#209=B_SPLINE_CURVE_WITH_KNOTS('',3,(#9060,#9061,#9062,#9063,#9064,#9065,
#9066,#9067,#9068,#9069,#9070,#9071,#9072,#9073,#9074,#9075,#9076,#9077,
#9078,#9079,#9080,#9081,#9082,#9083,#9084,#9085,#9086,#9087,#9088,#9089,
#9090,#9091,#9092,#9093,#9094,#9095,#9096,#9097,#9098,#9099,#9100,#9101,
#9102,#9103,#9104,#9105,#9106,#9107,#9108,#9109,#9110,#9111,#9112,#9113,
#9114,#9115,#9116,#9117,#9118,#9119,#9120,#9121,#9122,#9123,#9124,#9125,
#9126,#9127,#9128,#9129,#9130,#9131,#9132,#9133,#9134,#9135,#9136,#9137,
#9138,#9139,#9140,#9141,#9142,#9143,#9144),.UNSPECIFIED.,.F.,.F.,(4,3,3,
3,3,3,3,3,3,3,3,3,3,3,3,3,3,3,3,3,3,3,3,3,3,3,3,3,4),(-0.32149957464973,
-0.311381426074041,-0.295063251222432,-0.285165595523131,-0.281514790199084,
-0.264440881241337,-0.25186339700775,-0.247220834019411,-0.243836596439977,
-0.226223855608525,-0.208259220249944,-0.197149667030618,-0.189811627550702,
-0.186083127285004,-0.16757268246111,-0.163821007372641,-0.145967115960325,
-0.136266002843222,-0.130550123951663,-0.125702468620191,-0.107152999886261,
-0.0882077252588402,-0.0691402925191012,-0.0652677908016259,-0.0620960060096901,
-0.0425020339012714,-0.0228880929381966,-0.00372713954183675,0.),
 .UNSPECIFIED.);
#210=B_SPLINE_CURVE_WITH_KNOTS('',3,(#9145,#9146,#9147,#9148,#9149,#9150,
#9151,#9152,#9153),.UNSPECIFIED.,.F.,.F.,(4,1,1,1,1,1,4),(10.3755111275221,
11.3008630110955,12.2990612305191,13.2972594499426,14.2954576693662,15.2936558887897,
15.7079632679489),.UNSPECIFIED.);
#211=B_SPLINE_CURVE_WITH_KNOTS('',3,(#9157,#9158,#9159,#9160,#9161,#9162,
#9163,#9164),.UNSPECIFIED.,.F.,.F.,(4,1,1,1,1,4),(11.6156374476063,12.6138356670299,
13.6120338864534,14.610232105877,15.6084303253005,15.7079632679489),
 .UNSPECIFIED.);
#212=B_SPLINE_CURVE_WITH_KNOTS('',3,(#9522,#9523,#9524,#9525,#9526,#9527,
#9528,#9529,#9530,#9531,#9532,#9533,#9534,#9535,#9536,#9537,#9538,#9539,
#9540,#9541,#9542,#9543,#9544,#9545,#9546,#9547,#9548,#9549,#9550,#9551,
#9552,#9553,#9554,#9555,#9556,#9557,#9558,#9559,#9560,#9561,#9562,#9563,
#9564,#9565,#9566,#9567,#9568,#9569,#9570,#9571,#9572,#9573,#9574,#9575,
#9576,#9577,#9578,#9579,#9580,#9581,#9582,#9583,#9584,#9585,#9586,#9587,
#9588,#9589,#9590,#9591,#9592,#9593,#9594,#9595,#9596,#9597,#9598,#9599,
#9600,#9601,#9602,#9603),.UNSPECIFIED.,.F.,.F.,(4,3,3,3,3,3,3,3,3,3,3,3,
3,3,3,3,3,3,3,3,3,3,3,3,3,3,3,4),(0.,0.0100813497066991,0.0262340124410236,
0.0425921507455985,0.0497488362538501,0.0534941062261072,0.0564802539454709,
0.0736603127893507,0.0912233893084091,0.107692321700713,0.11103414147864,
0.129178231881673,0.147301848924875,0.157099118877623,0.167656586453317,
0.172077099585224,0.190564916913931,0.209095776660231,0.222956259354562,
0.230723324528286,0.233879203521464,0.252990673110174,0.26973791438635,
0.274385636636388,0.277990906981542,0.29764229069623,0.317014598968095,
0.319979638214879),.UNSPECIFIED.);
#213=B_SPLINE_CURVE_WITH_KNOTS('',3,(#9604,#9605,#9606,#9607,#9608,#9609,
#9610,#9611,#9612,#9613,#9614,#9615,#9616,#9617,#9618,#9619,#9620,#9621,
#9622,#9623,#9624,#9625,#9626,#9627,#9628,#9629,#9630,#9631,#9632,#9633,
#9634,#9635,#9636,#9637,#9638,#9639,#9640,#9641,#9642,#9643,#9644,#9645,
#9646,#9647,#9648,#9649,#9650,#9651,#9652,#9653,#9654,#9655,#9656,#9657,
#9658,#9659,#9660,#9661,#9662,#9663,#9664,#9665,#9666,#9667,#9668,#9669,
#9670,#9671,#9672,#9673,#9674,#9675,#9676,#9677,#9678,#9679,#9680,#9681,
#9682,#9683,#9684,#9685,#9686,#9687,#9688),.UNSPECIFIED.,.F.,.F.,(4,3,3,
3,3,3,3,3,3,3,3,3,3,3,3,3,3,3,3,3,3,3,3,3,3,3,3,3,4),(-0.319979638214872,
-0.307560590551745,-0.28734297804669,-0.277238093668446,-0.272291671866679,
-0.252998140167712,-0.239600833960661,-0.231991143200725,-0.228842672812892,
-0.210069733930871,-0.191757426219736,-0.180272992292627,-0.174805726577285,
-0.170891601588346,-0.167707111235652,-0.149961242896918,-0.1458196905113,
-0.127592229197387,-0.11911730908649,-0.112595205257153,-0.108608506278937,
-0.090974464152627,-0.0734053103221713,-0.0562150388224438,-0.0520739218121273,
-0.035197058057551,-0.0186328371736017,-0.00260765093065673,0.),
 .UNSPECIFIED.);
#214=B_SPLINE_CURVE_WITH_KNOTS('',3,(#9689,#9690,#9691,#9692),
 .UNSPECIFIED.,.F.,.F.,(4,4),(-85.8450468704251,-85.7737348136773),
 .UNSPECIFIED.);
#215=B_SPLINE_CURVE_WITH_KNOTS('',3,(#9707,#9708,#9709,#9710,#9711,#9712),
 .UNSPECIFIED.,.F.,.F.,(4,2,4),(1.00000003916412E-6,0.0371459387248771,
0.0746304264584235),.UNSPECIFIED.);
#216=B_SPLINE_CURVE_WITH_KNOTS('',3,(#9716,#9717,#9718,#9719,#9720,#9721,
#9722,#9723,#9724,#9725),.UNSPECIFIED.,.F.,.F.,(4,3,3,4),(4.58629052881998E-17,
0.000124557040890827,0.000311392613537984,0.000494987209065332),
 .UNSPECIFIED.);
#217=B_SPLINE_CURVE_WITH_KNOTS('',3,(#9727,#9728,#9729,#9730,#9731,#9732),
 .UNSPECIFIED.,.F.,.F.,(4,2,4),(1.00000003821975E-6,0.0377654857218217,
0.0758854704856402),.UNSPECIFIED.);
#218=B_SPLINE_CURVE_WITH_KNOTS('',3,(#9735,#9736,#9737,#9738,#9739,#9740,
#9741,#9742,#9743,#9744),.UNSPECIFIED.,.F.,.F.,(4,3,3,4),(1.63988445874896E-16,
0.000124557040890786,0.000311392613537882,0.000494987209065168),
 .UNSPECIFIED.);
#219=B_SPLINE_CURVE_WITH_KNOTS('',3,(#9748,#9749,#9750,#9751,#9752,#9753),
 .UNSPECIFIED.,.F.,.F.,(4,2,4),(1.00000003872697E-6,0.0377651078726484,
0.0758847050222374),.UNSPECIFIED.);
#220=B_SPLINE_CURVE_WITH_KNOTS('',3,(#9757,#9758,#9759,#9760,#9761,#9762,
#9763,#9764,#9765,#9766),.UNSPECIFIED.,.F.,.F.,(4,3,3,4),(5.42101086242752E-20,
0.000124557040890827,0.000311392613537984,0.000494987209065332),
 .UNSPECIFIED.);
#221=B_SPLINE_CURVE_WITH_KNOTS('',3,(#9768,#9769,#9770,#9771,#9772,#9773),
 .UNSPECIFIED.,.F.,.F.,(4,2,4),(1.00000003863993E-6,0.0371459387439054,
0.0746304264969657),.UNSPECIFIED.);
#222=B_SPLINE_CURVE_WITH_KNOTS('',3,(#9776,#9777,#9778,#9779,#9780,#9781,
#9782,#9783,#9784,#9785),.UNSPECIFIED.,.F.,.F.,(4,3,3,4),(5.42101086242752E-20,
0.000124557040890827,0.000311392613537984,0.000494987209065332),
 .UNSPECIFIED.);
#223=B_SPLINE_CURVE_WITH_KNOTS('',3,(#9789,#9790,#9791,#9792,#9793,#9794),
 .UNSPECIFIED.,.F.,.F.,(4,2,4),(1.00000003924045E-6,0.0371459387227042,
0.0746304264540244),.UNSPECIFIED.);
#224=B_SPLINE_CURVE_WITH_KNOTS('',3,(#9798,#9799,#9800,#9801,#9802,#9803,
#9804,#9805,#9806,#9807),.UNSPECIFIED.,.F.,.F.,(4,3,3,4),(0.,0.000124557040890827,
0.000311392613537984,0.000494987209065332),.UNSPECIFIED.);
#225=B_SPLINE_CURVE_WITH_KNOTS('',3,(#9809,#9810,#9811,#9812,#9813,#9814),
 .UNSPECIFIED.,.F.,.F.,(4,2,4),(1.00000003872697E-6,0.0377652495852254,
0.0758849921096487),.UNSPECIFIED.);
#226=B_SPLINE_CURVE_WITH_KNOTS('',3,(#9817,#9818,#9819,#9820,#9821,#9822,
#9823,#9824,#9825,#9826),.UNSPECIFIED.,.F.,.F.,(4,3,3,4),(1.0842021724855E-19,
0.000124557040890827,0.000311392613537984,0.000494987209065332),
 .UNSPECIFIED.);
#227=B_SPLINE_CURVE_WITH_KNOTS('',3,(#9830,#9831,#9832,#9833,#9834,#9835),
 .UNSPECIFIED.,.F.,.F.,(4,2,4),(1.00000003873391E-6,0.0377655800504605,
0.0758856615830504),.UNSPECIFIED.);
#228=B_SPLINE_CURVE_WITH_KNOTS('',3,(#9839,#9840,#9841,#9842,#9843,#9844,
#9845,#9846,#9847,#9848),.UNSPECIFIED.,.F.,.F.,(4,3,3,4),(1.63988445874896E-16,
0.000124557040890786,0.000311392613537882,0.000494987209065168),
 .UNSPECIFIED.);
#229=B_SPLINE_CURVE_WITH_KNOTS('',3,(#9850,#9851,#9852,#9853,#9854,#9855),
 .UNSPECIFIED.,.F.,.F.,(4,2,4),(1.00000003919187E-6,0.0371459387095348,
0.0746304264273479),.UNSPECIFIED.);
#230=B_SPLINE_CURVE_WITH_KNOTS('',3,(#9858,#9859,#9860,#9861,#9862,#9863,
#9864,#9865,#9866,#9867),.UNSPECIFIED.,.F.,.F.,(4,3,3,4),(1.63989055166811E-16,
0.000124557040890786,0.000311392613537882,0.000494987209065168),
 .UNSPECIFIED.);
#231=B_SPLINE_CURVE_WITH_KNOTS('',3,(#9871,#9872,#9873,#9874,#9875,#9876),
 .UNSPECIFIED.,.F.,.F.,(4,2,4),(1.00000003919187E-6,0.0371459387381325,
0.0746304264852788),.UNSPECIFIED.);
#232=B_SPLINE_CURVE_WITH_KNOTS('',3,(#9880,#9881,#9882,#9883,#9884,#9885,
#9886,#9887,#9888,#9889),.UNSPECIFIED.,.F.,.F.,(4,3,3,4),(1.84805949540303E-16,
0.000124557040890786,0.000311392613537882,0.000494987209065168),
 .UNSPECIFIED.);
#233=B_SPLINE_CURVE_WITH_KNOTS('',3,(#9891,#9892,#9893,#9894,#9895,#9896),
 .UNSPECIFIED.,.F.,.F.,(4,2,4),(1.00000003873391E-6,0.0377651077500271,
0.0758847047730011),.UNSPECIFIED.);
#234=B_SPLINE_CURVE_WITH_KNOTS('',3,(#9899,#9900,#9901,#9902,#9903,#9904,
#9905,#9906,#9907,#9908),.UNSPECIFIED.,.F.,.F.,(4,3,3,4),(5.42101086242752E-20,
0.000124557040890827,0.000311392613537984,0.000494987209065332),
 .UNSPECIFIED.);
#235=B_SPLINE_CURVE_WITH_KNOTS('',3,(#9912,#9913,#9914,#9915,#9916,#9917),
 .UNSPECIFIED.,.F.,.F.,(4,2,4),(1.00000003871309E-6,0.0377655805231939,
0.0758856625407331),.UNSPECIFIED.);
#236=B_SPLINE_CURVE_WITH_KNOTS('',3,(#9921,#9922,#9923,#9924,#9925,#9926,
#9927,#9928,#9929,#9930),.UNSPECIFIED.,.F.,.F.,(4,3,3,4),(1.63880027554595E-16,
0.000124557040890786,0.000311392613537882,0.000494987209065168),
 .UNSPECIFIED.);
#237=B_SPLINE_CURVE_WITH_KNOTS('',3,(#9932,#9933,#9934,#9935,#9936,#9937),
 .UNSPECIFIED.,.F.,.F.,(4,2,4),(1.000000039178E-6,0.0371459387897581,0.0746304265898477),
 .UNSPECIFIED.);
#238=B_SPLINE_CURVE_WITH_KNOTS('',3,(#9940,#9941,#9942,#9943,#9944,#9945,
#9946,#9947,#9948,#9949),.UNSPECIFIED.,.F.,.F.,(4,3,3,4),(1.63880637249598E-16,
0.000124557040890786,0.000311392613537882,0.000494987209065168),
 .UNSPECIFIED.);
#239=B_SPLINE_CURVE_WITH_KNOTS('',3,(#9953,#9954,#9955,#9956,#9957,#9958),
 .UNSPECIFIED.,.F.,.F.,(4,2,4),(1.00000003917106E-6,0.0371459387063656,
0.074630426420928),.UNSPECIFIED.);
#240=B_SPLINE_CURVE_WITH_KNOTS('',3,(#9962,#9963,#9964,#9965,#9966,#9967,
#9968,#9969,#9970,#9971),.UNSPECIFIED.,.F.,.F.,(4,3,3,4),(2.4525161206343E-16,
0.000124557040890827,0.000311392613537984,0.000494987209065332),
 .UNSPECIFIED.);
#241=B_SPLINE_CURVE_WITH_KNOTS('',3,(#9973,#9974,#9975,#9976,#9977,#9978),
 .UNSPECIFIED.,.F.,.F.,(4,2,4),(1.00000003822338E-6,0.0377651079931149,
0.0758847052715684),.UNSPECIFIED.);
#242=B_SPLINE_CURVE_WITH_KNOTS('',3,(#9981,#9982,#9983,#9984,#9985,#9986,
#9987,#9988,#9989,#9990),.UNSPECIFIED.,.F.,.F.,(4,3,3,4),(1.0842021724855E-19,
0.000124557040890827,0.000311392613537984,0.000494987209065332),
 .UNSPECIFIED.);
#243=B_SPLINE_CURVE_WITH_KNOTS('',3,(#9996,#9997,#9998,#9999,#10000,#10001),
 .UNSPECIFIED.,.F.,.F.,(4,2,4),(0.,0.0318726842535196,0.063546740888435),
 .UNSPECIFIED.);
#244=B_SPLINE_CURVE_WITH_KNOTS('',3,(#10019,#10020,#10021,#10022),
 .UNSPECIFIED.,.F.,.F.,(4,4),(0.,0.910569946224304),.UNSPECIFIED.);
#245=B_SPLINE_CURVE_WITH_KNOTS('',3,(#10026,#10027,#10028,#10029,#10030,
#10031),.UNSPECIFIED.,.F.,.F.,(4,2,4),(1.00000003822853E-6,0.0377651077500516,
0.0758847047738934),.UNSPECIFIED.);
#246=B_SPLINE_CURVE_WITH_KNOTS('',3,(#10033,#10034,#10035,#10036),
 .UNSPECIFIED.,.F.,.F.,(4,4),(0.0917973015491251,1.),.UNSPECIFIED.);
#247=B_SPLINE_CURVE_WITH_KNOTS('',3,(#10055,#10056,#10057,#10058,#10059,
#10060,#10061,#10062,#10063,#10064),.UNSPECIFIED.,.F.,.F.,(4,3,3,4),(1.0842021724855E-19,
0.000124557040890827,0.000311392613537984,0.000494987209065332),
 .UNSPECIFIED.);
#248=B_SPLINE_CURVE_WITH_KNOTS('',3,(#10068,#10069,#10070,#10071),
 .UNSPECIFIED.,.F.,.F.,(4,4),(0.089430053777068,1.),.UNSPECIFIED.);
#249=B_SPLINE_CURVE_WITH_KNOTS('',3,(#10090,#10091,#10092,#10093),
 .UNSPECIFIED.,.F.,.F.,(4,4),(0.0917973015489281,1.),.UNSPECIFIED.);
#250=B_SPLINE_CURVE_WITH_KNOTS('',3,(#10112,#10113,#10114,#10115,#10116,
#10117),.UNSPECIFIED.,.F.,.F.,(4,2,4),(0.,0.0318726842537504,0.0635467408885466),
 .UNSPECIFIED.);
#251=B_SPLINE_CURVE_WITH_KNOTS('',3,(#10118,#10119,#10120,#10121),
 .UNSPECIFIED.,.F.,.F.,(4,4),(0.0006376178474518,0.000752118966076874),
 .UNSPECIFIED.);
#252=B_SPLINE_CURVE_WITH_KNOTS('',3,(#10176,#10177,#10178,#10179,#10180,
#10181,#10182,#10183,#10184,#10185),.UNSPECIFIED.,.F.,.F.,(4,3,3,4),(1.63988445874896E-16,
0.000124557040890786,0.000311392613537882,0.000494987209065168),
 .UNSPECIFIED.);
#253=B_SPLINE_CURVE_WITH_KNOTS('',3,(#10186,#10187,#10188,#10189,#10190,
#10191),.UNSPECIFIED.,.F.,.F.,(4,2,4),(1.00000003864263E-6,0.0371459386730148,
0.0746304263533706),.UNSPECIFIED.);
#254=B_SPLINE_CURVE_WITH_KNOTS('',3,(#10194,#10195,#10196,#10197,#10198,
#10199),.UNSPECIFIED.,.F.,.F.,(4,2,4),(0.,0.0304453205673223,0.0607222029024706),
 .UNSPECIFIED.);
#255=B_SPLINE_CURVE_WITH_KNOTS('',3,(#10218,#10219,#10220,#10221),
 .UNSPECIFIED.,.F.,.F.,(4,4),(0.,0.910569946224303),.UNSPECIFIED.);
#256=B_SPLINE_CURVE_WITH_KNOTS('',3,(#10223,#10224,#10225,#10226),
 .UNSPECIFIED.,.F.,.F.,(4,4),(0.0917973015565949,1.),.UNSPECIFIED.);
#257=B_SPLINE_CURVE_WITH_KNOTS('',3,(#10247,#10248,#10249,#10250),
 .UNSPECIFIED.,.F.,.F.,(4,4),(0.0894300537770682,1.),.UNSPECIFIED.);
#258=B_SPLINE_CURVE_WITH_KNOTS('',3,(#10269,#10270,#10271,#10272),
 .UNSPECIFIED.,.F.,.F.,(4,4),(0.0917973015486928,1.),.UNSPECIFIED.);
#259=B_SPLINE_CURVE_WITH_KNOTS('',3,(#10290,#10291,#10292,#10293,#10294,
#10295),.UNSPECIFIED.,.F.,.F.,(4,2,4),(0.,0.0304453205673117,0.0607222029025002),
 .UNSPECIFIED.);
#260=B_SPLINE_CURVE_WITH_KNOTS('',3,(#10301,#10302,#10303,#10304,#10305,
#10306),.UNSPECIFIED.,.F.,.F.,(4,2,4),(0.,0.0318726842539084,0.0635467408884474),
 .UNSPECIFIED.);
#261=B_SPLINE_CURVE_WITH_KNOTS('',3,(#10325,#10326,#10327,#10328),
 .UNSPECIFIED.,.F.,.F.,(4,4),(0.,0.910569946224305),.UNSPECIFIED.);
#262=B_SPLINE_CURVE_WITH_KNOTS('',3,(#10330,#10331,#10332,#10333),
 .UNSPECIFIED.,.F.,.F.,(4,4),(0.0917973015491242,1.),.UNSPECIFIED.);
#263=B_SPLINE_CURVE_WITH_KNOTS('',3,(#10354,#10355,#10356,#10357),
 .UNSPECIFIED.,.F.,.F.,(4,4),(0.089430053777068,1.),.UNSPECIFIED.);
#264=B_SPLINE_CURVE_WITH_KNOTS('',3,(#10376,#10377,#10378,#10379),
 .UNSPECIFIED.,.F.,.F.,(4,4),(0.0917973015489294,1.),.UNSPECIFIED.);
#265=B_SPLINE_CURVE_WITH_KNOTS('',3,(#10397,#10398,#10399,#10400,#10401,
#10402),.UNSPECIFIED.,.F.,.F.,(4,2,4),(0.,0.0318726842539261,0.0635467408885403),
 .UNSPECIFIED.);
#266=B_SPLINE_CURVE_WITH_KNOTS('',3,(#10408,#10409,#10410,#10411,#10412,
#10413),.UNSPECIFIED.,.F.,.F.,(4,2,4),(0.,0.0304453205673238,0.0607222029024743),
 .UNSPECIFIED.);
#267=B_SPLINE_CURVE_WITH_KNOTS('',3,(#10432,#10433,#10434,#10435),
 .UNSPECIFIED.,.F.,.F.,(4,4),(0.,0.910569946224302),.UNSPECIFIED.);
#268=B_SPLINE_CURVE_WITH_KNOTS('',3,(#10437,#10438,#10439,#10440),
 .UNSPECIFIED.,.F.,.F.,(4,4),(0.0917973015565941,1.),.UNSPECIFIED.);
#269=B_SPLINE_CURVE_WITH_KNOTS('',3,(#10461,#10462,#10463,#10464),
 .UNSPECIFIED.,.F.,.F.,(4,4),(0.0894300537770681,1.),.UNSPECIFIED.);
#270=B_SPLINE_CURVE_WITH_KNOTS('',3,(#10483,#10484,#10485,#10486),
 .UNSPECIFIED.,.F.,.F.,(4,4),(0.0917973015489278,1.),.UNSPECIFIED.);
#271=B_SPLINE_CURVE_WITH_KNOTS('',3,(#10504,#10505,#10506,#10507,#10508,
#10509),.UNSPECIFIED.,.F.,.F.,(4,2,4),(0.,0.0304453205673101,0.0607222029024992),
 .UNSPECIFIED.);
#272=B_SPLINE_CURVE_WITH_KNOTS('',3,(#10515,#10516,#10517,#10518,#10519,
#10520),.UNSPECIFIED.,.F.,.F.,(4,2,4),(0.,0.0318726842538981,0.063546740888426),
 .UNSPECIFIED.);
#273=B_SPLINE_CURVE_WITH_KNOTS('',3,(#10539,#10540,#10541,#10542),
 .UNSPECIFIED.,.F.,.F.,(4,4),(0.,0.910569946224304),.UNSPECIFIED.);
#274=B_SPLINE_CURVE_WITH_KNOTS('',3,(#10544,#10545,#10546,#10547),
 .UNSPECIFIED.,.F.,.F.,(4,4),(0.0917973015491247,1.),.UNSPECIFIED.);
#275=B_SPLINE_CURVE_WITH_KNOTS('',3,(#10568,#10569,#10570,#10571),
 .UNSPECIFIED.,.F.,.F.,(4,4),(0.0894300537770672,1.),.UNSPECIFIED.);
#276=B_SPLINE_CURVE_WITH_KNOTS('',3,(#10590,#10591,#10592,#10593),
 .UNSPECIFIED.,.F.,.F.,(4,4),(0.0917973015489286,1.),.UNSPECIFIED.);
#277=B_SPLINE_CURVE_WITH_KNOTS('',3,(#10611,#10612,#10613,#10614,#10615,
#10616),.UNSPECIFIED.,.F.,.F.,(4,2,4),(0.,0.0318726842537629,0.0635467408885554),
 .UNSPECIFIED.);
#278=B_SPLINE_CURVE_WITH_KNOTS('',3,(#10622,#10623,#10624,#10625,#10626,
#10627),.UNSPECIFIED.,.F.,.F.,(4,2,4),(0.,0.0304453205673232,0.0607222029024715),
 .UNSPECIFIED.);
#279=B_SPLINE_CURVE_WITH_KNOTS('',3,(#10646,#10647,#10648,#10649),
 .UNSPECIFIED.,.F.,.F.,(4,4),(0.,0.910569946224304),.UNSPECIFIED.);
#280=B_SPLINE_CURVE_WITH_KNOTS('',3,(#10651,#10652,#10653,#10654),
 .UNSPECIFIED.,.F.,.F.,(4,4),(0.0917973015565945,1.),.UNSPECIFIED.);
#281=B_SPLINE_CURVE_WITH_KNOTS('',3,(#10675,#10676,#10677,#10678),
 .UNSPECIFIED.,.F.,.F.,(4,4),(0.089430053777069,1.),.UNSPECIFIED.);
#282=B_SPLINE_CURVE_WITH_KNOTS('',3,(#10697,#10698,#10699,#10700),
 .UNSPECIFIED.,.F.,.F.,(4,4),(0.0917973015486936,1.),.UNSPECIFIED.);
#283=B_SPLINE_CURVE_WITH_KNOTS('',3,(#10718,#10719,#10720,#10721,#10722,
#10723),.UNSPECIFIED.,.F.,.F.,(4,2,4),(0.,0.0304453205673113,0.0607222029025019),
 .UNSPECIFIED.);
#284=B_SPLINE_CURVE_WITH_KNOTS('',3,(#10729,#10730,#10731,#10732,#10733,
#10734),.UNSPECIFIED.,.F.,.F.,(4,2,4),(0.,0.0318726842538988,0.063546740888435),
 .UNSPECIFIED.);
#285=B_SPLINE_CURVE_WITH_KNOTS('',3,(#10753,#10754,#10755,#10756),
 .UNSPECIFIED.,.F.,.F.,(4,4),(0.,0.910569946224304),.UNSPECIFIED.);
#286=B_SPLINE_CURVE_WITH_KNOTS('',3,(#10758,#10759,#10760,#10761),
 .UNSPECIFIED.,.F.,.F.,(4,4),(0.0917973015491242,1.),.UNSPECIFIED.);
#287=B_SPLINE_CURVE_WITH_KNOTS('',3,(#10782,#10783,#10784,#10785),
 .UNSPECIFIED.,.F.,.F.,(4,4),(0.0894300537770692,1.),.UNSPECIFIED.);
#288=B_SPLINE_CURVE_WITH_KNOTS('',3,(#10804,#10805,#10806,#10807),
 .UNSPECIFIED.,.F.,.F.,(4,4),(0.0917973015486928,1.),.UNSPECIFIED.);
#289=B_SPLINE_CURVE_WITH_KNOTS('',3,(#10825,#10826,#10827,#10828,#10829,
#10830),.UNSPECIFIED.,.F.,.F.,(4,2,4),(0.,0.031872684253918,0.0635467408885188),
 .UNSPECIFIED.);
#290=B_SPLINE_CURVE_WITH_KNOTS('',3,(#10836,#10837,#10838,#10839,#10840,
#10841),.UNSPECIFIED.,.F.,.F.,(4,2,4),(0.,0.0304453205673228,0.0607222029024703),
 .UNSPECIFIED.);
#291=B_SPLINE_CURVE_WITH_KNOTS('',3,(#10860,#10861,#10862,#10863),
 .UNSPECIFIED.,.F.,.F.,(4,4),(0.,0.910569946224304),.UNSPECIFIED.);
#292=B_SPLINE_CURVE_WITH_KNOTS('',3,(#10865,#10866,#10867,#10868),
 .UNSPECIFIED.,.F.,.F.,(4,4),(0.0917973015491249,1.),.UNSPECIFIED.);
#293=B_SPLINE_CURVE_WITH_KNOTS('',3,(#10889,#10890,#10891,#10892),
 .UNSPECIFIED.,.F.,.F.,(4,4),(0.0894300537770684,1.),.UNSPECIFIED.);
#294=B_SPLINE_CURVE_WITH_KNOTS('',3,(#10911,#10912,#10913,#10914),
 .UNSPECIFIED.,.F.,.F.,(4,4),(0.0917973015486931,1.),.UNSPECIFIED.);
#295=B_SPLINE_CURVE_WITH_KNOTS('',3,(#10932,#10933,#10934,#10935,#10936,
#10937),.UNSPECIFIED.,.F.,.F.,(4,2,4),(0.,0.0304453205673086,0.0607222029024932),
 .UNSPECIFIED.);
#296=B_SPLINE_CURVE_WITH_KNOTS('',3,(#10947,#10948,#10949,#10950,#10951,
#10952),.UNSPECIFIED.,.F.,.F.,(4,2,4),(-0.0702556040104158,-0.0464344148209335,
-9.99999999570789E-7),.UNSPECIFIED.);
#297=B_SPLINE_CURVE_WITH_KNOTS('',3,(#10955,#10956,#10957,#10958,#10959,
#10960,#10961,#10962,#10963,#10964),.UNSPECIFIED.,.F.,.F.,(4,2,2,2,4),(-3.12014036062324,
-3.0711383931661,-3.02311517584136,-2.96617896950754,-2.93247009039362),
 .UNSPECIFIED.);
#298=B_SPLINE_CURVE_WITH_KNOTS('',3,(#10969,#10970,#10971,#10972,#10973,
#10974,#10975,#10976,#10977,#10978,#10979,#10980,#10981,#10982,#10983,#10984,
#10985,#10986,#10987,#10988,#10989,#10990,#10991,#10992,#10993,#10994,#10995,
#10996,#10997,#10998,#10999,#11000,#11001,#11002,#11003,#11004),
 .UNSPECIFIED.,.F.,.F.,(4,2,2,2,2,2,2,2,2,2,2,2,2,2,2,2,2,4),(-1.0182160591229,
-0.974806165102989,-0.917424358232475,-0.857075002257006,-0.799030814362341,
-0.740363262339682,-0.680773614912332,-0.623413431475049,-0.563629449604363,
-0.504818255937586,-0.447637642471144,-0.387831732630159,-0.329673774826064,
-0.27151928627473,-0.211791430839221,-0.154308801076024,-0.0940338587894597,
-0.0702556040104158),.UNSPECIFIED.);
#299=B_SPLINE_CURVE_WITH_KNOTS('',3,(#11005,#11006,#11007,#11008,#11009,
#11010,#11011,#11012,#11013,#11014,#11015,#11016,#11017,#11018,#11019,#11020,
#11021,#11022,#11023,#11024,#11025,#11026,#11027,#11028,#11029,#11030,#11031,
#11032,#11033,#11034,#11035,#11036,#11037,#11038,#11039,#11040),
 .UNSPECIFIED.,.F.,.F.,(4,2,2,2,2,2,2,2,2,2,2,2,2,2,2,2,2,4),(-2.93247009039362,
-2.90733183435085,-2.84738503520071,-2.78999194703034,-2.73035406553491,
-2.67244159681716,-2.61437609472451,-2.55471505383454,-2.4976992850895,
-2.43898283773075,-2.3793400990061,-2.32207590957635,-2.26258315097603,
-2.20419419323351,-2.14625036223689,-2.08600101996553,-2.02881513900011,
-1.98681499827209),.UNSPECIFIED.);
#300=B_SPLINE_CURVE_WITH_KNOTS('',3,(#11045,#11046,#11047,#11048,#11049,
#11050,#11051,#11052,#11053,#11054,#11055,#11056,#11057,#11058,#11059,#11060,
#11061,#11062,#11063,#11064,#11065,#11066,#11067,#11068,#11069,#11070,#11071,
#11072,#11073,#11074,#11075,#11076,#11077,#11078,#11079,#11080),
 .UNSPECIFIED.,.F.,.F.,(4,2,2,2,2,2,2,2,2,2,2,2,2,2,2,2,2,4),(-1.96622443564346,
-1.91485433687719,-1.8572268229093,-1.79876367245559,-1.73895209786379,
-1.68184422812233,-1.62273159616487,-1.56290357972184,-1.50309068902066,
-1.44457094764905,-1.3870163536324,-1.32688481506562,-1.26903701088468,
-1.2099292317026,-1.15056414257746,-1.09335774085014,-1.03352476803116,
-1.0182160591229),.UNSPECIFIED.);
#301=B_SPLINE_CURVE_WITH_KNOTS('',3,(#11081,#11082,#11083,#11084,#11085,
#11086,#11087,#11088,#11089,#11090,#11091,#11092,#11093,#11094,#11095,#11096,
#11097,#11098,#11099,#11100,#11101,#11102,#11103,#11104,#11105,#11106,#11107,
#11108,#11109,#11110,#11111,#11112,#11113,#11114,#11115,#11116),
 .UNSPECIFIED.,.F.,.F.,(4,2,2,2,2,2,2,2,2,2,2,2,2,2,2,2,2,4),(-1.98681499827209,
-1.97019764464026,-1.91052306376006,-1.85343287060264,-1.79417154584505,
-1.73537753412803,-1.67763809086763,-1.61761515493035,-1.5602877221297,
-1.50057610187922,-1.44311586377775,-1.38338267468082,-1.32445488319057,
-1.2675066249782,-1.20786109105698,-1.14958122919249,-1.09208365085472,
-1.04140010905652),.UNSPECIFIED.);
#302=B_SPLINE_CURVE_WITH_KNOTS('',3,(#11122,#11123,#11124,#11125,#11126,
#11127,#11128,#11129),.UNSPECIFIED.,.F.,.F.,(4,2,2,4),(-0.0956734162277506,
-0.0950539484181996,-0.0465587692200577,-1.00000014480184E-6),
 .UNSPECIFIED.);
#303=B_SPLINE_CURVE_WITH_KNOTS('',3,(#11132,#11133,#11134,#11135,#11136,
#11137,#11138,#11139,#11140,#11141,#11142,#11143),.UNSPECIFIED.,.F.,.F.,
(4,2,2,2,2,4),(-3.12681436069302,-3.07928141908198,-3.03142691862151,-2.97299649935913,
-2.91480298830435,-2.91467664430393),.UNSPECIFIED.);
#304=B_SPLINE_CURVE_WITH_KNOTS('',3,(#11147,#11148,#11149,#11150,#11151,
#11152,#11153,#11154,#11155,#11156,#11157,#11158,#11159,#11160,#11161,#11162,
#11163,#11164),.UNSPECIFIED.,.F.,.F.,(4,2,2,2,2,2,2,2,4),(0.437093619468296,
0.467470796550347,0.490912898644383,0.507891362195733,0.525847433122122,
0.5346013642361,0.550525258444067,0.566202154916172,0.577682461735315),
 .UNSPECIFIED.);
#305=B_SPLINE_CURVE_WITH_KNOTS('',3,(#11167,#11168,#11169,#11170,#11171,
#11172,#11173,#11174,#11175,#11176,#11177,#11178),.UNSPECIFIED.,.F.,.F.,
(4,2,2,2,2,4),(9.99999999938215E-7,0.0440181108844691,0.0915444580394814,
0.150849322702206,0.206719686052875,0.263141977352798),.UNSPECIFIED.);
#306=B_SPLINE_CURVE_WITH_KNOTS('',3,(#11179,#11180,#11181,#11182,#11183,
#11184,#11185,#11186,#11187,#11188,#11189,#11190,#11191,#11192,#11193,#11194,
#11195,#11196,#11197,#11198,#11199,#11200,#11201,#11202,#11203,#11204,#11205,
#11206),.UNSPECIFIED.,.F.,.F.,(4,2,2,2,2,2,2,2,2,2,2,2,2,4),(9.99999984972909E-7,
0.0374208384992932,0.07268786425386,0.128007543300494,0.155782316059135,
0.211747159987856,0.265436372693714,0.310013092170987,0.327866348061767,
0.363876328171852,0.381744911565277,0.400031057812321,0.432657479496973,
0.437093619468296),.UNSPECIFIED.);
#307=B_SPLINE_CURVE_WITH_KNOTS('',3,(#11217,#11218,#11219,#11220,#11221,
#11222,#11223,#11224,#11225,#11226),.UNSPECIFIED.,.F.,.F.,(4,2,2,2,4),(-0.0734242256306455,
-0.0719133072501263,-0.0663988979802828,-0.0608844887104393,-0.0593735703299402),
 .UNSPECIFIED.);
#308=B_SPLINE_CURVE_WITH_KNOTS('',3,(#11232,#11233,#11234,#11235,#11236,
#11237,#11238,#11239,#11240,#11241),.UNSPECIFIED.,.F.,.F.,(4,2,2,2,4),(-0.0734242256306602,
-0.0719133072501263,-0.0663988979802828,-0.0608844887104393,-0.0593735703299056),
 .UNSPECIFIED.);
#309=B_SPLINE_CURVE_WITH_KNOTS('',3,(#11247,#11248,#11249,#11250,#11251,
#11252,#11253,#11254,#11255,#11256),.UNSPECIFIED.,.F.,.F.,(4,2,2,2,4),(-0.0734242256306254,
-0.0719133072501263,-0.0663988979802828,-0.0608844887104393,-0.0593735703299201),
 .UNSPECIFIED.);
#310=B_SPLINE_CURVE_WITH_KNOTS('',3,(#11269,#11270,#11271,#11272,#11273,
#11274,#11275,#11276,#11277,#11278),.UNSPECIFIED.,.F.,.F.,(4,2,2,2,4),(-0.073424225630658,
-0.0719133072501264,-0.0663988979802828,-0.0608844887104393,-0.0593735703299055),
 .UNSPECIFIED.);
#311=B_SPLINE_CURVE_WITH_KNOTS('',3,(#11284,#11285,#11286,#11287,#11288,
#11289,#11290,#11291,#11292,#11293),.UNSPECIFIED.,.F.,.F.,(4,2,2,2,4),(-0.07342422563066,
-0.0719133072501263,-0.0663988979802828,-0.0608844887104392,-0.0593735703299093),
 .UNSPECIFIED.);
#312=B_SPLINE_CURVE_WITH_KNOTS('',3,(#11298,#11299,#11300,#11301,#11302,
#11303,#11304,#11305,#11306,#11307),.UNSPECIFIED.,.F.,.F.,(4,2,2,2,4),(-0.0734242256306602,
-0.0719133072501263,-0.0663988979802828,-0.0608844887104393,-0.0593735703299077),
 .UNSPECIFIED.);
#313=B_SPLINE_CURVE_WITH_KNOTS('',3,(#11310,#11311,#11312,#11313,#11314,
#11315,#11316,#11317,#11318,#11319,#11320,#11321,#11322,#11323,#11324,#11325,
#11326,#11327,#11328,#11329,#11330,#11331,#11332,#11333,#11334,#11335),
 .UNSPECIFIED.,.F.,.F.,(4,2,2,2,2,2,2,2,2,2,2,2,4),(1.00000065710038E-6,
0.0473171314796185,0.0907392829435537,0.146856864129823,0.178380679389679,
0.259999339920687,0.339148305857493,0.411758145676857,0.44503849032902,
0.512279202366926,0.586404789706759,0.692748379833509,0.726991635025631),
 .UNSPECIFIED.);
#314=B_SPLINE_CURVE_WITH_KNOTS('',3,(#11340,#11341,#11342,#11343,#11344,
#11345,#11346,#11347,#11348,#11349,#11350,#11351,#11352,#11353,#11354,#11355,
#11356,#11357,#11358,#11359),.UNSPECIFIED.,.F.,.F.,(4,2,2,2,2,2,2,2,2,4),
(0.726991635025631,0.795929446462345,0.889412951756815,0.970801570055112,
1.05764802993166,1.11463504390678,1.15552918794188,1.18171054498109,1.1953369447301,
1.2093653984803),.UNSPECIFIED.);
#315=B_SPLINE_CURVE_WITH_KNOTS('',3,(#11362,#11363,#11364,#11365,#11366,
#11367,#11368,#11369,#11370,#11371,#11372,#11373),.UNSPECIFIED.,.F.,.F.,
(4,2,2,2,2,4),(9.99999999938139E-7,0.0402098524997815,0.0827570193510103,
0.146625550330071,0.218843077213215,0.294924658030245),.UNSPECIFIED.);
#316=B_SPLINE_CURVE_WITH_KNOTS('',3,(#11381,#11382,#11383,#11384,#11385,
#11386,#11387,#11388,#11389,#11390),.UNSPECIFIED.,.F.,.F.,(4,2,2,2,4),(-0.030039338230692,
-0.0285284198501584,-0.0230140105803148,-0.0174996013104713,-0.0159886829299375),
 .UNSPECIFIED.);
#317=B_SPLINE_CURVE_WITH_KNOTS('',3,(#11396,#11397,#11398,#11399,#11400,
#11401,#11402,#11403,#11404,#11405),.UNSPECIFIED.,.F.,.F.,(4,2,2,2,4),(-0.0300393382307643,
-0.0285284198501583,-0.0230140105803148,-0.0174996013104713,-0.0159886829299376),
 .UNSPECIFIED.);
#318=B_SPLINE_CURVE_WITH_KNOTS('',3,(#11411,#11412,#11413,#11414,#11415,
#11416,#11417,#11418,#11419,#11420),.UNSPECIFIED.,.F.,.F.,(4,2,2,2,4),(-0.0300393382307645,
-0.0285284198501584,-0.0230140105803148,-0.0174996013104713,-0.0159886829299376),
 .UNSPECIFIED.);
#319=B_SPLINE_CURVE_WITH_KNOTS('',3,(#11433,#11434,#11435,#11436,#11437,
#11438,#11439,#11440,#11441,#11442),.UNSPECIFIED.,.F.,.F.,(4,2,2,2,4),(-0.0300393382306912,
-0.0285284198501583,-0.0230140105803148,-0.0174996013104713,-0.0159886829299376),
 .UNSPECIFIED.);
#320=B_SPLINE_CURVE_WITH_KNOTS('',3,(#11448,#11449,#11450,#11451,#11452,
#11453,#11454,#11455,#11456,#11457),.UNSPECIFIED.,.F.,.F.,(4,2,2,2,4),(-0.0300393382307643,
-0.0285284198501583,-0.0230140105803148,-0.0174996013104713,-0.0159886829298776),
 .UNSPECIFIED.);
#321=B_SPLINE_CURVE_WITH_KNOTS('',3,(#11462,#11463,#11464,#11465,#11466,
#11467,#11468,#11469,#11470,#11471),.UNSPECIFIED.,.F.,.F.,(4,2,2,2,4),(-0.0300393382307642,
-0.0285284198501583,-0.0230140105803148,-0.0174996013104713,-0.0159886829299384),
 .UNSPECIFIED.);
#322=B_SPLINE_CURVE_WITH_KNOTS('',3,(#11473,#11474,#11475,#11476,#11477,
#11478,#11479,#11480,#11481,#11482,#11483,#11484,#11485,#11486,#11487,#11488,
#11489,#11490,#11491,#11492,#11493,#11494,#11495,#11496,#11497,#11498,#11499,
#11500,#11501,#11502,#11503,#11504,#11505,#11506,#11507,#11508),
 .UNSPECIFIED.,.F.,.F.,(4,2,2,2,2,2,2,2,2,2,2,2,2,2,2,2,2,4),(-2.91467664430393,
-2.85428823710835,-2.79696681973438,-2.73809577310383,-2.67823194689328,
-2.62090792543423,-2.56139233289143,-2.50259996560634,-2.44462135881308,
-2.38434456960028,-2.32692057096775,-2.26826858325576,-2.20844625207339,
-2.15127970331678,-2.09198046496535,-2.03271478285967,-1.97492330513663,
-1.96622443564346),.UNSPECIFIED.);
#323=B_SPLINE_CURVE_WITH_KNOTS('',3,(#11509,#11510,#11511,#11512,#11513,
#11514,#11515,#11516,#11517,#11518,#11519,#11520,#11521,#11522,#11523,#11524,
#11525,#11526,#11527,#11528,#11529,#11530,#11531,#11532,#11533,#11534,#11535,
#11536,#11537,#11538,#11539,#11540,#11541,#11542,#11543,#11544),
 .UNSPECIFIED.,.F.,.F.,(4,2,2,2,2,2,2,2,2,2,2,2,2,2,2,2,2,4),(-1.04140010905652,
-1.03220472734641,-0.974594643801132,-0.915430852061925,-0.856320926021994,
-0.799325977950981,-0.739673224334924,-0.681209028593038,-0.623925846613947,
-0.563843648191055,-0.506050620668287,-0.447370928323634,-0.388048524353756,
-0.330908183793659,-0.271217883528074,-0.2125385900395,-0.155370096358627,
-0.0956734162277506),.UNSPECIFIED.);
#324=PLANE('',#5138);
#325=PLANE('',#5140);
#326=PLANE('',#5141);
#327=PLANE('',#5142);
#328=PLANE('',#5143);
#329=PLANE('',#5144);
#330=PLANE('',#5146);
#331=PLANE('',#5148);
#332=PLANE('',#5149);
#333=PLANE('',#5151);
#334=PLANE('',#5152);
#335=PLANE('',#5153);
#336=PLANE('',#5154);
#337=PLANE('',#5155);
#338=PLANE('',#5156);
#339=PLANE('',#5157);
#340=PLANE('',#5158);
#341=PLANE('',#5161);
#342=PLANE('',#5162);
#343=PLANE('',#5163);
#344=PLANE('',#5164);
#345=PLANE('',#5165);
#346=PLANE('',#5166);
#347=PLANE('',#5169);
#348=PLANE('',#5173);
#349=PLANE('',#5175);
#350=PLANE('',#5176);
#351=PLANE('',#5177);
#352=PLANE('',#5178);
#353=PLANE('',#5179);
#354=PLANE('',#5181);
#355=PLANE('',#5182);
#356=PLANE('',#5183);
#357=PLANE('',#5184);
#358=PLANE('',#5185);
#359=PLANE('',#5186);
#360=PLANE('',#5188);
#361=PLANE('',#5189);
#362=PLANE('',#5190);
#363=PLANE('',#5191);
#364=PLANE('',#5192);
#365=PLANE('',#5193);
#366=PLANE('',#5194);
#367=PLANE('',#5195);
#368=PLANE('',#5199);
#369=PLANE('',#5201);
#370=PLANE('',#5202);
#371=PLANE('',#5203);
#372=PLANE('',#5204);
#373=PLANE('',#5205);
#374=PLANE('',#5207);
#375=PLANE('',#5208);
#376=PLANE('',#5209);
#377=PLANE('',#5210);
#378=PLANE('',#5211);
#379=PLANE('',#5212);
#380=PLANE('',#5214);
#381=PLANE('',#5215);
#382=PLANE('',#5216);
#383=PLANE('',#5217);
#384=PLANE('',#5218);
#385=PLANE('',#5219);
#386=PLANE('',#5220);
#387=PLANE('',#5221);
#388=PLANE('',#5225);
#389=PLANE('',#5227);
#390=PLANE('',#5228);
#391=PLANE('',#5229);
#392=PLANE('',#5230);
#393=PLANE('',#5231);
#394=PLANE('',#5233);
#395=PLANE('',#5234);
#396=PLANE('',#5235);
#397=PLANE('',#5236);
#398=PLANE('',#5237);
#399=PLANE('',#5238);
#400=PLANE('',#5240);
#401=PLANE('',#5241);
#402=PLANE('',#5242);
#403=PLANE('',#5243);
#404=PLANE('',#5244);
#405=PLANE('',#5245);
#406=PLANE('',#5246);
#407=PLANE('',#5250);
#408=PLANE('',#5251);
#409=PLANE('',#5252);
#410=PLANE('',#5253);
#411=PLANE('',#5254);
#412=PLANE('',#5255);
#413=PLANE('',#5256);
#414=PLANE('',#5257);
#415=PLANE('',#5258);
#416=PLANE('',#5259);
#417=PLANE('',#5260);
#418=PLANE('',#5261);
#419=PLANE('',#5262);
#420=PLANE('',#5263);
#421=PLANE('',#5264);
#422=PLANE('',#5265);
#423=PLANE('',#5266);
#424=PLANE('',#5269);
#425=PLANE('',#5273);
#426=PLANE('',#5275);
#427=PLANE('',#5304);
#428=PLANE('',#5305);
#429=PLANE('',#5306);
#430=PLANE('',#5307);
#431=PLANE('',#5308);
#432=PLANE('',#5309);
#433=PLANE('',#5310);
#434=PLANE('',#5311);
#435=PLANE('',#5312);
#436=PLANE('',#5313);
#437=PLANE('',#5314);
#438=PLANE('',#5317);
#439=PLANE('',#5318);
#440=PLANE('',#5323);
#441=PLANE('',#5326);
#442=PLANE('',#5327);
#443=PLANE('',#5358);
#444=PLANE('',#5361);
#445=PLANE('',#5362);
#446=PLANE('',#5368);
#447=PLANE('',#5373);
#448=PLANE('',#5378);
#449=PLANE('',#5379);
#450=PLANE('',#5408);
#451=PLANE('',#5411);
#452=PLANE('',#5427);
#453=PLANE('',#5445);
#454=PLANE('',#5448);
#455=PLANE('',#5451);
#456=PLANE('',#5454);
#457=PLANE('',#5457);
#458=PLANE('',#5460);
#459=PLANE('',#5463);
#460=PLANE('',#5483);
#461=PLANE('',#5484);
#462=PLANE('',#5485);
#463=PLANE('',#5486);
#464=PLANE('',#5487);
#465=PLANE('',#5488);
#466=PLANE('',#5489);
#467=PLANE('',#5490);
#468=FACE_OUTER_BOUND('',#754,.T.);
#469=FACE_OUTER_BOUND('',#755,.T.);
#470=FACE_OUTER_BOUND('',#756,.T.);
#471=FACE_OUTER_BOUND('',#757,.T.);
#472=FACE_OUTER_BOUND('',#758,.T.);
#473=FACE_OUTER_BOUND('',#760,.T.);
#474=FACE_OUTER_BOUND('',#762,.T.);
#475=FACE_OUTER_BOUND('',#763,.T.);
#476=FACE_OUTER_BOUND('',#764,.T.);
#477=FACE_OUTER_BOUND('',#765,.T.);
#478=FACE_OUTER_BOUND('',#766,.T.);
#479=FACE_OUTER_BOUND('',#767,.T.);
#480=FACE_OUTER_BOUND('',#768,.T.);
#481=FACE_OUTER_BOUND('',#769,.T.);
#482=FACE_OUTER_BOUND('',#770,.T.);
#483=FACE_OUTER_BOUND('',#771,.T.);
#484=FACE_OUTER_BOUND('',#772,.T.);
#485=FACE_OUTER_BOUND('',#773,.T.);
#486=FACE_OUTER_BOUND('',#774,.T.);
#487=FACE_OUTER_BOUND('',#775,.T.);
#488=FACE_OUTER_BOUND('',#776,.T.);
#489=FACE_OUTER_BOUND('',#777,.T.);
#490=FACE_OUTER_BOUND('',#778,.T.);
#491=FACE_OUTER_BOUND('',#779,.T.);
#492=FACE_OUTER_BOUND('',#780,.T.);
#493=FACE_OUTER_BOUND('',#781,.T.);
#494=FACE_OUTER_BOUND('',#782,.T.);
#495=FACE_OUTER_BOUND('',#783,.T.);
#496=FACE_OUTER_BOUND('',#784,.T.);
#497=FACE_OUTER_BOUND('',#785,.T.);
#498=FACE_OUTER_BOUND('',#786,.T.);
#499=FACE_OUTER_BOUND('',#787,.T.);
#500=FACE_OUTER_BOUND('',#788,.T.);
#501=FACE_OUTER_BOUND('',#789,.T.);
#502=FACE_OUTER_BOUND('',#790,.T.);
#503=FACE_OUTER_BOUND('',#791,.T.);
#504=FACE_OUTER_BOUND('',#792,.T.);
#505=FACE_OUTER_BOUND('',#793,.T.);
#506=FACE_OUTER_BOUND('',#794,.T.);
#507=FACE_OUTER_BOUND('',#795,.T.);
#508=FACE_OUTER_BOUND('',#796,.T.);
#509=FACE_OUTER_BOUND('',#797,.T.);
#510=FACE_OUTER_BOUND('',#798,.T.);
#511=FACE_OUTER_BOUND('',#799,.T.);
#512=FACE_OUTER_BOUND('',#800,.T.);
#513=FACE_OUTER_BOUND('',#801,.T.);
#514=FACE_OUTER_BOUND('',#802,.T.);
#515=FACE_OUTER_BOUND('',#803,.T.);
#516=FACE_OUTER_BOUND('',#804,.T.);
#517=FACE_OUTER_BOUND('',#805,.T.);
#518=FACE_OUTER_BOUND('',#806,.T.);
#519=FACE_OUTER_BOUND('',#807,.T.);
#520=FACE_OUTER_BOUND('',#808,.T.);
#521=FACE_OUTER_BOUND('',#809,.T.);
#522=FACE_OUTER_BOUND('',#810,.T.);
#523=FACE_OUTER_BOUND('',#811,.T.);
#524=FACE_OUTER_BOUND('',#812,.T.);
#525=FACE_OUTER_BOUND('',#813,.T.);
#526=FACE_OUTER_BOUND('',#814,.T.);
#527=FACE_OUTER_BOUND('',#815,.T.);
#528=FACE_OUTER_BOUND('',#816,.T.);
#529=FACE_OUTER_BOUND('',#817,.T.);
#530=FACE_OUTER_BOUND('',#818,.T.);
#531=FACE_OUTER_BOUND('',#819,.T.);
#532=FACE_OUTER_BOUND('',#820,.T.);
#533=FACE_OUTER_BOUND('',#821,.T.);
#534=FACE_OUTER_BOUND('',#822,.T.);
#535=FACE_OUTER_BOUND('',#823,.T.);
#536=FACE_OUTER_BOUND('',#824,.T.);
#537=FACE_OUTER_BOUND('',#825,.T.);
#538=FACE_OUTER_BOUND('',#826,.T.);
#539=FACE_OUTER_BOUND('',#827,.T.);
#540=FACE_OUTER_BOUND('',#828,.T.);
#541=FACE_OUTER_BOUND('',#829,.T.);
#542=FACE_OUTER_BOUND('',#830,.T.);
#543=FACE_OUTER_BOUND('',#831,.T.);
#544=FACE_OUTER_BOUND('',#832,.T.);
#545=FACE_OUTER_BOUND('',#833,.T.);
#546=FACE_OUTER_BOUND('',#834,.T.);
#547=FACE_OUTER_BOUND('',#835,.T.);
#548=FACE_OUTER_BOUND('',#836,.T.);
#549=FACE_OUTER_BOUND('',#837,.T.);
#550=FACE_OUTER_BOUND('',#838,.T.);
#551=FACE_OUTER_BOUND('',#839,.T.);
#552=FACE_OUTER_BOUND('',#840,.T.);
#553=FACE_OUTER_BOUND('',#841,.T.);
#554=FACE_OUTER_BOUND('',#842,.T.);
#555=FACE_OUTER_BOUND('',#843,.T.);
#556=FACE_OUTER_BOUND('',#844,.T.);
#557=FACE_OUTER_BOUND('',#845,.T.);
#558=FACE_OUTER_BOUND('',#846,.T.);
#559=FACE_OUTER_BOUND('',#847,.T.);
#560=FACE_OUTER_BOUND('',#848,.T.);
#561=FACE_OUTER_BOUND('',#849,.T.);
#562=FACE_OUTER_BOUND('',#850,.T.);
#563=FACE_OUTER_BOUND('',#851,.T.);
#564=FACE_OUTER_BOUND('',#852,.T.);
#565=FACE_OUTER_BOUND('',#853,.T.);
#566=FACE_OUTER_BOUND('',#854,.T.);
#567=FACE_OUTER_BOUND('',#855,.T.);
#568=FACE_OUTER_BOUND('',#856,.T.);
#569=FACE_OUTER_BOUND('',#857,.T.);
#570=FACE_OUTER_BOUND('',#858,.T.);
#571=FACE_OUTER_BOUND('',#859,.T.);
#572=FACE_OUTER_BOUND('',#860,.T.);
#573=FACE_OUTER_BOUND('',#861,.T.);
#574=FACE_OUTER_BOUND('',#862,.T.);
#575=FACE_OUTER_BOUND('',#863,.T.);
#576=FACE_OUTER_BOUND('',#864,.T.);
#577=FACE_OUTER_BOUND('',#865,.T.);
#578=FACE_OUTER_BOUND('',#866,.T.);
#579=FACE_OUTER_BOUND('',#867,.T.);
#580=FACE_OUTER_BOUND('',#868,.T.);
#581=FACE_OUTER_BOUND('',#869,.T.);
#582=FACE_OUTER_BOUND('',#870,.T.);
#583=FACE_OUTER_BOUND('',#871,.T.);
#584=FACE_OUTER_BOUND('',#872,.T.);
#585=FACE_OUTER_BOUND('',#875,.T.);
#586=FACE_OUTER_BOUND('',#878,.T.);
#587=FACE_OUTER_BOUND('',#879,.T.);
#588=FACE_OUTER_BOUND('',#880,.T.);
#589=FACE_OUTER_BOUND('',#881,.T.);
#590=FACE_OUTER_BOUND('',#882,.T.);
#591=FACE_OUTER_BOUND('',#883,.T.);
#592=FACE_OUTER_BOUND('',#884,.T.);
#593=FACE_OUTER_BOUND('',#885,.T.);
#594=FACE_OUTER_BOUND('',#886,.T.);
#595=FACE_OUTER_BOUND('',#887,.T.);
#596=FACE_OUTER_BOUND('',#888,.T.);
#597=FACE_OUTER_BOUND('',#889,.T.);
#598=FACE_OUTER_BOUND('',#890,.T.);
#599=FACE_OUTER_BOUND('',#891,.T.);
#600=FACE_OUTER_BOUND('',#892,.T.);
#601=FACE_OUTER_BOUND('',#893,.T.);
#602=FACE_OUTER_BOUND('',#894,.T.);
#603=FACE_OUTER_BOUND('',#895,.T.);
#604=FACE_OUTER_BOUND('',#896,.T.);
#605=FACE_OUTER_BOUND('',#897,.T.);
#606=FACE_OUTER_BOUND('',#898,.T.);
#607=FACE_OUTER_BOUND('',#899,.T.);
#608=FACE_OUTER_BOUND('',#900,.T.);
#609=FACE_OUTER_BOUND('',#901,.T.);
#610=FACE_OUTER_BOUND('',#902,.T.);
#611=FACE_OUTER_BOUND('',#903,.T.);
#612=FACE_OUTER_BOUND('',#904,.T.);
#613=FACE_OUTER_BOUND('',#905,.T.);
#614=FACE_OUTER_BOUND('',#906,.T.);
#615=FACE_OUTER_BOUND('',#907,.T.);
#616=FACE_OUTER_BOUND('',#908,.T.);
#617=FACE_OUTER_BOUND('',#909,.T.);
#618=FACE_OUTER_BOUND('',#910,.T.);
#619=FACE_OUTER_BOUND('',#911,.T.);
#620=FACE_OUTER_BOUND('',#912,.T.);
#621=FACE_OUTER_BOUND('',#913,.T.);
#622=FACE_OUTER_BOUND('',#914,.T.);
#623=FACE_OUTER_BOUND('',#915,.T.);
#624=FACE_OUTER_BOUND('',#916,.T.);
#625=FACE_OUTER_BOUND('',#917,.T.);
#626=FACE_OUTER_BOUND('',#918,.T.);
#627=FACE_OUTER_BOUND('',#919,.T.);
#628=FACE_OUTER_BOUND('',#920,.T.);
#629=FACE_OUTER_BOUND('',#921,.T.);
#630=FACE_OUTER_BOUND('',#922,.T.);
#631=FACE_OUTER_BOUND('',#923,.T.);
#632=FACE_OUTER_BOUND('',#924,.T.);
#633=FACE_OUTER_BOUND('',#925,.T.);
#634=FACE_OUTER_BOUND('',#926,.T.);
#635=FACE_OUTER_BOUND('',#927,.T.);
#636=FACE_OUTER_BOUND('',#928,.T.);
#637=FACE_OUTER_BOUND('',#929,.T.);
#638=FACE_OUTER_BOUND('',#930,.T.);
#639=FACE_OUTER_BOUND('',#931,.T.);
#640=FACE_OUTER_BOUND('',#932,.T.);
#641=FACE_OUTER_BOUND('',#933,.T.);
#642=FACE_OUTER_BOUND('',#934,.T.);
#643=FACE_OUTER_BOUND('',#935,.T.);
#644=FACE_OUTER_BOUND('',#936,.T.);
#645=FACE_OUTER_BOUND('',#937,.T.);
#646=FACE_OUTER_BOUND('',#938,.T.);
#647=FACE_OUTER_BOUND('',#939,.T.);
#648=FACE_OUTER_BOUND('',#940,.T.);
#649=FACE_OUTER_BOUND('',#941,.T.);
#650=FACE_OUTER_BOUND('',#942,.T.);
#651=FACE_OUTER_BOUND('',#943,.T.);
#652=FACE_OUTER_BOUND('',#944,.T.);
#653=FACE_OUTER_BOUND('',#945,.T.);
#654=FACE_OUTER_BOUND('',#946,.T.);
#655=FACE_OUTER_BOUND('',#947,.T.);
#656=FACE_OUTER_BOUND('',#948,.T.);
#657=FACE_OUTER_BOUND('',#949,.T.);
#658=FACE_OUTER_BOUND('',#950,.T.);
#659=FACE_OUTER_BOUND('',#951,.T.);
#660=FACE_OUTER_BOUND('',#953,.T.);
#661=FACE_OUTER_BOUND('',#954,.T.);
#662=FACE_OUTER_BOUND('',#955,.T.);
#663=FACE_OUTER_BOUND('',#956,.T.);
#664=FACE_OUTER_BOUND('',#957,.T.);
#665=FACE_OUTER_BOUND('',#958,.T.);
#666=FACE_OUTER_BOUND('',#959,.T.);
#667=FACE_OUTER_BOUND('',#960,.T.);
#668=FACE_OUTER_BOUND('',#961,.T.);
#669=FACE_OUTER_BOUND('',#962,.T.);
#670=FACE_OUTER_BOUND('',#963,.T.);
#671=FACE_OUTER_BOUND('',#964,.T.);
#672=FACE_OUTER_BOUND('',#965,.T.);
#673=FACE_OUTER_BOUND('',#966,.T.);
#674=FACE_OUTER_BOUND('',#967,.T.);
#675=FACE_OUTER_BOUND('',#968,.T.);
#676=FACE_OUTER_BOUND('',#969,.T.);
#677=FACE_OUTER_BOUND('',#971,.T.);
#678=FACE_OUTER_BOUND('',#973,.T.);
#679=FACE_OUTER_BOUND('',#974,.T.);
#680=FACE_OUTER_BOUND('',#975,.T.);
#681=FACE_OUTER_BOUND('',#976,.T.);
#682=FACE_OUTER_BOUND('',#977,.T.);
#683=FACE_OUTER_BOUND('',#978,.T.);
#684=FACE_OUTER_BOUND('',#979,.T.);
#685=FACE_OUTER_BOUND('',#980,.T.);
#686=FACE_OUTER_BOUND('',#981,.T.);
#687=FACE_OUTER_BOUND('',#982,.T.);
#688=FACE_OUTER_BOUND('',#983,.T.);
#689=FACE_OUTER_BOUND('',#984,.T.);
#690=FACE_OUTER_BOUND('',#985,.T.);
#691=FACE_OUTER_BOUND('',#986,.T.);
#692=FACE_OUTER_BOUND('',#987,.T.);
#693=FACE_OUTER_BOUND('',#988,.T.);
#694=FACE_OUTER_BOUND('',#989,.T.);
#695=FACE_OUTER_BOUND('',#990,.T.);
#696=FACE_OUTER_BOUND('',#991,.T.);
#697=FACE_OUTER_BOUND('',#992,.T.);
#698=FACE_OUTER_BOUND('',#993,.T.);
#699=FACE_OUTER_BOUND('',#994,.T.);
#700=FACE_OUTER_BOUND('',#995,.T.);
#701=FACE_OUTER_BOUND('',#996,.T.);
#702=FACE_OUTER_BOUND('',#997,.T.);
#703=FACE_OUTER_BOUND('',#998,.T.);
#704=FACE_OUTER_BOUND('',#999,.T.);
#705=FACE_OUTER_BOUND('',#1000,.T.);
#706=FACE_OUTER_BOUND('',#1001,.T.);
#707=FACE_OUTER_BOUND('',#1002,.T.);
#708=FACE_OUTER_BOUND('',#1003,.T.);
#709=FACE_OUTER_BOUND('',#1004,.T.);
#710=FACE_OUTER_BOUND('',#1005,.T.);
#711=FACE_OUTER_BOUND('',#1006,.T.);
#712=FACE_OUTER_BOUND('',#1007,.T.);
#713=FACE_OUTER_BOUND('',#1008,.T.);
#714=FACE_OUTER_BOUND('',#1009,.T.);
#715=FACE_OUTER_BOUND('',#1010,.T.);
#716=FACE_OUTER_BOUND('',#1011,.T.);
#717=FACE_OUTER_BOUND('',#1012,.T.);
#718=FACE_OUTER_BOUND('',#1013,.T.);
#719=FACE_OUTER_BOUND('',#1014,.T.);
#720=FACE_OUTER_BOUND('',#1015,.T.);
#721=FACE_OUTER_BOUND('',#1016,.T.);
#722=FACE_OUTER_BOUND('',#1017,.T.);
#723=FACE_OUTER_BOUND('',#1018,.T.);
#724=FACE_OUTER_BOUND('',#1019,.T.);
#725=FACE_OUTER_BOUND('',#1020,.T.);
#726=FACE_OUTER_BOUND('',#1021,.T.);
#727=FACE_OUTER_BOUND('',#1022,.T.);
#728=FACE_OUTER_BOUND('',#1023,.T.);
#729=FACE_OUTER_BOUND('',#1024,.T.);
#730=FACE_OUTER_BOUND('',#1025,.T.);
#731=FACE_OUTER_BOUND('',#1026,.T.);
#732=FACE_OUTER_BOUND('',#1027,.T.);
#733=FACE_OUTER_BOUND('',#1028,.T.);
#734=FACE_OUTER_BOUND('',#1029,.T.);
#735=FACE_OUTER_BOUND('',#1030,.T.);
#736=FACE_OUTER_BOUND('',#1031,.T.);
#737=FACE_OUTER_BOUND('',#1032,.T.);
#738=FACE_OUTER_BOUND('',#1033,.T.);
#739=FACE_OUTER_BOUND('',#1034,.T.);
#740=FACE_OUTER_BOUND('',#1035,.T.);
#741=FACE_OUTER_BOUND('',#1037,.T.);
#742=FACE_OUTER_BOUND('',#1039,.T.);
#743=FACE_OUTER_BOUND('',#1040,.T.);
#744=FACE_OUTER_BOUND('',#1041,.T.);
#745=FACE_OUTER_BOUND('',#1042,.T.);
#746=FACE_OUTER_BOUND('',#1043,.T.);
#747=FACE_OUTER_BOUND('',#1044,.T.);
#748=FACE_OUTER_BOUND('',#1045,.T.);
#749=FACE_OUTER_BOUND('',#1046,.T.);
#750=FACE_OUTER_BOUND('',#1047,.T.);
#751=FACE_OUTER_BOUND('',#1048,.T.);
#752=FACE_OUTER_BOUND('',#1049,.T.);
#753=FACE_OUTER_BOUND('',#1050,.T.);
#754=EDGE_LOOP('',(#3217,#3218,#3219,#3220));
#755=EDGE_LOOP('',(#3221,#3222,#3223,#3224,#3225));
#756=EDGE_LOOP('',(#3226,#3227,#3228,#3229));
#757=EDGE_LOOP('',(#3230,#3231,#3232,#3233,#3234,#3235));
#758=EDGE_LOOP('',(#3236,#3237,#3238));
#759=EDGE_LOOP('',(#3239));
#760=EDGE_LOOP('',(#3240,#3241,#3242));
#761=EDGE_LOOP('',(#3243));
#762=EDGE_LOOP('',(#3244,#3245,#3246,#3247,#3248,#3249));
#763=EDGE_LOOP('',(#3250,#3251,#3252,#3253));
#764=EDGE_LOOP('',(#3254,#3255,#3256,#3257,#3258,#3259));
#765=EDGE_LOOP('',(#3260,#3261,#3262,#3263,#3264));
#766=EDGE_LOOP('',(#3265,#3266,#3267,#3268));
#767=EDGE_LOOP('',(#3269,#3270,#3271,#3272,#3273,#3274));
#768=EDGE_LOOP('',(#3275,#3276,#3277,#3278));
#769=EDGE_LOOP('',(#3279,#3280,#3281,#3282));
#770=EDGE_LOOP('',(#3283,#3284,#3285,#3286,#3287));
#771=EDGE_LOOP('',(#3288,#3289,#3290,#3291,#3292,#3293,#3294,#3295,#3296,
#3297,#3298,#3299,#3300,#3301,#3302));
#772=EDGE_LOOP('',(#3303,#3304,#3305,#3306,#3307,#3308));
#773=EDGE_LOOP('',(#3309,#3310,#3311,#3312,#3313));
#774=EDGE_LOOP('',(#3314,#3315,#3316,#3317));
#775=EDGE_LOOP('',(#3318,#3319,#3320,#3321));
#776=EDGE_LOOP('',(#3322,#3323,#3324,#3325));
#777=EDGE_LOOP('',(#3326,#3327,#3328,#3329));
#778=EDGE_LOOP('',(#3330,#3331,#3332,#3333));
#779=EDGE_LOOP('',(#3334,#3335,#3336,#3337));
#780=EDGE_LOOP('',(#3338,#3339,#3340,#3341));
#781=EDGE_LOOP('',(#3342,#3343,#3344,#3345));
#782=EDGE_LOOP('',(#3346,#3347,#3348,#3349));
#783=EDGE_LOOP('',(#3350,#3351,#3352,#3353));
#784=EDGE_LOOP('',(#3354,#3355,#3356,#3357));
#785=EDGE_LOOP('',(#3358,#3359,#3360,#3361));
#786=EDGE_LOOP('',(#3362,#3363,#3364,#3365,#3366,#3367));
#787=EDGE_LOOP('',(#3368,#3369,#3370,#3371,#3372,#3373,#3374,#3375,#3376,
#3377,#3378,#3379,#3380,#3381,#3382));
#788=EDGE_LOOP('',(#3383,#3384,#3385,#3386));
#789=EDGE_LOOP('',(#3387,#3388,#3389,#3390));
#790=EDGE_LOOP('',(#3391,#3392,#3393,#3394));
#791=EDGE_LOOP('',(#3395,#3396,#3397,#3398));
#792=EDGE_LOOP('',(#3399,#3400,#3401,#3402,#3403,#3404,#3405,#3406,#3407,
#3408,#3409,#3410));
#793=EDGE_LOOP('',(#3411,#3412,#3413,#3414,#3415,#3416,#3417,#3418,#3419,
#3420,#3421,#3422));
#794=EDGE_LOOP('',(#3423,#3424,#3425,#3426));
#795=EDGE_LOOP('',(#3427,#3428,#3429,#3430));
#796=EDGE_LOOP('',(#3431,#3432,#3433,#3434));
#797=EDGE_LOOP('',(#3435,#3436,#3437,#3438));
#798=EDGE_LOOP('',(#3439,#3440,#3441,#3442));
#799=EDGE_LOOP('',(#3443,#3444,#3445,#3446));
#800=EDGE_LOOP('',(#3447,#3448,#3449,#3450));
#801=EDGE_LOOP('',(#3451,#3452,#3453,#3454));
#802=EDGE_LOOP('',(#3455,#3456,#3457,#3458));
#803=EDGE_LOOP('',(#3459,#3460,#3461,#3462));
#804=EDGE_LOOP('',(#3463,#3464,#3465,#3466));
#805=EDGE_LOOP('',(#3467,#3468,#3469,#3470));
#806=EDGE_LOOP('',(#3471,#3472,#3473,#3474));
#807=EDGE_LOOP('',(#3475,#3476,#3477,#3478));
#808=EDGE_LOOP('',(#3479,#3480,#3481,#3482));
#809=EDGE_LOOP('',(#3483,#3484,#3485,#3486));
#810=EDGE_LOOP('',(#3487,#3488,#3489,#3490));
#811=EDGE_LOOP('',(#3491,#3492,#3493,#3494));
#812=EDGE_LOOP('',(#3495,#3496,#3497,#3498));
#813=EDGE_LOOP('',(#3499,#3500,#3501,#3502));
#814=EDGE_LOOP('',(#3503,#3504,#3505,#3506,#3507,#3508,#3509,#3510,#3511,
#3512,#3513,#3514));
#815=EDGE_LOOP('',(#3515,#3516,#3517,#3518,#3519,#3520,#3521,#3522,#3523,
#3524,#3525,#3526));
#816=EDGE_LOOP('',(#3527,#3528,#3529,#3530));
#817=EDGE_LOOP('',(#3531,#3532,#3533,#3534));
#818=EDGE_LOOP('',(#3535,#3536,#3537,#3538));
#819=EDGE_LOOP('',(#3539,#3540,#3541,#3542));
#820=EDGE_LOOP('',(#3543,#3544,#3545,#3546));
#821=EDGE_LOOP('',(#3547,#3548,#3549,#3550));
#822=EDGE_LOOP('',(#3551,#3552,#3553,#3554));
#823=EDGE_LOOP('',(#3555,#3556,#3557,#3558));
#824=EDGE_LOOP('',(#3559,#3560,#3561,#3562));
#825=EDGE_LOOP('',(#3563,#3564,#3565,#3566));
#826=EDGE_LOOP('',(#3567,#3568,#3569,#3570));
#827=EDGE_LOOP('',(#3571,#3572,#3573,#3574));
#828=EDGE_LOOP('',(#3575,#3576,#3577,#3578));
#829=EDGE_LOOP('',(#3579,#3580,#3581,#3582));
#830=EDGE_LOOP('',(#3583,#3584,#3585,#3586));
#831=EDGE_LOOP('',(#3587,#3588,#3589,#3590));
#832=EDGE_LOOP('',(#3591,#3592,#3593,#3594));
#833=EDGE_LOOP('',(#3595,#3596,#3597,#3598));
#834=EDGE_LOOP('',(#3599,#3600,#3601,#3602));
#835=EDGE_LOOP('',(#3603,#3604,#3605,#3606));
#836=EDGE_LOOP('',(#3607,#3608,#3609,#3610,#3611,#3612,#3613,#3614,#3615,
#3616,#3617,#3618));
#837=EDGE_LOOP('',(#3619,#3620,#3621,#3622,#3623,#3624,#3625,#3626,#3627,
#3628,#3629,#3630));
#838=EDGE_LOOP('',(#3631,#3632,#3633,#3634));
#839=EDGE_LOOP('',(#3635,#3636,#3637,#3638));
#840=EDGE_LOOP('',(#3639,#3640,#3641,#3642));
#841=EDGE_LOOP('',(#3643,#3644,#3645,#3646));
#842=EDGE_LOOP('',(#3647,#3648,#3649,#3650));
#843=EDGE_LOOP('',(#3651,#3652,#3653,#3654));
#844=EDGE_LOOP('',(#3655,#3656,#3657,#3658));
#845=EDGE_LOOP('',(#3659,#3660,#3661,#3662));
#846=EDGE_LOOP('',(#3663,#3664,#3665,#3666));
#847=EDGE_LOOP('',(#3667,#3668,#3669,#3670));
#848=EDGE_LOOP('',(#3671,#3672,#3673,#3674));
#849=EDGE_LOOP('',(#3675,#3676,#3677,#3678));
#850=EDGE_LOOP('',(#3679,#3680,#3681,#3682));
#851=EDGE_LOOP('',(#3683,#3684,#3685,#3686));
#852=EDGE_LOOP('',(#3687,#3688,#3689,#3690));
#853=EDGE_LOOP('',(#3691,#3692,#3693,#3694));
#854=EDGE_LOOP('',(#3695,#3696,#3697,#3698));
#855=EDGE_LOOP('',(#3699,#3700,#3701,#3702));
#856=EDGE_LOOP('',(#3703,#3704,#3705,#3706));
#857=EDGE_LOOP('',(#3707,#3708,#3709,#3710));
#858=EDGE_LOOP('',(#3711,#3712,#3713,#3714));
#859=EDGE_LOOP('',(#3715,#3716,#3717,#3718));
#860=EDGE_LOOP('',(#3719,#3720,#3721,#3722));
#861=EDGE_LOOP('',(#3723,#3724,#3725,#3726));
#862=EDGE_LOOP('',(#3727,#3728,#3729,#3730));
#863=EDGE_LOOP('',(#3731,#3732,#3733,#3734));
#864=EDGE_LOOP('',(#3735,#3736,#3737,#3738));
#865=EDGE_LOOP('',(#3739,#3740,#3741,#3742));
#866=EDGE_LOOP('',(#3743,#3744,#3745,#3746));
#867=EDGE_LOOP('',(#3747,#3748,#3749,#3750));
#868=EDGE_LOOP('',(#3751,#3752,#3753,#3754));
#869=EDGE_LOOP('',(#3755,#3756,#3757,#3758));
#870=EDGE_LOOP('',(#3759,#3760,#3761,#3762));
#871=EDGE_LOOP('',(#3763,#3764,#3765,#3766));
#872=EDGE_LOOP('',(#3767,#3768,#3769,#3770,#3771,#3772,#3773,#3774,#3775,
#3776,#3777,#3778,#3779,#3780,#3781,#3782));
#873=EDGE_LOOP('',(#3783,#3784,#3785,#3786));
#874=EDGE_LOOP('',(#3787));
#875=EDGE_LOOP('',(#3788,#3789,#3790,#3791,#3792,#3793,#3794,#3795,#3796,
#3797,#3798,#3799,#3800,#3801,#3802,#3803));
#876=EDGE_LOOP('',(#3804,#3805,#3806,#3807));
#877=EDGE_LOOP('',(#3808));
#878=EDGE_LOOP('',(#3809,#3810,#3811,#3812));
#879=EDGE_LOOP('',(#3813,#3814,#3815,#3816));
#880=EDGE_LOOP('',(#3817,#3818,#3819,#3820));
#881=EDGE_LOOP('',(#3821,#3822,#3823,#3824));
#882=EDGE_LOOP('',(#3825,#3826,#3827));
#883=EDGE_LOOP('',(#3828,#3829,#3830,#3831));
#884=EDGE_LOOP('',(#3832,#3833,#3834));
#885=EDGE_LOOP('',(#3835,#3836,#3837,#3838));
#886=EDGE_LOOP('',(#3839,#3840,#3841));
#887=EDGE_LOOP('',(#3842,#3843,#3844));
#888=EDGE_LOOP('',(#3845,#3846,#3847,#3848));
#889=EDGE_LOOP('',(#3849,#3850,#3851,#3852));
#890=EDGE_LOOP('',(#3853,#3854,#3855,#3856));
#891=EDGE_LOOP('',(#3857,#3858,#3859,#3860));
#892=EDGE_LOOP('',(#3861,#3862,#3863,#3864));
#893=EDGE_LOOP('',(#3865,#3866,#3867,#3868));
#894=EDGE_LOOP('',(#3869,#3870,#3871,#3872,#3873));
#895=EDGE_LOOP('',(#3874,#3875,#3876,#3877,#3878));
#896=EDGE_LOOP('',(#3879,#3880,#3881,#3882,#3883,#3884,#3885,#3886));
#897=EDGE_LOOP('',(#3887,#3888,#3889,#3890,#3891));
#898=EDGE_LOOP('',(#3892,#3893,#3894,#3895));
#899=EDGE_LOOP('',(#3896,#3897,#3898,#3899));
#900=EDGE_LOOP('',(#3900,#3901,#3902,#3903,#3904,#3905,#3906,#3907,#3908,
#3909));
#901=EDGE_LOOP('',(#3910,#3911,#3912,#3913,#3914));
#902=EDGE_LOOP('',(#3915,#3916,#3917,#3918));
#903=EDGE_LOOP('',(#3919,#3920,#3921,#3922));
#904=EDGE_LOOP('',(#3923,#3924,#3925,#3926,#3927,#3928,#3929,#3930));
#905=EDGE_LOOP('',(#3931,#3932,#3933,#3934));
#906=EDGE_LOOP('',(#3935,#3936,#3937,#3938));
#907=EDGE_LOOP('',(#3939,#3940,#3941,#3942,#3943));
#908=EDGE_LOOP('',(#3944,#3945,#3946,#3947));
#909=EDGE_LOOP('',(#3948,#3949,#3950,#3951,#3952));
#910=EDGE_LOOP('',(#3953,#3954,#3955,#3956));
#911=EDGE_LOOP('',(#3957,#3958,#3959,#3960));
#912=EDGE_LOOP('',(#3961,#3962,#3963,#3964));
#913=EDGE_LOOP('',(#3965,#3966,#3967,#3968));
#914=EDGE_LOOP('',(#3969,#3970,#3971,#3972));
#915=EDGE_LOOP('',(#3973,#3974,#3975,#3976));
#916=EDGE_LOOP('',(#3977,#3978,#3979,#3980));
#917=EDGE_LOOP('',(#3981,#3982,#3983,#3984));
#918=EDGE_LOOP('',(#3985,#3986,#3987,#3988));
#919=EDGE_LOOP('',(#3989,#3990,#3991,#3992));
#920=EDGE_LOOP('',(#3993,#3994,#3995,#3996));
#921=EDGE_LOOP('',(#3997,#3998,#3999,#4000));
#922=EDGE_LOOP('',(#4001,#4002,#4003,#4004));
#923=EDGE_LOOP('',(#4005,#4006,#4007,#4008));
#924=EDGE_LOOP('',(#4009,#4010,#4011,#4012));
#925=EDGE_LOOP('',(#4013,#4014,#4015,#4016));
#926=EDGE_LOOP('',(#4017,#4018,#4019,#4020));
#927=EDGE_LOOP('',(#4021,#4022,#4023,#4024));
#928=EDGE_LOOP('',(#4025,#4026,#4027,#4028));
#929=EDGE_LOOP('',(#4029,#4030,#4031,#4032));
#930=EDGE_LOOP('',(#4033,#4034,#4035,#4036));
#931=EDGE_LOOP('',(#4037,#4038,#4039,#4040));
#932=EDGE_LOOP('',(#4041,#4042,#4043,#4044));
#933=EDGE_LOOP('',(#4045,#4046,#4047,#4048));
#934=EDGE_LOOP('',(#4049,#4050,#4051,#4052));
#935=EDGE_LOOP('',(#4053,#4054,#4055,#4056));
#936=EDGE_LOOP('',(#4057,#4058,#4059,#4060));
#937=EDGE_LOOP('',(#4061,#4062,#4063,#4064));
#938=EDGE_LOOP('',(#4065,#4066,#4067,#4068));
#939=EDGE_LOOP('',(#4069,#4070,#4071,#4072));
#940=EDGE_LOOP('',(#4073,#4074,#4075,#4076,#4077,#4078));
#941=EDGE_LOOP('',(#4079,#4080,#4081,#4082,#4083,#4084));
#942=EDGE_LOOP('',(#4085,#4086,#4087,#4088,#4089,#4090,#4091,#4092,#4093,
#4094,#4095,#4096));
#943=EDGE_LOOP('',(#4097,#4098));
#944=EDGE_LOOP('',(#4099,#4100,#4101,#4102,#4103));
#945=EDGE_LOOP('',(#4104,#4105,#4106,#4107));
#946=EDGE_LOOP('',(#4108,#4109));
#947=EDGE_LOOP('',(#4110,#4111,#4112,#4113,#4114,#4115,#4116,#4117,#4118,
#4119,#4120,#4121,#4122,#4123,#4124,#4125,#4126,#4127,#4128,#4129,#4130,
#4131,#4132,#4133,#4134,#4135,#4136,#4137,#4138,#4139,#4140));
#948=EDGE_LOOP('',(#4141,#4142,#4143,#4144));
#949=EDGE_LOOP('',(#4145,#4146,#4147,#4148,#4149,#4150,#4151,#4152,#4153,
#4154,#4155,#4156,#4157,#4158,#4159,#4160,#4161,#4162,#4163,#4164,#4165,
#4166,#4167,#4168,#4169,#4170,#4171,#4172,#4173,#4174,#4175));
#950=EDGE_LOOP('',(#4176,#4177,#4178,#4179));
#951=EDGE_LOOP('',(#4180));
#952=EDGE_LOOP('',(#4181,#4182,#4183,#4184));
#953=EDGE_LOOP('',(#4185,#4186,#4187,#4188));
#954=EDGE_LOOP('',(#4189,#4190,#4191,#4192));
#955=EDGE_LOOP('',(#4193,#4194,#4195,#4196,#4197,#4198));
#956=EDGE_LOOP('',(#4199,#4200,#4201,#4202,#4203,#4204));
#957=EDGE_LOOP('',(#4205,#4206,#4207,#4208,#4209,#4210));
#958=EDGE_LOOP('',(#4211,#4212,#4213,#4214,#4215,#4216));
#959=EDGE_LOOP('',(#4217,#4218,#4219,#4220,#4221,#4222));
#960=EDGE_LOOP('',(#4223,#4224,#4225,#4226,#4227,#4228));
#961=EDGE_LOOP('',(#4229,#4230,#4231,#4232,#4233,#4234));
#962=EDGE_LOOP('',(#4235,#4236,#4237));
#963=EDGE_LOOP('',(#4238,#4239,#4240,#4241,#4242,#4243));
#964=EDGE_LOOP('',(#4244,#4245,#4246,#4247,#4248));
#965=EDGE_LOOP('',(#4249,#4250,#4251,#4252,#4253));
#966=EDGE_LOOP('',(#4254,#4255,#4256,#4257,#4258,#4259));
#967=EDGE_LOOP('',(#4260,#4261,#4262,#4263));
#968=EDGE_LOOP('',(#4264,#4265,#4266));
#969=EDGE_LOOP('',(#4267));
#970=EDGE_LOOP('',(#4268,#4269,#4270,#4271,#4272,#4273,#4274,#4275,#4276,
#4277,#4278,#4279,#4280,#4281,#4282,#4283,#4284,#4285,#4286,#4287,#4288,
#4289,#4290,#4291));
#971=EDGE_LOOP('',(#4292));
#972=EDGE_LOOP('',(#4293,#4294,#4295,#4296,#4297,#4298,#4299,#4300,#4301,
#4302,#4303,#4304,#4305,#4306,#4307,#4308,#4309,#4310,#4311,#4312,#4313,
#4314,#4315,#4316));
#973=EDGE_LOOP('',(#4317,#4318,#4319,#4320,#4321,#4322));
#974=EDGE_LOOP('',(#4323,#4324,#4325));
#975=EDGE_LOOP('',(#4326,#4327,#4328,#4329,#4330,#4331));
#976=EDGE_LOOP('',(#4332,#4333,#4334,#4335,#4336));
#977=EDGE_LOOP('',(#4337,#4338,#4339,#4340,#4341));
#978=EDGE_LOOP('',(#4342,#4343,#4344,#4345,#4346,#4347));
#979=EDGE_LOOP('',(#4348,#4349,#4350,#4351));
#980=EDGE_LOOP('',(#4352,#4353,#4354));
#981=EDGE_LOOP('',(#4355,#4356,#4357));
#982=EDGE_LOOP('',(#4358,#4359,#4360,#4361,#4362,#4363));
#983=EDGE_LOOP('',(#4364,#4365,#4366,#4367,#4368));
#984=EDGE_LOOP('',(#4369,#4370,#4371,#4372,#4373));
#985=EDGE_LOOP('',(#4374,#4375,#4376,#4377,#4378,#4379));
#986=EDGE_LOOP('',(#4380,#4381,#4382,#4383));
#987=EDGE_LOOP('',(#4384,#4385,#4386));
#988=EDGE_LOOP('',(#4387,#4388,#4389));
#989=EDGE_LOOP('',(#4390,#4391,#4392,#4393,#4394,#4395));
#990=EDGE_LOOP('',(#4396,#4397,#4398,#4399,#4400));
#991=EDGE_LOOP('',(#4401,#4402,#4403,#4404,#4405));
#992=EDGE_LOOP('',(#4406,#4407,#4408,#4409,#4410,#4411));
#993=EDGE_LOOP('',(#4412,#4413,#4414,#4415));
#994=EDGE_LOOP('',(#4416,#4417,#4418));
#995=EDGE_LOOP('',(#4419,#4420,#4421));
#996=EDGE_LOOP('',(#4422,#4423,#4424,#4425,#4426,#4427));
#997=EDGE_LOOP('',(#4428,#4429,#4430,#4431,#4432));
#998=EDGE_LOOP('',(#4433,#4434,#4435,#4436,#4437));
#999=EDGE_LOOP('',(#4438,#4439,#4440,#4441,#4442,#4443));
#1000=EDGE_LOOP('',(#4444,#4445,#4446,#4447));
#1001=EDGE_LOOP('',(#4448,#4449,#4450));
#1002=EDGE_LOOP('',(#4451,#4452,#4453));
#1003=EDGE_LOOP('',(#4454,#4455,#4456,#4457,#4458,#4459));
#1004=EDGE_LOOP('',(#4460,#4461,#4462,#4463,#4464));
#1005=EDGE_LOOP('',(#4465,#4466,#4467,#4468,#4469));
#1006=EDGE_LOOP('',(#4470,#4471,#4472,#4473,#4474,#4475));
#1007=EDGE_LOOP('',(#4476,#4477,#4478,#4479));
#1008=EDGE_LOOP('',(#4480,#4481,#4482));
#1009=EDGE_LOOP('',(#4483,#4484,#4485));
#1010=EDGE_LOOP('',(#4486,#4487,#4488,#4489,#4490,#4491));
#1011=EDGE_LOOP('',(#4492,#4493,#4494,#4495,#4496));
#1012=EDGE_LOOP('',(#4497,#4498,#4499,#4500,#4501));
#1013=EDGE_LOOP('',(#4502,#4503,#4504,#4505,#4506,#4507));
#1014=EDGE_LOOP('',(#4508,#4509,#4510,#4511));
#1015=EDGE_LOOP('',(#4512,#4513,#4514));
#1016=EDGE_LOOP('',(#4515,#4516,#4517));
#1017=EDGE_LOOP('',(#4518,#4519,#4520,#4521,#4522,#4523));
#1018=EDGE_LOOP('',(#4524,#4525,#4526,#4527,#4528));
#1019=EDGE_LOOP('',(#4529,#4530,#4531,#4532,#4533));
#1020=EDGE_LOOP('',(#4534,#4535,#4536,#4537,#4538,#4539));
#1021=EDGE_LOOP('',(#4540,#4541,#4542,#4543));
#1022=EDGE_LOOP('',(#4544,#4545,#4546));
#1023=EDGE_LOOP('',(#4547,#4548,#4549,#4550));
#1024=EDGE_LOOP('',(#4551,#4552,#4553,#4554));
#1025=EDGE_LOOP('',(#4555,#4556,#4557,#4558));
#1026=EDGE_LOOP('',(#4559,#4560,#4561,#4562));
#1027=EDGE_LOOP('',(#4563,#4564,#4565,#4566,#4567,#4568,#4569,#4570));
#1028=EDGE_LOOP('',(#4571,#4572,#4573,#4574,#4575,#4576,#4577,#4578,#4579,
#4580,#4581,#4582,#4583,#4584,#4585,#4586));
#1029=EDGE_LOOP('',(#4587,#4588,#4589,#4590,#4591,#4592,#4593,#4594));
#1030=EDGE_LOOP('',(#4595,#4596,#4597,#4598,#4599,#4600,#4601,#4602,#4603,
#4604,#4605,#4606,#4607,#4608,#4609,#4610));
#1031=EDGE_LOOP('',(#4611,#4612,#4613,#4614));
#1032=EDGE_LOOP('',(#4615,#4616,#4617,#4618,#4619,#4620,#4621,#4622,#4623));
#1033=EDGE_LOOP('',(#4624,#4625,#4626,#4627,#4628,#4629,#4630,#4631,#4632));
#1034=EDGE_LOOP('',(#4633,#4634,#4635,#4636));
#1035=EDGE_LOOP('',(#4637));
#1036=EDGE_LOOP('',(#4638));
#1037=EDGE_LOOP('',(#4639));
#1038=EDGE_LOOP('',(#4640));
#1039=EDGE_LOOP('',(#4641,#4642,#4643,#4644));
#1040=EDGE_LOOP('',(#4645,#4646,#4647,#4648,#4649,#4650));
#1041=EDGE_LOOP('',(#4651,#4652,#4653,#4654));
#1042=EDGE_LOOP('',(#4655,#4656,#4657,#4658));
#1043=EDGE_LOOP('',(#4659,#4660,#4661,#4662));
#1044=EDGE_LOOP('',(#4663,#4664,#4665,#4666));
#1045=EDGE_LOOP('',(#4667,#4668,#4669,#4670));
#1046=EDGE_LOOP('',(#4671,#4672,#4673,#4674));
#1047=EDGE_LOOP('',(#4675,#4676,#4677,#4678));
#1048=EDGE_LOOP('',(#4679,#4680,#4681,#4682));
#1049=EDGE_LOOP('',(#4683,#4684,#4685,#4686));
#1050=EDGE_LOOP('',(#4687,#4688,#4689,#4690));
#1051=LINE('',#6671,#1476);
#1052=LINE('',#6676,#1477);
#1053=LINE('',#6678,#1478);
#1054=LINE('',#6680,#1479);
#1055=LINE('',#6682,#1480);
#1056=LINE('',#6683,#1481);
#1057=LINE('',#6686,#1482);
#1058=LINE('',#6696,#1483);
#1059=LINE('',#6726,#1484);
#1060=LINE('',#6736,#1485);
#1061=LINE('',#6737,#1486);
#1062=LINE('',#6738,#1487);
#1063=LINE('',#6740,#1488);
#1064=LINE('',#6741,#1489);
#1065=LINE('',#6743,#1490);
#1066=LINE('',#6746,#1491);
#1067=LINE('',#6748,#1492);
#1068=LINE('',#6750,#1493);
#1069=LINE('',#6751,#1494);
#1070=LINE('',#6754,#1495);
#1071=LINE('',#6756,#1496);
#1072=LINE('',#6757,#1497);
#1073=LINE('',#6779,#1498);
#1074=LINE('',#6780,#1499);
#1075=LINE('',#6799,#1500);
#1076=LINE('',#6829,#1501);
#1077=LINE('',#6839,#1502);
#1078=LINE('',#6840,#1503);
#1079=LINE('',#6841,#1504);
#1080=LINE('',#6843,#1505);
#1081=LINE('',#6844,#1506);
#1082=LINE('',#6848,#1507);
#1083=LINE('',#6850,#1508);
#1084=LINE('',#6851,#1509);
#1085=LINE('',#6854,#1510);
#1086=LINE('',#6856,#1511);
#1087=LINE('',#6858,#1512);
#1088=LINE('',#6860,#1513);
#1089=LINE('',#6862,#1514);
#1090=LINE('',#6864,#1515);
#1091=LINE('',#6866,#1516);
#1092=LINE('',#6868,#1517);
#1093=LINE('',#6870,#1518);
#1094=LINE('',#6874,#1519);
#1095=LINE('',#6876,#1520);
#1096=LINE('',#6878,#1521);
#1097=LINE('',#6879,#1522);
#1098=LINE('',#6901,#1523);
#1099=LINE('',#6902,#1524);
#1100=LINE('',#6912,#1525);
#1101=LINE('',#6913,#1526);
#1102=LINE('',#6916,#1527);
#1103=LINE('',#6917,#1528);
#1104=LINE('',#6920,#1529);
#1105=LINE('',#6921,#1530);
#1106=LINE('',#6924,#1531);
#1107=LINE('',#6925,#1532);
#1108=LINE('',#6928,#1533);
#1109=LINE('',#6929,#1534);
#1110=LINE('',#6932,#1535);
#1111=LINE('',#6933,#1536);
#1112=LINE('',#6936,#1537);
#1113=LINE('',#6937,#1538);
#1114=LINE('',#6940,#1539);
#1115=LINE('',#6941,#1540);
#1116=LINE('',#6945,#1541);
#1117=LINE('',#6948,#1542);
#1118=LINE('',#6949,#1543);
#1119=LINE('',#6952,#1544);
#1120=LINE('',#6953,#1545);
#1121=LINE('',#6956,#1546);
#1122=LINE('',#6957,#1547);
#1123=LINE('',#6959,#1548);
#1124=LINE('',#6967,#1549);
#1125=LINE('',#6969,#1550);
#1126=LINE('',#6971,#1551);
#1127=LINE('',#6972,#1552);
#1128=LINE('',#6975,#1553);
#1129=LINE('',#6979,#1554);
#1130=LINE('',#6983,#1555);
#1131=LINE('',#6986,#1556);
#1132=LINE('',#6988,#1557);
#1133=LINE('',#6990,#1558);
#1134=LINE('',#6992,#1559);
#1135=LINE('',#6994,#1560);
#1136=LINE('',#6996,#1561);
#1137=LINE('',#6998,#1562);
#1138=LINE('',#7000,#1563);
#1139=LINE('',#7002,#1564);
#1140=LINE('',#7004,#1565);
#1141=LINE('',#7006,#1566);
#1142=LINE('',#7007,#1567);
#1143=LINE('',#7010,#1568);
#1144=LINE('',#7012,#1569);
#1145=LINE('',#7014,#1570);
#1146=LINE('',#7016,#1571);
#1147=LINE('',#7018,#1572);
#1148=LINE('',#7020,#1573);
#1149=LINE('',#7022,#1574);
#1150=LINE('',#7024,#1575);
#1151=LINE('',#7026,#1576);
#1152=LINE('',#7027,#1577);
#1153=LINE('',#7030,#1578);
#1154=LINE('',#7032,#1579);
#1155=LINE('',#7033,#1580);
#1156=LINE('',#7036,#1581);
#1157=LINE('',#7038,#1582);
#1158=LINE('',#7039,#1583);
#1159=LINE('',#7041,#1584);
#1160=LINE('',#7045,#1585);
#1161=LINE('',#7046,#1586);
#1162=LINE('',#7048,#1587);
#1163=LINE('',#7050,#1588);
#1164=LINE('',#7052,#1589);
#1165=LINE('',#7053,#1590);
#1166=LINE('',#7055,#1591);
#1167=LINE('',#7056,#1592);
#1168=LINE('',#7058,#1593);
#1169=LINE('',#7059,#1594);
#1170=LINE('',#7065,#1595);
#1171=LINE('',#7067,#1596);
#1172=LINE('',#7073,#1597);
#1173=LINE('',#7075,#1598);
#1174=LINE('',#7077,#1599);
#1175=LINE('',#7078,#1600);
#1176=LINE('',#7081,#1601);
#1177=LINE('',#7085,#1602);
#1178=LINE('',#7089,#1603);
#1179=LINE('',#7092,#1604);
#1180=LINE('',#7094,#1605);
#1181=LINE('',#7096,#1606);
#1182=LINE('',#7098,#1607);
#1183=LINE('',#7100,#1608);
#1184=LINE('',#7102,#1609);
#1185=LINE('',#7104,#1610);
#1186=LINE('',#7106,#1611);
#1187=LINE('',#7108,#1612);
#1188=LINE('',#7110,#1613);
#1189=LINE('',#7112,#1614);
#1190=LINE('',#7113,#1615);
#1191=LINE('',#7116,#1616);
#1192=LINE('',#7118,#1617);
#1193=LINE('',#7120,#1618);
#1194=LINE('',#7122,#1619);
#1195=LINE('',#7124,#1620);
#1196=LINE('',#7126,#1621);
#1197=LINE('',#7128,#1622);
#1198=LINE('',#7130,#1623);
#1199=LINE('',#7132,#1624);
#1200=LINE('',#7133,#1625);
#1201=LINE('',#7136,#1626);
#1202=LINE('',#7138,#1627);
#1203=LINE('',#7139,#1628);
#1204=LINE('',#7142,#1629);
#1205=LINE('',#7144,#1630);
#1206=LINE('',#7145,#1631);
#1207=LINE('',#7147,#1632);
#1208=LINE('',#7151,#1633);
#1209=LINE('',#7152,#1634);
#1210=LINE('',#7154,#1635);
#1211=LINE('',#7156,#1636);
#1212=LINE('',#7158,#1637);
#1213=LINE('',#7159,#1638);
#1214=LINE('',#7161,#1639);
#1215=LINE('',#7162,#1640);
#1216=LINE('',#7164,#1641);
#1217=LINE('',#7165,#1642);
#1218=LINE('',#7171,#1643);
#1219=LINE('',#7173,#1644);
#1220=LINE('',#7179,#1645);
#1221=LINE('',#7181,#1646);
#1222=LINE('',#7183,#1647);
#1223=LINE('',#7184,#1648);
#1224=LINE('',#7187,#1649);
#1225=LINE('',#7191,#1650);
#1226=LINE('',#7195,#1651);
#1227=LINE('',#7198,#1652);
#1228=LINE('',#7200,#1653);
#1229=LINE('',#7202,#1654);
#1230=LINE('',#7204,#1655);
#1231=LINE('',#7206,#1656);
#1232=LINE('',#7208,#1657);
#1233=LINE('',#7210,#1658);
#1234=LINE('',#7212,#1659);
#1235=LINE('',#7214,#1660);
#1236=LINE('',#7216,#1661);
#1237=LINE('',#7218,#1662);
#1238=LINE('',#7219,#1663);
#1239=LINE('',#7222,#1664);
#1240=LINE('',#7224,#1665);
#1241=LINE('',#7226,#1666);
#1242=LINE('',#7228,#1667);
#1243=LINE('',#7230,#1668);
#1244=LINE('',#7232,#1669);
#1245=LINE('',#7234,#1670);
#1246=LINE('',#7236,#1671);
#1247=LINE('',#7238,#1672);
#1248=LINE('',#7239,#1673);
#1249=LINE('',#7242,#1674);
#1250=LINE('',#7244,#1675);
#1251=LINE('',#7245,#1676);
#1252=LINE('',#7248,#1677);
#1253=LINE('',#7250,#1678);
#1254=LINE('',#7251,#1679);
#1255=LINE('',#7253,#1680);
#1256=LINE('',#7257,#1681);
#1257=LINE('',#7258,#1682);
#1258=LINE('',#7260,#1683);
#1259=LINE('',#7262,#1684);
#1260=LINE('',#7264,#1685);
#1261=LINE('',#7265,#1686);
#1262=LINE('',#7267,#1687);
#1263=LINE('',#7268,#1688);
#1264=LINE('',#7270,#1689);
#1265=LINE('',#7271,#1690);
#1266=LINE('',#7277,#1691);
#1267=LINE('',#7279,#1692);
#1268=LINE('',#7286,#1693);
#1269=LINE('',#7291,#1694);
#1270=LINE('',#7293,#1695);
#1271=LINE('',#7295,#1696);
#1272=LINE('',#7296,#1697);
#1273=LINE('',#7299,#1698);
#1274=LINE('',#7301,#1699);
#1275=LINE('',#7302,#1700);
#1276=LINE('',#7305,#1701);
#1277=LINE('',#7307,#1702);
#1278=LINE('',#7308,#1703);
#1279=LINE('',#7311,#1704);
#1280=LINE('',#7313,#1705);
#1281=LINE('',#7314,#1706);
#1282=LINE('',#7317,#1707);
#1283=LINE('',#7319,#1708);
#1284=LINE('',#7320,#1709);
#1285=LINE('',#7323,#1710);
#1286=LINE('',#7325,#1711);
#1287=LINE('',#7326,#1712);
#1288=LINE('',#7329,#1713);
#1289=LINE('',#7331,#1714);
#1290=LINE('',#7332,#1715);
#1291=LINE('',#7335,#1716);
#1292=LINE('',#7337,#1717);
#1293=LINE('',#7338,#1718);
#1294=LINE('',#7341,#1719);
#1295=LINE('',#7343,#1720);
#1296=LINE('',#7344,#1721);
#1297=LINE('',#7347,#1722);
#1298=LINE('',#7349,#1723);
#1299=LINE('',#7350,#1724);
#1300=LINE('',#7353,#1725);
#1301=LINE('',#7355,#1726);
#1302=LINE('',#7356,#1727);
#1303=LINE('',#7359,#1728);
#1304=LINE('',#7361,#1729);
#1305=LINE('',#7362,#1730);
#1306=LINE('',#7365,#1731);
#1307=LINE('',#7367,#1732);
#1308=LINE('',#7368,#1733);
#1309=LINE('',#7371,#1734);
#1310=LINE('',#7373,#1735);
#1311=LINE('',#7374,#1736);
#1312=LINE('',#7377,#1737);
#1313=LINE('',#7379,#1738);
#1314=LINE('',#7380,#1739);
#1315=LINE('',#7382,#1740);
#1316=LINE('',#7383,#1741);
#1317=LINE('',#7387,#1742);
#1318=LINE('',#7391,#1743);
#1319=LINE('',#7398,#1744);
#1320=LINE('',#7401,#1745);
#1321=LINE('',#7403,#1746);
#1322=LINE('',#7404,#1747);
#1323=LINE('',#7406,#1748);
#1324=LINE('',#7408,#1749);
#1325=LINE('',#7421,#1750);
#1326=LINE('',#7422,#1751);
#1327=LINE('',#7431,#1752);
#1328=LINE('',#7432,#1753);
#1329=LINE('',#7448,#1754);
#1330=LINE('',#7449,#1755);
#1331=LINE('',#7454,#1756);
#1332=LINE('',#7455,#1757);
#1333=LINE('',#7457,#1758);
#1334=LINE('',#7458,#1759);
#1335=LINE('',#7460,#1760);
#1336=LINE('',#7461,#1761);
#1337=LINE('',#7466,#1762);
#1338=LINE('',#7467,#1763);
#1339=LINE('',#7472,#1764);
#1340=LINE('',#7473,#1765);
#1341=LINE('',#7476,#1766);
#1342=LINE('',#7477,#1767);
#1343=LINE('',#7480,#1768);
#1344=LINE('',#7482,#1769);
#1345=LINE('',#7483,#1770);
#1346=LINE('',#7486,#1771);
#1347=LINE('',#7488,#1772);
#1348=LINE('',#7490,#1773);
#1349=LINE('',#7491,#1774);
#1350=LINE('',#7494,#1775);
#1351=LINE('',#7496,#1776);
#1352=LINE('',#7497,#1777);
#1353=LINE('',#7500,#1778);
#1354=LINE('',#7503,#1779);
#1355=LINE('',#7505,#1780);
#1356=LINE('',#7506,#1781);
#1357=LINE('',#7507,#1782);
#1358=LINE('',#7511,#1783);
#1359=LINE('',#7512,#1784);
#1360=LINE('',#7515,#1785);
#1361=LINE('',#7516,#1786);
#1362=LINE('',#7520,#1787);
#1363=LINE('',#7523,#1788);
#1364=LINE('',#7530,#1789);
#1365=LINE('',#7535,#1790);
#1366=LINE('',#7536,#1791);
#1367=LINE('',#7539,#1792);
#1368=LINE('',#7540,#1793);
#1369=LINE('',#7544,#1794);
#1370=LINE('',#7546,#1795);
#1371=LINE('',#7552,#1796);
#1372=LINE('',#7576,#1797);
#1373=LINE('',#7624,#1798);
#1374=LINE('',#7672,#1799);
#1375=LINE('',#7723,#1800);
#1376=LINE('',#7774,#1801);
#1377=LINE('',#7822,#1802);
#1378=LINE('',#7870,#1803);
#1379=LINE('',#7924,#1804);
#1380=LINE('',#7972,#1805);
#1381=LINE('',#8020,#1806);
#1382=LINE('',#8074,#1807);
#1383=LINE('',#8122,#1808);
#1384=LINE('',#8170,#1809);
#1385=LINE('',#8218,#1810);
#1386=LINE('',#8240,#1811);
#1387=LINE('',#8264,#1812);
#1388=LINE('',#8288,#1813);
#1389=LINE('',#8313,#1814);
#1390=LINE('',#8338,#1815);
#1391=LINE('',#8362,#1816);
#1392=LINE('',#8387,#1817);
#1393=LINE('',#8412,#1818);
#1394=LINE('',#8436,#1819);
#1395=LINE('',#8461,#1820);
#1396=LINE('',#8485,#1821);
#1397=LINE('',#8510,#1822);
#1398=LINE('',#8536,#1823);
#1399=LINE('',#8539,#1824);
#1400=LINE('',#8542,#1825);
#1401=LINE('',#8544,#1826);
#1402=LINE('',#8557,#1827);
#1403=LINE('',#8570,#1828);
#1404=LINE('',#8583,#1829);
#1405=LINE('',#8595,#1830);
#1406=LINE('',#8600,#1831);
#1407=LINE('',#9702,#1832);
#1408=LINE('',#9993,#1833);
#1409=LINE('',#10037,#1834);
#1410=LINE('',#10066,#1835);
#1411=LINE('',#10072,#1836);
#1412=LINE('',#10094,#1837);
#1413=LINE('',#10122,#1838);
#1414=LINE('',#10200,#1839);
#1415=LINE('',#10227,#1840);
#1416=LINE('',#10245,#1841);
#1417=LINE('',#10251,#1842);
#1418=LINE('',#10273,#1843);
#1419=LINE('',#10296,#1844);
#1420=LINE('',#10307,#1845);
#1421=LINE('',#10334,#1846);
#1422=LINE('',#10352,#1847);
#1423=LINE('',#10358,#1848);
#1424=LINE('',#10380,#1849);
#1425=LINE('',#10403,#1850);
#1426=LINE('',#10414,#1851);
#1427=LINE('',#10441,#1852);
#1428=LINE('',#10459,#1853);
#1429=LINE('',#10465,#1854);
#1430=LINE('',#10487,#1855);
#1431=LINE('',#10510,#1856);
#1432=LINE('',#10521,#1857);
#1433=LINE('',#10548,#1858);
#1434=LINE('',#10566,#1859);
#1435=LINE('',#10572,#1860);
#1436=LINE('',#10594,#1861);
#1437=LINE('',#10617,#1862);
#1438=LINE('',#10628,#1863);
#1439=LINE('',#10655,#1864);
#1440=LINE('',#10673,#1865);
#1441=LINE('',#10679,#1866);
#1442=LINE('',#10701,#1867);
#1443=LINE('',#10724,#1868);
#1444=LINE('',#10735,#1869);
#1445=LINE('',#10762,#1870);
#1446=LINE('',#10780,#1871);
#1447=LINE('',#10786,#1872);
#1448=LINE('',#10808,#1873);
#1449=LINE('',#10831,#1874);
#1450=LINE('',#10842,#1875);
#1451=LINE('',#10869,#1876);
#1452=LINE('',#10887,#1877);
#1453=LINE('',#10893,#1878);
#1454=LINE('',#10915,#1879);
#1455=LINE('',#10938,#1880);
#1456=LINE('',#10945,#1881);
#1457=LINE('',#10968,#1882);
#1458=LINE('',#11044,#1883);
#1459=LINE('',#11120,#1884);
#1460=LINE('',#11208,#1885);
#1461=LINE('',#11262,#1886);
#1462=LINE('',#11337,#1887);
#1463=LINE('',#11426,#1888);
#1464=LINE('',#11952,#1889);
#1465=LINE('',#11953,#1890);
#1466=LINE('',#11955,#1891);
#1467=LINE('',#11956,#1892);
#1468=LINE('',#11958,#1893);
#1469=LINE('',#11959,#1894);
#1470=LINE('',#11961,#1895);
#1471=LINE('',#11962,#1896);
#1472=LINE('',#11964,#1897);
#1473=LINE('',#11965,#1898);
#1474=LINE('',#11967,#1899);
#1475=LINE('',#11968,#1900);
#1476=VECTOR('',#5510,1.85);
#1477=VECTOR('',#5515,10.);
#1478=VECTOR('',#5516,10.);
#1479=VECTOR('',#5517,10.);
#1480=VECTOR('',#5518,10.);
#1481=VECTOR('',#5519,10.);
#1482=VECTOR('',#5522,10.);
#1483=VECTOR('',#5523,10.);
#1484=VECTOR('',#5524,10.);
#1485=VECTOR('',#5525,10.);
#1486=VECTOR('',#5526,10.);
#1487=VECTOR('',#5527,10.);
#1488=VECTOR('',#5530,10.);
#1489=VECTOR('',#5531,10.);
#1490=VECTOR('',#5534,10.);
#1491=VECTOR('',#5537,10.);
#1492=VECTOR('',#5538,10.);
#1493=VECTOR('',#5539,10.);
#1494=VECTOR('',#5540,10.);
#1495=VECTOR('',#5543,10.);
#1496=VECTOR('',#5544,10.);
#1497=VECTOR('',#5545,10.);
#1498=VECTOR('',#5546,10.);
#1499=VECTOR('',#5547,10.);
#1500=VECTOR('',#5552,10.);
#1501=VECTOR('',#5553,10.);
#1502=VECTOR('',#5554,10.);
#1503=VECTOR('',#5555,10.);
#1504=VECTOR('',#5556,10.);
#1505=VECTOR('',#5559,10.);
#1506=VECTOR('',#5560,10.);
#1507=VECTOR('',#5565,10.);
#1508=VECTOR('',#5566,10.);
#1509=VECTOR('',#5567,10.);
#1510=VECTOR('',#5570,10.);
#1511=VECTOR('',#5571,10.);
#1512=VECTOR('',#5572,10.);
#1513=VECTOR('',#5573,10.);
#1514=VECTOR('',#5574,10.);
#1515=VECTOR('',#5575,10.);
#1516=VECTOR('',#5576,10.);
#1517=VECTOR('',#5577,10.);
#1518=VECTOR('',#5578,10.);
#1519=VECTOR('',#5581,10.);
#1520=VECTOR('',#5582,10.);
#1521=VECTOR('',#5583,10.);
#1522=VECTOR('',#5584,10.);
#1523=VECTOR('',#5585,10.);
#1524=VECTOR('',#5586,10.);
#1525=VECTOR('',#5589,10.);
#1526=VECTOR('',#5590,10.);
#1527=VECTOR('',#5593,10.);
#1528=VECTOR('',#5594,10.);
#1529=VECTOR('',#5597,10.);
#1530=VECTOR('',#5598,10.);
#1531=VECTOR('',#5601,10.);
#1532=VECTOR('',#5602,10.);
#1533=VECTOR('',#5605,10.);
#1534=VECTOR('',#5606,10.);
#1535=VECTOR('',#5609,10.);
#1536=VECTOR('',#5610,10.);
#1537=VECTOR('',#5613,10.);
#1538=VECTOR('',#5614,10.);
#1539=VECTOR('',#5617,10.);
#1540=VECTOR('',#5618,10.);
#1541=VECTOR('',#5623,10.);
#1542=VECTOR('',#5626,10.);
#1543=VECTOR('',#5627,10.);
#1544=VECTOR('',#5630,10.);
#1545=VECTOR('',#5631,10.);
#1546=VECTOR('',#5634,10.);
#1547=VECTOR('',#5635,10.);
#1548=VECTOR('',#5638,10.);
#1549=VECTOR('',#5649,10.);
#1550=VECTOR('',#5650,1000.);
#1551=VECTOR('',#5651,1000.);
#1552=VECTOR('',#5652,1000.);
#1553=VECTOR('',#5655,10.);
#1554=VECTOR('',#5658,10.);
#1555=VECTOR('',#5663,10.);
#1556=VECTOR('',#5666,10.);
#1557=VECTOR('',#5669,10.);
#1558=VECTOR('',#5670,1000.);
#1559=VECTOR('',#5671,1000.);
#1560=VECTOR('',#5672,1000.);
#1561=VECTOR('',#5673,1000.);
#1562=VECTOR('',#5674,1000.);
#1563=VECTOR('',#5675,1000.);
#1564=VECTOR('',#5676,1000.);
#1565=VECTOR('',#5677,1000.);
#1566=VECTOR('',#5678,1000.);
#1567=VECTOR('',#5679,1000.);
#1568=VECTOR('',#5682,1000.);
#1569=VECTOR('',#5683,1000.);
#1570=VECTOR('',#5684,1000.);
#1571=VECTOR('',#5685,1000.);
#1572=VECTOR('',#5686,1000.);
#1573=VECTOR('',#5687,1000.);
#1574=VECTOR('',#5688,1000.);
#1575=VECTOR('',#5689,1000.);
#1576=VECTOR('',#5690,1000.);
#1577=VECTOR('',#5691,1000.);
#1578=VECTOR('',#5694,1000.);
#1579=VECTOR('',#5695,1000.);
#1580=VECTOR('',#5696,1000.);
#1581=VECTOR('',#5699,10.);
#1582=VECTOR('',#5700,1000.);
#1583=VECTOR('',#5701,1000.);
#1584=VECTOR('',#5704,10.);
#1585=VECTOR('',#5709,1000.);
#1586=VECTOR('',#5710,1000.);
#1587=VECTOR('',#5713,1000.);
#1588=VECTOR('',#5716,1000.);
#1589=VECTOR('',#5719,1000.);
#1590=VECTOR('',#5720,1000.);
#1591=VECTOR('',#5723,1000.);
#1592=VECTOR('',#5724,1000.);
#1593=VECTOR('',#5727,1000.);
#1594=VECTOR('',#5728,1000.);
#1595=VECTOR('',#5739,1000.);
#1596=VECTOR('',#5742,1000.);
#1597=VECTOR('',#5749,10.);
#1598=VECTOR('',#5750,1000.);
#1599=VECTOR('',#5751,1000.);
#1600=VECTOR('',#5752,1000.);
#1601=VECTOR('',#5755,10.);
#1602=VECTOR('',#5758,10.);
#1603=VECTOR('',#5763,10.);
#1604=VECTOR('',#5766,10.);
#1605=VECTOR('',#5769,10.);
#1606=VECTOR('',#5770,1000.);
#1607=VECTOR('',#5771,1000.);
#1608=VECTOR('',#5772,1000.);
#1609=VECTOR('',#5773,1000.);
#1610=VECTOR('',#5774,1000.);
#1611=VECTOR('',#5775,1000.);
#1612=VECTOR('',#5776,1000.);
#1613=VECTOR('',#5777,1000.);
#1614=VECTOR('',#5778,1000.);
#1615=VECTOR('',#5779,1000.);
#1616=VECTOR('',#5782,1000.);
#1617=VECTOR('',#5783,1000.);
#1618=VECTOR('',#5784,1000.);
#1619=VECTOR('',#5785,1000.);
#1620=VECTOR('',#5786,1000.);
#1621=VECTOR('',#5787,1000.);
#1622=VECTOR('',#5788,1000.);
#1623=VECTOR('',#5789,1000.);
#1624=VECTOR('',#5790,1000.);
#1625=VECTOR('',#5791,1000.);
#1626=VECTOR('',#5794,1000.);
#1627=VECTOR('',#5795,1000.);
#1628=VECTOR('',#5796,1000.);
#1629=VECTOR('',#5799,10.);
#1630=VECTOR('',#5800,1000.);
#1631=VECTOR('',#5801,1000.);
#1632=VECTOR('',#5804,10.);
#1633=VECTOR('',#5809,1000.);
#1634=VECTOR('',#5810,1000.);
#1635=VECTOR('',#5813,1000.);
#1636=VECTOR('',#5816,1000.);
#1637=VECTOR('',#5819,1000.);
#1638=VECTOR('',#5820,1000.);
#1639=VECTOR('',#5823,1000.);
#1640=VECTOR('',#5824,1000.);
#1641=VECTOR('',#5827,1000.);
#1642=VECTOR('',#5828,1000.);
#1643=VECTOR('',#5839,1000.);
#1644=VECTOR('',#5842,1000.);
#1645=VECTOR('',#5849,10.);
#1646=VECTOR('',#5850,1000.);
#1647=VECTOR('',#5851,1000.);
#1648=VECTOR('',#5852,1000.);
#1649=VECTOR('',#5855,10.);
#1650=VECTOR('',#5858,10.);
#1651=VECTOR('',#5863,10.);
#1652=VECTOR('',#5866,10.);
#1653=VECTOR('',#5869,10.);
#1654=VECTOR('',#5870,1000.);
#1655=VECTOR('',#5871,1000.);
#1656=VECTOR('',#5872,1000.);
#1657=VECTOR('',#5873,1000.);
#1658=VECTOR('',#5874,1000.);
#1659=VECTOR('',#5875,1000.);
#1660=VECTOR('',#5876,1000.);
#1661=VECTOR('',#5877,1000.);
#1662=VECTOR('',#5878,1000.);
#1663=VECTOR('',#5879,1000.);
#1664=VECTOR('',#5882,1000.);
#1665=VECTOR('',#5883,1000.);
#1666=VECTOR('',#5884,1000.);
#1667=VECTOR('',#5885,1000.);
#1668=VECTOR('',#5886,1000.);
#1669=VECTOR('',#5887,1000.);
#1670=VECTOR('',#5888,1000.);
#1671=VECTOR('',#5889,1000.);
#1672=VECTOR('',#5890,1000.);
#1673=VECTOR('',#5891,1000.);
#1674=VECTOR('',#5894,1000.);
#1675=VECTOR('',#5895,1000.);
#1676=VECTOR('',#5896,1000.);
#1677=VECTOR('',#5899,10.);
#1678=VECTOR('',#5900,1000.);
#1679=VECTOR('',#5901,1000.);
#1680=VECTOR('',#5904,10.);
#1681=VECTOR('',#5909,1000.);
#1682=VECTOR('',#5910,1000.);
#1683=VECTOR('',#5913,1000.);
#1684=VECTOR('',#5916,1000.);
#1685=VECTOR('',#5919,1000.);
#1686=VECTOR('',#5920,1000.);
#1687=VECTOR('',#5923,1000.);
#1688=VECTOR('',#5924,1000.);
#1689=VECTOR('',#5927,1000.);
#1690=VECTOR('',#5928,1000.);
#1691=VECTOR('',#5939,1000.);
#1692=VECTOR('',#5942,1000.);
#1693=VECTOR('',#5951,1.85);
#1694=VECTOR('',#5956,1000.);
#1695=VECTOR('',#5957,1000.);
#1696=VECTOR('',#5958,1000.);
#1697=VECTOR('',#5959,1000.);
#1698=VECTOR('',#5962,1000.);
#1699=VECTOR('',#5963,1000.);
#1700=VECTOR('',#5964,1000.);
#1701=VECTOR('',#5967,1000.);
#1702=VECTOR('',#5968,1000.);
#1703=VECTOR('',#5969,1000.);
#1704=VECTOR('',#5972,1000.);
#1705=VECTOR('',#5973,1000.);
#1706=VECTOR('',#5974,1000.);
#1707=VECTOR('',#5977,1000.);
#1708=VECTOR('',#5978,1000.);
#1709=VECTOR('',#5979,1000.);
#1710=VECTOR('',#5982,1000.);
#1711=VECTOR('',#5983,1000.);
#1712=VECTOR('',#5984,1000.);
#1713=VECTOR('',#5987,1000.);
#1714=VECTOR('',#5988,1000.);
#1715=VECTOR('',#5989,1000.);
#1716=VECTOR('',#5992,1000.);
#1717=VECTOR('',#5993,1000.);
#1718=VECTOR('',#5994,1000.);
#1719=VECTOR('',#5997,1000.);
#1720=VECTOR('',#5998,1000.);
#1721=VECTOR('',#5999,1000.);
#1722=VECTOR('',#6002,1000.);
#1723=VECTOR('',#6003,1000.);
#1724=VECTOR('',#6004,1000.);
#1725=VECTOR('',#6007,1000.);
#1726=VECTOR('',#6008,1000.);
#1727=VECTOR('',#6009,1000.);
#1728=VECTOR('',#6012,1000.);
#1729=VECTOR('',#6013,1000.);
#1730=VECTOR('',#6014,1000.);
#1731=VECTOR('',#6017,1000.);
#1732=VECTOR('',#6018,1000.);
#1733=VECTOR('',#6019,1000.);
#1734=VECTOR('',#6022,1000.);
#1735=VECTOR('',#6023,1000.);
#1736=VECTOR('',#6024,1000.);
#1737=VECTOR('',#6027,1000.);
#1738=VECTOR('',#6028,1000.);
#1739=VECTOR('',#6029,1000.);
#1740=VECTOR('',#6032,1000.);
#1741=VECTOR('',#6033,1000.);
#1742=VECTOR('',#6036,1000.);
#1743=VECTOR('',#6039,1000.);
#1744=VECTOR('',#6046,1000.);
#1745=VECTOR('',#6049,1000.);
#1746=VECTOR('',#6052,1000.);
#1747=VECTOR('',#6053,1000.);
#1748=VECTOR('',#6056,1000.);
#1749=VECTOR('',#6059,1000.);
#1750=VECTOR('',#6074,10.);
#1751=VECTOR('',#6075,10.);
#1752=VECTOR('',#6086,10.);
#1753=VECTOR('',#6087,10.);
#1754=VECTOR('',#6106,10.);
#1755=VECTOR('',#6107,10.);
#1756=VECTOR('',#6112,10.);
#1757=VECTOR('',#6113,10.);
#1758=VECTOR('',#6116,10.);
#1759=VECTOR('',#6117,10.);
#1760=VECTOR('',#6120,10.);
#1761=VECTOR('',#6121,10.);
#1762=VECTOR('',#6126,10.);
#1763=VECTOR('',#6127,10.);
#1764=VECTOR('',#6132,10.);
#1765=VECTOR('',#6133,10.);
#1766=VECTOR('',#6136,1000.);
#1767=VECTOR('',#6137,1000.);
#1768=VECTOR('',#6140,1000.);
#1769=VECTOR('',#6141,1000.);
#1770=VECTOR('',#6142,1000.);
#1771=VECTOR('',#6145,1000.);
#1772=VECTOR('',#6146,1000.);
#1773=VECTOR('',#6147,1000.);
#1774=VECTOR('',#6148,1000.);
#1775=VECTOR('',#6151,1000.);
#1776=VECTOR('',#6152,1000.);
#1777=VECTOR('',#6153,1000.);
#1778=VECTOR('',#6158,1000.);
#1779=VECTOR('',#6161,1000.);
#1780=VECTOR('',#6162,1000.);
#1781=VECTOR('',#6163,1000.);
#1782=VECTOR('',#6164,1000.);
#1783=VECTOR('',#6169,1000.);
#1784=VECTOR('',#6170,1000.);
#1785=VECTOR('',#6173,1000.);
#1786=VECTOR('',#6174,1000.);
#1787=VECTOR('',#6179,1000.);
#1788=VECTOR('',#6182,1000.);
#1789=VECTOR('',#6191,1000.);
#1790=VECTOR('',#6196,1000.);
#1791=VECTOR('',#6197,1000.);
#1792=VECTOR('',#6200,1000.);
#1793=VECTOR('',#6201,1000.);
#1794=VECTOR('',#6206,1000.);
#1795=VECTOR('',#6209,1000.);
#1796=VECTOR('',#6216,1.75);
#1797=VECTOR('',#6221,1.75);
#1798=VECTOR('',#6224,1.75);
#1799=VECTOR('',#6227,1.75);
#1800=VECTOR('',#6230,1.75);
#1801=VECTOR('',#6233,1.75);
#1802=VECTOR('',#6236,1.75);
#1803=VECTOR('',#6239,1.75);
#1804=VECTOR('',#6242,1.75);
#1805=VECTOR('',#6245,1.75);
#1806=VECTOR('',#6248,1.75);
#1807=VECTOR('',#6251,1.75);
#1808=VECTOR('',#6254,1.75);
#1809=VECTOR('',#6257,1.75);
#1810=VECTOR('',#6260,1.366);
#1811=VECTOR('',#6265,1.366);
#1812=VECTOR('',#6268,1.366);
#1813=VECTOR('',#6271,1.366);
#1814=VECTOR('',#6274,1.366);
#1815=VECTOR('',#6277,1.366);
#1816=VECTOR('',#6280,1.366);
#1817=VECTOR('',#6283,1.366);
#1818=VECTOR('',#6286,1.366);
#1819=VECTOR('',#6289,1.366);
#1820=VECTOR('',#6292,1.366);
#1821=VECTOR('',#6295,1.366);
#1822=VECTOR('',#6298,1.366);
#1823=VECTOR('',#6303,10.);
#1824=VECTOR('',#6306,10.);
#1825=VECTOR('',#6309,10.);
#1826=VECTOR('',#6310,10.);
#1827=VECTOR('',#6311,10.);
#1828=VECTOR('',#6314,10.);
#1829=VECTOR('',#6315,10.);
#1830=VECTOR('',#6316,10.);
#1831=VECTOR('',#6321,3.1);
#1832=VECTOR('',#6358,4.);
#1833=VECTOR('',#6405,10.);
#1834=VECTOR('',#6410,1000.);
#1835=VECTOR('',#6411,10.);
#1836=VECTOR('',#6412,1000.);
#1837=VECTOR('',#6413,1000.);
#1838=VECTOR('',#6414,1000.);
#1839=VECTOR('',#6489,10.);
#1840=VECTOR('',#6490,1000.);
#1841=VECTOR('',#6491,10.);
#1842=VECTOR('',#6492,1000.);
#1843=VECTOR('',#6493,1000.);
#1844=VECTOR('',#6494,1000.);
#1845=VECTOR('',#6501,10.);
#1846=VECTOR('',#6502,1000.);
#1847=VECTOR('',#6503,10.);
#1848=VECTOR('',#6504,1000.);
#1849=VECTOR('',#6505,1000.);
#1850=VECTOR('',#6506,1000.);
#1851=VECTOR('',#6513,10.);
#1852=VECTOR('',#6514,1000.);
#1853=VECTOR('',#6515,10.);
#1854=VECTOR('',#6516,1000.);
#1855=VECTOR('',#6517,1000.);
#1856=VECTOR('',#6518,1000.);
#1857=VECTOR('',#6525,10.);
#1858=VECTOR('',#6526,1000.);
#1859=VECTOR('',#6527,10.);
#1860=VECTOR('',#6528,1000.);
#1861=VECTOR('',#6529,1000.);
#1862=VECTOR('',#6530,1000.);
#1863=VECTOR('',#6537,10.);
#1864=VECTOR('',#6538,1000.);
#1865=VECTOR('',#6539,10.);
#1866=VECTOR('',#6540,1000.);
#1867=VECTOR('',#6541,1000.);
#1868=VECTOR('',#6542,1000.);
#1869=VECTOR('',#6549,10.);
#1870=VECTOR('',#6550,1000.);
#1871=VECTOR('',#6551,10.);
#1872=VECTOR('',#6552,1000.);
#1873=VECTOR('',#6553,1000.);
#1874=VECTOR('',#6554,1000.);
#1875=VECTOR('',#6561,10.);
#1876=VECTOR('',#6562,1000.);
#1877=VECTOR('',#6563,10.);
#1878=VECTOR('',#6564,1000.);
#1879=VECTOR('',#6565,1000.);
#1880=VECTOR('',#6566,1000.);
#1881=VECTOR('',#6575,1.5);
#1882=VECTOR('',#6580,1.5);
#1883=VECTOR('',#6583,1.5);
#1884=VECTOR('',#6586,1.5);
#1885=VECTOR('',#6593,1.575);
#1886=VECTOR('',#6598,2.68125);
#1887=VECTOR('',#6603,1.575);
#1888=VECTOR('',#6610,2.68125);
#1889=VECTOR('',#6621,1000.);
#1890=VECTOR('',#6622,1000.);
#1891=VECTOR('',#6625,1000.);
#1892=VECTOR('',#6626,1000.);
#1893=VECTOR('',#6629,1000.);
#1894=VECTOR('',#6630,1000.);
#1895=VECTOR('',#6633,1000.);
#1896=VECTOR('',#6634,1000.);
#1897=VECTOR('',#6637,1000.);
#1898=VECTOR('',#6638,1000.);
#1899=VECTOR('',#6641,1000.);
#1900=VECTOR('',#6642,1000.);
#1901=CIRCLE('',#5136,1.85);
#1902=CIRCLE('',#5137,1.85);
#1903=CIRCLE('',#5150,5.375);
#1904=CIRCLE('',#5160,5.375);
#1905=CIRCLE('',#5171,1.05999999999998);
#1906=CIRCLE('',#5172,1.05999999999998);
#1907=CIRCLE('',#5174,0.529999999999982);
#1908=CIRCLE('',#5180,0.529999999999981);
#1909=CIRCLE('',#5197,1.05999999999998);
#1910=CIRCLE('',#5198,1.05999999999998);
#1911=CIRCLE('',#5200,0.529999999999982);
#1912=CIRCLE('',#5206,0.529999999999982);
#1913=CIRCLE('',#5223,1.05999999999998);
#1914=CIRCLE('',#5224,1.05999999999998);
#1915=CIRCLE('',#5226,0.529999999999982);
#1916=CIRCLE('',#5232,0.529999999999982);
#1917=CIRCLE('',#5248,1.85);
#1918=CIRCLE('',#5249,1.85);
#1919=CIRCLE('',#5267,0.400000000000001);
#1920=CIRCLE('',#5268,0.400000000000001);
#1921=CIRCLE('',#5270,0.400000000000001);
#1922=CIRCLE('',#5271,0.400000000000001);
#1923=CIRCLE('',#5277,0.2);
#1924=CIRCLE('',#5278,0.2);
#1925=CIRCLE('',#5279,0.2);
#1926=CIRCLE('',#5283,0.200000000000002);
#1927=CIRCLE('',#5284,0.2);
#1928=CIRCLE('',#5285,0.2);
#1929=CIRCLE('',#5288,0.2);
#1930=CIRCLE('',#5289,0.2);
#1931=CIRCLE('',#5290,0.2);
#1932=CIRCLE('',#5292,0.2);
#1933=CIRCLE('',#5293,0.2);
#1934=CIRCLE('',#5294,0.2);
#1935=CIRCLE('',#5315,0.400000000000001);
#1936=CIRCLE('',#5316,0.400000000000001);
#1937=CIRCLE('',#5319,0.400000000000001);
#1938=CIRCLE('',#5320,0.400000000000001);
#1939=CIRCLE('',#5322,0.400000000000001);
#1940=CIRCLE('',#5325,0.400000000000001);
#1941=CIRCLE('',#5330,1.70825);
#1942=CIRCLE('',#5345,1.366);
#1943=CIRCLE('',#5359,3.1);
#1944=CIRCLE('',#5360,3.1);
#1945=CIRCLE('',#5364,3.1);
#1946=CIRCLE('',#5365,3.1);
#1947=CIRCLE('',#5366,3.1);
#1948=CIRCLE('',#5367,3.1);
#1949=CIRCLE('',#5369,2.9);
#1950=CIRCLE('',#5372,2.9);
#1951=CIRCLE('',#5375,1.366);
#1952=CIRCLE('',#5377,1.70825);
#1953=CIRCLE('',#5382,4.);
#1954=CIRCLE('',#5383,4.);
#1955=CIRCLE('',#5385,3.075);
#1956=CIRCLE('',#5386,3.075);
#1957=CIRCLE('',#5388,3.075);
#1958=CIRCLE('',#5389,3.075);
#1959=CIRCLE('',#5391,3.075);
#1960=CIRCLE('',#5392,3.075);
#1961=CIRCLE('',#5394,3.075);
#1962=CIRCLE('',#5395,3.075);
#1963=CIRCLE('',#5397,3.075);
#1964=CIRCLE('',#5398,3.075);
#1965=CIRCLE('',#5400,3.075);
#1966=CIRCLE('',#5401,3.075);
#1967=CIRCLE('',#5403,3.075);
#1968=CIRCLE('',#5404,3.075);
#1969=CIRCLE('',#5406,3.075);
#1970=CIRCLE('',#5407,3.075);
#1971=CIRCLE('',#5410,3.075);
#1972=CIRCLE('',#5412,3.075);
#1973=CIRCLE('',#5413,3.075);
#1974=CIRCLE('',#5414,3.075);
#1975=CIRCLE('',#5415,3.075);
#1976=CIRCLE('',#5416,3.075);
#1977=CIRCLE('',#5417,3.075);
#1978=CIRCLE('',#5418,3.075);
#1979=CIRCLE('',#5419,3.075);
#1980=CIRCLE('',#5420,3.075);
#1981=CIRCLE('',#5421,3.075);
#1982=CIRCLE('',#5422,3.075);
#1983=CIRCLE('',#5423,3.075);
#1984=CIRCLE('',#5424,3.075);
#1985=CIRCLE('',#5425,3.075);
#1986=CIRCLE('',#5426,3.075);
#1987=CIRCLE('',#5428,3.075);
#1988=CIRCLE('',#5429,3.075);
#1989=CIRCLE('',#5430,3.075);
#1990=CIRCLE('',#5431,3.075);
#1991=CIRCLE('',#5432,3.075);
#1992=CIRCLE('',#5433,3.075);
#1993=CIRCLE('',#5434,3.075);
#1994=CIRCLE('',#5435,3.075);
#1995=CIRCLE('',#5436,3.075);
#1996=CIRCLE('',#5437,3.075);
#1997=CIRCLE('',#5438,3.075);
#1998=CIRCLE('',#5439,3.075);
#1999=CIRCLE('',#5440,3.075);
#2000=CIRCLE('',#5441,3.075);
#2001=CIRCLE('',#5442,3.075);
#2002=CIRCLE('',#5467,1.5);
#2003=CIRCLE('',#5471,1.5);
#2004=CIRCLE('',#5473,1.17524047358116);
#2005=CIRCLE('',#5474,1.575);
#2006=CIRCLE('',#5476,2.68125);
#2007=CIRCLE('',#5478,1.575);
#2008=CIRCLE('',#5479,1.17524047358084);
#2009=CIRCLE('',#5481,2.68125);
#2010=VERTEX_POINT('',#6668);
#2011=VERTEX_POINT('',#6670);
#2012=VERTEX_POINT('',#6674);
#2013=VERTEX_POINT('',#6675);
#2014=VERTEX_POINT('',#6677);
#2015=VERTEX_POINT('',#6679);
#2016=VERTEX_POINT('',#6681);
#2017=VERTEX_POINT('',#6685);
#2018=VERTEX_POINT('',#6687);
#2019=VERTEX_POINT('',#6695);
#2020=VERTEX_POINT('',#6724);
#2021=VERTEX_POINT('',#6725);
#2022=VERTEX_POINT('',#6727);
#2023=VERTEX_POINT('',#6735);
#2024=VERTEX_POINT('',#6745);
#2025=VERTEX_POINT('',#6747);
#2026=VERTEX_POINT('',#6749);
#2027=VERTEX_POINT('',#6753);
#2028=VERTEX_POINT('',#6755);
#2029=VERTEX_POINT('',#6778);
#2030=VERTEX_POINT('',#6790);
#2031=VERTEX_POINT('',#6798);
#2032=VERTEX_POINT('',#6827);
#2033=VERTEX_POINT('',#6828);
#2034=VERTEX_POINT('',#6830);
#2035=VERTEX_POINT('',#6838);
#2036=VERTEX_POINT('',#6847);
#2037=VERTEX_POINT('',#6849);
#2038=VERTEX_POINT('',#6853);
#2039=VERTEX_POINT('',#6855);
#2040=VERTEX_POINT('',#6857);
#2041=VERTEX_POINT('',#6859);
#2042=VERTEX_POINT('',#6861);
#2043=VERTEX_POINT('',#6863);
#2044=VERTEX_POINT('',#6865);
#2045=VERTEX_POINT('',#6867);
#2046=VERTEX_POINT('',#6869);
#2047=VERTEX_POINT('',#6871);
#2048=VERTEX_POINT('',#6873);
#2049=VERTEX_POINT('',#6875);
#2050=VERTEX_POINT('',#6877);
#2051=VERTEX_POINT('',#6900);
#2052=VERTEX_POINT('',#6911);
#2053=VERTEX_POINT('',#6915);
#2054=VERTEX_POINT('',#6919);
#2055=VERTEX_POINT('',#6923);
#2056=VERTEX_POINT('',#6927);
#2057=VERTEX_POINT('',#6931);
#2058=VERTEX_POINT('',#6935);
#2059=VERTEX_POINT('',#6939);
#2060=VERTEX_POINT('',#6943);
#2061=VERTEX_POINT('',#6947);
#2062=VERTEX_POINT('',#6951);
#2063=VERTEX_POINT('',#6955);
#2064=VERTEX_POINT('',#6965);
#2065=VERTEX_POINT('',#6966);
#2066=VERTEX_POINT('',#6968);
#2067=VERTEX_POINT('',#6970);
#2068=VERTEX_POINT('',#6974);
#2069=VERTEX_POINT('',#6976);
#2070=VERTEX_POINT('',#6978);
#2071=VERTEX_POINT('',#6982);
#2072=VERTEX_POINT('',#6984);
#2073=VERTEX_POINT('',#6989);
#2074=VERTEX_POINT('',#6991);
#2075=VERTEX_POINT('',#6993);
#2076=VERTEX_POINT('',#6995);
#2077=VERTEX_POINT('',#6997);
#2078=VERTEX_POINT('',#6999);
#2079=VERTEX_POINT('',#7001);
#2080=VERTEX_POINT('',#7003);
#2081=VERTEX_POINT('',#7005);
#2082=VERTEX_POINT('',#7009);
#2083=VERTEX_POINT('',#7011);
#2084=VERTEX_POINT('',#7013);
#2085=VERTEX_POINT('',#7015);
#2086=VERTEX_POINT('',#7017);
#2087=VERTEX_POINT('',#7019);
#2088=VERTEX_POINT('',#7021);
#2089=VERTEX_POINT('',#7023);
#2090=VERTEX_POINT('',#7025);
#2091=VERTEX_POINT('',#7029);
#2092=VERTEX_POINT('',#7031);
#2093=VERTEX_POINT('',#7035);
#2094=VERTEX_POINT('',#7037);
#2095=VERTEX_POINT('',#7044);
#2096=VERTEX_POINT('',#7071);
#2097=VERTEX_POINT('',#7072);
#2098=VERTEX_POINT('',#7074);
#2099=VERTEX_POINT('',#7076);
#2100=VERTEX_POINT('',#7080);
#2101=VERTEX_POINT('',#7082);
#2102=VERTEX_POINT('',#7084);
#2103=VERTEX_POINT('',#7088);
#2104=VERTEX_POINT('',#7090);
#2105=VERTEX_POINT('',#7095);
#2106=VERTEX_POINT('',#7097);
#2107=VERTEX_POINT('',#7099);
#2108=VERTEX_POINT('',#7101);
#2109=VERTEX_POINT('',#7103);
#2110=VERTEX_POINT('',#7105);
#2111=VERTEX_POINT('',#7107);
#2112=VERTEX_POINT('',#7109);
#2113=VERTEX_POINT('',#7111);
#2114=VERTEX_POINT('',#7115);
#2115=VERTEX_POINT('',#7117);
#2116=VERTEX_POINT('',#7119);
#2117=VERTEX_POINT('',#7121);
#2118=VERTEX_POINT('',#7123);
#2119=VERTEX_POINT('',#7125);
#2120=VERTEX_POINT('',#7127);
#2121=VERTEX_POINT('',#7129);
#2122=VERTEX_POINT('',#7131);
#2123=VERTEX_POINT('',#7135);
#2124=VERTEX_POINT('',#7137);
#2125=VERTEX_POINT('',#7141);
#2126=VERTEX_POINT('',#7143);
#2127=VERTEX_POINT('',#7150);
#2128=VERTEX_POINT('',#7177);
#2129=VERTEX_POINT('',#7178);
#2130=VERTEX_POINT('',#7180);
#2131=VERTEX_POINT('',#7182);
#2132=VERTEX_POINT('',#7186);
#2133=VERTEX_POINT('',#7188);
#2134=VERTEX_POINT('',#7190);
#2135=VERTEX_POINT('',#7194);
#2136=VERTEX_POINT('',#7196);
#2137=VERTEX_POINT('',#7201);
#2138=VERTEX_POINT('',#7203);
#2139=VERTEX_POINT('',#7205);
#2140=VERTEX_POINT('',#7207);
#2141=VERTEX_POINT('',#7209);
#2142=VERTEX_POINT('',#7211);
#2143=VERTEX_POINT('',#7213);
#2144=VERTEX_POINT('',#7215);
#2145=VERTEX_POINT('',#7217);
#2146=VERTEX_POINT('',#7221);
#2147=VERTEX_POINT('',#7223);
#2148=VERTEX_POINT('',#7225);
#2149=VERTEX_POINT('',#7227);
#2150=VERTEX_POINT('',#7229);
#2151=VERTEX_POINT('',#7231);
#2152=VERTEX_POINT('',#7233);
#2153=VERTEX_POINT('',#7235);
#2154=VERTEX_POINT('',#7237);
#2155=VERTEX_POINT('',#7241);
#2156=VERTEX_POINT('',#7243);
#2157=VERTEX_POINT('',#7247);
#2158=VERTEX_POINT('',#7249);
#2159=VERTEX_POINT('',#7256);
#2160=VERTEX_POINT('',#7283);
#2161=VERTEX_POINT('',#7285);
#2162=VERTEX_POINT('',#7289);
#2163=VERTEX_POINT('',#7290);
#2164=VERTEX_POINT('',#7292);
#2165=VERTEX_POINT('',#7294);
#2166=VERTEX_POINT('',#7298);
#2167=VERTEX_POINT('',#7300);
#2168=VERTEX_POINT('',#7304);
#2169=VERTEX_POINT('',#7306);
#2170=VERTEX_POINT('',#7310);
#2171=VERTEX_POINT('',#7312);
#2172=VERTEX_POINT('',#7316);
#2173=VERTEX_POINT('',#7318);
#2174=VERTEX_POINT('',#7322);
#2175=VERTEX_POINT('',#7324);
#2176=VERTEX_POINT('',#7328);
#2177=VERTEX_POINT('',#7330);
#2178=VERTEX_POINT('',#7334);
#2179=VERTEX_POINT('',#7336);
#2180=VERTEX_POINT('',#7340);
#2181=VERTEX_POINT('',#7342);
#2182=VERTEX_POINT('',#7346);
#2183=VERTEX_POINT('',#7348);
#2184=VERTEX_POINT('',#7352);
#2185=VERTEX_POINT('',#7354);
#2186=VERTEX_POINT('',#7358);
#2187=VERTEX_POINT('',#7360);
#2188=VERTEX_POINT('',#7364);
#2189=VERTEX_POINT('',#7366);
#2190=VERTEX_POINT('',#7370);
#2191=VERTEX_POINT('',#7372);
#2192=VERTEX_POINT('',#7376);
#2193=VERTEX_POINT('',#7378);
#2194=VERTEX_POINT('',#7385);
#2195=VERTEX_POINT('',#7386);
#2196=VERTEX_POINT('',#7388);
#2197=VERTEX_POINT('',#7390);
#2198=VERTEX_POINT('',#7394);
#2199=VERTEX_POINT('',#7395);
#2200=VERTEX_POINT('',#7397);
#2201=VERTEX_POINT('',#7399);
#2202=VERTEX_POINT('',#7411);
#2203=VERTEX_POINT('',#7412);
#2204=VERTEX_POINT('',#7414);
#2205=VERTEX_POINT('',#7418);
#2206=VERTEX_POINT('',#7419);
#2207=VERTEX_POINT('',#7424);
#2208=VERTEX_POINT('',#7425);
#2209=VERTEX_POINT('',#7427);
#2210=VERTEX_POINT('',#7434);
#2211=VERTEX_POINT('',#7435);
#2212=VERTEX_POINT('',#7437);
#2213=VERTEX_POINT('',#7441);
#2214=VERTEX_POINT('',#7442);
#2215=VERTEX_POINT('',#7444);
#2216=VERTEX_POINT('',#7451);
#2217=VERTEX_POINT('',#7452);
#2218=VERTEX_POINT('',#7463);
#2219=VERTEX_POINT('',#7464);
#2220=VERTEX_POINT('',#7469);
#2221=VERTEX_POINT('',#7470);
#2222=VERTEX_POINT('',#7475);
#2223=VERTEX_POINT('',#7479);
#2224=VERTEX_POINT('',#7481);
#2225=VERTEX_POINT('',#7485);
#2226=VERTEX_POINT('',#7487);
#2227=VERTEX_POINT('',#7489);
#2228=VERTEX_POINT('',#7493);
#2229=VERTEX_POINT('',#7495);
#2230=VERTEX_POINT('',#7502);
#2231=VERTEX_POINT('',#7504);
#2232=VERTEX_POINT('',#7510);
#2233=VERTEX_POINT('',#7514);
#2234=VERTEX_POINT('',#7518);
#2235=VERTEX_POINT('',#7521);
#2236=VERTEX_POINT('',#7526);
#2237=VERTEX_POINT('',#7528);
#2238=VERTEX_POINT('',#7532);
#2239=VERTEX_POINT('',#7533);
#2240=VERTEX_POINT('',#7538);
#2241=VERTEX_POINT('',#7542);
#2242=VERTEX_POINT('',#7550);
#2243=VERTEX_POINT('',#7551);
#2244=VERTEX_POINT('',#7553);
#2245=VERTEX_POINT('',#7564);
#2246=VERTEX_POINT('',#7574);
#2247=VERTEX_POINT('',#7575);
#2248=VERTEX_POINT('',#7622);
#2249=VERTEX_POINT('',#7623);
#2250=VERTEX_POINT('',#7670);
#2251=VERTEX_POINT('',#7671);
#2252=VERTEX_POINT('',#7721);
#2253=VERTEX_POINT('',#7722);
#2254=VERTEX_POINT('',#7772);
#2255=VERTEX_POINT('',#7773);
#2256=VERTEX_POINT('',#7820);
#2257=VERTEX_POINT('',#7821);
#2258=VERTEX_POINT('',#7868);
#2259=VERTEX_POINT('',#7869);
#2260=VERTEX_POINT('',#7922);
#2261=VERTEX_POINT('',#7923);
#2262=VERTEX_POINT('',#7970);
#2263=VERTEX_POINT('',#7971);
#2264=VERTEX_POINT('',#8018);
#2265=VERTEX_POINT('',#8019);
#2266=VERTEX_POINT('',#8072);
#2267=VERTEX_POINT('',#8073);
#2268=VERTEX_POINT('',#8120);
#2269=VERTEX_POINT('',#8121);
#2270=VERTEX_POINT('',#8168);
#2271=VERTEX_POINT('',#8169);
#2272=VERTEX_POINT('',#8216);
#2273=VERTEX_POINT('',#8217);
#2274=VERTEX_POINT('',#8219);
#2275=VERTEX_POINT('',#8228);
#2276=VERTEX_POINT('',#8238);
#2277=VERTEX_POINT('',#8239);
#2278=VERTEX_POINT('',#8262);
#2279=VERTEX_POINT('',#8263);
#2280=VERTEX_POINT('',#8286);
#2281=VERTEX_POINT('',#8287);
#2282=VERTEX_POINT('',#8311);
#2283=VERTEX_POINT('',#8312);
#2284=VERTEX_POINT('',#8336);
#2285=VERTEX_POINT('',#8337);
#2286=VERTEX_POINT('',#8360);
#2287=VERTEX_POINT('',#8361);
#2288=VERTEX_POINT('',#8385);
#2289=VERTEX_POINT('',#8386);
#2290=VERTEX_POINT('',#8410);
#2291=VERTEX_POINT('',#8411);
#2292=VERTEX_POINT('',#8434);
#2293=VERTEX_POINT('',#8435);
#2294=VERTEX_POINT('',#8459);
#2295=VERTEX_POINT('',#8460);
#2296=VERTEX_POINT('',#8483);
#2297=VERTEX_POINT('',#8484);
#2298=VERTEX_POINT('',#8508);
#2299=VERTEX_POINT('',#8509);
#2300=VERTEX_POINT('',#8532);
#2301=VERTEX_POINT('',#8533);
#2302=VERTEX_POINT('',#8535);
#2303=VERTEX_POINT('',#8537);
#2304=VERTEX_POINT('',#8541);
#2305=VERTEX_POINT('',#8543);
#2306=VERTEX_POINT('',#8545);
#2307=VERTEX_POINT('',#8556);
#2308=VERTEX_POINT('',#8569);
#2309=VERTEX_POINT('',#8571);
#2310=VERTEX_POINT('',#8582);
#2311=VERTEX_POINT('',#8584);
#2312=VERTEX_POINT('',#8597);
#2313=VERTEX_POINT('',#8599);
#2314=VERTEX_POINT('',#8966);
#2315=VERTEX_POINT('',#9059);
#2316=VERTEX_POINT('',#9155);
#2317=VERTEX_POINT('',#9521);
#2318=VERTEX_POINT('',#9699);
#2319=VERTEX_POINT('',#9701);
#2320=VERTEX_POINT('',#9705);
#2321=VERTEX_POINT('',#9706);
#2322=VERTEX_POINT('',#9713);
#2323=VERTEX_POINT('',#9715);
#2324=VERTEX_POINT('',#9726);
#2325=VERTEX_POINT('',#9733);
#2326=VERTEX_POINT('',#9746);
#2327=VERTEX_POINT('',#9747);
#2328=VERTEX_POINT('',#9754);
#2329=VERTEX_POINT('',#9756);
#2330=VERTEX_POINT('',#9767);
#2331=VERTEX_POINT('',#9774);
#2332=VERTEX_POINT('',#9787);
#2333=VERTEX_POINT('',#9788);
#2334=VERTEX_POINT('',#9795);
#2335=VERTEX_POINT('',#9797);
#2336=VERTEX_POINT('',#9808);
#2337=VERTEX_POINT('',#9815);
#2338=VERTEX_POINT('',#9828);
#2339=VERTEX_POINT('',#9829);
#2340=VERTEX_POINT('',#9836);
#2341=VERTEX_POINT('',#9838);
#2342=VERTEX_POINT('',#9849);
#2343=VERTEX_POINT('',#9856);
#2344=VERTEX_POINT('',#9869);
#2345=VERTEX_POINT('',#9870);
#2346=VERTEX_POINT('',#9877);
#2347=VERTEX_POINT('',#9879);
#2348=VERTEX_POINT('',#9890);
#2349=VERTEX_POINT('',#9897);
#2350=VERTEX_POINT('',#9910);
#2351=VERTEX_POINT('',#9911);
#2352=VERTEX_POINT('',#9918);
#2353=VERTEX_POINT('',#9920);
#2354=VERTEX_POINT('',#9931);
#2355=VERTEX_POINT('',#9938);
#2356=VERTEX_POINT('',#9951);
#2357=VERTEX_POINT('',#9952);
#2358=VERTEX_POINT('',#9959);
#2359=VERTEX_POINT('',#9961);
#2360=VERTEX_POINT('',#9972);
#2361=VERTEX_POINT('',#9979);
#2362=VERTEX_POINT('',#9992);
#2363=VERTEX_POINT('',#9994);
#2364=VERTEX_POINT('',#10018);
#2365=VERTEX_POINT('',#10023);
#2366=VERTEX_POINT('',#10025);
#2367=VERTEX_POINT('',#10032);
#2368=VERTEX_POINT('',#10054);
#2369=VERTEX_POINT('',#10065);
#2370=VERTEX_POINT('',#10067);
#2371=VERTEX_POINT('',#10089);
#2372=VERTEX_POINT('',#10111);
#2373=VERTEX_POINT('',#10127);
#2374=VERTEX_POINT('',#10129);
#2375=VERTEX_POINT('',#10132);
#2376=VERTEX_POINT('',#10135);
#2377=VERTEX_POINT('',#10138);
#2378=VERTEX_POINT('',#10141);
#2379=VERTEX_POINT('',#10144);
#2380=VERTEX_POINT('',#10147);
#2381=VERTEX_POINT('',#10151);
#2382=VERTEX_POINT('',#10154);
#2383=VERTEX_POINT('',#10157);
#2384=VERTEX_POINT('',#10160);
#2385=VERTEX_POINT('',#10163);
#2386=VERTEX_POINT('',#10166);
#2387=VERTEX_POINT('',#10169);
#2388=VERTEX_POINT('',#10171);
#2389=VERTEX_POINT('',#10175);
#2390=VERTEX_POINT('',#10193);
#2391=VERTEX_POINT('',#10217);
#2392=VERTEX_POINT('',#10222);
#2393=VERTEX_POINT('',#10244);
#2394=VERTEX_POINT('',#10246);
#2395=VERTEX_POINT('',#10268);
#2396=VERTEX_POINT('',#10300);
#2397=VERTEX_POINT('',#10324);
#2398=VERTEX_POINT('',#10329);
#2399=VERTEX_POINT('',#10351);
#2400=VERTEX_POINT('',#10353);
#2401=VERTEX_POINT('',#10375);
#2402=VERTEX_POINT('',#10407);
#2403=VERTEX_POINT('',#10431);
#2404=VERTEX_POINT('',#10436);
#2405=VERTEX_POINT('',#10458);
#2406=VERTEX_POINT('',#10460);
#2407=VERTEX_POINT('',#10482);
#2408=VERTEX_POINT('',#10514);
#2409=VERTEX_POINT('',#10538);
#2410=VERTEX_POINT('',#10543);
#2411=VERTEX_POINT('',#10565);
#2412=VERTEX_POINT('',#10567);
#2413=VERTEX_POINT('',#10589);
#2414=VERTEX_POINT('',#10621);
#2415=VERTEX_POINT('',#10645);
#2416=VERTEX_POINT('',#10650);
#2417=VERTEX_POINT('',#10672);
#2418=VERTEX_POINT('',#10674);
#2419=VERTEX_POINT('',#10696);
#2420=VERTEX_POINT('',#10728);
#2421=VERTEX_POINT('',#10752);
#2422=VERTEX_POINT('',#10757);
#2423=VERTEX_POINT('',#10779);
#2424=VERTEX_POINT('',#10781);
#2425=VERTEX_POINT('',#10803);
#2426=VERTEX_POINT('',#10835);
#2427=VERTEX_POINT('',#10859);
#2428=VERTEX_POINT('',#10864);
#2429=VERTEX_POINT('',#10886);
#2430=VERTEX_POINT('',#10888);
#2431=VERTEX_POINT('',#10910);
#2432=VERTEX_POINT('',#10943);
#2433=VERTEX_POINT('',#10944);
#2434=VERTEX_POINT('',#10946);
#2435=VERTEX_POINT('',#10953);
#2436=VERTEX_POINT('',#10966);
#2437=VERTEX_POINT('',#10967);
#2438=VERTEX_POINT('',#11042);
#2439=VERTEX_POINT('',#11043);
#2440=VERTEX_POINT('',#11118);
#2441=VERTEX_POINT('',#11119);
#2442=VERTEX_POINT('',#11121);
#2443=VERTEX_POINT('',#11130);
#2444=VERTEX_POINT('',#11145);
#2445=VERTEX_POINT('',#11146);
#2446=VERTEX_POINT('',#11165);
#2447=VERTEX_POINT('',#11207);
#2448=VERTEX_POINT('',#11211);
#2449=VERTEX_POINT('',#11212);
#2450=VERTEX_POINT('',#11216);
#2451=VERTEX_POINT('',#11227);
#2452=VERTEX_POINT('',#11231);
#2453=VERTEX_POINT('',#11242);
#2454=VERTEX_POINT('',#11246);
#2455=VERTEX_POINT('',#11257);
#2456=VERTEX_POINT('',#11261);
#2457=VERTEX_POINT('',#11264);
#2458=VERTEX_POINT('',#11268);
#2459=VERTEX_POINT('',#11279);
#2460=VERTEX_POINT('',#11283);
#2461=VERTEX_POINT('',#11294);
#2462=VERTEX_POINT('',#11309);
#2463=VERTEX_POINT('',#11336);
#2464=VERTEX_POINT('',#11339);
#2465=VERTEX_POINT('',#11360);
#2466=VERTEX_POINT('',#11375);
#2467=VERTEX_POINT('',#11376);
#2468=VERTEX_POINT('',#11380);
#2469=VERTEX_POINT('',#11391);
#2470=VERTEX_POINT('',#11395);
#2471=VERTEX_POINT('',#11406);
#2472=VERTEX_POINT('',#11410);
#2473=VERTEX_POINT('',#11421);
#2474=VERTEX_POINT('',#11425);
#2475=VERTEX_POINT('',#11428);
#2476=VERTEX_POINT('',#11432);
#2477=VERTEX_POINT('',#11443);
#2478=VERTEX_POINT('',#11447);
#2479=VERTEX_POINT('',#11458);
#2480=EDGE_CURVE('',#2010,#2010,#1901,.T.);
#2481=EDGE_CURVE('',#2010,#2011,#1051,.T.);
#2482=EDGE_CURVE('',#2011,#2011,#1902,.T.);
#2483=EDGE_CURVE('',#2012,#2013,#1052,.T.);
#2484=EDGE_CURVE('',#2013,#2014,#1053,.T.);
#2485=EDGE_CURVE('',#2015,#2014,#1054,.T.);
#2486=EDGE_CURVE('',#2016,#2015,#1055,.T.);
#2487=EDGE_CURVE('',#2016,#2012,#1056,.T.);
#2488=EDGE_CURVE('',#2017,#2012,#1057,.T.);
#2489=EDGE_CURVE('',#2017,#2018,#141,.T.);
#2490=EDGE_CURVE('',#2018,#2019,#1058,.T.);
#2491=EDGE_CURVE('',#2012,#2019,#142,.T.);
#2492=EDGE_CURVE('',#2020,#2021,#1059,.T.);
#2493=EDGE_CURVE('',#2022,#2020,#143,.T.);
#2494=EDGE_CURVE('',#2022,#2023,#1060,.T.);
#2495=EDGE_CURVE('',#2023,#2018,#1061,.T.);
#2496=EDGE_CURVE('',#2021,#2017,#1062,.T.);
#2497=EDGE_CURVE('',#2014,#2020,#1063,.T.);
#2498=EDGE_CURVE('',#2020,#2015,#1064,.T.);
#2499=EDGE_CURVE('',#2016,#2017,#1065,.T.);
#2500=EDGE_CURVE('',#2024,#2022,#1066,.T.);
#2501=EDGE_CURVE('',#2024,#2025,#1067,.T.);
#2502=EDGE_CURVE('',#2025,#2026,#1068,.T.);
#2503=EDGE_CURVE('',#2018,#2026,#1069,.T.);
#2504=EDGE_CURVE('',#2027,#2022,#1070,.T.);
#2505=EDGE_CURVE('',#2027,#2028,#1071,.T.);
#2506=EDGE_CURVE('',#2028,#2024,#1072,.T.);
#2507=EDGE_CURVE('',#2019,#2029,#1073,.T.);
#2508=EDGE_CURVE('',#2029,#2027,#1074,.T.);
#2509=EDGE_CURVE('',#2014,#2027,#144,.T.);
#2510=EDGE_CURVE('',#2028,#2030,#145,.T.);
#2511=EDGE_CURVE('',#2030,#2031,#1075,.T.);
#2512=EDGE_CURVE('',#2031,#2024,#146,.T.);
#2513=EDGE_CURVE('',#2032,#2033,#1076,.T.);
#2514=EDGE_CURVE('',#2032,#2034,#147,.T.);
#2515=EDGE_CURVE('',#2034,#2035,#1077,.T.);
#2516=EDGE_CURVE('',#2035,#2030,#1078,.T.);
#2517=EDGE_CURVE('',#2033,#2028,#1079,.T.);
#2518=EDGE_CURVE('',#2026,#2032,#1080,.T.);
#2519=EDGE_CURVE('',#2019,#2032,#1081,.T.);
#2520=EDGE_CURVE('',#2034,#2036,#1082,.T.);
#2521=EDGE_CURVE('',#2036,#2037,#1083,.T.);
#2522=EDGE_CURVE('',#2030,#2037,#1084,.T.);
#2523=EDGE_CURVE('',#2038,#2034,#1085,.T.);
#2524=EDGE_CURVE('',#2038,#2039,#1086,.T.);
#2525=EDGE_CURVE('',#2039,#2040,#1087,.T.);
#2526=EDGE_CURVE('',#2040,#2041,#1088,.T.);
#2527=EDGE_CURVE('',#2041,#2042,#1089,.T.);
#2528=EDGE_CURVE('',#2042,#2043,#1090,.T.);
#2529=EDGE_CURVE('',#2043,#2044,#1091,.T.);
#2530=EDGE_CURVE('',#2044,#2045,#1092,.T.);
#2531=EDGE_CURVE('',#2045,#2046,#1093,.T.);
#2532=EDGE_CURVE('',#2046,#2047,#1903,.T.);
#2533=EDGE_CURVE('',#2048,#2047,#1094,.T.);
#2534=EDGE_CURVE('',#2049,#2048,#1095,.T.);
#2535=EDGE_CURVE('',#2050,#2049,#1096,.T.);
#2536=EDGE_CURVE('',#2036,#2050,#1097,.T.);
#2537=EDGE_CURVE('',#2031,#2051,#1098,.T.);
#2538=EDGE_CURVE('',#2051,#2038,#1099,.T.);
#2539=EDGE_CURVE('',#2026,#2038,#148,.T.);
#2540=EDGE_CURVE('',#2052,#2031,#1100,.T.);
#2541=EDGE_CURVE('',#2039,#2052,#1101,.T.);
#2542=EDGE_CURVE('',#2053,#2052,#1102,.T.);
#2543=EDGE_CURVE('',#2040,#2053,#1103,.T.);
#2544=EDGE_CURVE('',#2054,#2053,#1104,.T.);
#2545=EDGE_CURVE('',#2041,#2054,#1105,.T.);
#2546=EDGE_CURVE('',#2055,#2054,#1106,.T.);
#2547=EDGE_CURVE('',#2042,#2055,#1107,.T.);
#2548=EDGE_CURVE('',#2056,#2055,#1108,.T.);
#2549=EDGE_CURVE('',#2043,#2056,#1109,.T.);
#2550=EDGE_CURVE('',#2057,#2056,#1110,.T.);
#2551=EDGE_CURVE('',#2044,#2057,#1111,.T.);
#2552=EDGE_CURVE('',#2058,#2057,#1112,.T.);
#2553=EDGE_CURVE('',#2045,#2058,#1113,.T.);
#2554=EDGE_CURVE('',#2059,#2058,#1114,.T.);
#2555=EDGE_CURVE('',#2046,#2059,#1115,.T.);
#2556=EDGE_CURVE('',#2060,#2059,#1904,.T.);
#2557=EDGE_CURVE('',#2047,#2060,#1116,.T.);
#2558=EDGE_CURVE('',#2061,#2060,#1117,.T.);
#2559=EDGE_CURVE('',#2048,#2061,#1118,.T.);
#2560=EDGE_CURVE('',#2062,#2061,#1119,.T.);
#2561=EDGE_CURVE('',#2049,#2062,#1120,.T.);
#2562=EDGE_CURVE('',#2063,#2062,#1121,.T.);
#2563=EDGE_CURVE('',#2050,#2063,#1122,.T.);
#2564=EDGE_CURVE('',#2037,#2063,#1123,.T.);
#2565=EDGE_CURVE('',#2064,#2065,#1124,.T.);
#2566=EDGE_CURVE('',#2066,#2065,#1125,.T.);
#2567=EDGE_CURVE('',#2066,#2067,#1126,.T.);
#2568=EDGE_CURVE('',#2067,#2064,#1127,.T.);
#2569=EDGE_CURVE('',#2068,#2064,#1128,.T.);
#2570=EDGE_CURVE('',#2069,#2068,#1905,.T.);
#2571=EDGE_CURVE('',#2069,#2070,#1129,.T.);
#2572=EDGE_CURVE('',#2064,#2070,#1906,.T.);
#2573=EDGE_CURVE('',#2071,#2068,#1130,.T.);
#2574=EDGE_CURVE('',#2072,#2071,#1907,.T.);
#2575=EDGE_CURVE('',#2072,#2069,#1131,.T.);
#2576=EDGE_CURVE('',#2065,#2071,#1132,.T.);
#2577=EDGE_CURVE('',#2071,#2073,#1133,.T.);
#2578=EDGE_CURVE('',#2073,#2074,#1134,.T.);
#2579=EDGE_CURVE('',#2074,#2075,#1135,.T.);
#2580=EDGE_CURVE('',#2075,#2076,#1136,.T.);
#2581=EDGE_CURVE('',#2076,#2077,#1137,.T.);
#2582=EDGE_CURVE('',#2077,#2078,#1138,.T.);
#2583=EDGE_CURVE('',#2078,#2079,#1139,.T.);
#2584=EDGE_CURVE('',#2079,#2080,#1140,.T.);
#2585=EDGE_CURVE('',#2080,#2081,#1141,.T.);
#2586=EDGE_CURVE('',#2081,#2066,#1142,.T.);
#2587=EDGE_CURVE('',#2067,#2082,#1143,.T.);
#2588=EDGE_CURVE('',#2083,#2082,#1144,.T.);
#2589=EDGE_CURVE('',#2083,#2084,#1145,.T.);
#2590=EDGE_CURVE('',#2085,#2084,#1146,.T.);
#2591=EDGE_CURVE('',#2086,#2085,#1147,.T.);
#2592=EDGE_CURVE('',#2087,#2086,#1148,.T.);
#2593=EDGE_CURVE('',#2087,#2088,#1149,.T.);
#2594=EDGE_CURVE('',#2089,#2088,#1150,.T.);
#2595=EDGE_CURVE('',#2089,#2090,#1151,.T.);
#2596=EDGE_CURVE('',#2068,#2090,#1152,.T.);
#2597=EDGE_CURVE('',#2091,#2072,#1153,.T.);
#2598=EDGE_CURVE('',#2091,#2092,#1154,.T.);
#2599=EDGE_CURVE('',#2092,#2069,#1155,.T.);
#2600=EDGE_CURVE('',#2093,#2072,#1156,.T.);
#2601=EDGE_CURVE('',#2093,#2094,#1157,.T.);
#2602=EDGE_CURVE('',#2094,#2091,#1158,.T.);
#2603=EDGE_CURVE('',#2070,#2093,#1159,.T.);
#2604=EDGE_CURVE('',#2065,#2093,#1908,.T.);
#2605=EDGE_CURVE('',#2070,#2095,#1160,.T.);
#2606=EDGE_CURVE('',#2094,#2095,#1161,.T.);
#2607=EDGE_CURVE('',#2095,#2092,#1162,.T.);
#2608=EDGE_CURVE('',#2090,#2073,#1163,.T.);
#2609=EDGE_CURVE('',#2088,#2075,#1164,.T.);
#2610=EDGE_CURVE('',#2074,#2089,#1165,.T.);
#2611=EDGE_CURVE('',#2078,#2085,#1166,.T.);
#2612=EDGE_CURVE('',#2077,#2086,#1167,.T.);
#2613=EDGE_CURVE('',#2080,#2083,#1168,.T.);
#2614=EDGE_CURVE('',#2081,#2082,#1169,.T.);
#2615=EDGE_CURVE('',#2076,#2087,#1170,.T.);
#2616=EDGE_CURVE('',#2079,#2084,#1171,.T.);
#2617=EDGE_CURVE('',#2096,#2097,#1172,.T.);
#2618=EDGE_CURVE('',#2098,#2097,#1173,.T.);
#2619=EDGE_CURVE('',#2098,#2099,#1174,.T.);
#2620=EDGE_CURVE('',#2099,#2096,#1175,.T.);
#2621=EDGE_CURVE('',#2100,#2096,#1176,.T.);
#2622=EDGE_CURVE('',#2101,#2100,#1909,.T.);
#2623=EDGE_CURVE('',#2101,#2102,#1177,.T.);
#2624=EDGE_CURVE('',#2096,#2102,#1910,.T.);
#2625=EDGE_CURVE('',#2103,#2100,#1178,.T.);
#2626=EDGE_CURVE('',#2104,#2103,#1911,.T.);
#2627=EDGE_CURVE('',#2104,#2101,#1179,.T.);
#2628=EDGE_CURVE('',#2097,#2103,#1180,.T.);
#2629=EDGE_CURVE('',#2103,#2105,#1181,.T.);
#2630=EDGE_CURVE('',#2105,#2106,#1182,.T.);
#2631=EDGE_CURVE('',#2106,#2107,#1183,.T.);
#2632=EDGE_CURVE('',#2107,#2108,#1184,.T.);
#2633=EDGE_CURVE('',#2108,#2109,#1185,.T.);
#2634=EDGE_CURVE('',#2109,#2110,#1186,.T.);
#2635=EDGE_CURVE('',#2110,#2111,#1187,.T.);
#2636=EDGE_CURVE('',#2111,#2112,#1188,.T.);
#2637=EDGE_CURVE('',#2112,#2113,#1189,.T.);
#2638=EDGE_CURVE('',#2113,#2098,#1190,.T.);
#2639=EDGE_CURVE('',#2099,#2114,#1191,.T.);
#2640=EDGE_CURVE('',#2115,#2114,#1192,.T.);
#2641=EDGE_CURVE('',#2115,#2116,#1193,.T.);
#2642=EDGE_CURVE('',#2117,#2116,#1194,.T.);
#2643=EDGE_CURVE('',#2118,#2117,#1195,.T.);
#2644=EDGE_CURVE('',#2119,#2118,#1196,.T.);
#2645=EDGE_CURVE('',#2119,#2120,#1197,.T.);
#2646=EDGE_CURVE('',#2121,#2120,#1198,.T.);
#2647=EDGE_CURVE('',#2121,#2122,#1199,.T.);
#2648=EDGE_CURVE('',#2100,#2122,#1200,.T.);
#2649=EDGE_CURVE('',#2123,#2104,#1201,.T.);
#2650=EDGE_CURVE('',#2123,#2124,#1202,.T.);
#2651=EDGE_CURVE('',#2124,#2101,#1203,.T.);
#2652=EDGE_CURVE('',#2125,#2104,#1204,.T.);
#2653=EDGE_CURVE('',#2125,#2126,#1205,.T.);
#2654=EDGE_CURVE('',#2126,#2123,#1206,.T.);
#2655=EDGE_CURVE('',#2102,#2125,#1207,.T.);
#2656=EDGE_CURVE('',#2097,#2125,#1912,.T.);
#2657=EDGE_CURVE('',#2102,#2127,#1208,.T.);
#2658=EDGE_CURVE('',#2126,#2127,#1209,.T.);
#2659=EDGE_CURVE('',#2127,#2124,#1210,.T.);
#2660=EDGE_CURVE('',#2122,#2105,#1211,.T.);
#2661=EDGE_CURVE('',#2120,#2107,#1212,.T.);
#2662=EDGE_CURVE('',#2106,#2121,#1213,.T.);
#2663=EDGE_CURVE('',#2110,#2117,#1214,.T.);
#2664=EDGE_CURVE('',#2109,#2118,#1215,.T.);
#2665=EDGE_CURVE('',#2112,#2115,#1216,.T.);
#2666=EDGE_CURVE('',#2113,#2114,#1217,.T.);
#2667=EDGE_CURVE('',#2108,#2119,#1218,.T.);
#2668=EDGE_CURVE('',#2111,#2116,#1219,.T.);
#2669=EDGE_CURVE('',#2128,#2129,#1220,.T.);
#2670=EDGE_CURVE('',#2130,#2129,#1221,.T.);
#2671=EDGE_CURVE('',#2130,#2131,#1222,.T.);
#2672=EDGE_CURVE('',#2131,#2128,#1223,.T.);
#2673=EDGE_CURVE('',#2132,#2128,#1224,.T.);
#2674=EDGE_CURVE('',#2133,#2132,#1913,.T.);
#2675=EDGE_CURVE('',#2133,#2134,#1225,.T.);
#2676=EDGE_CURVE('',#2128,#2134,#1914,.T.);
#2677=EDGE_CURVE('',#2135,#2132,#1226,.T.);
#2678=EDGE_CURVE('',#2136,#2135,#1915,.T.);
#2679=EDGE_CURVE('',#2136,#2133,#1227,.T.);
#2680=EDGE_CURVE('',#2129,#2135,#1228,.T.);
#2681=EDGE_CURVE('',#2135,#2137,#1229,.T.);
#2682=EDGE_CURVE('',#2137,#2138,#1230,.T.);
#2683=EDGE_CURVE('',#2138,#2139,#1231,.T.);
#2684=EDGE_CURVE('',#2139,#2140,#1232,.T.);
#2685=EDGE_CURVE('',#2140,#2141,#1233,.T.);
#2686=EDGE_CURVE('',#2141,#2142,#1234,.T.);
#2687=EDGE_CURVE('',#2142,#2143,#1235,.T.);
#2688=EDGE_CURVE('',#2143,#2144,#1236,.T.);
#2689=EDGE_CURVE('',#2144,#2145,#1237,.T.);
#2690=EDGE_CURVE('',#2145,#2130,#1238,.T.);
#2691=EDGE_CURVE('',#2131,#2146,#1239,.T.);
#2692=EDGE_CURVE('',#2147,#2146,#1240,.T.);
#2693=EDGE_CURVE('',#2147,#2148,#1241,.T.);
#2694=EDGE_CURVE('',#2149,#2148,#1242,.T.);
#2695=EDGE_CURVE('',#2150,#2149,#1243,.T.);
#2696=EDGE_CURVE('',#2151,#2150,#1244,.T.);
#2697=EDGE_CURVE('',#2151,#2152,#1245,.T.);
#2698=EDGE_CURVE('',#2153,#2152,#1246,.T.);
#2699=EDGE_CURVE('',#2153,#2154,#1247,.T.);
#2700=EDGE_CURVE('',#2132,#2154,#1248,.T.);
#2701=EDGE_CURVE('',#2155,#2136,#1249,.T.);
#2702=EDGE_CURVE('',#2155,#2156,#1250,.T.);
#2703=EDGE_CURVE('',#2156,#2133,#1251,.T.);
#2704=EDGE_CURVE('',#2157,#2136,#1252,.T.);
#2705=EDGE_CURVE('',#2157,#2158,#1253,.T.);
#2706=EDGE_CURVE('',#2158,#2155,#1254,.T.);
#2707=EDGE_CURVE('',#2134,#2157,#1255,.T.);
#2708=EDGE_CURVE('',#2129,#2157,#1916,.T.);
#2709=EDGE_CURVE('',#2134,#2159,#1256,.T.);
#2710=EDGE_CURVE('',#2158,#2159,#1257,.T.);
#2711=EDGE_CURVE('',#2159,#2156,#1258,.T.);
#2712=EDGE_CURVE('',#2154,#2137,#1259,.T.);
#2713=EDGE_CURVE('',#2152,#2139,#1260,.T.);
#2714=EDGE_CURVE('',#2138,#2153,#1261,.T.);
#2715=EDGE_CURVE('',#2142,#2149,#1262,.T.);
#2716=EDGE_CURVE('',#2141,#2150,#1263,.T.);
#2717=EDGE_CURVE('',#2144,#2147,#1264,.T.);
#2718=EDGE_CURVE('',#2145,#2146,#1265,.T.);
#2719=EDGE_CURVE('',#2140,#2151,#1266,.T.);
#2720=EDGE_CURVE('',#2143,#2148,#1267,.T.);
#2721=EDGE_CURVE('',#2160,#2160,#1917,.T.);
#2722=EDGE_CURVE('',#2160,#2161,#1268,.T.);
#2723=EDGE_CURVE('',#2161,#2161,#1918,.T.);
#2724=EDGE_CURVE('',#2162,#2163,#1269,.T.);
#2725=EDGE_CURVE('',#2164,#2162,#1270,.T.);
#2726=EDGE_CURVE('',#2164,#2165,#1271,.T.);
#2727=EDGE_CURVE('',#2165,#2163,#1272,.T.);
#2728=EDGE_CURVE('',#2166,#2162,#1273,.T.);
#2729=EDGE_CURVE('',#2167,#2166,#1274,.T.);
#2730=EDGE_CURVE('',#2167,#2164,#1275,.T.);
#2731=EDGE_CURVE('',#2168,#2166,#1276,.T.);
#2732=EDGE_CURVE('',#2169,#2168,#1277,.T.);
#2733=EDGE_CURVE('',#2169,#2167,#1278,.T.);
#2734=EDGE_CURVE('',#2170,#2168,#1279,.T.);
#2735=EDGE_CURVE('',#2171,#2170,#1280,.T.);
#2736=EDGE_CURVE('',#2171,#2169,#1281,.T.);
#2737=EDGE_CURVE('',#2172,#2170,#1282,.T.);
#2738=EDGE_CURVE('',#2173,#2172,#1283,.T.);
#2739=EDGE_CURVE('',#2173,#2171,#1284,.T.);
#2740=EDGE_CURVE('',#2174,#2172,#1285,.T.);
#2741=EDGE_CURVE('',#2175,#2174,#1286,.T.);
#2742=EDGE_CURVE('',#2175,#2173,#1287,.T.);
#2743=EDGE_CURVE('',#2176,#2174,#1288,.T.);
#2744=EDGE_CURVE('',#2177,#2176,#1289,.T.);
#2745=EDGE_CURVE('',#2177,#2175,#1290,.T.);
#2746=EDGE_CURVE('',#2178,#2176,#1291,.T.);
#2747=EDGE_CURVE('',#2179,#2178,#1292,.T.);
#2748=EDGE_CURVE('',#2179,#2177,#1293,.T.);
#2749=EDGE_CURVE('',#2180,#2178,#1294,.T.);
#2750=EDGE_CURVE('',#2181,#2180,#1295,.T.);
#2751=EDGE_CURVE('',#2181,#2179,#1296,.T.);
#2752=EDGE_CURVE('',#2182,#2180,#1297,.T.);
#2753=EDGE_CURVE('',#2183,#2182,#1298,.T.);
#2754=EDGE_CURVE('',#2183,#2181,#1299,.T.);
#2755=EDGE_CURVE('',#2184,#2182,#1300,.T.);
#2756=EDGE_CURVE('',#2185,#2184,#1301,.T.);
#2757=EDGE_CURVE('',#2185,#2183,#1302,.T.);
#2758=EDGE_CURVE('',#2186,#2184,#1303,.T.);
#2759=EDGE_CURVE('',#2187,#2186,#1304,.T.);
#2760=EDGE_CURVE('',#2187,#2185,#1305,.T.);
#2761=EDGE_CURVE('',#2188,#2186,#1306,.T.);
#2762=EDGE_CURVE('',#2189,#2188,#1307,.T.);
#2763=EDGE_CURVE('',#2189,#2187,#1308,.T.);
#2764=EDGE_CURVE('',#2190,#2188,#1309,.T.);
#2765=EDGE_CURVE('',#2191,#2190,#1310,.T.);
#2766=EDGE_CURVE('',#2191,#2189,#1311,.T.);
#2767=EDGE_CURVE('',#2192,#2190,#1312,.T.);
#2768=EDGE_CURVE('',#2193,#2192,#1313,.T.);
#2769=EDGE_CURVE('',#2193,#2191,#1314,.T.);
#2770=EDGE_CURVE('',#2163,#2192,#1315,.T.);
#2771=EDGE_CURVE('',#2165,#2193,#1316,.T.);
#2772=EDGE_CURVE('',#2194,#2195,#1317,.T.);
#2773=EDGE_CURVE('',#2195,#2196,#1919,.T.);
#2774=EDGE_CURVE('',#2196,#2197,#1318,.T.);
#2775=EDGE_CURVE('',#2197,#2194,#1920,.T.);
#2776=EDGE_CURVE('',#2198,#2199,#1921,.T.);
#2777=EDGE_CURVE('',#2200,#2198,#1319,.T.);
#2778=EDGE_CURVE('',#2201,#2200,#1922,.T.);
#2779=EDGE_CURVE('',#2199,#2201,#1320,.T.);
#2780=EDGE_CURVE('',#2196,#2199,#1321,.T.);
#2781=EDGE_CURVE('',#2195,#2198,#1322,.T.);
#2782=EDGE_CURVE('',#2194,#2200,#1323,.T.);
#2783=EDGE_CURVE('',#2197,#2201,#1324,.T.);
#2784=EDGE_CURVE('',#2202,#2203,#1923,.F.);
#2785=EDGE_CURVE('',#2204,#2202,#1924,.F.);
#2786=EDGE_CURVE('',#2203,#2204,#1925,.F.);
#2787=EDGE_CURVE('',#2205,#2206,#56,.T.);
#2788=EDGE_CURVE('',#2206,#2204,#1325,.T.);
#2789=EDGE_CURVE('',#2202,#2205,#1326,.T.);
#2790=EDGE_CURVE('',#2207,#2208,#1926,.F.);
#2791=EDGE_CURVE('',#2209,#2207,#1927,.F.);
#2792=EDGE_CURVE('',#2208,#2209,#1928,.F.);
#2793=EDGE_CURVE('',#2203,#2209,#1327,.T.);
#2794=EDGE_CURVE('',#2207,#2202,#1328,.T.);
#2795=EDGE_CURVE('',#2210,#2211,#1929,.F.);
#2796=EDGE_CURVE('',#2212,#2210,#1930,.F.);
#2797=EDGE_CURVE('',#2211,#2212,#1931,.F.);
#2798=EDGE_CURVE('',#2213,#2214,#1932,.F.);
#2799=EDGE_CURVE('',#2215,#2213,#1933,.F.);
#2800=EDGE_CURVE('',#2214,#2215,#1934,.F.);
#2801=EDGE_CURVE('',#2210,#2215,#1329,.T.);
#2802=EDGE_CURVE('',#2213,#2212,#1330,.T.);
#2803=EDGE_CURVE('',#2216,#2217,#57,.T.);
#2804=EDGE_CURVE('',#2217,#2214,#1331,.T.);
#2805=EDGE_CURVE('',#2215,#2216,#1332,.T.);
#2806=EDGE_CURVE('',#2209,#2213,#1333,.T.);
#2807=EDGE_CURVE('',#2214,#2208,#1334,.T.);
#2808=EDGE_CURVE('',#2212,#2203,#1335,.T.);
#2809=EDGE_CURVE('',#2204,#2211,#1336,.T.);
#2810=EDGE_CURVE('',#2218,#2219,#58,.T.);
#2811=EDGE_CURVE('',#2219,#2210,#1337,.T.);
#2812=EDGE_CURVE('',#2211,#2218,#1338,.T.);
#2813=EDGE_CURVE('',#2220,#2221,#59,.T.);
#2814=EDGE_CURVE('',#2221,#2207,#1339,.T.);
#2815=EDGE_CURVE('',#2208,#2220,#1340,.T.);
#2816=EDGE_CURVE('',#2222,#2206,#1341,.T.);
#2817=EDGE_CURVE('',#2218,#2222,#1342,.T.);
#2818=EDGE_CURVE('',#2223,#2205,#1343,.T.);
#2819=EDGE_CURVE('',#2223,#2224,#1344,.T.);
#2820=EDGE_CURVE('',#2224,#2222,#1345,.T.);
#2821=EDGE_CURVE('',#2221,#2225,#1346,.T.);
#2822=EDGE_CURVE('',#2225,#2226,#1347,.T.);
#2823=EDGE_CURVE('',#2226,#2227,#1348,.T.);
#2824=EDGE_CURVE('',#2227,#2223,#1349,.T.);
#2825=EDGE_CURVE('',#2220,#2228,#1350,.T.);
#2826=EDGE_CURVE('',#2228,#2229,#1351,.T.);
#2827=EDGE_CURVE('',#2229,#2225,#1352,.T.);
#2828=EDGE_CURVE('',#2216,#2219,#1353,.T.);
#2829=EDGE_CURVE('',#2230,#2224,#1354,.T.);
#2830=EDGE_CURVE('',#2231,#2230,#1355,.T.);
#2831=EDGE_CURVE('',#2229,#2231,#1356,.T.);
#2832=EDGE_CURVE('',#2217,#2228,#1357,.T.);
#2833=EDGE_CURVE('',#2232,#2223,#1358,.T.);
#2834=EDGE_CURVE('',#2232,#2230,#1359,.T.);
#2835=EDGE_CURVE('',#2233,#2231,#1360,.T.);
#2836=EDGE_CURVE('',#2225,#2233,#1361,.T.);
#2837=EDGE_CURVE('',#2226,#2234,#1935,.T.);
#2838=EDGE_CURVE('',#2233,#2232,#1362,.T.);
#2839=EDGE_CURVE('',#2235,#2227,#1936,.T.);
#2840=EDGE_CURVE('',#2234,#2235,#1363,.T.);
#2841=EDGE_CURVE('',#2227,#2236,#1937,.T.);
#2842=EDGE_CURVE('',#2237,#2226,#1938,.T.);
#2843=EDGE_CURVE('',#2236,#2237,#1364,.T.);
#2844=EDGE_CURVE('',#2238,#2239,#1939,.T.);
#2845=EDGE_CURVE('',#2237,#2238,#1365,.T.);
#2846=EDGE_CURVE('',#2234,#2239,#1366,.T.);
#2847=EDGE_CURVE('',#2240,#2238,#1367,.T.);
#2848=EDGE_CURVE('',#2236,#2240,#1368,.T.);
#2849=EDGE_CURVE('',#2241,#2240,#1940,.T.);
#2850=EDGE_CURVE('',#2235,#2241,#1369,.T.);
#2851=EDGE_CURVE('',#2239,#2241,#1370,.T.);
#2852=EDGE_CURVE('',#2242,#2243,#1371,.T.);
#2853=EDGE_CURVE('',#2242,#2244,#149,.T.);
#2854=EDGE_CURVE('',#2245,#2244,#1941,.F.);
#2855=EDGE_CURVE('',#2245,#2243,#150,.T.);
#2856=EDGE_CURVE('',#2246,#2247,#1372,.T.);
#2857=EDGE_CURVE('',#2246,#2242,#151,.T.);
#2858=EDGE_CURVE('',#2243,#2247,#152,.T.);
#2859=EDGE_CURVE('',#2248,#2249,#1373,.T.);
#2860=EDGE_CURVE('',#2248,#2246,#153,.T.);
#2861=EDGE_CURVE('',#2247,#2249,#154,.T.);
#2862=EDGE_CURVE('',#2250,#2251,#1374,.T.);
#2863=EDGE_CURVE('',#2250,#2248,#155,.T.);
#2864=EDGE_CURVE('',#2249,#2251,#156,.T.);
#2865=EDGE_CURVE('',#2252,#2253,#1375,.T.);
#2866=EDGE_CURVE('',#2252,#2250,#157,.T.);
#2867=EDGE_CURVE('',#2251,#2253,#158,.T.);
#2868=EDGE_CURVE('',#2254,#2255,#1376,.T.);
#2869=EDGE_CURVE('',#2254,#2252,#159,.T.);
#2870=EDGE_CURVE('',#2253,#2255,#160,.T.);
#2871=EDGE_CURVE('',#2256,#2257,#1377,.T.);
#2872=EDGE_CURVE('',#2256,#2254,#161,.T.);
#2873=EDGE_CURVE('',#2255,#2257,#162,.T.);
#2874=EDGE_CURVE('',#2258,#2259,#1378,.T.);
#2875=EDGE_CURVE('',#2258,#2256,#163,.T.);
#2876=EDGE_CURVE('',#2257,#2259,#164,.T.);
#2877=EDGE_CURVE('',#2260,#2261,#1379,.T.);
#2878=EDGE_CURVE('',#2260,#2258,#165,.T.);
#2879=EDGE_CURVE('',#2259,#2261,#166,.T.);
#2880=EDGE_CURVE('',#2262,#2263,#1380,.T.);
#2881=EDGE_CURVE('',#2262,#2260,#167,.T.);
#2882=EDGE_CURVE('',#2261,#2263,#168,.T.);
#2883=EDGE_CURVE('',#2264,#2265,#1381,.T.);
#2884=EDGE_CURVE('',#2264,#2262,#169,.T.);
#2885=EDGE_CURVE('',#2263,#2265,#170,.T.);
#2886=EDGE_CURVE('',#2266,#2267,#1382,.T.);
#2887=EDGE_CURVE('',#2266,#2264,#171,.T.);
#2888=EDGE_CURVE('',#2265,#2267,#172,.T.);
#2889=EDGE_CURVE('',#2268,#2269,#1383,.T.);
#2890=EDGE_CURVE('',#2268,#2266,#173,.T.);
#2891=EDGE_CURVE('',#2267,#2269,#174,.T.);
#2892=EDGE_CURVE('',#2270,#2271,#1384,.T.);
#2893=EDGE_CURVE('',#2270,#2268,#175,.T.);
#2894=EDGE_CURVE('',#2269,#2271,#176,.T.);
#2895=EDGE_CURVE('',#2272,#2273,#1385,.T.);
#2896=EDGE_CURVE('',#2272,#2274,#177,.T.);
#2897=EDGE_CURVE('',#2275,#2274,#1942,.T.);
#2898=EDGE_CURVE('',#2273,#2275,#178,.T.);
#2899=EDGE_CURVE('',#2276,#2277,#1386,.T.);
#2900=EDGE_CURVE('',#2276,#2272,#179,.T.);
#2901=EDGE_CURVE('',#2277,#2273,#180,.T.);
#2902=EDGE_CURVE('',#2278,#2279,#1387,.T.);
#2903=EDGE_CURVE('',#2278,#2276,#181,.T.);
#2904=EDGE_CURVE('',#2279,#2277,#182,.T.);
#2905=EDGE_CURVE('',#2280,#2281,#1388,.T.);
#2906=EDGE_CURVE('',#2280,#2278,#183,.T.);
#2907=EDGE_CURVE('',#2281,#2279,#184,.T.);
#2908=EDGE_CURVE('',#2282,#2283,#1389,.T.);
#2909=EDGE_CURVE('',#2282,#2280,#185,.T.);
#2910=EDGE_CURVE('',#2283,#2281,#186,.T.);
#2911=EDGE_CURVE('',#2284,#2285,#1390,.T.);
#2912=EDGE_CURVE('',#2284,#2282,#187,.T.);
#2913=EDGE_CURVE('',#2285,#2283,#188,.T.);
#2914=EDGE_CURVE('',#2286,#2287,#1391,.T.);
#2915=EDGE_CURVE('',#2286,#2284,#189,.T.);
#2916=EDGE_CURVE('',#2287,#2285,#190,.T.);
#2917=EDGE_CURVE('',#2288,#2289,#1392,.T.);
#2918=EDGE_CURVE('',#2288,#2286,#191,.T.);
#2919=EDGE_CURVE('',#2289,#2287,#192,.T.);
#2920=EDGE_CURVE('',#2290,#2291,#1393,.T.);
#2921=EDGE_CURVE('',#2290,#2288,#193,.T.);
#2922=EDGE_CURVE('',#2291,#2289,#194,.T.);
#2923=EDGE_CURVE('',#2292,#2293,#1394,.T.);
#2924=EDGE_CURVE('',#2292,#2290,#195,.T.);
#2925=EDGE_CURVE('',#2293,#2291,#196,.T.);
#2926=EDGE_CURVE('',#2294,#2295,#1395,.T.);
#2927=EDGE_CURVE('',#2294,#2292,#197,.T.);
#2928=EDGE_CURVE('',#2295,#2293,#198,.T.);
#2929=EDGE_CURVE('',#2296,#2297,#1396,.T.);
#2930=EDGE_CURVE('',#2296,#2294,#199,.T.);
#2931=EDGE_CURVE('',#2297,#2295,#200,.T.);
#2932=EDGE_CURVE('',#2298,#2299,#1397,.T.);
#2933=EDGE_CURVE('',#2298,#2296,#201,.T.);
#2934=EDGE_CURVE('',#2299,#2297,#202,.T.);
#2935=EDGE_CURVE('',#2300,#2301,#1943,.T.);
#2936=EDGE_CURVE('',#2302,#2300,#1398,.T.);
#2937=EDGE_CURVE('',#2303,#2302,#1944,.T.);
#2938=EDGE_CURVE('',#2301,#2303,#1399,.T.);
#2939=EDGE_CURVE('',#2301,#2304,#1400,.T.);
#2940=EDGE_CURVE('',#2305,#2303,#1401,.T.);
#2941=EDGE_CURVE('',#2306,#2305,#203,.T.);
#2942=EDGE_CURVE('',#2307,#2306,#1402,.T.);
#2943=EDGE_CURVE('',#2304,#2307,#204,.T.);
#2944=EDGE_CURVE('',#2308,#2300,#1403,.T.);
#2945=EDGE_CURVE('',#2309,#2308,#205,.T.);
#2946=EDGE_CURVE('',#2310,#2309,#1404,.T.);
#2947=EDGE_CURVE('',#2311,#2310,#206,.T.);
#2948=EDGE_CURVE('',#2302,#2311,#1405,.T.);
#2949=EDGE_CURVE('',#2312,#2304,#1945,.T.);
#2950=EDGE_CURVE('',#2312,#2313,#1406,.T.);
#2951=EDGE_CURVE('',#2313,#2313,#1946,.T.);
#2952=EDGE_CURVE('',#2305,#2312,#1947,.T.);
#2953=EDGE_CURVE('',#2308,#2311,#1948,.T.);
#2954=EDGE_CURVE('',#2307,#2306,#1949,.T.);
#2955=EDGE_CURVE('',#2310,#2309,#1950,.T.);
#2956=EDGE_CURVE('',#2314,#2275,#207,.T.);
#2957=EDGE_CURVE('',#2271,#2314,#208,.T.);
#2958=EDGE_CURVE('',#2315,#2245,#209,.T.);
#2959=EDGE_CURVE('',#2315,#2299,#210,.T.);
#2960=EDGE_CURVE('',#2316,#2315,#1951,.T.);
#2961=EDGE_CURVE('',#2316,#2298,#211,.T.);
#2962=EDGE_CURVE('',#2274,#2317,#212,.T.);
#2963=EDGE_CURVE('',#2244,#2316,#213,.T.);
#2964=EDGE_CURVE('',#2317,#2270,#214,.T.);
#2965=EDGE_CURVE('',#2317,#2314,#1952,.T.);
#2966=EDGE_CURVE('',#2318,#2318,#1953,.T.);
#2967=EDGE_CURVE('',#2318,#2319,#1407,.T.);
#2968=EDGE_CURVE('',#2319,#2319,#1954,.T.);
#2969=EDGE_CURVE('',#2320,#2321,#215,.T.);
#2970=EDGE_CURVE('',#2322,#2320,#1955,.T.);
#2971=EDGE_CURVE('',#2323,#2322,#216,.T.);
#2972=EDGE_CURVE('',#2324,#2323,#217,.T.);
#2973=EDGE_CURVE('',#2324,#2325,#1956,.T.);
#2974=EDGE_CURVE('',#2321,#2325,#218,.T.);
#2975=EDGE_CURVE('',#2326,#2327,#219,.T.);
#2976=EDGE_CURVE('',#2328,#2326,#1957,.T.);
#2977=EDGE_CURVE('',#2329,#2328,#220,.T.);
#2978=EDGE_CURVE('',#2330,#2329,#221,.T.);
#2979=EDGE_CURVE('',#2330,#2331,#1958,.T.);
#2980=EDGE_CURVE('',#2327,#2331,#222,.T.);
#2981=EDGE_CURVE('',#2332,#2333,#223,.T.);
#2982=EDGE_CURVE('',#2334,#2332,#1959,.T.);
#2983=EDGE_CURVE('',#2335,#2334,#224,.T.);
#2984=EDGE_CURVE('',#2336,#2335,#225,.T.);
#2985=EDGE_CURVE('',#2336,#2337,#1960,.T.);
#2986=EDGE_CURVE('',#2333,#2337,#226,.T.);
#2987=EDGE_CURVE('',#2338,#2339,#227,.T.);
#2988=EDGE_CURVE('',#2340,#2338,#1961,.T.);
#2989=EDGE_CURVE('',#2341,#2340,#228,.T.);
#2990=EDGE_CURVE('',#2342,#2341,#229,.T.);
#2991=EDGE_CURVE('',#2342,#2343,#1962,.T.);
#2992=EDGE_CURVE('',#2339,#2343,#230,.T.);
#2993=EDGE_CURVE('',#2344,#2345,#231,.T.);
#2994=EDGE_CURVE('',#2346,#2344,#1963,.T.);
#2995=EDGE_CURVE('',#2347,#2346,#232,.T.);
#2996=EDGE_CURVE('',#2348,#2347,#233,.T.);
#2997=EDGE_CURVE('',#2348,#2349,#1964,.T.);
#2998=EDGE_CURVE('',#2345,#2349,#234,.T.);
#2999=EDGE_CURVE('',#2350,#2351,#235,.T.);
#3000=EDGE_CURVE('',#2352,#2350,#1965,.T.);
#3001=EDGE_CURVE('',#2353,#2352,#236,.T.);
#3002=EDGE_CURVE('',#2354,#2353,#237,.T.);
#3003=EDGE_CURVE('',#2354,#2355,#1966,.T.);
#3004=EDGE_CURVE('',#2351,#2355,#238,.T.);
#3005=EDGE_CURVE('',#2356,#2357,#239,.T.);
#3006=EDGE_CURVE('',#2358,#2356,#1967,.T.);
#3007=EDGE_CURVE('',#2359,#2358,#240,.T.);
#3008=EDGE_CURVE('',#2360,#2359,#241,.T.);
#3009=EDGE_CURVE('',#2360,#2361,#1968,.T.);
#3010=EDGE_CURVE('',#2357,#2361,#242,.T.);
#3011=EDGE_CURVE('',#2358,#2362,#1408,.T.);
#3012=EDGE_CURVE('',#2358,#2363,#1969,.T.);
#3013=EDGE_CURVE('',#2362,#2363,#243,.T.);
#3014=EDGE_CURVE('',#2364,#2362,#244,.T.);
#3015=EDGE_CURVE('',#2365,#2363,#1970,.T.);
#3016=EDGE_CURVE('',#2365,#2366,#245,.T.);
#3017=EDGE_CURVE('',#2366,#2367,#246,.T.);
#3018=EDGE_CURVE('',#2367,#2364,#1409,.T.);
#3019=EDGE_CURVE('',#2366,#2368,#247,.T.);
#3020=EDGE_CURVE('',#2368,#2369,#1410,.T.);
#3021=EDGE_CURVE('',#2369,#2370,#248,.T.);
#3022=EDGE_CURVE('',#2370,#2367,#1411,.T.);
#3023=EDGE_CURVE('',#2359,#2371,#249,.T.);
#3024=EDGE_CURVE('',#2364,#2371,#1412,.T.);
#3025=EDGE_CURVE('',#2369,#2372,#250,.T.);
#3026=EDGE_CURVE('',#2372,#2360,#251,.T.);
#3027=EDGE_CURVE('',#2371,#2370,#1413,.T.);
#3028=EDGE_CURVE('',#2368,#2372,#1971,.T.);
#3029=EDGE_CURVE('',#2373,#2368,#1972,.T.);
#3030=EDGE_CURVE('',#2374,#2373,#1973,.T.);
#3031=EDGE_CURVE('',#2325,#2374,#1974,.T.);
#3032=EDGE_CURVE('',#2375,#2324,#1975,.T.);
#3033=EDGE_CURVE('',#2331,#2375,#1976,.T.);
#3034=EDGE_CURVE('',#2376,#2330,#1977,.T.);
#3035=EDGE_CURVE('',#2337,#2376,#1978,.T.);
#3036=EDGE_CURVE('',#2377,#2336,#1979,.T.);
#3037=EDGE_CURVE('',#2343,#2377,#1980,.T.);
#3038=EDGE_CURVE('',#2378,#2342,#1981,.T.);
#3039=EDGE_CURVE('',#2349,#2378,#1982,.T.);
#3040=EDGE_CURVE('',#2379,#2348,#1983,.T.);
#3041=EDGE_CURVE('',#2355,#2379,#1984,.T.);
#3042=EDGE_CURVE('',#2380,#2354,#1985,.T.);
#3043=EDGE_CURVE('',#2361,#2380,#1986,.T.);
#3044=EDGE_CURVE('',#2356,#2381,#1987,.T.);
#3045=EDGE_CURVE('',#2381,#2352,#1988,.T.);
#3046=EDGE_CURVE('',#2350,#2382,#1989,.T.);
#3047=EDGE_CURVE('',#2382,#2346,#1990,.T.);
#3048=EDGE_CURVE('',#2344,#2383,#1991,.T.);
#3049=EDGE_CURVE('',#2383,#2340,#1992,.T.);
#3050=EDGE_CURVE('',#2338,#2384,#1993,.T.);
#3051=EDGE_CURVE('',#2384,#2334,#1994,.T.);
#3052=EDGE_CURVE('',#2332,#2385,#1995,.T.);
#3053=EDGE_CURVE('',#2385,#2328,#1996,.T.);
#3054=EDGE_CURVE('',#2326,#2386,#1997,.T.);
#3055=EDGE_CURVE('',#2386,#2322,#1998,.T.);
#3056=EDGE_CURVE('',#2320,#2387,#1999,.T.);
#3057=EDGE_CURVE('',#2387,#2388,#2000,.T.);
#3058=EDGE_CURVE('',#2388,#2365,#2001,.T.);
#3059=EDGE_CURVE('',#2389,#2388,#252,.T.);
#3060=EDGE_CURVE('',#2373,#2389,#253,.T.);
#3061=EDGE_CURVE('',#2390,#2381,#254,.T.);
#3062=EDGE_CURVE('',#2352,#2390,#1414,.T.);
#3063=EDGE_CURVE('',#2391,#2390,#255,.T.);
#3064=EDGE_CURVE('',#2357,#2392,#256,.T.);
#3065=EDGE_CURVE('',#2392,#2391,#1415,.T.);
#3066=EDGE_CURVE('',#2361,#2393,#1416,.T.);
#3067=EDGE_CURVE('',#2393,#2394,#257,.T.);
#3068=EDGE_CURVE('',#2394,#2392,#1417,.T.);
#3069=EDGE_CURVE('',#2353,#2395,#258,.T.);
#3070=EDGE_CURVE('',#2391,#2395,#1418,.T.);
#3071=EDGE_CURVE('',#2393,#2380,#259,.T.);
#3072=EDGE_CURVE('',#2395,#2394,#1419,.T.);
#3073=EDGE_CURVE('',#2396,#2382,#260,.T.);
#3074=EDGE_CURVE('',#2346,#2396,#1420,.T.);
#3075=EDGE_CURVE('',#2397,#2396,#261,.T.);
#3076=EDGE_CURVE('',#2351,#2398,#262,.T.);
#3077=EDGE_CURVE('',#2398,#2397,#1421,.T.);
#3078=EDGE_CURVE('',#2355,#2399,#1422,.T.);
#3079=EDGE_CURVE('',#2399,#2400,#263,.T.);
#3080=EDGE_CURVE('',#2400,#2398,#1423,.T.);
#3081=EDGE_CURVE('',#2347,#2401,#264,.T.);
#3082=EDGE_CURVE('',#2397,#2401,#1424,.T.);
#3083=EDGE_CURVE('',#2399,#2379,#265,.T.);
#3084=EDGE_CURVE('',#2401,#2400,#1425,.T.);
#3085=EDGE_CURVE('',#2402,#2383,#266,.T.);
#3086=EDGE_CURVE('',#2340,#2402,#1426,.T.);
#3087=EDGE_CURVE('',#2403,#2402,#267,.T.);
#3088=EDGE_CURVE('',#2345,#2404,#268,.T.);
#3089=EDGE_CURVE('',#2404,#2403,#1427,.T.);
#3090=EDGE_CURVE('',#2349,#2405,#1428,.T.);
#3091=EDGE_CURVE('',#2405,#2406,#269,.T.);
#3092=EDGE_CURVE('',#2406,#2404,#1429,.T.);
#3093=EDGE_CURVE('',#2341,#2407,#270,.T.);
#3094=EDGE_CURVE('',#2403,#2407,#1430,.T.);
#3095=EDGE_CURVE('',#2405,#2378,#271,.T.);
#3096=EDGE_CURVE('',#2407,#2406,#1431,.T.);
#3097=EDGE_CURVE('',#2408,#2384,#272,.T.);
#3098=EDGE_CURVE('',#2334,#2408,#1432,.T.);
#3099=EDGE_CURVE('',#2409,#2408,#273,.T.);
#3100=EDGE_CURVE('',#2339,#2410,#274,.T.);
#3101=EDGE_CURVE('',#2410,#2409,#1433,.T.);
#3102=EDGE_CURVE('',#2343,#2411,#1434,.T.);
#3103=EDGE_CURVE('',#2411,#2412,#275,.T.);
#3104=EDGE_CURVE('',#2412,#2410,#1435,.T.);
#3105=EDGE_CURVE('',#2335,#2413,#276,.T.);
#3106=EDGE_CURVE('',#2409,#2413,#1436,.T.);
#3107=EDGE_CURVE('',#2411,#2377,#277,.T.);
#3108=EDGE_CURVE('',#2413,#2412,#1437,.T.);
#3109=EDGE_CURVE('',#2414,#2385,#278,.T.);
#3110=EDGE_CURVE('',#2328,#2414,#1438,.T.);
#3111=EDGE_CURVE('',#2415,#2414,#279,.T.);
#3112=EDGE_CURVE('',#2333,#2416,#280,.T.);
#3113=EDGE_CURVE('',#2416,#2415,#1439,.T.);
#3114=EDGE_CURVE('',#2337,#2417,#1440,.T.);
#3115=EDGE_CURVE('',#2417,#2418,#281,.T.);
#3116=EDGE_CURVE('',#2418,#2416,#1441,.T.);
#3117=EDGE_CURVE('',#2329,#2419,#282,.T.);
#3118=EDGE_CURVE('',#2415,#2419,#1442,.T.);
#3119=EDGE_CURVE('',#2417,#2376,#283,.T.);
#3120=EDGE_CURVE('',#2419,#2418,#1443,.T.);
#3121=EDGE_CURVE('',#2420,#2386,#284,.T.);
#3122=EDGE_CURVE('',#2322,#2420,#1444,.T.);
#3123=EDGE_CURVE('',#2421,#2420,#285,.T.);
#3124=EDGE_CURVE('',#2327,#2422,#286,.T.);
#3125=EDGE_CURVE('',#2422,#2421,#1445,.T.);
#3126=EDGE_CURVE('',#2331,#2423,#1446,.T.);
#3127=EDGE_CURVE('',#2423,#2424,#287,.T.);
#3128=EDGE_CURVE('',#2424,#2422,#1447,.T.);
#3129=EDGE_CURVE('',#2323,#2425,#288,.T.);
#3130=EDGE_CURVE('',#2421,#2425,#1448,.T.);
#3131=EDGE_CURVE('',#2423,#2375,#289,.T.);
#3132=EDGE_CURVE('',#2425,#2424,#1449,.T.);
#3133=EDGE_CURVE('',#2426,#2387,#290,.T.);
#3134=EDGE_CURVE('',#2388,#2426,#1450,.T.);
#3135=EDGE_CURVE('',#2427,#2426,#291,.T.);
#3136=EDGE_CURVE('',#2321,#2428,#292,.T.);
#3137=EDGE_CURVE('',#2428,#2427,#1451,.T.);
#3138=EDGE_CURVE('',#2325,#2429,#1452,.T.);
#3139=EDGE_CURVE('',#2429,#2430,#293,.T.);
#3140=EDGE_CURVE('',#2430,#2428,#1453,.T.);
#3141=EDGE_CURVE('',#2389,#2431,#294,.T.);
#3142=EDGE_CURVE('',#2427,#2431,#1454,.T.);
#3143=EDGE_CURVE('',#2429,#2374,#295,.T.);
#3144=EDGE_CURVE('',#2431,#2430,#1455,.T.);
#3145=EDGE_CURVE('',#2432,#2433,#1456,.T.);
#3146=EDGE_CURVE('',#2434,#2433,#296,.F.);
#3147=EDGE_CURVE('',#2434,#2435,#2002,.T.);
#3148=EDGE_CURVE('',#2435,#2432,#297,.T.);
#3149=EDGE_CURVE('',#2436,#2437,#1457,.T.);
#3150=EDGE_CURVE('',#2433,#2437,#298,.F.);
#3151=EDGE_CURVE('',#2432,#2436,#299,.T.);
#3152=EDGE_CURVE('',#2438,#2439,#1458,.T.);
#3153=EDGE_CURVE('',#2437,#2439,#300,.F.);
#3154=EDGE_CURVE('',#2436,#2438,#301,.T.);
#3155=EDGE_CURVE('',#2440,#2441,#1459,.T.);
#3156=EDGE_CURVE('',#2440,#2442,#302,.T.);
#3157=EDGE_CURVE('',#2443,#2442,#2003,.T.);
#3158=EDGE_CURVE('',#2441,#2443,#303,.F.);
#3159=EDGE_CURVE('',#2444,#2445,#304,.F.);
#3160=EDGE_CURVE('',#2446,#2444,#2004,.T.);
#3161=EDGE_CURVE('',#2435,#2446,#305,.F.);
#3162=EDGE_CURVE('',#2445,#2434,#306,.F.);
#3163=EDGE_CURVE('',#2445,#2447,#1460,.T.);
#3164=EDGE_CURVE('',#2447,#2447,#2005,.T.);
#3165=EDGE_CURVE('',#2448,#2449,#34,.T.);
#3166=EDGE_CURVE('',#2448,#2450,#307,.T.);
#3167=EDGE_CURVE('',#2451,#2450,#35,.T.);
#3168=EDGE_CURVE('',#2451,#2452,#308,.T.);
#3169=EDGE_CURVE('',#2453,#2452,#36,.T.);
#3170=EDGE_CURVE('',#2453,#2454,#309,.T.);
#3171=EDGE_CURVE('',#2455,#2454,#37,.F.);
#3172=EDGE_CURVE('',#2455,#2456,#1461,.T.);
#3173=EDGE_CURVE('',#2456,#2456,#2006,.T.);
#3174=EDGE_CURVE('',#2457,#2455,#38,.F.);
#3175=EDGE_CURVE('',#2457,#2458,#310,.T.);
#3176=EDGE_CURVE('',#2459,#2458,#39,.T.);
#3177=EDGE_CURVE('',#2459,#2460,#311,.T.);
#3178=EDGE_CURVE('',#2461,#2460,#40,.T.);
#3179=EDGE_CURVE('',#2461,#2449,#312,.T.);
#3180=EDGE_CURVE('',#2442,#2462,#313,.T.);
#3181=EDGE_CURVE('',#2462,#2463,#1462,.T.);
#3182=EDGE_CURVE('',#2463,#2463,#2007,.T.);
#3183=EDGE_CURVE('',#2462,#2464,#314,.T.);
#3184=EDGE_CURVE('',#2464,#2465,#2008,.T.);
#3185=EDGE_CURVE('',#2465,#2443,#315,.T.);
#3186=EDGE_CURVE('',#2466,#2467,#41,.F.);
#3187=EDGE_CURVE('',#2467,#2468,#316,.T.);
#3188=EDGE_CURVE('',#2468,#2469,#42,.T.);
#3189=EDGE_CURVE('',#2469,#2470,#317,.T.);
#3190=EDGE_CURVE('',#2470,#2471,#43,.T.);
#3191=EDGE_CURVE('',#2471,#2472,#318,.T.);
#3192=EDGE_CURVE('',#2472,#2473,#44,.T.);
#3193=EDGE_CURVE('',#2473,#2474,#1463,.T.);
#3194=EDGE_CURVE('',#2474,#2474,#2009,.T.);
#3195=EDGE_CURVE('',#2473,#2475,#45,.T.);
#3196=EDGE_CURVE('',#2475,#2476,#319,.T.);
#3197=EDGE_CURVE('',#2476,#2477,#46,.T.);
#3198=EDGE_CURVE('',#2477,#2478,#320,.T.);
#3199=EDGE_CURVE('',#2478,#2479,#47,.T.);
#3200=EDGE_CURVE('',#2479,#2466,#321,.T.);
#3201=EDGE_CURVE('',#2439,#2441,#322,.F.);
#3202=EDGE_CURVE('',#2438,#2440,#323,.T.);
#3203=EDGE_CURVE('',#2464,#2446,#48,.T.);
#3204=EDGE_CURVE('',#2465,#2444,#49,.T.);
#3205=EDGE_CURVE('',#2470,#2459,#1464,.T.);
#3206=EDGE_CURVE('',#2458,#2471,#1465,.T.);
#3207=EDGE_CURVE('',#2472,#2457,#1466,.T.);
#3208=EDGE_CURVE('',#2454,#2475,#1467,.T.);
#3209=EDGE_CURVE('',#2476,#2453,#1468,.T.);
#3210=EDGE_CURVE('',#2452,#2477,#1469,.T.);
#3211=EDGE_CURVE('',#2478,#2451,#1470,.T.);
#3212=EDGE_CURVE('',#2450,#2479,#1471,.T.);
#3213=EDGE_CURVE('',#2466,#2448,#1472,.T.);
#3214=EDGE_CURVE('',#2449,#2467,#1473,.T.);
#3215=EDGE_CURVE('',#2468,#2461,#1474,.T.);
#3216=EDGE_CURVE('',#2460,#2469,#1475,.T.);
#3217=ORIENTED_EDGE('',*,*,#2480,.F.);
#3218=ORIENTED_EDGE('',*,*,#2481,.T.);
#3219=ORIENTED_EDGE('',*,*,#2482,.F.);
#3220=ORIENTED_EDGE('',*,*,#2481,.F.);
#3221=ORIENTED_EDGE('',*,*,#2483,.T.);
#3222=ORIENTED_EDGE('',*,*,#2484,.T.);
#3223=ORIENTED_EDGE('',*,*,#2485,.F.);
#3224=ORIENTED_EDGE('',*,*,#2486,.F.);
#3225=ORIENTED_EDGE('',*,*,#2487,.T.);
#3226=ORIENTED_EDGE('',*,*,#2488,.F.);
#3227=ORIENTED_EDGE('',*,*,#2489,.T.);
#3228=ORIENTED_EDGE('',*,*,#2490,.T.);
#3229=ORIENTED_EDGE('',*,*,#2491,.F.);
#3230=ORIENTED_EDGE('',*,*,#2492,.F.);
#3231=ORIENTED_EDGE('',*,*,#2493,.F.);
#3232=ORIENTED_EDGE('',*,*,#2494,.T.);
#3233=ORIENTED_EDGE('',*,*,#2495,.T.);
#3234=ORIENTED_EDGE('',*,*,#2489,.F.);
#3235=ORIENTED_EDGE('',*,*,#2496,.F.);
#3236=ORIENTED_EDGE('',*,*,#2497,.T.);
#3237=ORIENTED_EDGE('',*,*,#2498,.T.);
#3238=ORIENTED_EDGE('',*,*,#2485,.T.);
#3239=ORIENTED_EDGE('',*,*,#2480,.T.);
#3240=ORIENTED_EDGE('',*,*,#2488,.T.);
#3241=ORIENTED_EDGE('',*,*,#2487,.F.);
#3242=ORIENTED_EDGE('',*,*,#2499,.T.);
#3243=ORIENTED_EDGE('',*,*,#2482,.T.);
#3244=ORIENTED_EDGE('',*,*,#2494,.F.);
#3245=ORIENTED_EDGE('',*,*,#2500,.F.);
#3246=ORIENTED_EDGE('',*,*,#2501,.T.);
#3247=ORIENTED_EDGE('',*,*,#2502,.T.);
#3248=ORIENTED_EDGE('',*,*,#2503,.F.);
#3249=ORIENTED_EDGE('',*,*,#2495,.F.);
#3250=ORIENTED_EDGE('',*,*,#2504,.F.);
#3251=ORIENTED_EDGE('',*,*,#2505,.T.);
#3252=ORIENTED_EDGE('',*,*,#2506,.T.);
#3253=ORIENTED_EDGE('',*,*,#2500,.T.);
#3254=ORIENTED_EDGE('',*,*,#2483,.F.);
#3255=ORIENTED_EDGE('',*,*,#2491,.T.);
#3256=ORIENTED_EDGE('',*,*,#2507,.T.);
#3257=ORIENTED_EDGE('',*,*,#2508,.T.);
#3258=ORIENTED_EDGE('',*,*,#2509,.F.);
#3259=ORIENTED_EDGE('',*,*,#2484,.F.);
#3260=ORIENTED_EDGE('',*,*,#2492,.T.);
#3261=ORIENTED_EDGE('',*,*,#2496,.T.);
#3262=ORIENTED_EDGE('',*,*,#2499,.F.);
#3263=ORIENTED_EDGE('',*,*,#2486,.T.);
#3264=ORIENTED_EDGE('',*,*,#2498,.F.);
#3265=ORIENTED_EDGE('',*,*,#2506,.F.);
#3266=ORIENTED_EDGE('',*,*,#2510,.T.);
#3267=ORIENTED_EDGE('',*,*,#2511,.T.);
#3268=ORIENTED_EDGE('',*,*,#2512,.T.);
#3269=ORIENTED_EDGE('',*,*,#2513,.F.);
#3270=ORIENTED_EDGE('',*,*,#2514,.T.);
#3271=ORIENTED_EDGE('',*,*,#2515,.T.);
#3272=ORIENTED_EDGE('',*,*,#2516,.T.);
#3273=ORIENTED_EDGE('',*,*,#2510,.F.);
#3274=ORIENTED_EDGE('',*,*,#2517,.F.);
#3275=ORIENTED_EDGE('',*,*,#2490,.F.);
#3276=ORIENTED_EDGE('',*,*,#2503,.T.);
#3277=ORIENTED_EDGE('',*,*,#2518,.T.);
#3278=ORIENTED_EDGE('',*,*,#2519,.F.);
#3279=ORIENTED_EDGE('',*,*,#2497,.F.);
#3280=ORIENTED_EDGE('',*,*,#2509,.T.);
#3281=ORIENTED_EDGE('',*,*,#2504,.T.);
#3282=ORIENTED_EDGE('',*,*,#2493,.T.);
#3283=ORIENTED_EDGE('',*,*,#2515,.F.);
#3284=ORIENTED_EDGE('',*,*,#2520,.T.);
#3285=ORIENTED_EDGE('',*,*,#2521,.T.);
#3286=ORIENTED_EDGE('',*,*,#2522,.F.);
#3287=ORIENTED_EDGE('',*,*,#2516,.F.);
#3288=ORIENTED_EDGE('',*,*,#2523,.F.);
#3289=ORIENTED_EDGE('',*,*,#2524,.T.);
#3290=ORIENTED_EDGE('',*,*,#2525,.T.);
#3291=ORIENTED_EDGE('',*,*,#2526,.T.);
#3292=ORIENTED_EDGE('',*,*,#2527,.T.);
#3293=ORIENTED_EDGE('',*,*,#2528,.T.);
#3294=ORIENTED_EDGE('',*,*,#2529,.T.);
#3295=ORIENTED_EDGE('',*,*,#2530,.T.);
#3296=ORIENTED_EDGE('',*,*,#2531,.T.);
#3297=ORIENTED_EDGE('',*,*,#2532,.T.);
#3298=ORIENTED_EDGE('',*,*,#2533,.F.);
#3299=ORIENTED_EDGE('',*,*,#2534,.F.);
#3300=ORIENTED_EDGE('',*,*,#2535,.F.);
#3301=ORIENTED_EDGE('',*,*,#2536,.F.);
#3302=ORIENTED_EDGE('',*,*,#2520,.F.);
#3303=ORIENTED_EDGE('',*,*,#2501,.F.);
#3304=ORIENTED_EDGE('',*,*,#2512,.F.);
#3305=ORIENTED_EDGE('',*,*,#2537,.T.);
#3306=ORIENTED_EDGE('',*,*,#2538,.T.);
#3307=ORIENTED_EDGE('',*,*,#2539,.F.);
#3308=ORIENTED_EDGE('',*,*,#2502,.F.);
#3309=ORIENTED_EDGE('',*,*,#2537,.F.);
#3310=ORIENTED_EDGE('',*,*,#2540,.F.);
#3311=ORIENTED_EDGE('',*,*,#2541,.F.);
#3312=ORIENTED_EDGE('',*,*,#2524,.F.);
#3313=ORIENTED_EDGE('',*,*,#2538,.F.);
#3314=ORIENTED_EDGE('',*,*,#2525,.F.);
#3315=ORIENTED_EDGE('',*,*,#2541,.T.);
#3316=ORIENTED_EDGE('',*,*,#2542,.F.);
#3317=ORIENTED_EDGE('',*,*,#2543,.F.);
#3318=ORIENTED_EDGE('',*,*,#2526,.F.);
#3319=ORIENTED_EDGE('',*,*,#2543,.T.);
#3320=ORIENTED_EDGE('',*,*,#2544,.F.);
#3321=ORIENTED_EDGE('',*,*,#2545,.F.);
#3322=ORIENTED_EDGE('',*,*,#2527,.F.);
#3323=ORIENTED_EDGE('',*,*,#2545,.T.);
#3324=ORIENTED_EDGE('',*,*,#2546,.F.);
#3325=ORIENTED_EDGE('',*,*,#2547,.F.);
#3326=ORIENTED_EDGE('',*,*,#2528,.F.);
#3327=ORIENTED_EDGE('',*,*,#2547,.T.);
#3328=ORIENTED_EDGE('',*,*,#2548,.F.);
#3329=ORIENTED_EDGE('',*,*,#2549,.F.);
#3330=ORIENTED_EDGE('',*,*,#2529,.F.);
#3331=ORIENTED_EDGE('',*,*,#2549,.T.);
#3332=ORIENTED_EDGE('',*,*,#2550,.F.);
#3333=ORIENTED_EDGE('',*,*,#2551,.F.);
#3334=ORIENTED_EDGE('',*,*,#2530,.F.);
#3335=ORIENTED_EDGE('',*,*,#2551,.T.);
#3336=ORIENTED_EDGE('',*,*,#2552,.F.);
#3337=ORIENTED_EDGE('',*,*,#2553,.F.);
#3338=ORIENTED_EDGE('',*,*,#2531,.F.);
#3339=ORIENTED_EDGE('',*,*,#2553,.T.);
#3340=ORIENTED_EDGE('',*,*,#2554,.F.);
#3341=ORIENTED_EDGE('',*,*,#2555,.F.);
#3342=ORIENTED_EDGE('',*,*,#2532,.F.);
#3343=ORIENTED_EDGE('',*,*,#2555,.T.);
#3344=ORIENTED_EDGE('',*,*,#2556,.F.);
#3345=ORIENTED_EDGE('',*,*,#2557,.F.);
#3346=ORIENTED_EDGE('',*,*,#2533,.T.);
#3347=ORIENTED_EDGE('',*,*,#2557,.T.);
#3348=ORIENTED_EDGE('',*,*,#2558,.F.);
#3349=ORIENTED_EDGE('',*,*,#2559,.F.);
#3350=ORIENTED_EDGE('',*,*,#2534,.T.);
#3351=ORIENTED_EDGE('',*,*,#2559,.T.);
#3352=ORIENTED_EDGE('',*,*,#2560,.F.);
#3353=ORIENTED_EDGE('',*,*,#2561,.F.);
#3354=ORIENTED_EDGE('',*,*,#2535,.T.);
#3355=ORIENTED_EDGE('',*,*,#2561,.T.);
#3356=ORIENTED_EDGE('',*,*,#2562,.F.);
#3357=ORIENTED_EDGE('',*,*,#2563,.F.);
#3358=ORIENTED_EDGE('',*,*,#2536,.T.);
#3359=ORIENTED_EDGE('',*,*,#2563,.T.);
#3360=ORIENTED_EDGE('',*,*,#2564,.F.);
#3361=ORIENTED_EDGE('',*,*,#2521,.F.);
#3362=ORIENTED_EDGE('',*,*,#2507,.F.);
#3363=ORIENTED_EDGE('',*,*,#2519,.T.);
#3364=ORIENTED_EDGE('',*,*,#2513,.T.);
#3365=ORIENTED_EDGE('',*,*,#2517,.T.);
#3366=ORIENTED_EDGE('',*,*,#2505,.F.);
#3367=ORIENTED_EDGE('',*,*,#2508,.F.);
#3368=ORIENTED_EDGE('',*,*,#2511,.F.);
#3369=ORIENTED_EDGE('',*,*,#2522,.T.);
#3370=ORIENTED_EDGE('',*,*,#2564,.T.);
#3371=ORIENTED_EDGE('',*,*,#2562,.T.);
#3372=ORIENTED_EDGE('',*,*,#2560,.T.);
#3373=ORIENTED_EDGE('',*,*,#2558,.T.);
#3374=ORIENTED_EDGE('',*,*,#2556,.T.);
#3375=ORIENTED_EDGE('',*,*,#2554,.T.);
#3376=ORIENTED_EDGE('',*,*,#2552,.T.);
#3377=ORIENTED_EDGE('',*,*,#2550,.T.);
#3378=ORIENTED_EDGE('',*,*,#2548,.T.);
#3379=ORIENTED_EDGE('',*,*,#2546,.T.);
#3380=ORIENTED_EDGE('',*,*,#2544,.T.);
#3381=ORIENTED_EDGE('',*,*,#2542,.T.);
#3382=ORIENTED_EDGE('',*,*,#2540,.T.);
#3383=ORIENTED_EDGE('',*,*,#2518,.F.);
#3384=ORIENTED_EDGE('',*,*,#2539,.T.);
#3385=ORIENTED_EDGE('',*,*,#2523,.T.);
#3386=ORIENTED_EDGE('',*,*,#2514,.F.);
#3387=ORIENTED_EDGE('',*,*,#2565,.T.);
#3388=ORIENTED_EDGE('',*,*,#2566,.F.);
#3389=ORIENTED_EDGE('',*,*,#2567,.T.);
#3390=ORIENTED_EDGE('',*,*,#2568,.T.);
#3391=ORIENTED_EDGE('',*,*,#2569,.F.);
#3392=ORIENTED_EDGE('',*,*,#2570,.F.);
#3393=ORIENTED_EDGE('',*,*,#2571,.T.);
#3394=ORIENTED_EDGE('',*,*,#2572,.F.);
#3395=ORIENTED_EDGE('',*,*,#2573,.F.);
#3396=ORIENTED_EDGE('',*,*,#2574,.F.);
#3397=ORIENTED_EDGE('',*,*,#2575,.T.);
#3398=ORIENTED_EDGE('',*,*,#2570,.T.);
#3399=ORIENTED_EDGE('',*,*,#2576,.T.);
#3400=ORIENTED_EDGE('',*,*,#2577,.T.);
#3401=ORIENTED_EDGE('',*,*,#2578,.T.);
#3402=ORIENTED_EDGE('',*,*,#2579,.T.);
#3403=ORIENTED_EDGE('',*,*,#2580,.T.);
#3404=ORIENTED_EDGE('',*,*,#2581,.T.);
#3405=ORIENTED_EDGE('',*,*,#2582,.T.);
#3406=ORIENTED_EDGE('',*,*,#2583,.T.);
#3407=ORIENTED_EDGE('',*,*,#2584,.T.);
#3408=ORIENTED_EDGE('',*,*,#2585,.T.);
#3409=ORIENTED_EDGE('',*,*,#2586,.T.);
#3410=ORIENTED_EDGE('',*,*,#2566,.T.);
#3411=ORIENTED_EDGE('',*,*,#2569,.T.);
#3412=ORIENTED_EDGE('',*,*,#2568,.F.);
#3413=ORIENTED_EDGE('',*,*,#2587,.T.);
#3414=ORIENTED_EDGE('',*,*,#2588,.F.);
#3415=ORIENTED_EDGE('',*,*,#2589,.T.);
#3416=ORIENTED_EDGE('',*,*,#2590,.F.);
#3417=ORIENTED_EDGE('',*,*,#2591,.F.);
#3418=ORIENTED_EDGE('',*,*,#2592,.F.);
#3419=ORIENTED_EDGE('',*,*,#2593,.T.);
#3420=ORIENTED_EDGE('',*,*,#2594,.F.);
#3421=ORIENTED_EDGE('',*,*,#2595,.T.);
#3422=ORIENTED_EDGE('',*,*,#2596,.F.);
#3423=ORIENTED_EDGE('',*,*,#2575,.F.);
#3424=ORIENTED_EDGE('',*,*,#2597,.F.);
#3425=ORIENTED_EDGE('',*,*,#2598,.T.);
#3426=ORIENTED_EDGE('',*,*,#2599,.T.);
#3427=ORIENTED_EDGE('',*,*,#2600,.F.);
#3428=ORIENTED_EDGE('',*,*,#2601,.T.);
#3429=ORIENTED_EDGE('',*,*,#2602,.T.);
#3430=ORIENTED_EDGE('',*,*,#2597,.T.);
#3431=ORIENTED_EDGE('',*,*,#2565,.F.);
#3432=ORIENTED_EDGE('',*,*,#2572,.T.);
#3433=ORIENTED_EDGE('',*,*,#2603,.T.);
#3434=ORIENTED_EDGE('',*,*,#2604,.F.);
#3435=ORIENTED_EDGE('',*,*,#2603,.F.);
#3436=ORIENTED_EDGE('',*,*,#2605,.T.);
#3437=ORIENTED_EDGE('',*,*,#2606,.F.);
#3438=ORIENTED_EDGE('',*,*,#2601,.F.);
#3439=ORIENTED_EDGE('',*,*,#2607,.T.);
#3440=ORIENTED_EDGE('',*,*,#2598,.F.);
#3441=ORIENTED_EDGE('',*,*,#2602,.F.);
#3442=ORIENTED_EDGE('',*,*,#2606,.T.);
#3443=ORIENTED_EDGE('',*,*,#2573,.T.);
#3444=ORIENTED_EDGE('',*,*,#2596,.T.);
#3445=ORIENTED_EDGE('',*,*,#2608,.T.);
#3446=ORIENTED_EDGE('',*,*,#2577,.F.);
#3447=ORIENTED_EDGE('',*,*,#2594,.T.);
#3448=ORIENTED_EDGE('',*,*,#2609,.T.);
#3449=ORIENTED_EDGE('',*,*,#2579,.F.);
#3450=ORIENTED_EDGE('',*,*,#2610,.T.);
#3451=ORIENTED_EDGE('',*,*,#2591,.T.);
#3452=ORIENTED_EDGE('',*,*,#2611,.F.);
#3453=ORIENTED_EDGE('',*,*,#2582,.F.);
#3454=ORIENTED_EDGE('',*,*,#2612,.T.);
#3455=ORIENTED_EDGE('',*,*,#2585,.F.);
#3456=ORIENTED_EDGE('',*,*,#2613,.T.);
#3457=ORIENTED_EDGE('',*,*,#2588,.T.);
#3458=ORIENTED_EDGE('',*,*,#2614,.F.);
#3459=ORIENTED_EDGE('',*,*,#2576,.F.);
#3460=ORIENTED_EDGE('',*,*,#2604,.T.);
#3461=ORIENTED_EDGE('',*,*,#2600,.T.);
#3462=ORIENTED_EDGE('',*,*,#2574,.T.);
#3463=ORIENTED_EDGE('',*,*,#2571,.F.);
#3464=ORIENTED_EDGE('',*,*,#2599,.F.);
#3465=ORIENTED_EDGE('',*,*,#2607,.F.);
#3466=ORIENTED_EDGE('',*,*,#2605,.F.);
#3467=ORIENTED_EDGE('',*,*,#2578,.F.);
#3468=ORIENTED_EDGE('',*,*,#2608,.F.);
#3469=ORIENTED_EDGE('',*,*,#2595,.F.);
#3470=ORIENTED_EDGE('',*,*,#2610,.F.);
#3471=ORIENTED_EDGE('',*,*,#2586,.F.);
#3472=ORIENTED_EDGE('',*,*,#2614,.T.);
#3473=ORIENTED_EDGE('',*,*,#2587,.F.);
#3474=ORIENTED_EDGE('',*,*,#2567,.F.);
#3475=ORIENTED_EDGE('',*,*,#2615,.T.);
#3476=ORIENTED_EDGE('',*,*,#2592,.T.);
#3477=ORIENTED_EDGE('',*,*,#2612,.F.);
#3478=ORIENTED_EDGE('',*,*,#2581,.F.);
#3479=ORIENTED_EDGE('',*,*,#2611,.T.);
#3480=ORIENTED_EDGE('',*,*,#2590,.T.);
#3481=ORIENTED_EDGE('',*,*,#2616,.F.);
#3482=ORIENTED_EDGE('',*,*,#2583,.F.);
#3483=ORIENTED_EDGE('',*,*,#2580,.F.);
#3484=ORIENTED_EDGE('',*,*,#2609,.F.);
#3485=ORIENTED_EDGE('',*,*,#2593,.F.);
#3486=ORIENTED_EDGE('',*,*,#2615,.F.);
#3487=ORIENTED_EDGE('',*,*,#2584,.F.);
#3488=ORIENTED_EDGE('',*,*,#2616,.T.);
#3489=ORIENTED_EDGE('',*,*,#2589,.F.);
#3490=ORIENTED_EDGE('',*,*,#2613,.F.);
#3491=ORIENTED_EDGE('',*,*,#2617,.T.);
#3492=ORIENTED_EDGE('',*,*,#2618,.F.);
#3493=ORIENTED_EDGE('',*,*,#2619,.T.);
#3494=ORIENTED_EDGE('',*,*,#2620,.T.);
#3495=ORIENTED_EDGE('',*,*,#2621,.F.);
#3496=ORIENTED_EDGE('',*,*,#2622,.F.);
#3497=ORIENTED_EDGE('',*,*,#2623,.T.);
#3498=ORIENTED_EDGE('',*,*,#2624,.F.);
#3499=ORIENTED_EDGE('',*,*,#2625,.F.);
#3500=ORIENTED_EDGE('',*,*,#2626,.F.);
#3501=ORIENTED_EDGE('',*,*,#2627,.T.);
#3502=ORIENTED_EDGE('',*,*,#2622,.T.);
#3503=ORIENTED_EDGE('',*,*,#2628,.T.);
#3504=ORIENTED_EDGE('',*,*,#2629,.T.);
#3505=ORIENTED_EDGE('',*,*,#2630,.T.);
#3506=ORIENTED_EDGE('',*,*,#2631,.T.);
#3507=ORIENTED_EDGE('',*,*,#2632,.T.);
#3508=ORIENTED_EDGE('',*,*,#2633,.T.);
#3509=ORIENTED_EDGE('',*,*,#2634,.T.);
#3510=ORIENTED_EDGE('',*,*,#2635,.T.);
#3511=ORIENTED_EDGE('',*,*,#2636,.T.);
#3512=ORIENTED_EDGE('',*,*,#2637,.T.);
#3513=ORIENTED_EDGE('',*,*,#2638,.T.);
#3514=ORIENTED_EDGE('',*,*,#2618,.T.);
#3515=ORIENTED_EDGE('',*,*,#2621,.T.);
#3516=ORIENTED_EDGE('',*,*,#2620,.F.);
#3517=ORIENTED_EDGE('',*,*,#2639,.T.);
#3518=ORIENTED_EDGE('',*,*,#2640,.F.);
#3519=ORIENTED_EDGE('',*,*,#2641,.T.);
#3520=ORIENTED_EDGE('',*,*,#2642,.F.);
#3521=ORIENTED_EDGE('',*,*,#2643,.F.);
#3522=ORIENTED_EDGE('',*,*,#2644,.F.);
#3523=ORIENTED_EDGE('',*,*,#2645,.T.);
#3524=ORIENTED_EDGE('',*,*,#2646,.F.);
#3525=ORIENTED_EDGE('',*,*,#2647,.T.);
#3526=ORIENTED_EDGE('',*,*,#2648,.F.);
#3527=ORIENTED_EDGE('',*,*,#2627,.F.);
#3528=ORIENTED_EDGE('',*,*,#2649,.F.);
#3529=ORIENTED_EDGE('',*,*,#2650,.T.);
#3530=ORIENTED_EDGE('',*,*,#2651,.T.);
#3531=ORIENTED_EDGE('',*,*,#2652,.F.);
#3532=ORIENTED_EDGE('',*,*,#2653,.T.);
#3533=ORIENTED_EDGE('',*,*,#2654,.T.);
#3534=ORIENTED_EDGE('',*,*,#2649,.T.);
#3535=ORIENTED_EDGE('',*,*,#2617,.F.);
#3536=ORIENTED_EDGE('',*,*,#2624,.T.);
#3537=ORIENTED_EDGE('',*,*,#2655,.T.);
#3538=ORIENTED_EDGE('',*,*,#2656,.F.);
#3539=ORIENTED_EDGE('',*,*,#2655,.F.);
#3540=ORIENTED_EDGE('',*,*,#2657,.T.);
#3541=ORIENTED_EDGE('',*,*,#2658,.F.);
#3542=ORIENTED_EDGE('',*,*,#2653,.F.);
#3543=ORIENTED_EDGE('',*,*,#2659,.T.);
#3544=ORIENTED_EDGE('',*,*,#2650,.F.);
#3545=ORIENTED_EDGE('',*,*,#2654,.F.);
#3546=ORIENTED_EDGE('',*,*,#2658,.T.);
#3547=ORIENTED_EDGE('',*,*,#2625,.T.);
#3548=ORIENTED_EDGE('',*,*,#2648,.T.);
#3549=ORIENTED_EDGE('',*,*,#2660,.T.);
#3550=ORIENTED_EDGE('',*,*,#2629,.F.);
#3551=ORIENTED_EDGE('',*,*,#2646,.T.);
#3552=ORIENTED_EDGE('',*,*,#2661,.T.);
#3553=ORIENTED_EDGE('',*,*,#2631,.F.);
#3554=ORIENTED_EDGE('',*,*,#2662,.T.);
#3555=ORIENTED_EDGE('',*,*,#2643,.T.);
#3556=ORIENTED_EDGE('',*,*,#2663,.F.);
#3557=ORIENTED_EDGE('',*,*,#2634,.F.);
#3558=ORIENTED_EDGE('',*,*,#2664,.T.);
#3559=ORIENTED_EDGE('',*,*,#2637,.F.);
#3560=ORIENTED_EDGE('',*,*,#2665,.T.);
#3561=ORIENTED_EDGE('',*,*,#2640,.T.);
#3562=ORIENTED_EDGE('',*,*,#2666,.F.);
#3563=ORIENTED_EDGE('',*,*,#2628,.F.);
#3564=ORIENTED_EDGE('',*,*,#2656,.T.);
#3565=ORIENTED_EDGE('',*,*,#2652,.T.);
#3566=ORIENTED_EDGE('',*,*,#2626,.T.);
#3567=ORIENTED_EDGE('',*,*,#2623,.F.);
#3568=ORIENTED_EDGE('',*,*,#2651,.F.);
#3569=ORIENTED_EDGE('',*,*,#2659,.F.);
#3570=ORIENTED_EDGE('',*,*,#2657,.F.);
#3571=ORIENTED_EDGE('',*,*,#2630,.F.);
#3572=ORIENTED_EDGE('',*,*,#2660,.F.);
#3573=ORIENTED_EDGE('',*,*,#2647,.F.);
#3574=ORIENTED_EDGE('',*,*,#2662,.F.);
#3575=ORIENTED_EDGE('',*,*,#2638,.F.);
#3576=ORIENTED_EDGE('',*,*,#2666,.T.);
#3577=ORIENTED_EDGE('',*,*,#2639,.F.);
#3578=ORIENTED_EDGE('',*,*,#2619,.F.);
#3579=ORIENTED_EDGE('',*,*,#2667,.T.);
#3580=ORIENTED_EDGE('',*,*,#2644,.T.);
#3581=ORIENTED_EDGE('',*,*,#2664,.F.);
#3582=ORIENTED_EDGE('',*,*,#2633,.F.);
#3583=ORIENTED_EDGE('',*,*,#2663,.T.);
#3584=ORIENTED_EDGE('',*,*,#2642,.T.);
#3585=ORIENTED_EDGE('',*,*,#2668,.F.);
#3586=ORIENTED_EDGE('',*,*,#2635,.F.);
#3587=ORIENTED_EDGE('',*,*,#2632,.F.);
#3588=ORIENTED_EDGE('',*,*,#2661,.F.);
#3589=ORIENTED_EDGE('',*,*,#2645,.F.);
#3590=ORIENTED_EDGE('',*,*,#2667,.F.);
#3591=ORIENTED_EDGE('',*,*,#2636,.F.);
#3592=ORIENTED_EDGE('',*,*,#2668,.T.);
#3593=ORIENTED_EDGE('',*,*,#2641,.F.);
#3594=ORIENTED_EDGE('',*,*,#2665,.F.);
#3595=ORIENTED_EDGE('',*,*,#2669,.T.);
#3596=ORIENTED_EDGE('',*,*,#2670,.F.);
#3597=ORIENTED_EDGE('',*,*,#2671,.T.);
#3598=ORIENTED_EDGE('',*,*,#2672,.T.);
#3599=ORIENTED_EDGE('',*,*,#2673,.F.);
#3600=ORIENTED_EDGE('',*,*,#2674,.F.);
#3601=ORIENTED_EDGE('',*,*,#2675,.T.);
#3602=ORIENTED_EDGE('',*,*,#2676,.F.);
#3603=ORIENTED_EDGE('',*,*,#2677,.F.);
#3604=ORIENTED_EDGE('',*,*,#2678,.F.);
#3605=ORIENTED_EDGE('',*,*,#2679,.T.);
#3606=ORIENTED_EDGE('',*,*,#2674,.T.);
#3607=ORIENTED_EDGE('',*,*,#2680,.T.);
#3608=ORIENTED_EDGE('',*,*,#2681,.T.);
#3609=ORIENTED_EDGE('',*,*,#2682,.T.);
#3610=ORIENTED_EDGE('',*,*,#2683,.T.);
#3611=ORIENTED_EDGE('',*,*,#2684,.T.);
#3612=ORIENTED_EDGE('',*,*,#2685,.T.);
#3613=ORIENTED_EDGE('',*,*,#2686,.T.);
#3614=ORIENTED_EDGE('',*,*,#2687,.T.);
#3615=ORIENTED_EDGE('',*,*,#2688,.T.);
#3616=ORIENTED_EDGE('',*,*,#2689,.T.);
#3617=ORIENTED_EDGE('',*,*,#2690,.T.);
#3618=ORIENTED_EDGE('',*,*,#2670,.T.);
#3619=ORIENTED_EDGE('',*,*,#2673,.T.);
#3620=ORIENTED_EDGE('',*,*,#2672,.F.);
#3621=ORIENTED_EDGE('',*,*,#2691,.T.);
#3622=ORIENTED_EDGE('',*,*,#2692,.F.);
#3623=ORIENTED_EDGE('',*,*,#2693,.T.);
#3624=ORIENTED_EDGE('',*,*,#2694,.F.);
#3625=ORIENTED_EDGE('',*,*,#2695,.F.);
#3626=ORIENTED_EDGE('',*,*,#2696,.F.);
#3627=ORIENTED_EDGE('',*,*,#2697,.T.);
#3628=ORIENTED_EDGE('',*,*,#2698,.F.);
#3629=ORIENTED_EDGE('',*,*,#2699,.T.);
#3630=ORIENTED_EDGE('',*,*,#2700,.F.);
#3631=ORIENTED_EDGE('',*,*,#2679,.F.);
#3632=ORIENTED_EDGE('',*,*,#2701,.F.);
#3633=ORIENTED_EDGE('',*,*,#2702,.T.);
#3634=ORIENTED_EDGE('',*,*,#2703,.T.);
#3635=ORIENTED_EDGE('',*,*,#2704,.F.);
#3636=ORIENTED_EDGE('',*,*,#2705,.T.);
#3637=ORIENTED_EDGE('',*,*,#2706,.T.);
#3638=ORIENTED_EDGE('',*,*,#2701,.T.);
#3639=ORIENTED_EDGE('',*,*,#2669,.F.);
#3640=ORIENTED_EDGE('',*,*,#2676,.T.);
#3641=ORIENTED_EDGE('',*,*,#2707,.T.);
#3642=ORIENTED_EDGE('',*,*,#2708,.F.);
#3643=ORIENTED_EDGE('',*,*,#2707,.F.);
#3644=ORIENTED_EDGE('',*,*,#2709,.T.);
#3645=ORIENTED_EDGE('',*,*,#2710,.F.);
#3646=ORIENTED_EDGE('',*,*,#2705,.F.);
#3647=ORIENTED_EDGE('',*,*,#2711,.T.);
#3648=ORIENTED_EDGE('',*,*,#2702,.F.);
#3649=ORIENTED_EDGE('',*,*,#2706,.F.);
#3650=ORIENTED_EDGE('',*,*,#2710,.T.);
#3651=ORIENTED_EDGE('',*,*,#2677,.T.);
#3652=ORIENTED_EDGE('',*,*,#2700,.T.);
#3653=ORIENTED_EDGE('',*,*,#2712,.T.);
#3654=ORIENTED_EDGE('',*,*,#2681,.F.);
#3655=ORIENTED_EDGE('',*,*,#2698,.T.);
#3656=ORIENTED_EDGE('',*,*,#2713,.T.);
#3657=ORIENTED_EDGE('',*,*,#2683,.F.);
#3658=ORIENTED_EDGE('',*,*,#2714,.T.);
#3659=ORIENTED_EDGE('',*,*,#2695,.T.);
#3660=ORIENTED_EDGE('',*,*,#2715,.F.);
#3661=ORIENTED_EDGE('',*,*,#2686,.F.);
#3662=ORIENTED_EDGE('',*,*,#2716,.T.);
#3663=ORIENTED_EDGE('',*,*,#2689,.F.);
#3664=ORIENTED_EDGE('',*,*,#2717,.T.);
#3665=ORIENTED_EDGE('',*,*,#2692,.T.);
#3666=ORIENTED_EDGE('',*,*,#2718,.F.);
#3667=ORIENTED_EDGE('',*,*,#2680,.F.);
#3668=ORIENTED_EDGE('',*,*,#2708,.T.);
#3669=ORIENTED_EDGE('',*,*,#2704,.T.);
#3670=ORIENTED_EDGE('',*,*,#2678,.T.);
#3671=ORIENTED_EDGE('',*,*,#2675,.F.);
#3672=ORIENTED_EDGE('',*,*,#2703,.F.);
#3673=ORIENTED_EDGE('',*,*,#2711,.F.);
#3674=ORIENTED_EDGE('',*,*,#2709,.F.);
#3675=ORIENTED_EDGE('',*,*,#2682,.F.);
#3676=ORIENTED_EDGE('',*,*,#2712,.F.);
#3677=ORIENTED_EDGE('',*,*,#2699,.F.);
#3678=ORIENTED_EDGE('',*,*,#2714,.F.);
#3679=ORIENTED_EDGE('',*,*,#2690,.F.);
#3680=ORIENTED_EDGE('',*,*,#2718,.T.);
#3681=ORIENTED_EDGE('',*,*,#2691,.F.);
#3682=ORIENTED_EDGE('',*,*,#2671,.F.);
#3683=ORIENTED_EDGE('',*,*,#2719,.T.);
#3684=ORIENTED_EDGE('',*,*,#2696,.T.);
#3685=ORIENTED_EDGE('',*,*,#2716,.F.);
#3686=ORIENTED_EDGE('',*,*,#2685,.F.);
#3687=ORIENTED_EDGE('',*,*,#2715,.T.);
#3688=ORIENTED_EDGE('',*,*,#2694,.T.);
#3689=ORIENTED_EDGE('',*,*,#2720,.F.);
#3690=ORIENTED_EDGE('',*,*,#2687,.F.);
#3691=ORIENTED_EDGE('',*,*,#2684,.F.);
#3692=ORIENTED_EDGE('',*,*,#2713,.F.);
#3693=ORIENTED_EDGE('',*,*,#2697,.F.);
#3694=ORIENTED_EDGE('',*,*,#2719,.F.);
#3695=ORIENTED_EDGE('',*,*,#2688,.F.);
#3696=ORIENTED_EDGE('',*,*,#2720,.T.);
#3697=ORIENTED_EDGE('',*,*,#2693,.F.);
#3698=ORIENTED_EDGE('',*,*,#2717,.F.);
#3699=ORIENTED_EDGE('',*,*,#2721,.F.);
#3700=ORIENTED_EDGE('',*,*,#2722,.T.);
#3701=ORIENTED_EDGE('',*,*,#2723,.T.);
#3702=ORIENTED_EDGE('',*,*,#2722,.F.);
#3703=ORIENTED_EDGE('',*,*,#2724,.F.);
#3704=ORIENTED_EDGE('',*,*,#2725,.F.);
#3705=ORIENTED_EDGE('',*,*,#2726,.T.);
#3706=ORIENTED_EDGE('',*,*,#2727,.T.);
#3707=ORIENTED_EDGE('',*,*,#2728,.F.);
#3708=ORIENTED_EDGE('',*,*,#2729,.F.);
#3709=ORIENTED_EDGE('',*,*,#2730,.T.);
#3710=ORIENTED_EDGE('',*,*,#2725,.T.);
#3711=ORIENTED_EDGE('',*,*,#2731,.F.);
#3712=ORIENTED_EDGE('',*,*,#2732,.F.);
#3713=ORIENTED_EDGE('',*,*,#2733,.T.);
#3714=ORIENTED_EDGE('',*,*,#2729,.T.);
#3715=ORIENTED_EDGE('',*,*,#2734,.F.);
#3716=ORIENTED_EDGE('',*,*,#2735,.F.);
#3717=ORIENTED_EDGE('',*,*,#2736,.T.);
#3718=ORIENTED_EDGE('',*,*,#2732,.T.);
#3719=ORIENTED_EDGE('',*,*,#2737,.F.);
#3720=ORIENTED_EDGE('',*,*,#2738,.F.);
#3721=ORIENTED_EDGE('',*,*,#2739,.T.);
#3722=ORIENTED_EDGE('',*,*,#2735,.T.);
#3723=ORIENTED_EDGE('',*,*,#2740,.F.);
#3724=ORIENTED_EDGE('',*,*,#2741,.F.);
#3725=ORIENTED_EDGE('',*,*,#2742,.T.);
#3726=ORIENTED_EDGE('',*,*,#2738,.T.);
#3727=ORIENTED_EDGE('',*,*,#2743,.F.);
#3728=ORIENTED_EDGE('',*,*,#2744,.F.);
#3729=ORIENTED_EDGE('',*,*,#2745,.T.);
#3730=ORIENTED_EDGE('',*,*,#2741,.T.);
#3731=ORIENTED_EDGE('',*,*,#2746,.F.);
#3732=ORIENTED_EDGE('',*,*,#2747,.F.);
#3733=ORIENTED_EDGE('',*,*,#2748,.T.);
#3734=ORIENTED_EDGE('',*,*,#2744,.T.);
#3735=ORIENTED_EDGE('',*,*,#2749,.F.);
#3736=ORIENTED_EDGE('',*,*,#2750,.F.);
#3737=ORIENTED_EDGE('',*,*,#2751,.T.);
#3738=ORIENTED_EDGE('',*,*,#2747,.T.);
#3739=ORIENTED_EDGE('',*,*,#2752,.F.);
#3740=ORIENTED_EDGE('',*,*,#2753,.F.);
#3741=ORIENTED_EDGE('',*,*,#2754,.T.);
#3742=ORIENTED_EDGE('',*,*,#2750,.T.);
#3743=ORIENTED_EDGE('',*,*,#2755,.F.);
#3744=ORIENTED_EDGE('',*,*,#2756,.F.);
#3745=ORIENTED_EDGE('',*,*,#2757,.T.);
#3746=ORIENTED_EDGE('',*,*,#2753,.T.);
#3747=ORIENTED_EDGE('',*,*,#2758,.F.);
#3748=ORIENTED_EDGE('',*,*,#2759,.F.);
#3749=ORIENTED_EDGE('',*,*,#2760,.T.);
#3750=ORIENTED_EDGE('',*,*,#2756,.T.);
#3751=ORIENTED_EDGE('',*,*,#2761,.F.);
#3752=ORIENTED_EDGE('',*,*,#2762,.F.);
#3753=ORIENTED_EDGE('',*,*,#2763,.T.);
#3754=ORIENTED_EDGE('',*,*,#2759,.T.);
#3755=ORIENTED_EDGE('',*,*,#2764,.F.);
#3756=ORIENTED_EDGE('',*,*,#2765,.F.);
#3757=ORIENTED_EDGE('',*,*,#2766,.T.);
#3758=ORIENTED_EDGE('',*,*,#2762,.T.);
#3759=ORIENTED_EDGE('',*,*,#2767,.F.);
#3760=ORIENTED_EDGE('',*,*,#2768,.F.);
#3761=ORIENTED_EDGE('',*,*,#2769,.T.);
#3762=ORIENTED_EDGE('',*,*,#2765,.T.);
#3763=ORIENTED_EDGE('',*,*,#2770,.F.);
#3764=ORIENTED_EDGE('',*,*,#2727,.F.);
#3765=ORIENTED_EDGE('',*,*,#2771,.T.);
#3766=ORIENTED_EDGE('',*,*,#2768,.T.);
#3767=ORIENTED_EDGE('',*,*,#2726,.F.);
#3768=ORIENTED_EDGE('',*,*,#2730,.F.);
#3769=ORIENTED_EDGE('',*,*,#2733,.F.);
#3770=ORIENTED_EDGE('',*,*,#2736,.F.);
#3771=ORIENTED_EDGE('',*,*,#2739,.F.);
#3772=ORIENTED_EDGE('',*,*,#2742,.F.);
#3773=ORIENTED_EDGE('',*,*,#2745,.F.);
#3774=ORIENTED_EDGE('',*,*,#2748,.F.);
#3775=ORIENTED_EDGE('',*,*,#2751,.F.);
#3776=ORIENTED_EDGE('',*,*,#2754,.F.);
#3777=ORIENTED_EDGE('',*,*,#2757,.F.);
#3778=ORIENTED_EDGE('',*,*,#2760,.F.);
#3779=ORIENTED_EDGE('',*,*,#2763,.F.);
#3780=ORIENTED_EDGE('',*,*,#2766,.F.);
#3781=ORIENTED_EDGE('',*,*,#2769,.F.);
#3782=ORIENTED_EDGE('',*,*,#2771,.F.);
#3783=ORIENTED_EDGE('',*,*,#2772,.T.);
#3784=ORIENTED_EDGE('',*,*,#2773,.T.);
#3785=ORIENTED_EDGE('',*,*,#2774,.T.);
#3786=ORIENTED_EDGE('',*,*,#2775,.T.);
#3787=ORIENTED_EDGE('',*,*,#2721,.T.);
#3788=ORIENTED_EDGE('',*,*,#2724,.T.);
#3789=ORIENTED_EDGE('',*,*,#2770,.T.);
#3790=ORIENTED_EDGE('',*,*,#2767,.T.);
#3791=ORIENTED_EDGE('',*,*,#2764,.T.);
#3792=ORIENTED_EDGE('',*,*,#2761,.T.);
#3793=ORIENTED_EDGE('',*,*,#2758,.T.);
#3794=ORIENTED_EDGE('',*,*,#2755,.T.);
#3795=ORIENTED_EDGE('',*,*,#2752,.T.);
#3796=ORIENTED_EDGE('',*,*,#2749,.T.);
#3797=ORIENTED_EDGE('',*,*,#2746,.T.);
#3798=ORIENTED_EDGE('',*,*,#2743,.T.);
#3799=ORIENTED_EDGE('',*,*,#2740,.T.);
#3800=ORIENTED_EDGE('',*,*,#2737,.T.);
#3801=ORIENTED_EDGE('',*,*,#2734,.T.);
#3802=ORIENTED_EDGE('',*,*,#2731,.T.);
#3803=ORIENTED_EDGE('',*,*,#2728,.T.);
#3804=ORIENTED_EDGE('',*,*,#2776,.F.);
#3805=ORIENTED_EDGE('',*,*,#2777,.F.);
#3806=ORIENTED_EDGE('',*,*,#2778,.F.);
#3807=ORIENTED_EDGE('',*,*,#2779,.F.);
#3808=ORIENTED_EDGE('',*,*,#2723,.F.);
#3809=ORIENTED_EDGE('',*,*,#2776,.T.);
#3810=ORIENTED_EDGE('',*,*,#2780,.F.);
#3811=ORIENTED_EDGE('',*,*,#2773,.F.);
#3812=ORIENTED_EDGE('',*,*,#2781,.T.);
#3813=ORIENTED_EDGE('',*,*,#2777,.T.);
#3814=ORIENTED_EDGE('',*,*,#2781,.F.);
#3815=ORIENTED_EDGE('',*,*,#2772,.F.);
#3816=ORIENTED_EDGE('',*,*,#2782,.T.);
#3817=ORIENTED_EDGE('',*,*,#2778,.T.);
#3818=ORIENTED_EDGE('',*,*,#2782,.F.);
#3819=ORIENTED_EDGE('',*,*,#2775,.F.);
#3820=ORIENTED_EDGE('',*,*,#2783,.T.);
#3821=ORIENTED_EDGE('',*,*,#2779,.T.);
#3822=ORIENTED_EDGE('',*,*,#2783,.F.);
#3823=ORIENTED_EDGE('',*,*,#2774,.F.);
#3824=ORIENTED_EDGE('',*,*,#2780,.T.);
#3825=ORIENTED_EDGE('',*,*,#2784,.F.);
#3826=ORIENTED_EDGE('',*,*,#2785,.F.);
#3827=ORIENTED_EDGE('',*,*,#2786,.F.);
#3828=ORIENTED_EDGE('',*,*,#2787,.T.);
#3829=ORIENTED_EDGE('',*,*,#2788,.T.);
#3830=ORIENTED_EDGE('',*,*,#2785,.T.);
#3831=ORIENTED_EDGE('',*,*,#2789,.T.);
#3832=ORIENTED_EDGE('',*,*,#2790,.F.);
#3833=ORIENTED_EDGE('',*,*,#2791,.F.);
#3834=ORIENTED_EDGE('',*,*,#2792,.F.);
#3835=ORIENTED_EDGE('',*,*,#2784,.T.);
#3836=ORIENTED_EDGE('',*,*,#2793,.T.);
#3837=ORIENTED_EDGE('',*,*,#2791,.T.);
#3838=ORIENTED_EDGE('',*,*,#2794,.T.);
#3839=ORIENTED_EDGE('',*,*,#2795,.F.);
#3840=ORIENTED_EDGE('',*,*,#2796,.F.);
#3841=ORIENTED_EDGE('',*,*,#2797,.F.);
#3842=ORIENTED_EDGE('',*,*,#2798,.F.);
#3843=ORIENTED_EDGE('',*,*,#2799,.F.);
#3844=ORIENTED_EDGE('',*,*,#2800,.F.);
#3845=ORIENTED_EDGE('',*,*,#2796,.T.);
#3846=ORIENTED_EDGE('',*,*,#2801,.T.);
#3847=ORIENTED_EDGE('',*,*,#2799,.T.);
#3848=ORIENTED_EDGE('',*,*,#2802,.T.);
#3849=ORIENTED_EDGE('',*,*,#2803,.T.);
#3850=ORIENTED_EDGE('',*,*,#2804,.T.);
#3851=ORIENTED_EDGE('',*,*,#2800,.T.);
#3852=ORIENTED_EDGE('',*,*,#2805,.T.);
#3853=ORIENTED_EDGE('',*,*,#2792,.T.);
#3854=ORIENTED_EDGE('',*,*,#2806,.T.);
#3855=ORIENTED_EDGE('',*,*,#2798,.T.);
#3856=ORIENTED_EDGE('',*,*,#2807,.T.);
#3857=ORIENTED_EDGE('',*,*,#2797,.T.);
#3858=ORIENTED_EDGE('',*,*,#2808,.T.);
#3859=ORIENTED_EDGE('',*,*,#2786,.T.);
#3860=ORIENTED_EDGE('',*,*,#2809,.T.);
#3861=ORIENTED_EDGE('',*,*,#2810,.T.);
#3862=ORIENTED_EDGE('',*,*,#2811,.T.);
#3863=ORIENTED_EDGE('',*,*,#2795,.T.);
#3864=ORIENTED_EDGE('',*,*,#2812,.T.);
#3865=ORIENTED_EDGE('',*,*,#2813,.T.);
#3866=ORIENTED_EDGE('',*,*,#2814,.T.);
#3867=ORIENTED_EDGE('',*,*,#2790,.T.);
#3868=ORIENTED_EDGE('',*,*,#2815,.T.);
#3869=ORIENTED_EDGE('',*,*,#2812,.F.);
#3870=ORIENTED_EDGE('',*,*,#2809,.F.);
#3871=ORIENTED_EDGE('',*,*,#2788,.F.);
#3872=ORIENTED_EDGE('',*,*,#2816,.F.);
#3873=ORIENTED_EDGE('',*,*,#2817,.F.);
#3874=ORIENTED_EDGE('',*,*,#2787,.F.);
#3875=ORIENTED_EDGE('',*,*,#2818,.F.);
#3876=ORIENTED_EDGE('',*,*,#2819,.T.);
#3877=ORIENTED_EDGE('',*,*,#2820,.T.);
#3878=ORIENTED_EDGE('',*,*,#2816,.T.);
#3879=ORIENTED_EDGE('',*,*,#2789,.F.);
#3880=ORIENTED_EDGE('',*,*,#2794,.F.);
#3881=ORIENTED_EDGE('',*,*,#2814,.F.);
#3882=ORIENTED_EDGE('',*,*,#2821,.T.);
#3883=ORIENTED_EDGE('',*,*,#2822,.T.);
#3884=ORIENTED_EDGE('',*,*,#2823,.T.);
#3885=ORIENTED_EDGE('',*,*,#2824,.T.);
#3886=ORIENTED_EDGE('',*,*,#2818,.T.);
#3887=ORIENTED_EDGE('',*,*,#2813,.F.);
#3888=ORIENTED_EDGE('',*,*,#2825,.T.);
#3889=ORIENTED_EDGE('',*,*,#2826,.T.);
#3890=ORIENTED_EDGE('',*,*,#2827,.T.);
#3891=ORIENTED_EDGE('',*,*,#2821,.F.);
#3892=ORIENTED_EDGE('',*,*,#2802,.F.);
#3893=ORIENTED_EDGE('',*,*,#2806,.F.);
#3894=ORIENTED_EDGE('',*,*,#2793,.F.);
#3895=ORIENTED_EDGE('',*,*,#2808,.F.);
#3896=ORIENTED_EDGE('',*,*,#2811,.F.);
#3897=ORIENTED_EDGE('',*,*,#2828,.F.);
#3898=ORIENTED_EDGE('',*,*,#2805,.F.);
#3899=ORIENTED_EDGE('',*,*,#2801,.F.);
#3900=ORIENTED_EDGE('',*,*,#2810,.F.);
#3901=ORIENTED_EDGE('',*,*,#2817,.T.);
#3902=ORIENTED_EDGE('',*,*,#2820,.F.);
#3903=ORIENTED_EDGE('',*,*,#2829,.F.);
#3904=ORIENTED_EDGE('',*,*,#2830,.F.);
#3905=ORIENTED_EDGE('',*,*,#2831,.F.);
#3906=ORIENTED_EDGE('',*,*,#2826,.F.);
#3907=ORIENTED_EDGE('',*,*,#2832,.F.);
#3908=ORIENTED_EDGE('',*,*,#2803,.F.);
#3909=ORIENTED_EDGE('',*,*,#2828,.T.);
#3910=ORIENTED_EDGE('',*,*,#2804,.F.);
#3911=ORIENTED_EDGE('',*,*,#2832,.T.);
#3912=ORIENTED_EDGE('',*,*,#2825,.F.);
#3913=ORIENTED_EDGE('',*,*,#2815,.F.);
#3914=ORIENTED_EDGE('',*,*,#2807,.F.);
#3915=ORIENTED_EDGE('',*,*,#2833,.F.);
#3916=ORIENTED_EDGE('',*,*,#2834,.T.);
#3917=ORIENTED_EDGE('',*,*,#2829,.T.);
#3918=ORIENTED_EDGE('',*,*,#2819,.F.);
#3919=ORIENTED_EDGE('',*,*,#2831,.T.);
#3920=ORIENTED_EDGE('',*,*,#2835,.F.);
#3921=ORIENTED_EDGE('',*,*,#2836,.F.);
#3922=ORIENTED_EDGE('',*,*,#2827,.F.);
#3923=ORIENTED_EDGE('',*,*,#2837,.F.);
#3924=ORIENTED_EDGE('',*,*,#2822,.F.);
#3925=ORIENTED_EDGE('',*,*,#2836,.T.);
#3926=ORIENTED_EDGE('',*,*,#2838,.T.);
#3927=ORIENTED_EDGE('',*,*,#2833,.T.);
#3928=ORIENTED_EDGE('',*,*,#2824,.F.);
#3929=ORIENTED_EDGE('',*,*,#2839,.F.);
#3930=ORIENTED_EDGE('',*,*,#2840,.F.);
#3931=ORIENTED_EDGE('',*,*,#2830,.T.);
#3932=ORIENTED_EDGE('',*,*,#2834,.F.);
#3933=ORIENTED_EDGE('',*,*,#2838,.F.);
#3934=ORIENTED_EDGE('',*,*,#2835,.T.);
#3935=ORIENTED_EDGE('',*,*,#2841,.F.);
#3936=ORIENTED_EDGE('',*,*,#2823,.F.);
#3937=ORIENTED_EDGE('',*,*,#2842,.F.);
#3938=ORIENTED_EDGE('',*,*,#2843,.F.);
#3939=ORIENTED_EDGE('',*,*,#2844,.F.);
#3940=ORIENTED_EDGE('',*,*,#2845,.F.);
#3941=ORIENTED_EDGE('',*,*,#2842,.T.);
#3942=ORIENTED_EDGE('',*,*,#2837,.T.);
#3943=ORIENTED_EDGE('',*,*,#2846,.T.);
#3944=ORIENTED_EDGE('',*,*,#2847,.F.);
#3945=ORIENTED_EDGE('',*,*,#2848,.F.);
#3946=ORIENTED_EDGE('',*,*,#2843,.T.);
#3947=ORIENTED_EDGE('',*,*,#2845,.T.);
#3948=ORIENTED_EDGE('',*,*,#2849,.F.);
#3949=ORIENTED_EDGE('',*,*,#2850,.F.);
#3950=ORIENTED_EDGE('',*,*,#2839,.T.);
#3951=ORIENTED_EDGE('',*,*,#2841,.T.);
#3952=ORIENTED_EDGE('',*,*,#2848,.T.);
#3953=ORIENTED_EDGE('',*,*,#2851,.F.);
#3954=ORIENTED_EDGE('',*,*,#2846,.F.);
#3955=ORIENTED_EDGE('',*,*,#2840,.T.);
#3956=ORIENTED_EDGE('',*,*,#2850,.T.);
#3957=ORIENTED_EDGE('',*,*,#2844,.T.);
#3958=ORIENTED_EDGE('',*,*,#2851,.T.);
#3959=ORIENTED_EDGE('',*,*,#2849,.T.);
#3960=ORIENTED_EDGE('',*,*,#2847,.T.);
#3961=ORIENTED_EDGE('',*,*,#2852,.F.);
#3962=ORIENTED_EDGE('',*,*,#2853,.T.);
#3963=ORIENTED_EDGE('',*,*,#2854,.F.);
#3964=ORIENTED_EDGE('',*,*,#2855,.T.);
#3965=ORIENTED_EDGE('',*,*,#2856,.F.);
#3966=ORIENTED_EDGE('',*,*,#2857,.T.);
#3967=ORIENTED_EDGE('',*,*,#2852,.T.);
#3968=ORIENTED_EDGE('',*,*,#2858,.T.);
#3969=ORIENTED_EDGE('',*,*,#2859,.F.);
#3970=ORIENTED_EDGE('',*,*,#2860,.T.);
#3971=ORIENTED_EDGE('',*,*,#2856,.T.);
#3972=ORIENTED_EDGE('',*,*,#2861,.T.);
#3973=ORIENTED_EDGE('',*,*,#2862,.F.);
#3974=ORIENTED_EDGE('',*,*,#2863,.T.);
#3975=ORIENTED_EDGE('',*,*,#2859,.T.);
#3976=ORIENTED_EDGE('',*,*,#2864,.T.);
#3977=ORIENTED_EDGE('',*,*,#2865,.F.);
#3978=ORIENTED_EDGE('',*,*,#2866,.T.);
#3979=ORIENTED_EDGE('',*,*,#2862,.T.);
#3980=ORIENTED_EDGE('',*,*,#2867,.T.);
#3981=ORIENTED_EDGE('',*,*,#2868,.F.);
#3982=ORIENTED_EDGE('',*,*,#2869,.T.);
#3983=ORIENTED_EDGE('',*,*,#2865,.T.);
#3984=ORIENTED_EDGE('',*,*,#2870,.T.);
#3985=ORIENTED_EDGE('',*,*,#2871,.F.);
#3986=ORIENTED_EDGE('',*,*,#2872,.T.);
#3987=ORIENTED_EDGE('',*,*,#2868,.T.);
#3988=ORIENTED_EDGE('',*,*,#2873,.T.);
#3989=ORIENTED_EDGE('',*,*,#2874,.F.);
#3990=ORIENTED_EDGE('',*,*,#2875,.T.);
#3991=ORIENTED_EDGE('',*,*,#2871,.T.);
#3992=ORIENTED_EDGE('',*,*,#2876,.T.);
#3993=ORIENTED_EDGE('',*,*,#2877,.F.);
#3994=ORIENTED_EDGE('',*,*,#2878,.T.);
#3995=ORIENTED_EDGE('',*,*,#2874,.T.);
#3996=ORIENTED_EDGE('',*,*,#2879,.T.);
#3997=ORIENTED_EDGE('',*,*,#2880,.F.);
#3998=ORIENTED_EDGE('',*,*,#2881,.T.);
#3999=ORIENTED_EDGE('',*,*,#2877,.T.);
#4000=ORIENTED_EDGE('',*,*,#2882,.T.);
#4001=ORIENTED_EDGE('',*,*,#2883,.F.);
#4002=ORIENTED_EDGE('',*,*,#2884,.T.);
#4003=ORIENTED_EDGE('',*,*,#2880,.T.);
#4004=ORIENTED_EDGE('',*,*,#2885,.T.);
#4005=ORIENTED_EDGE('',*,*,#2886,.F.);
#4006=ORIENTED_EDGE('',*,*,#2887,.T.);
#4007=ORIENTED_EDGE('',*,*,#2883,.T.);
#4008=ORIENTED_EDGE('',*,*,#2888,.T.);
#4009=ORIENTED_EDGE('',*,*,#2889,.F.);
#4010=ORIENTED_EDGE('',*,*,#2890,.T.);
#4011=ORIENTED_EDGE('',*,*,#2886,.T.);
#4012=ORIENTED_EDGE('',*,*,#2891,.T.);
#4013=ORIENTED_EDGE('',*,*,#2892,.F.);
#4014=ORIENTED_EDGE('',*,*,#2893,.T.);
#4015=ORIENTED_EDGE('',*,*,#2889,.T.);
#4016=ORIENTED_EDGE('',*,*,#2894,.T.);
#4017=ORIENTED_EDGE('',*,*,#2895,.F.);
#4018=ORIENTED_EDGE('',*,*,#2896,.T.);
#4019=ORIENTED_EDGE('',*,*,#2897,.F.);
#4020=ORIENTED_EDGE('',*,*,#2898,.F.);
#4021=ORIENTED_EDGE('',*,*,#2899,.F.);
#4022=ORIENTED_EDGE('',*,*,#2900,.T.);
#4023=ORIENTED_EDGE('',*,*,#2895,.T.);
#4024=ORIENTED_EDGE('',*,*,#2901,.F.);
#4025=ORIENTED_EDGE('',*,*,#2902,.F.);
#4026=ORIENTED_EDGE('',*,*,#2903,.T.);
#4027=ORIENTED_EDGE('',*,*,#2899,.T.);
#4028=ORIENTED_EDGE('',*,*,#2904,.F.);
#4029=ORIENTED_EDGE('',*,*,#2905,.F.);
#4030=ORIENTED_EDGE('',*,*,#2906,.T.);
#4031=ORIENTED_EDGE('',*,*,#2902,.T.);
#4032=ORIENTED_EDGE('',*,*,#2907,.F.);
#4033=ORIENTED_EDGE('',*,*,#2908,.F.);
#4034=ORIENTED_EDGE('',*,*,#2909,.T.);
#4035=ORIENTED_EDGE('',*,*,#2905,.T.);
#4036=ORIENTED_EDGE('',*,*,#2910,.F.);
#4037=ORIENTED_EDGE('',*,*,#2911,.F.);
#4038=ORIENTED_EDGE('',*,*,#2912,.T.);
#4039=ORIENTED_EDGE('',*,*,#2908,.T.);
#4040=ORIENTED_EDGE('',*,*,#2913,.F.);
#4041=ORIENTED_EDGE('',*,*,#2914,.F.);
#4042=ORIENTED_EDGE('',*,*,#2915,.T.);
#4043=ORIENTED_EDGE('',*,*,#2911,.T.);
#4044=ORIENTED_EDGE('',*,*,#2916,.F.);
#4045=ORIENTED_EDGE('',*,*,#2917,.F.);
#4046=ORIENTED_EDGE('',*,*,#2918,.T.);
#4047=ORIENTED_EDGE('',*,*,#2914,.T.);
#4048=ORIENTED_EDGE('',*,*,#2919,.F.);
#4049=ORIENTED_EDGE('',*,*,#2920,.F.);
#4050=ORIENTED_EDGE('',*,*,#2921,.T.);
#4051=ORIENTED_EDGE('',*,*,#2917,.T.);
#4052=ORIENTED_EDGE('',*,*,#2922,.F.);
#4053=ORIENTED_EDGE('',*,*,#2923,.F.);
#4054=ORIENTED_EDGE('',*,*,#2924,.T.);
#4055=ORIENTED_EDGE('',*,*,#2920,.T.);
#4056=ORIENTED_EDGE('',*,*,#2925,.F.);
#4057=ORIENTED_EDGE('',*,*,#2926,.F.);
#4058=ORIENTED_EDGE('',*,*,#2927,.T.);
#4059=ORIENTED_EDGE('',*,*,#2923,.T.);
#4060=ORIENTED_EDGE('',*,*,#2928,.F.);
#4061=ORIENTED_EDGE('',*,*,#2929,.F.);
#4062=ORIENTED_EDGE('',*,*,#2930,.T.);
#4063=ORIENTED_EDGE('',*,*,#2926,.T.);
#4064=ORIENTED_EDGE('',*,*,#2931,.F.);
#4065=ORIENTED_EDGE('',*,*,#2932,.F.);
#4066=ORIENTED_EDGE('',*,*,#2933,.T.);
#4067=ORIENTED_EDGE('',*,*,#2929,.T.);
#4068=ORIENTED_EDGE('',*,*,#2934,.F.);
#4069=ORIENTED_EDGE('',*,*,#2935,.F.);
#4070=ORIENTED_EDGE('',*,*,#2936,.F.);
#4071=ORIENTED_EDGE('',*,*,#2937,.F.);
#4072=ORIENTED_EDGE('',*,*,#2938,.F.);
#4073=ORIENTED_EDGE('',*,*,#2939,.F.);
#4074=ORIENTED_EDGE('',*,*,#2938,.T.);
#4075=ORIENTED_EDGE('',*,*,#2940,.F.);
#4076=ORIENTED_EDGE('',*,*,#2941,.F.);
#4077=ORIENTED_EDGE('',*,*,#2942,.F.);
#4078=ORIENTED_EDGE('',*,*,#2943,.F.);
#4079=ORIENTED_EDGE('',*,*,#2944,.F.);
#4080=ORIENTED_EDGE('',*,*,#2945,.F.);
#4081=ORIENTED_EDGE('',*,*,#2946,.F.);
#4082=ORIENTED_EDGE('',*,*,#2947,.F.);
#4083=ORIENTED_EDGE('',*,*,#2948,.F.);
#4084=ORIENTED_EDGE('',*,*,#2936,.T.);
#4085=ORIENTED_EDGE('',*,*,#2944,.T.);
#4086=ORIENTED_EDGE('',*,*,#2935,.T.);
#4087=ORIENTED_EDGE('',*,*,#2939,.T.);
#4088=ORIENTED_EDGE('',*,*,#2949,.F.);
#4089=ORIENTED_EDGE('',*,*,#2950,.T.);
#4090=ORIENTED_EDGE('',*,*,#2951,.T.);
#4091=ORIENTED_EDGE('',*,*,#2950,.F.);
#4092=ORIENTED_EDGE('',*,*,#2952,.F.);
#4093=ORIENTED_EDGE('',*,*,#2940,.T.);
#4094=ORIENTED_EDGE('',*,*,#2937,.T.);
#4095=ORIENTED_EDGE('',*,*,#2948,.T.);
#4096=ORIENTED_EDGE('',*,*,#2953,.F.);
#4097=ORIENTED_EDGE('',*,*,#2942,.T.);
#4098=ORIENTED_EDGE('',*,*,#2954,.F.);
#4099=ORIENTED_EDGE('',*,*,#2943,.T.);
#4100=ORIENTED_EDGE('',*,*,#2954,.T.);
#4101=ORIENTED_EDGE('',*,*,#2941,.T.);
#4102=ORIENTED_EDGE('',*,*,#2952,.T.);
#4103=ORIENTED_EDGE('',*,*,#2949,.T.);
#4104=ORIENTED_EDGE('',*,*,#2945,.T.);
#4105=ORIENTED_EDGE('',*,*,#2953,.T.);
#4106=ORIENTED_EDGE('',*,*,#2947,.T.);
#4107=ORIENTED_EDGE('',*,*,#2955,.T.);
#4108=ORIENTED_EDGE('',*,*,#2946,.T.);
#4109=ORIENTED_EDGE('',*,*,#2955,.F.);
#4110=ORIENTED_EDGE('',*,*,#2956,.F.);
#4111=ORIENTED_EDGE('',*,*,#2957,.F.);
#4112=ORIENTED_EDGE('',*,*,#2894,.F.);
#4113=ORIENTED_EDGE('',*,*,#2891,.F.);
#4114=ORIENTED_EDGE('',*,*,#2888,.F.);
#4115=ORIENTED_EDGE('',*,*,#2885,.F.);
#4116=ORIENTED_EDGE('',*,*,#2882,.F.);
#4117=ORIENTED_EDGE('',*,*,#2879,.F.);
#4118=ORIENTED_EDGE('',*,*,#2876,.F.);
#4119=ORIENTED_EDGE('',*,*,#2873,.F.);
#4120=ORIENTED_EDGE('',*,*,#2870,.F.);
#4121=ORIENTED_EDGE('',*,*,#2867,.F.);
#4122=ORIENTED_EDGE('',*,*,#2864,.F.);
#4123=ORIENTED_EDGE('',*,*,#2861,.F.);
#4124=ORIENTED_EDGE('',*,*,#2858,.F.);
#4125=ORIENTED_EDGE('',*,*,#2855,.F.);
#4126=ORIENTED_EDGE('',*,*,#2958,.F.);
#4127=ORIENTED_EDGE('',*,*,#2959,.T.);
#4128=ORIENTED_EDGE('',*,*,#2934,.T.);
#4129=ORIENTED_EDGE('',*,*,#2931,.T.);
#4130=ORIENTED_EDGE('',*,*,#2928,.T.);
#4131=ORIENTED_EDGE('',*,*,#2925,.T.);
#4132=ORIENTED_EDGE('',*,*,#2922,.T.);
#4133=ORIENTED_EDGE('',*,*,#2919,.T.);
#4134=ORIENTED_EDGE('',*,*,#2916,.T.);
#4135=ORIENTED_EDGE('',*,*,#2913,.T.);
#4136=ORIENTED_EDGE('',*,*,#2910,.T.);
#4137=ORIENTED_EDGE('',*,*,#2907,.T.);
#4138=ORIENTED_EDGE('',*,*,#2904,.T.);
#4139=ORIENTED_EDGE('',*,*,#2901,.T.);
#4140=ORIENTED_EDGE('',*,*,#2898,.T.);
#4141=ORIENTED_EDGE('',*,*,#2932,.T.);
#4142=ORIENTED_EDGE('',*,*,#2959,.F.);
#4143=ORIENTED_EDGE('',*,*,#2960,.F.);
#4144=ORIENTED_EDGE('',*,*,#2961,.T.);
#4145=ORIENTED_EDGE('',*,*,#2962,.F.);
#4146=ORIENTED_EDGE('',*,*,#2896,.F.);
#4147=ORIENTED_EDGE('',*,*,#2900,.F.);
#4148=ORIENTED_EDGE('',*,*,#2903,.F.);
#4149=ORIENTED_EDGE('',*,*,#2906,.F.);
#4150=ORIENTED_EDGE('',*,*,#2909,.F.);
#4151=ORIENTED_EDGE('',*,*,#2912,.F.);
#4152=ORIENTED_EDGE('',*,*,#2915,.F.);
#4153=ORIENTED_EDGE('',*,*,#2918,.F.);
#4154=ORIENTED_EDGE('',*,*,#2921,.F.);
#4155=ORIENTED_EDGE('',*,*,#2924,.F.);
#4156=ORIENTED_EDGE('',*,*,#2927,.F.);
#4157=ORIENTED_EDGE('',*,*,#2930,.F.);
#4158=ORIENTED_EDGE('',*,*,#2933,.F.);
#4159=ORIENTED_EDGE('',*,*,#2961,.F.);
#4160=ORIENTED_EDGE('',*,*,#2963,.F.);
#4161=ORIENTED_EDGE('',*,*,#2853,.F.);
#4162=ORIENTED_EDGE('',*,*,#2857,.F.);
#4163=ORIENTED_EDGE('',*,*,#2860,.F.);
#4164=ORIENTED_EDGE('',*,*,#2863,.F.);
#4165=ORIENTED_EDGE('',*,*,#2866,.F.);
#4166=ORIENTED_EDGE('',*,*,#2869,.F.);
#4167=ORIENTED_EDGE('',*,*,#2872,.F.);
#4168=ORIENTED_EDGE('',*,*,#2875,.F.);
#4169=ORIENTED_EDGE('',*,*,#2878,.F.);
#4170=ORIENTED_EDGE('',*,*,#2881,.F.);
#4171=ORIENTED_EDGE('',*,*,#2884,.F.);
#4172=ORIENTED_EDGE('',*,*,#2887,.F.);
#4173=ORIENTED_EDGE('',*,*,#2890,.F.);
#4174=ORIENTED_EDGE('',*,*,#2893,.F.);
#4175=ORIENTED_EDGE('',*,*,#2964,.F.);
#4176=ORIENTED_EDGE('',*,*,#2892,.T.);
#4177=ORIENTED_EDGE('',*,*,#2957,.T.);
#4178=ORIENTED_EDGE('',*,*,#2965,.F.);
#4179=ORIENTED_EDGE('',*,*,#2964,.T.);
#4180=ORIENTED_EDGE('',*,*,#2951,.F.);
#4181=ORIENTED_EDGE('',*,*,#2854,.T.);
#4182=ORIENTED_EDGE('',*,*,#2963,.T.);
#4183=ORIENTED_EDGE('',*,*,#2960,.T.);
#4184=ORIENTED_EDGE('',*,*,#2958,.T.);
#4185=ORIENTED_EDGE('',*,*,#2962,.T.);
#4186=ORIENTED_EDGE('',*,*,#2965,.T.);
#4187=ORIENTED_EDGE('',*,*,#2956,.T.);
#4188=ORIENTED_EDGE('',*,*,#2897,.T.);
#4189=ORIENTED_EDGE('',*,*,#2966,.T.);
#4190=ORIENTED_EDGE('',*,*,#2967,.T.);
#4191=ORIENTED_EDGE('',*,*,#2968,.F.);
#4192=ORIENTED_EDGE('',*,*,#2967,.F.);
#4193=ORIENTED_EDGE('',*,*,#2969,.F.);
#4194=ORIENTED_EDGE('',*,*,#2970,.F.);
#4195=ORIENTED_EDGE('',*,*,#2971,.F.);
#4196=ORIENTED_EDGE('',*,*,#2972,.F.);
#4197=ORIENTED_EDGE('',*,*,#2973,.T.);
#4198=ORIENTED_EDGE('',*,*,#2974,.F.);
#4199=ORIENTED_EDGE('',*,*,#2975,.F.);
#4200=ORIENTED_EDGE('',*,*,#2976,.F.);
#4201=ORIENTED_EDGE('',*,*,#2977,.F.);
#4202=ORIENTED_EDGE('',*,*,#2978,.F.);
#4203=ORIENTED_EDGE('',*,*,#2979,.T.);
#4204=ORIENTED_EDGE('',*,*,#2980,.F.);
#4205=ORIENTED_EDGE('',*,*,#2981,.F.);
#4206=ORIENTED_EDGE('',*,*,#2982,.F.);
#4207=ORIENTED_EDGE('',*,*,#2983,.F.);
#4208=ORIENTED_EDGE('',*,*,#2984,.F.);
#4209=ORIENTED_EDGE('',*,*,#2985,.T.);
#4210=ORIENTED_EDGE('',*,*,#2986,.F.);
#4211=ORIENTED_EDGE('',*,*,#2987,.F.);
#4212=ORIENTED_EDGE('',*,*,#2988,.F.);
#4213=ORIENTED_EDGE('',*,*,#2989,.F.);
#4214=ORIENTED_EDGE('',*,*,#2990,.F.);
#4215=ORIENTED_EDGE('',*,*,#2991,.T.);
#4216=ORIENTED_EDGE('',*,*,#2992,.F.);
#4217=ORIENTED_EDGE('',*,*,#2993,.F.);
#4218=ORIENTED_EDGE('',*,*,#2994,.F.);
#4219=ORIENTED_EDGE('',*,*,#2995,.F.);
#4220=ORIENTED_EDGE('',*,*,#2996,.F.);
#4221=ORIENTED_EDGE('',*,*,#2997,.T.);
#4222=ORIENTED_EDGE('',*,*,#2998,.F.);
#4223=ORIENTED_EDGE('',*,*,#2999,.F.);
#4224=ORIENTED_EDGE('',*,*,#3000,.F.);
#4225=ORIENTED_EDGE('',*,*,#3001,.F.);
#4226=ORIENTED_EDGE('',*,*,#3002,.F.);
#4227=ORIENTED_EDGE('',*,*,#3003,.T.);
#4228=ORIENTED_EDGE('',*,*,#3004,.F.);
#4229=ORIENTED_EDGE('',*,*,#3005,.F.);
#4230=ORIENTED_EDGE('',*,*,#3006,.F.);
#4231=ORIENTED_EDGE('',*,*,#3007,.F.);
#4232=ORIENTED_EDGE('',*,*,#3008,.F.);
#4233=ORIENTED_EDGE('',*,*,#3009,.T.);
#4234=ORIENTED_EDGE('',*,*,#3010,.F.);
#4235=ORIENTED_EDGE('',*,*,#3011,.F.);
#4236=ORIENTED_EDGE('',*,*,#3012,.T.);
#4237=ORIENTED_EDGE('',*,*,#3013,.F.);
#4238=ORIENTED_EDGE('',*,*,#3014,.T.);
#4239=ORIENTED_EDGE('',*,*,#3013,.T.);
#4240=ORIENTED_EDGE('',*,*,#3015,.F.);
#4241=ORIENTED_EDGE('',*,*,#3016,.T.);
#4242=ORIENTED_EDGE('',*,*,#3017,.T.);
#4243=ORIENTED_EDGE('',*,*,#3018,.T.);
#4244=ORIENTED_EDGE('',*,*,#3017,.F.);
#4245=ORIENTED_EDGE('',*,*,#3019,.T.);
#4246=ORIENTED_EDGE('',*,*,#3020,.T.);
#4247=ORIENTED_EDGE('',*,*,#3021,.T.);
#4248=ORIENTED_EDGE('',*,*,#3022,.T.);
#4249=ORIENTED_EDGE('',*,*,#3023,.F.);
#4250=ORIENTED_EDGE('',*,*,#3007,.T.);
#4251=ORIENTED_EDGE('',*,*,#3011,.T.);
#4252=ORIENTED_EDGE('',*,*,#3014,.F.);
#4253=ORIENTED_EDGE('',*,*,#3024,.T.);
#4254=ORIENTED_EDGE('',*,*,#3021,.F.);
#4255=ORIENTED_EDGE('',*,*,#3025,.T.);
#4256=ORIENTED_EDGE('',*,*,#3026,.T.);
#4257=ORIENTED_EDGE('',*,*,#3008,.T.);
#4258=ORIENTED_EDGE('',*,*,#3023,.T.);
#4259=ORIENTED_EDGE('',*,*,#3027,.T.);
#4260=ORIENTED_EDGE('',*,*,#3027,.F.);
#4261=ORIENTED_EDGE('',*,*,#3024,.F.);
#4262=ORIENTED_EDGE('',*,*,#3018,.F.);
#4263=ORIENTED_EDGE('',*,*,#3022,.F.);
#4264=ORIENTED_EDGE('',*,*,#3028,.T.);
#4265=ORIENTED_EDGE('',*,*,#3025,.F.);
#4266=ORIENTED_EDGE('',*,*,#3020,.F.);
#4267=ORIENTED_EDGE('',*,*,#2968,.T.);
#4268=ORIENTED_EDGE('',*,*,#3028,.F.);
#4269=ORIENTED_EDGE('',*,*,#3029,.F.);
#4270=ORIENTED_EDGE('',*,*,#3030,.F.);
#4271=ORIENTED_EDGE('',*,*,#3031,.F.);
#4272=ORIENTED_EDGE('',*,*,#2973,.F.);
#4273=ORIENTED_EDGE('',*,*,#3032,.F.);
#4274=ORIENTED_EDGE('',*,*,#3033,.F.);
#4275=ORIENTED_EDGE('',*,*,#2979,.F.);
#4276=ORIENTED_EDGE('',*,*,#3034,.F.);
#4277=ORIENTED_EDGE('',*,*,#3035,.F.);
#4278=ORIENTED_EDGE('',*,*,#2985,.F.);
#4279=ORIENTED_EDGE('',*,*,#3036,.F.);
#4280=ORIENTED_EDGE('',*,*,#3037,.F.);
#4281=ORIENTED_EDGE('',*,*,#2991,.F.);
#4282=ORIENTED_EDGE('',*,*,#3038,.F.);
#4283=ORIENTED_EDGE('',*,*,#3039,.F.);
#4284=ORIENTED_EDGE('',*,*,#2997,.F.);
#4285=ORIENTED_EDGE('',*,*,#3040,.F.);
#4286=ORIENTED_EDGE('',*,*,#3041,.F.);
#4287=ORIENTED_EDGE('',*,*,#3003,.F.);
#4288=ORIENTED_EDGE('',*,*,#3042,.F.);
#4289=ORIENTED_EDGE('',*,*,#3043,.F.);
#4290=ORIENTED_EDGE('',*,*,#3009,.F.);
#4291=ORIENTED_EDGE('',*,*,#3026,.F.);
#4292=ORIENTED_EDGE('',*,*,#2966,.F.);
#4293=ORIENTED_EDGE('',*,*,#3015,.T.);
#4294=ORIENTED_EDGE('',*,*,#3012,.F.);
#4295=ORIENTED_EDGE('',*,*,#3006,.T.);
#4296=ORIENTED_EDGE('',*,*,#3044,.T.);
#4297=ORIENTED_EDGE('',*,*,#3045,.T.);
#4298=ORIENTED_EDGE('',*,*,#3000,.T.);
#4299=ORIENTED_EDGE('',*,*,#3046,.T.);
#4300=ORIENTED_EDGE('',*,*,#3047,.T.);
#4301=ORIENTED_EDGE('',*,*,#2994,.T.);
#4302=ORIENTED_EDGE('',*,*,#3048,.T.);
#4303=ORIENTED_EDGE('',*,*,#3049,.T.);
#4304=ORIENTED_EDGE('',*,*,#2988,.T.);
#4305=ORIENTED_EDGE('',*,*,#3050,.T.);
#4306=ORIENTED_EDGE('',*,*,#3051,.T.);
#4307=ORIENTED_EDGE('',*,*,#2982,.T.);
#4308=ORIENTED_EDGE('',*,*,#3052,.T.);
#4309=ORIENTED_EDGE('',*,*,#3053,.T.);
#4310=ORIENTED_EDGE('',*,*,#2976,.T.);
#4311=ORIENTED_EDGE('',*,*,#3054,.T.);
#4312=ORIENTED_EDGE('',*,*,#3055,.T.);
#4313=ORIENTED_EDGE('',*,*,#2970,.T.);
#4314=ORIENTED_EDGE('',*,*,#3056,.T.);
#4315=ORIENTED_EDGE('',*,*,#3057,.T.);
#4316=ORIENTED_EDGE('',*,*,#3058,.T.);
#4317=ORIENTED_EDGE('',*,*,#3059,.F.);
#4318=ORIENTED_EDGE('',*,*,#3060,.F.);
#4319=ORIENTED_EDGE('',*,*,#3029,.T.);
#4320=ORIENTED_EDGE('',*,*,#3019,.F.);
#4321=ORIENTED_EDGE('',*,*,#3016,.F.);
#4322=ORIENTED_EDGE('',*,*,#3058,.F.);
#4323=ORIENTED_EDGE('',*,*,#3045,.F.);
#4324=ORIENTED_EDGE('',*,*,#3061,.F.);
#4325=ORIENTED_EDGE('',*,*,#3062,.F.);
#4326=ORIENTED_EDGE('',*,*,#3063,.T.);
#4327=ORIENTED_EDGE('',*,*,#3061,.T.);
#4328=ORIENTED_EDGE('',*,*,#3044,.F.);
#4329=ORIENTED_EDGE('',*,*,#3005,.T.);
#4330=ORIENTED_EDGE('',*,*,#3064,.T.);
#4331=ORIENTED_EDGE('',*,*,#3065,.T.);
#4332=ORIENTED_EDGE('',*,*,#3064,.F.);
#4333=ORIENTED_EDGE('',*,*,#3010,.T.);
#4334=ORIENTED_EDGE('',*,*,#3066,.T.);
#4335=ORIENTED_EDGE('',*,*,#3067,.T.);
#4336=ORIENTED_EDGE('',*,*,#3068,.T.);
#4337=ORIENTED_EDGE('',*,*,#3069,.F.);
#4338=ORIENTED_EDGE('',*,*,#3001,.T.);
#4339=ORIENTED_EDGE('',*,*,#3062,.T.);
#4340=ORIENTED_EDGE('',*,*,#3063,.F.);
#4341=ORIENTED_EDGE('',*,*,#3070,.T.);
#4342=ORIENTED_EDGE('',*,*,#3067,.F.);
#4343=ORIENTED_EDGE('',*,*,#3071,.T.);
#4344=ORIENTED_EDGE('',*,*,#3042,.T.);
#4345=ORIENTED_EDGE('',*,*,#3002,.T.);
#4346=ORIENTED_EDGE('',*,*,#3069,.T.);
#4347=ORIENTED_EDGE('',*,*,#3072,.T.);
#4348=ORIENTED_EDGE('',*,*,#3072,.F.);
#4349=ORIENTED_EDGE('',*,*,#3070,.F.);
#4350=ORIENTED_EDGE('',*,*,#3065,.F.);
#4351=ORIENTED_EDGE('',*,*,#3068,.F.);
#4352=ORIENTED_EDGE('',*,*,#3066,.F.);
#4353=ORIENTED_EDGE('',*,*,#3043,.T.);
#4354=ORIENTED_EDGE('',*,*,#3071,.F.);
#4355=ORIENTED_EDGE('',*,*,#3047,.F.);
#4356=ORIENTED_EDGE('',*,*,#3073,.F.);
#4357=ORIENTED_EDGE('',*,*,#3074,.F.);
#4358=ORIENTED_EDGE('',*,*,#3075,.T.);
#4359=ORIENTED_EDGE('',*,*,#3073,.T.);
#4360=ORIENTED_EDGE('',*,*,#3046,.F.);
#4361=ORIENTED_EDGE('',*,*,#2999,.T.);
#4362=ORIENTED_EDGE('',*,*,#3076,.T.);
#4363=ORIENTED_EDGE('',*,*,#3077,.T.);
#4364=ORIENTED_EDGE('',*,*,#3076,.F.);
#4365=ORIENTED_EDGE('',*,*,#3004,.T.);
#4366=ORIENTED_EDGE('',*,*,#3078,.T.);
#4367=ORIENTED_EDGE('',*,*,#3079,.T.);
#4368=ORIENTED_EDGE('',*,*,#3080,.T.);
#4369=ORIENTED_EDGE('',*,*,#3081,.F.);
#4370=ORIENTED_EDGE('',*,*,#2995,.T.);
#4371=ORIENTED_EDGE('',*,*,#3074,.T.);
#4372=ORIENTED_EDGE('',*,*,#3075,.F.);
#4373=ORIENTED_EDGE('',*,*,#3082,.T.);
#4374=ORIENTED_EDGE('',*,*,#3079,.F.);
#4375=ORIENTED_EDGE('',*,*,#3083,.T.);
#4376=ORIENTED_EDGE('',*,*,#3040,.T.);
#4377=ORIENTED_EDGE('',*,*,#2996,.T.);
#4378=ORIENTED_EDGE('',*,*,#3081,.T.);
#4379=ORIENTED_EDGE('',*,*,#3084,.T.);
#4380=ORIENTED_EDGE('',*,*,#3084,.F.);
#4381=ORIENTED_EDGE('',*,*,#3082,.F.);
#4382=ORIENTED_EDGE('',*,*,#3077,.F.);
#4383=ORIENTED_EDGE('',*,*,#3080,.F.);
#4384=ORIENTED_EDGE('',*,*,#3078,.F.);
#4385=ORIENTED_EDGE('',*,*,#3041,.T.);
#4386=ORIENTED_EDGE('',*,*,#3083,.F.);
#4387=ORIENTED_EDGE('',*,*,#3049,.F.);
#4388=ORIENTED_EDGE('',*,*,#3085,.F.);
#4389=ORIENTED_EDGE('',*,*,#3086,.F.);
#4390=ORIENTED_EDGE('',*,*,#3087,.T.);
#4391=ORIENTED_EDGE('',*,*,#3085,.T.);
#4392=ORIENTED_EDGE('',*,*,#3048,.F.);
#4393=ORIENTED_EDGE('',*,*,#2993,.T.);
#4394=ORIENTED_EDGE('',*,*,#3088,.T.);
#4395=ORIENTED_EDGE('',*,*,#3089,.T.);
#4396=ORIENTED_EDGE('',*,*,#3088,.F.);
#4397=ORIENTED_EDGE('',*,*,#2998,.T.);
#4398=ORIENTED_EDGE('',*,*,#3090,.T.);
#4399=ORIENTED_EDGE('',*,*,#3091,.T.);
#4400=ORIENTED_EDGE('',*,*,#3092,.T.);
#4401=ORIENTED_EDGE('',*,*,#3093,.F.);
#4402=ORIENTED_EDGE('',*,*,#2989,.T.);
#4403=ORIENTED_EDGE('',*,*,#3086,.T.);
#4404=ORIENTED_EDGE('',*,*,#3087,.F.);
#4405=ORIENTED_EDGE('',*,*,#3094,.T.);
#4406=ORIENTED_EDGE('',*,*,#3091,.F.);
#4407=ORIENTED_EDGE('',*,*,#3095,.T.);
#4408=ORIENTED_EDGE('',*,*,#3038,.T.);
#4409=ORIENTED_EDGE('',*,*,#2990,.T.);
#4410=ORIENTED_EDGE('',*,*,#3093,.T.);
#4411=ORIENTED_EDGE('',*,*,#3096,.T.);
#4412=ORIENTED_EDGE('',*,*,#3096,.F.);
#4413=ORIENTED_EDGE('',*,*,#3094,.F.);
#4414=ORIENTED_EDGE('',*,*,#3089,.F.);
#4415=ORIENTED_EDGE('',*,*,#3092,.F.);
#4416=ORIENTED_EDGE('',*,*,#3090,.F.);
#4417=ORIENTED_EDGE('',*,*,#3039,.T.);
#4418=ORIENTED_EDGE('',*,*,#3095,.F.);
#4419=ORIENTED_EDGE('',*,*,#3051,.F.);
#4420=ORIENTED_EDGE('',*,*,#3097,.F.);
#4421=ORIENTED_EDGE('',*,*,#3098,.F.);
#4422=ORIENTED_EDGE('',*,*,#3099,.T.);
#4423=ORIENTED_EDGE('',*,*,#3097,.T.);
#4424=ORIENTED_EDGE('',*,*,#3050,.F.);
#4425=ORIENTED_EDGE('',*,*,#2987,.T.);
#4426=ORIENTED_EDGE('',*,*,#3100,.T.);
#4427=ORIENTED_EDGE('',*,*,#3101,.T.);
#4428=ORIENTED_EDGE('',*,*,#3100,.F.);
#4429=ORIENTED_EDGE('',*,*,#2992,.T.);
#4430=ORIENTED_EDGE('',*,*,#3102,.T.);
#4431=ORIENTED_EDGE('',*,*,#3103,.T.);
#4432=ORIENTED_EDGE('',*,*,#3104,.T.);
#4433=ORIENTED_EDGE('',*,*,#3105,.F.);
#4434=ORIENTED_EDGE('',*,*,#2983,.T.);
#4435=ORIENTED_EDGE('',*,*,#3098,.T.);
#4436=ORIENTED_EDGE('',*,*,#3099,.F.);
#4437=ORIENTED_EDGE('',*,*,#3106,.T.);
#4438=ORIENTED_EDGE('',*,*,#3103,.F.);
#4439=ORIENTED_EDGE('',*,*,#3107,.T.);
#4440=ORIENTED_EDGE('',*,*,#3036,.T.);
#4441=ORIENTED_EDGE('',*,*,#2984,.T.);
#4442=ORIENTED_EDGE('',*,*,#3105,.T.);
#4443=ORIENTED_EDGE('',*,*,#3108,.T.);
#4444=ORIENTED_EDGE('',*,*,#3108,.F.);
#4445=ORIENTED_EDGE('',*,*,#3106,.F.);
#4446=ORIENTED_EDGE('',*,*,#3101,.F.);
#4447=ORIENTED_EDGE('',*,*,#3104,.F.);
#4448=ORIENTED_EDGE('',*,*,#3102,.F.);
#4449=ORIENTED_EDGE('',*,*,#3037,.T.);
#4450=ORIENTED_EDGE('',*,*,#3107,.F.);
#4451=ORIENTED_EDGE('',*,*,#3053,.F.);
#4452=ORIENTED_EDGE('',*,*,#3109,.F.);
#4453=ORIENTED_EDGE('',*,*,#3110,.F.);
#4454=ORIENTED_EDGE('',*,*,#3111,.T.);
#4455=ORIENTED_EDGE('',*,*,#3109,.T.);
#4456=ORIENTED_EDGE('',*,*,#3052,.F.);
#4457=ORIENTED_EDGE('',*,*,#2981,.T.);
#4458=ORIENTED_EDGE('',*,*,#3112,.T.);
#4459=ORIENTED_EDGE('',*,*,#3113,.T.);
#4460=ORIENTED_EDGE('',*,*,#3112,.F.);
#4461=ORIENTED_EDGE('',*,*,#2986,.T.);
#4462=ORIENTED_EDGE('',*,*,#3114,.T.);
#4463=ORIENTED_EDGE('',*,*,#3115,.T.);
#4464=ORIENTED_EDGE('',*,*,#3116,.T.);
#4465=ORIENTED_EDGE('',*,*,#3117,.F.);
#4466=ORIENTED_EDGE('',*,*,#2977,.T.);
#4467=ORIENTED_EDGE('',*,*,#3110,.T.);
#4468=ORIENTED_EDGE('',*,*,#3111,.F.);
#4469=ORIENTED_EDGE('',*,*,#3118,.T.);
#4470=ORIENTED_EDGE('',*,*,#3115,.F.);
#4471=ORIENTED_EDGE('',*,*,#3119,.T.);
#4472=ORIENTED_EDGE('',*,*,#3034,.T.);
#4473=ORIENTED_EDGE('',*,*,#2978,.T.);
#4474=ORIENTED_EDGE('',*,*,#3117,.T.);
#4475=ORIENTED_EDGE('',*,*,#3120,.T.);
#4476=ORIENTED_EDGE('',*,*,#3120,.F.);
#4477=ORIENTED_EDGE('',*,*,#3118,.F.);
#4478=ORIENTED_EDGE('',*,*,#3113,.F.);
#4479=ORIENTED_EDGE('',*,*,#3116,.F.);
#4480=ORIENTED_EDGE('',*,*,#3114,.F.);
#4481=ORIENTED_EDGE('',*,*,#3035,.T.);
#4482=ORIENTED_EDGE('',*,*,#3119,.F.);
#4483=ORIENTED_EDGE('',*,*,#3055,.F.);
#4484=ORIENTED_EDGE('',*,*,#3121,.F.);
#4485=ORIENTED_EDGE('',*,*,#3122,.F.);
#4486=ORIENTED_EDGE('',*,*,#3123,.T.);
#4487=ORIENTED_EDGE('',*,*,#3121,.T.);
#4488=ORIENTED_EDGE('',*,*,#3054,.F.);
#4489=ORIENTED_EDGE('',*,*,#2975,.T.);
#4490=ORIENTED_EDGE('',*,*,#3124,.T.);
#4491=ORIENTED_EDGE('',*,*,#3125,.T.);
#4492=ORIENTED_EDGE('',*,*,#3124,.F.);
#4493=ORIENTED_EDGE('',*,*,#2980,.T.);
#4494=ORIENTED_EDGE('',*,*,#3126,.T.);
#4495=ORIENTED_EDGE('',*,*,#3127,.T.);
#4496=ORIENTED_EDGE('',*,*,#3128,.T.);
#4497=ORIENTED_EDGE('',*,*,#3129,.F.);
#4498=ORIENTED_EDGE('',*,*,#2971,.T.);
#4499=ORIENTED_EDGE('',*,*,#3122,.T.);
#4500=ORIENTED_EDGE('',*,*,#3123,.F.);
#4501=ORIENTED_EDGE('',*,*,#3130,.T.);
#4502=ORIENTED_EDGE('',*,*,#3127,.F.);
#4503=ORIENTED_EDGE('',*,*,#3131,.T.);
#4504=ORIENTED_EDGE('',*,*,#3032,.T.);
#4505=ORIENTED_EDGE('',*,*,#2972,.T.);
#4506=ORIENTED_EDGE('',*,*,#3129,.T.);
#4507=ORIENTED_EDGE('',*,*,#3132,.T.);
#4508=ORIENTED_EDGE('',*,*,#3132,.F.);
#4509=ORIENTED_EDGE('',*,*,#3130,.F.);
#4510=ORIENTED_EDGE('',*,*,#3125,.F.);
#4511=ORIENTED_EDGE('',*,*,#3128,.F.);
#4512=ORIENTED_EDGE('',*,*,#3126,.F.);
#4513=ORIENTED_EDGE('',*,*,#3033,.T.);
#4514=ORIENTED_EDGE('',*,*,#3131,.F.);
#4515=ORIENTED_EDGE('',*,*,#3057,.F.);
#4516=ORIENTED_EDGE('',*,*,#3133,.F.);
#4517=ORIENTED_EDGE('',*,*,#3134,.F.);
#4518=ORIENTED_EDGE('',*,*,#3135,.T.);
#4519=ORIENTED_EDGE('',*,*,#3133,.T.);
#4520=ORIENTED_EDGE('',*,*,#3056,.F.);
#4521=ORIENTED_EDGE('',*,*,#2969,.T.);
#4522=ORIENTED_EDGE('',*,*,#3136,.T.);
#4523=ORIENTED_EDGE('',*,*,#3137,.T.);
#4524=ORIENTED_EDGE('',*,*,#3136,.F.);
#4525=ORIENTED_EDGE('',*,*,#2974,.T.);
#4526=ORIENTED_EDGE('',*,*,#3138,.T.);
#4527=ORIENTED_EDGE('',*,*,#3139,.T.);
#4528=ORIENTED_EDGE('',*,*,#3140,.T.);
#4529=ORIENTED_EDGE('',*,*,#3141,.F.);
#4530=ORIENTED_EDGE('',*,*,#3059,.T.);
#4531=ORIENTED_EDGE('',*,*,#3134,.T.);
#4532=ORIENTED_EDGE('',*,*,#3135,.F.);
#4533=ORIENTED_EDGE('',*,*,#3142,.T.);
#4534=ORIENTED_EDGE('',*,*,#3139,.F.);
#4535=ORIENTED_EDGE('',*,*,#3143,.T.);
#4536=ORIENTED_EDGE('',*,*,#3030,.T.);
#4537=ORIENTED_EDGE('',*,*,#3060,.T.);
#4538=ORIENTED_EDGE('',*,*,#3141,.T.);
#4539=ORIENTED_EDGE('',*,*,#3144,.T.);
#4540=ORIENTED_EDGE('',*,*,#3144,.F.);
#4541=ORIENTED_EDGE('',*,*,#3142,.F.);
#4542=ORIENTED_EDGE('',*,*,#3137,.F.);
#4543=ORIENTED_EDGE('',*,*,#3140,.F.);
#4544=ORIENTED_EDGE('',*,*,#3138,.F.);
#4545=ORIENTED_EDGE('',*,*,#3031,.T.);
#4546=ORIENTED_EDGE('',*,*,#3143,.F.);
#4547=ORIENTED_EDGE('',*,*,#3145,.T.);
#4548=ORIENTED_EDGE('',*,*,#3146,.F.);
#4549=ORIENTED_EDGE('',*,*,#3147,.T.);
#4550=ORIENTED_EDGE('',*,*,#3148,.T.);
#4551=ORIENTED_EDGE('',*,*,#3149,.T.);
#4552=ORIENTED_EDGE('',*,*,#3150,.F.);
#4553=ORIENTED_EDGE('',*,*,#3145,.F.);
#4554=ORIENTED_EDGE('',*,*,#3151,.T.);
#4555=ORIENTED_EDGE('',*,*,#3152,.T.);
#4556=ORIENTED_EDGE('',*,*,#3153,.F.);
#4557=ORIENTED_EDGE('',*,*,#3149,.F.);
#4558=ORIENTED_EDGE('',*,*,#3154,.T.);
#4559=ORIENTED_EDGE('',*,*,#3155,.F.);
#4560=ORIENTED_EDGE('',*,*,#3156,.T.);
#4561=ORIENTED_EDGE('',*,*,#3157,.F.);
#4562=ORIENTED_EDGE('',*,*,#3158,.F.);
#4563=ORIENTED_EDGE('',*,*,#3159,.F.);
#4564=ORIENTED_EDGE('',*,*,#3160,.F.);
#4565=ORIENTED_EDGE('',*,*,#3161,.F.);
#4566=ORIENTED_EDGE('',*,*,#3147,.F.);
#4567=ORIENTED_EDGE('',*,*,#3162,.F.);
#4568=ORIENTED_EDGE('',*,*,#3163,.T.);
#4569=ORIENTED_EDGE('',*,*,#3164,.F.);
#4570=ORIENTED_EDGE('',*,*,#3163,.F.);
#4571=ORIENTED_EDGE('',*,*,#3165,.F.);
#4572=ORIENTED_EDGE('',*,*,#3166,.T.);
#4573=ORIENTED_EDGE('',*,*,#3167,.F.);
#4574=ORIENTED_EDGE('',*,*,#3168,.T.);
#4575=ORIENTED_EDGE('',*,*,#3169,.F.);
#4576=ORIENTED_EDGE('',*,*,#3170,.T.);
#4577=ORIENTED_EDGE('',*,*,#3171,.F.);
#4578=ORIENTED_EDGE('',*,*,#3172,.T.);
#4579=ORIENTED_EDGE('',*,*,#3173,.T.);
#4580=ORIENTED_EDGE('',*,*,#3172,.F.);
#4581=ORIENTED_EDGE('',*,*,#3174,.F.);
#4582=ORIENTED_EDGE('',*,*,#3175,.T.);
#4583=ORIENTED_EDGE('',*,*,#3176,.F.);
#4584=ORIENTED_EDGE('',*,*,#3177,.T.);
#4585=ORIENTED_EDGE('',*,*,#3178,.F.);
#4586=ORIENTED_EDGE('',*,*,#3179,.T.);
#4587=ORIENTED_EDGE('',*,*,#3180,.T.);
#4588=ORIENTED_EDGE('',*,*,#3181,.T.);
#4589=ORIENTED_EDGE('',*,*,#3182,.T.);
#4590=ORIENTED_EDGE('',*,*,#3181,.F.);
#4591=ORIENTED_EDGE('',*,*,#3183,.T.);
#4592=ORIENTED_EDGE('',*,*,#3184,.T.);
#4593=ORIENTED_EDGE('',*,*,#3185,.T.);
#4594=ORIENTED_EDGE('',*,*,#3157,.T.);
#4595=ORIENTED_EDGE('',*,*,#3186,.T.);
#4596=ORIENTED_EDGE('',*,*,#3187,.T.);
#4597=ORIENTED_EDGE('',*,*,#3188,.T.);
#4598=ORIENTED_EDGE('',*,*,#3189,.T.);
#4599=ORIENTED_EDGE('',*,*,#3190,.T.);
#4600=ORIENTED_EDGE('',*,*,#3191,.T.);
#4601=ORIENTED_EDGE('',*,*,#3192,.T.);
#4602=ORIENTED_EDGE('',*,*,#3193,.T.);
#4603=ORIENTED_EDGE('',*,*,#3194,.F.);
#4604=ORIENTED_EDGE('',*,*,#3193,.F.);
#4605=ORIENTED_EDGE('',*,*,#3195,.T.);
#4606=ORIENTED_EDGE('',*,*,#3196,.T.);
#4607=ORIENTED_EDGE('',*,*,#3197,.T.);
#4608=ORIENTED_EDGE('',*,*,#3198,.T.);
#4609=ORIENTED_EDGE('',*,*,#3199,.T.);
#4610=ORIENTED_EDGE('',*,*,#3200,.T.);
#4611=ORIENTED_EDGE('',*,*,#3155,.T.);
#4612=ORIENTED_EDGE('',*,*,#3201,.F.);
#4613=ORIENTED_EDGE('',*,*,#3152,.F.);
#4614=ORIENTED_EDGE('',*,*,#3202,.T.);
#4615=ORIENTED_EDGE('',*,*,#3148,.F.);
#4616=ORIENTED_EDGE('',*,*,#3161,.T.);
#4617=ORIENTED_EDGE('',*,*,#3203,.F.);
#4618=ORIENTED_EDGE('',*,*,#3183,.F.);
#4619=ORIENTED_EDGE('',*,*,#3180,.F.);
#4620=ORIENTED_EDGE('',*,*,#3156,.F.);
#4621=ORIENTED_EDGE('',*,*,#3202,.F.);
#4622=ORIENTED_EDGE('',*,*,#3154,.F.);
#4623=ORIENTED_EDGE('',*,*,#3151,.F.);
#4624=ORIENTED_EDGE('',*,*,#3204,.T.);
#4625=ORIENTED_EDGE('',*,*,#3159,.T.);
#4626=ORIENTED_EDGE('',*,*,#3162,.T.);
#4627=ORIENTED_EDGE('',*,*,#3146,.T.);
#4628=ORIENTED_EDGE('',*,*,#3150,.T.);
#4629=ORIENTED_EDGE('',*,*,#3153,.T.);
#4630=ORIENTED_EDGE('',*,*,#3201,.T.);
#4631=ORIENTED_EDGE('',*,*,#3158,.T.);
#4632=ORIENTED_EDGE('',*,*,#3185,.F.);
#4633=ORIENTED_EDGE('',*,*,#3203,.T.);
#4634=ORIENTED_EDGE('',*,*,#3160,.T.);
#4635=ORIENTED_EDGE('',*,*,#3204,.F.);
#4636=ORIENTED_EDGE('',*,*,#3184,.F.);
#4637=ORIENTED_EDGE('',*,*,#3173,.F.);
#4638=ORIENTED_EDGE('',*,*,#3164,.T.);
#4639=ORIENTED_EDGE('',*,*,#3194,.T.);
#4640=ORIENTED_EDGE('',*,*,#3182,.F.);
#4641=ORIENTED_EDGE('',*,*,#3205,.T.);
#4642=ORIENTED_EDGE('',*,*,#3176,.T.);
#4643=ORIENTED_EDGE('',*,*,#3206,.T.);
#4644=ORIENTED_EDGE('',*,*,#3190,.F.);
#4645=ORIENTED_EDGE('',*,*,#3207,.T.);
#4646=ORIENTED_EDGE('',*,*,#3174,.T.);
#4647=ORIENTED_EDGE('',*,*,#3171,.T.);
#4648=ORIENTED_EDGE('',*,*,#3208,.T.);
#4649=ORIENTED_EDGE('',*,*,#3195,.F.);
#4650=ORIENTED_EDGE('',*,*,#3192,.F.);
#4651=ORIENTED_EDGE('',*,*,#3209,.T.);
#4652=ORIENTED_EDGE('',*,*,#3169,.T.);
#4653=ORIENTED_EDGE('',*,*,#3210,.T.);
#4654=ORIENTED_EDGE('',*,*,#3197,.F.);
#4655=ORIENTED_EDGE('',*,*,#3211,.T.);
#4656=ORIENTED_EDGE('',*,*,#3167,.T.);
#4657=ORIENTED_EDGE('',*,*,#3212,.T.);
#4658=ORIENTED_EDGE('',*,*,#3199,.F.);
#4659=ORIENTED_EDGE('',*,*,#3213,.T.);
#4660=ORIENTED_EDGE('',*,*,#3165,.T.);
#4661=ORIENTED_EDGE('',*,*,#3214,.T.);
#4662=ORIENTED_EDGE('',*,*,#3186,.F.);
#4663=ORIENTED_EDGE('',*,*,#3215,.T.);
#4664=ORIENTED_EDGE('',*,*,#3178,.T.);
#4665=ORIENTED_EDGE('',*,*,#3216,.T.);
#4666=ORIENTED_EDGE('',*,*,#3188,.F.);
#4667=ORIENTED_EDGE('',*,*,#3179,.F.);
#4668=ORIENTED_EDGE('',*,*,#3215,.F.);
#4669=ORIENTED_EDGE('',*,*,#3187,.F.);
#4670=ORIENTED_EDGE('',*,*,#3214,.F.);
#4671=ORIENTED_EDGE('',*,*,#3166,.F.);
#4672=ORIENTED_EDGE('',*,*,#3213,.F.);
#4673=ORIENTED_EDGE('',*,*,#3200,.F.);
#4674=ORIENTED_EDGE('',*,*,#3212,.F.);
#4675=ORIENTED_EDGE('',*,*,#3168,.F.);
#4676=ORIENTED_EDGE('',*,*,#3211,.F.);
#4677=ORIENTED_EDGE('',*,*,#3198,.F.);
#4678=ORIENTED_EDGE('',*,*,#3210,.F.);
#4679=ORIENTED_EDGE('',*,*,#3170,.F.);
#4680=ORIENTED_EDGE('',*,*,#3209,.F.);
#4681=ORIENTED_EDGE('',*,*,#3196,.F.);
#4682=ORIENTED_EDGE('',*,*,#3208,.F.);
#4683=ORIENTED_EDGE('',*,*,#3175,.F.);
#4684=ORIENTED_EDGE('',*,*,#3207,.F.);
#4685=ORIENTED_EDGE('',*,*,#3191,.F.);
#4686=ORIENTED_EDGE('',*,*,#3206,.F.);
#4687=ORIENTED_EDGE('',*,*,#3177,.F.);
#4688=ORIENTED_EDGE('',*,*,#3205,.F.);
#4689=ORIENTED_EDGE('',*,*,#3189,.F.);
#4690=ORIENTED_EDGE('',*,*,#3216,.F.);
#4691=CYLINDRICAL_SURFACE('',#5135,1.85);
#4692=CYLINDRICAL_SURFACE('',#5139,2.6);
#4693=CYLINDRICAL_SURFACE('',#5145,2.6);
#4694=CYLINDRICAL_SURFACE('',#5147,0.6);
#4695=CYLINDRICAL_SURFACE('',#5159,5.375);
#4696=CYLINDRICAL_SURFACE('',#5167,0.6);
#4697=CYLINDRICAL_SURFACE('',#5170,1.05999999999998);
#4698=CYLINDRICAL_SURFACE('',#5187,0.529999999999982);
#4699=CYLINDRICAL_SURFACE('',#5196,1.05999999999998);
#4700=CYLINDRICAL_SURFACE('',#5213,0.529999999999982);
#4701=CYLINDRICAL_SURFACE('',#5222,1.05999999999998);
#4702=CYLINDRICAL_SURFACE('',#5239,0.529999999999982);
#4703=CYLINDRICAL_SURFACE('',#5247,1.85);
#4704=CYLINDRICAL_SURFACE('',#5272,0.400000000000001);
#4705=CYLINDRICAL_SURFACE('',#5274,0.400000000000001);
#4706=CYLINDRICAL_SURFACE('',#5280,0.2);
#4707=CYLINDRICAL_SURFACE('',#5286,0.2);
#4708=CYLINDRICAL_SURFACE('',#5295,0.2);
#4709=CYLINDRICAL_SURFACE('',#5296,0.2);
#4710=CYLINDRICAL_SURFACE('',#5298,0.2);
#4711=CYLINDRICAL_SURFACE('',#5299,0.2);
#4712=CYLINDRICAL_SURFACE('',#5300,0.2);
#4713=CYLINDRICAL_SURFACE('',#5302,0.2);
#4714=CYLINDRICAL_SURFACE('',#5321,0.400000000000001);
#4715=CYLINDRICAL_SURFACE('',#5324,0.400000000000001);
#4716=CYLINDRICAL_SURFACE('',#5329,1.70825);
#4717=CYLINDRICAL_SURFACE('',#5331,1.70825);
#4718=CYLINDRICAL_SURFACE('',#5332,1.70825);
#4719=CYLINDRICAL_SURFACE('',#5333,1.70825);
#4720=CYLINDRICAL_SURFACE('',#5334,1.70825);
#4721=CYLINDRICAL_SURFACE('',#5335,1.70825);
#4722=CYLINDRICAL_SURFACE('',#5336,1.70825);
#4723=CYLINDRICAL_SURFACE('',#5337,1.70825);
#4724=CYLINDRICAL_SURFACE('',#5338,1.70825);
#4725=CYLINDRICAL_SURFACE('',#5339,1.70825);
#4726=CYLINDRICAL_SURFACE('',#5340,1.70825);
#4727=CYLINDRICAL_SURFACE('',#5341,1.70825);
#4728=CYLINDRICAL_SURFACE('',#5342,1.70825);
#4729=CYLINDRICAL_SURFACE('',#5343,1.70825);
#4730=CYLINDRICAL_SURFACE('',#5344,1.366);
#4731=CYLINDRICAL_SURFACE('',#5346,1.366);
#4732=CYLINDRICAL_SURFACE('',#5347,1.366);
#4733=CYLINDRICAL_SURFACE('',#5348,1.366);
#4734=CYLINDRICAL_SURFACE('',#5349,1.366);
#4735=CYLINDRICAL_SURFACE('',#5350,1.366);
#4736=CYLINDRICAL_SURFACE('',#5351,1.366);
#4737=CYLINDRICAL_SURFACE('',#5352,1.366);
#4738=CYLINDRICAL_SURFACE('',#5353,1.366);
#4739=CYLINDRICAL_SURFACE('',#5354,1.366);
#4740=CYLINDRICAL_SURFACE('',#5355,1.366);
#4741=CYLINDRICAL_SURFACE('',#5356,1.366);
#4742=CYLINDRICAL_SURFACE('',#5357,1.366);
#4743=CYLINDRICAL_SURFACE('',#5363,3.1);
#4744=CYLINDRICAL_SURFACE('',#5374,1.366);
#4745=CYLINDRICAL_SURFACE('',#5376,1.70825);
#4746=CYLINDRICAL_SURFACE('',#5381,4.);
#4747=CYLINDRICAL_SURFACE('',#5384,3.075);
#4748=CYLINDRICAL_SURFACE('',#5387,3.075);
#4749=CYLINDRICAL_SURFACE('',#5390,3.075);
#4750=CYLINDRICAL_SURFACE('',#5393,3.075);
#4751=CYLINDRICAL_SURFACE('',#5396,3.075);
#4752=CYLINDRICAL_SURFACE('',#5399,3.075);
#4753=CYLINDRICAL_SURFACE('',#5402,3.075);
#4754=CYLINDRICAL_SURFACE('',#5405,3.075);
#4755=CYLINDRICAL_SURFACE('',#5409,3.075);
#4756=CYLINDRICAL_SURFACE('',#5443,3.075);
#4757=CYLINDRICAL_SURFACE('',#5444,3.075);
#4758=CYLINDRICAL_SURFACE('',#5446,3.075);
#4759=CYLINDRICAL_SURFACE('',#5447,3.075);
#4760=CYLINDRICAL_SURFACE('',#5449,3.075);
#4761=CYLINDRICAL_SURFACE('',#5450,3.075);
#4762=CYLINDRICAL_SURFACE('',#5452,3.075);
#4763=CYLINDRICAL_SURFACE('',#5453,3.075);
#4764=CYLINDRICAL_SURFACE('',#5455,3.075);
#4765=CYLINDRICAL_SURFACE('',#5456,3.075);
#4766=CYLINDRICAL_SURFACE('',#5458,3.075);
#4767=CYLINDRICAL_SURFACE('',#5459,3.075);
#4768=CYLINDRICAL_SURFACE('',#5461,3.075);
#4769=CYLINDRICAL_SURFACE('',#5462,3.075);
#4770=CYLINDRICAL_SURFACE('',#5464,3.075);
#4771=CYLINDRICAL_SURFACE('',#5466,1.5);
#4772=CYLINDRICAL_SURFACE('',#5468,1.5);
#4773=CYLINDRICAL_SURFACE('',#5469,1.5);
#4774=CYLINDRICAL_SURFACE('',#5470,1.5);
#4775=CYLINDRICAL_SURFACE('',#5482,1.5);
#4776=CYLINDRICAL_SURFACE('',#5491,0.1375);
#4777=CYLINDRICAL_SURFACE('',#5492,0.1375);
#4778=CYLINDRICAL_SURFACE('',#5493,0.1375);
#4779=CYLINDRICAL_SURFACE('',#5494,0.1375);
#4780=CYLINDRICAL_SURFACE('',#5495,0.1375);
#4781=CYLINDRICAL_SURFACE('',#5496,0.1375);
#4782=ADVANCED_FACE('',(#468),#4691,.F.);
#4783=ADVANCED_FACE('',(#469),#324,.T.);
#4784=ADVANCED_FACE('',(#470),#4692,.T.);
#4785=ADVANCED_FACE('',(#471),#103,.T.);
#4786=ADVANCED_FACE('',(#472,#92),#325,.T.);
#4787=ADVANCED_FACE('',(#473,#93),#326,.F.);
#4788=ADVANCED_FACE('',(#474),#327,.T.);
#4789=ADVANCED_FACE('',(#475),#328,.T.);
#4790=ADVANCED_FACE('',(#476),#104,.T.);
#4791=ADVANCED_FACE('',(#477),#329,.T.);
#4792=ADVANCED_FACE('',(#478),#4693,.T.);
#4793=ADVANCED_FACE('',(#479),#105,.T.);
#4794=ADVANCED_FACE('',(#480),#330,.F.);
#4795=ADVANCED_FACE('',(#481),#4694,.F.);
#4796=ADVANCED_FACE('',(#482),#331,.T.);
#4797=ADVANCED_FACE('',(#483),#332,.F.);
#4798=ADVANCED_FACE('',(#484),#106,.T.);
#4799=ADVANCED_FACE('',(#485),#333,.T.);
#4800=ADVANCED_FACE('',(#486),#334,.T.);
#4801=ADVANCED_FACE('',(#487),#335,.T.);
#4802=ADVANCED_FACE('',(#488),#336,.T.);
#4803=ADVANCED_FACE('',(#489),#337,.T.);
#4804=ADVANCED_FACE('',(#490),#338,.T.);
#4805=ADVANCED_FACE('',(#491),#339,.T.);
#4806=ADVANCED_FACE('',(#492),#340,.T.);
#4807=ADVANCED_FACE('',(#493),#4695,.F.);
#4808=ADVANCED_FACE('',(#494),#341,.T.);
#4809=ADVANCED_FACE('',(#495),#342,.T.);
#4810=ADVANCED_FACE('',(#496),#343,.T.);
#4811=ADVANCED_FACE('',(#497),#344,.T.);
#4812=ADVANCED_FACE('',(#498),#345,.T.);
#4813=ADVANCED_FACE('',(#499),#346,.T.);
#4814=ADVANCED_FACE('',(#500),#4696,.F.);
#4815=ADVANCED_FACE('',(#501),#347,.F.);
#4816=ADVANCED_FACE('',(#502),#4697,.T.);
#4817=ADVANCED_FACE('',(#503),#348,.F.);
#4818=ADVANCED_FACE('',(#504),#349,.F.);
#4819=ADVANCED_FACE('',(#505),#350,.T.);
#4820=ADVANCED_FACE('',(#506),#351,.F.);
#4821=ADVANCED_FACE('',(#507),#352,.F.);
#4822=ADVANCED_FACE('',(#508),#353,.F.);
#4823=ADVANCED_FACE('',(#509),#354,.F.);
#4824=ADVANCED_FACE('',(#510),#355,.F.);
#4825=ADVANCED_FACE('',(#511),#356,.F.);
#4826=ADVANCED_FACE('',(#512),#357,.F.);
#4827=ADVANCED_FACE('',(#513),#358,.F.);
#4828=ADVANCED_FACE('',(#514),#359,.F.);
#4829=ADVANCED_FACE('',(#515),#4698,.F.);
#4830=ADVANCED_FACE('',(#516),#360,.T.);
#4831=ADVANCED_FACE('',(#517),#361,.F.);
#4832=ADVANCED_FACE('',(#518),#362,.F.);
#4833=ADVANCED_FACE('',(#519),#363,.F.);
#4834=ADVANCED_FACE('',(#520),#364,.F.);
#4835=ADVANCED_FACE('',(#521),#365,.F.);
#4836=ADVANCED_FACE('',(#522),#366,.F.);
#4837=ADVANCED_FACE('',(#523),#367,.F.);
#4838=ADVANCED_FACE('',(#524),#4699,.T.);
#4839=ADVANCED_FACE('',(#525),#368,.F.);
#4840=ADVANCED_FACE('',(#526),#369,.F.);
#4841=ADVANCED_FACE('',(#527),#370,.T.);
#4842=ADVANCED_FACE('',(#528),#371,.F.);
#4843=ADVANCED_FACE('',(#529),#372,.F.);
#4844=ADVANCED_FACE('',(#530),#373,.F.);
#4845=ADVANCED_FACE('',(#531),#374,.F.);
#4846=ADVANCED_FACE('',(#532),#375,.F.);
#4847=ADVANCED_FACE('',(#533),#376,.F.);
#4848=ADVANCED_FACE('',(#534),#377,.F.);
#4849=ADVANCED_FACE('',(#535),#378,.F.);
#4850=ADVANCED_FACE('',(#536),#379,.F.);
#4851=ADVANCED_FACE('',(#537),#4700,.F.);
#4852=ADVANCED_FACE('',(#538),#380,.T.);
#4853=ADVANCED_FACE('',(#539),#381,.F.);
#4854=ADVANCED_FACE('',(#540),#382,.F.);
#4855=ADVANCED_FACE('',(#541),#383,.F.);
#4856=ADVANCED_FACE('',(#542),#384,.F.);
#4857=ADVANCED_FACE('',(#543),#385,.F.);
#4858=ADVANCED_FACE('',(#544),#386,.F.);
#4859=ADVANCED_FACE('',(#545),#387,.F.);
#4860=ADVANCED_FACE('',(#546),#4701,.T.);
#4861=ADVANCED_FACE('',(#547),#388,.F.);
#4862=ADVANCED_FACE('',(#548),#389,.F.);
#4863=ADVANCED_FACE('',(#549),#390,.T.);
#4864=ADVANCED_FACE('',(#550),#391,.F.);
#4865=ADVANCED_FACE('',(#551),#392,.F.);
#4866=ADVANCED_FACE('',(#552),#393,.F.);
#4867=ADVANCED_FACE('',(#553),#394,.F.);
#4868=ADVANCED_FACE('',(#554),#395,.F.);
#4869=ADVANCED_FACE('',(#555),#396,.F.);
#4870=ADVANCED_FACE('',(#556),#397,.F.);
#4871=ADVANCED_FACE('',(#557),#398,.F.);
#4872=ADVANCED_FACE('',(#558),#399,.F.);
#4873=ADVANCED_FACE('',(#559),#4702,.F.);
#4874=ADVANCED_FACE('',(#560),#400,.T.);
#4875=ADVANCED_FACE('',(#561),#401,.F.);
#4876=ADVANCED_FACE('',(#562),#402,.F.);
#4877=ADVANCED_FACE('',(#563),#403,.F.);
#4878=ADVANCED_FACE('',(#564),#404,.F.);
#4879=ADVANCED_FACE('',(#565),#405,.F.);
#4880=ADVANCED_FACE('',(#566),#406,.F.);
#4881=ADVANCED_FACE('',(#567),#4703,.F.);
#4882=ADVANCED_FACE('',(#568),#407,.T.);
#4883=ADVANCED_FACE('',(#569),#408,.T.);
#4884=ADVANCED_FACE('',(#570),#409,.T.);
#4885=ADVANCED_FACE('',(#571),#410,.T.);
#4886=ADVANCED_FACE('',(#572),#411,.T.);
#4887=ADVANCED_FACE('',(#573),#412,.T.);
#4888=ADVANCED_FACE('',(#574),#413,.T.);
#4889=ADVANCED_FACE('',(#575),#414,.T.);
#4890=ADVANCED_FACE('',(#576),#415,.T.);
#4891=ADVANCED_FACE('',(#577),#416,.T.);
#4892=ADVANCED_FACE('',(#578),#417,.T.);
#4893=ADVANCED_FACE('',(#579),#418,.T.);
#4894=ADVANCED_FACE('',(#580),#419,.T.);
#4895=ADVANCED_FACE('',(#581),#420,.T.);
#4896=ADVANCED_FACE('',(#582),#421,.T.);
#4897=ADVANCED_FACE('',(#583),#422,.T.);
#4898=ADVANCED_FACE('',(#584,#94,#95),#423,.F.);
#4899=ADVANCED_FACE('',(#585,#96,#97),#424,.T.);
#4900=ADVANCED_FACE('',(#586),#4704,.F.);
#4901=ADVANCED_FACE('',(#587),#425,.F.);
#4902=ADVANCED_FACE('',(#588),#4705,.F.);
#4903=ADVANCED_FACE('',(#589),#426,.F.);
#4904=ADVANCED_FACE('',(#590),#60,.T.);
#4905=ADVANCED_FACE('',(#591),#4706,.T.);
#4906=ADVANCED_FACE('',(#592),#61,.T.);
#4907=ADVANCED_FACE('',(#593),#4707,.T.);
#4908=ADVANCED_FACE('',(#594),#62,.T.);
#4909=ADVANCED_FACE('',(#595),#63,.T.);
#4910=ADVANCED_FACE('',(#596),#4708,.T.);
#4911=ADVANCED_FACE('',(#597),#4709,.T.);
#4912=ADVANCED_FACE('',(#598),#4710,.T.);
#4913=ADVANCED_FACE('',(#599),#4711,.T.);
#4914=ADVANCED_FACE('',(#600),#4712,.T.);
#4915=ADVANCED_FACE('',(#601),#4713,.T.);
#4916=ADVANCED_FACE('',(#602),#427,.F.);
#4917=ADVANCED_FACE('',(#603),#428,.F.);
#4918=ADVANCED_FACE('',(#604),#429,.F.);
#4919=ADVANCED_FACE('',(#605),#430,.F.);
#4920=ADVANCED_FACE('',(#606),#431,.F.);
#4921=ADVANCED_FACE('',(#607),#432,.F.);
#4922=ADVANCED_FACE('',(#608),#433,.F.);
#4923=ADVANCED_FACE('',(#609),#434,.T.);
#4924=ADVANCED_FACE('',(#610),#435,.F.);
#4925=ADVANCED_FACE('',(#611),#436,.F.);
#4926=ADVANCED_FACE('',(#612),#437,.T.);
#4927=ADVANCED_FACE('',(#613),#438,.F.);
#4928=ADVANCED_FACE('',(#614),#439,.F.);
#4929=ADVANCED_FACE('',(#615),#4714,.T.);
#4930=ADVANCED_FACE('',(#616),#440,.T.);
#4931=ADVANCED_FACE('',(#617),#4715,.T.);
#4932=ADVANCED_FACE('',(#618),#441,.T.);
#4933=ADVANCED_FACE('',(#619),#442,.T.);
#4934=ADVANCED_FACE('',(#620),#4716,.T.);
#4935=ADVANCED_FACE('',(#621),#4717,.T.);
#4936=ADVANCED_FACE('',(#622),#4718,.T.);
#4937=ADVANCED_FACE('',(#623),#4719,.T.);
#4938=ADVANCED_FACE('',(#624),#4720,.T.);
#4939=ADVANCED_FACE('',(#625),#4721,.T.);
#4940=ADVANCED_FACE('',(#626),#4722,.T.);
#4941=ADVANCED_FACE('',(#627),#4723,.T.);
#4942=ADVANCED_FACE('',(#628),#4724,.T.);
#4943=ADVANCED_FACE('',(#629),#4725,.T.);
#4944=ADVANCED_FACE('',(#630),#4726,.T.);
#4945=ADVANCED_FACE('',(#631),#4727,.T.);
#4946=ADVANCED_FACE('',(#632),#4728,.T.);
#4947=ADVANCED_FACE('',(#633),#4729,.T.);
#4948=ADVANCED_FACE('',(#634),#4730,.T.);
#4949=ADVANCED_FACE('',(#635),#4731,.T.);
#4950=ADVANCED_FACE('',(#636),#4732,.T.);
#4951=ADVANCED_FACE('',(#637),#4733,.T.);
#4952=ADVANCED_FACE('',(#638),#4734,.T.);
#4953=ADVANCED_FACE('',(#639),#4735,.T.);
#4954=ADVANCED_FACE('',(#640),#4736,.T.);
#4955=ADVANCED_FACE('',(#641),#4737,.T.);
#4956=ADVANCED_FACE('',(#642),#4738,.T.);
#4957=ADVANCED_FACE('',(#643),#4739,.T.);
#4958=ADVANCED_FACE('',(#644),#4740,.T.);
#4959=ADVANCED_FACE('',(#645),#4741,.T.);
#4960=ADVANCED_FACE('',(#646),#4742,.T.);
#4961=ADVANCED_FACE('',(#647),#443,.F.);
#4962=ADVANCED_FACE('',(#648),#444,.F.);
#4963=ADVANCED_FACE('',(#649),#445,.F.);
#4964=ADVANCED_FACE('',(#650),#4743,.T.);
#4965=ADVANCED_FACE('',(#651),#446,.T.);
#4966=ADVANCED_FACE('',(#652),#54,.T.);
#4967=ADVANCED_FACE('',(#653),#55,.T.);
#4968=ADVANCED_FACE('',(#654),#447,.T.);
#4969=ADVANCED_FACE('',(#655),#107,.F.);
#4970=ADVANCED_FACE('',(#656),#4744,.T.);
#4971=ADVANCED_FACE('',(#657),#108,.F.);
#4972=ADVANCED_FACE('',(#658),#4745,.T.);
#4973=ADVANCED_FACE('',(#659,#98),#448,.F.);
#4974=ADVANCED_FACE('',(#660),#449,.F.);
#4975=ADVANCED_FACE('',(#661),#4746,.T.);
#4976=ADVANCED_FACE('',(#662),#4747,.F.);
#4977=ADVANCED_FACE('',(#663),#4748,.F.);
#4978=ADVANCED_FACE('',(#664),#4749,.F.);
#4979=ADVANCED_FACE('',(#665),#4750,.F.);
#4980=ADVANCED_FACE('',(#666),#4751,.F.);
#4981=ADVANCED_FACE('',(#667),#4752,.F.);
#4982=ADVANCED_FACE('',(#668),#4753,.F.);
#4983=ADVANCED_FACE('',(#669),#4754,.T.);
#4984=ADVANCED_FACE('',(#670),#109,.T.);
#4985=ADVANCED_FACE('',(#671),#110,.T.);
#4986=ADVANCED_FACE('',(#672),#111,.T.);
#4987=ADVANCED_FACE('',(#673),#112,.T.);
#4988=ADVANCED_FACE('',(#674),#450,.T.);
#4989=ADVANCED_FACE('',(#675),#4755,.T.);
#4990=ADVANCED_FACE('',(#676,#99),#451,.T.);
#4991=ADVANCED_FACE('',(#677,#100),#452,.F.);
#4992=ADVANCED_FACE('',(#678),#4756,.F.);
#4993=ADVANCED_FACE('',(#679),#4757,.T.);
#4994=ADVANCED_FACE('',(#680),#113,.T.);
#4995=ADVANCED_FACE('',(#681),#114,.T.);
#4996=ADVANCED_FACE('',(#682),#115,.T.);
#4997=ADVANCED_FACE('',(#683),#116,.T.);
#4998=ADVANCED_FACE('',(#684),#453,.T.);
#4999=ADVANCED_FACE('',(#685),#4758,.T.);
#5000=ADVANCED_FACE('',(#686),#4759,.T.);
#5001=ADVANCED_FACE('',(#687),#117,.T.);
#5002=ADVANCED_FACE('',(#688),#118,.T.);
#5003=ADVANCED_FACE('',(#689),#119,.T.);
#5004=ADVANCED_FACE('',(#690),#120,.T.);
#5005=ADVANCED_FACE('',(#691),#454,.T.);
#5006=ADVANCED_FACE('',(#692),#4760,.T.);
#5007=ADVANCED_FACE('',(#693),#4761,.T.);
#5008=ADVANCED_FACE('',(#694),#121,.T.);
#5009=ADVANCED_FACE('',(#695),#122,.T.);
#5010=ADVANCED_FACE('',(#696),#123,.T.);
#5011=ADVANCED_FACE('',(#697),#124,.T.);
#5012=ADVANCED_FACE('',(#698),#455,.T.);
#5013=ADVANCED_FACE('',(#699),#4762,.T.);
#5014=ADVANCED_FACE('',(#700),#4763,.T.);
#5015=ADVANCED_FACE('',(#701),#125,.T.);
#5016=ADVANCED_FACE('',(#702),#126,.T.);
#5017=ADVANCED_FACE('',(#703),#127,.T.);
#5018=ADVANCED_FACE('',(#704),#128,.T.);
#5019=ADVANCED_FACE('',(#705),#456,.T.);
#5020=ADVANCED_FACE('',(#706),#4764,.T.);
#5021=ADVANCED_FACE('',(#707),#4765,.T.);
#5022=ADVANCED_FACE('',(#708),#129,.T.);
#5023=ADVANCED_FACE('',(#709),#130,.T.);
#5024=ADVANCED_FACE('',(#710),#131,.T.);
#5025=ADVANCED_FACE('',(#711),#132,.T.);
#5026=ADVANCED_FACE('',(#712),#457,.T.);
#5027=ADVANCED_FACE('',(#713),#4766,.T.);
#5028=ADVANCED_FACE('',(#714),#4767,.T.);
#5029=ADVANCED_FACE('',(#715),#133,.T.);
#5030=ADVANCED_FACE('',(#716),#134,.T.);
#5031=ADVANCED_FACE('',(#717),#135,.T.);
#5032=ADVANCED_FACE('',(#718),#136,.T.);
#5033=ADVANCED_FACE('',(#719),#458,.T.);
#5034=ADVANCED_FACE('',(#720),#4768,.T.);
#5035=ADVANCED_FACE('',(#721),#4769,.T.);
#5036=ADVANCED_FACE('',(#722),#137,.T.);
#5037=ADVANCED_FACE('',(#723),#138,.T.);
#5038=ADVANCED_FACE('',(#724),#139,.T.);
#5039=ADVANCED_FACE('',(#725),#140,.T.);
#5040=ADVANCED_FACE('',(#726),#459,.T.);
#5041=ADVANCED_FACE('',(#727),#4770,.T.);
#5042=ADVANCED_FACE('',(#728),#4771,.F.);
#5043=ADVANCED_FACE('',(#729),#4772,.F.);
#5044=ADVANCED_FACE('',(#730),#4773,.F.);
#5045=ADVANCED_FACE('',(#731),#4774,.F.);
#5046=ADVANCED_FACE('',(#732),#50,.F.);
#5047=ADVANCED_FACE('',(#733),#51,.T.);
#5048=ADVANCED_FACE('',(#734),#52,.F.);
#5049=ADVANCED_FACE('',(#735),#53,.T.);
#5050=ADVANCED_FACE('',(#736),#4775,.F.);
#5051=ADVANCED_FACE('',(#737),#31,.T.);
#5052=ADVANCED_FACE('',(#738),#32,.T.);
#5053=ADVANCED_FACE('',(#739),#33,.T.);
#5054=ADVANCED_FACE('',(#740,#101),#460,.F.);
#5055=ADVANCED_FACE('',(#741,#102),#461,.T.);
#5056=ADVANCED_FACE('',(#742),#462,.F.);
#5057=ADVANCED_FACE('',(#743),#463,.F.);
#5058=ADVANCED_FACE('',(#744),#464,.F.);
#5059=ADVANCED_FACE('',(#745),#465,.F.);
#5060=ADVANCED_FACE('',(#746),#466,.F.);
#5061=ADVANCED_FACE('',(#747),#467,.F.);
#5062=ADVANCED_FACE('',(#748),#4776,.T.);
#5063=ADVANCED_FACE('',(#749),#4777,.T.);
#5064=ADVANCED_FACE('',(#750),#4778,.T.);
#5065=ADVANCED_FACE('',(#751),#4779,.T.);
#5066=ADVANCED_FACE('',(#752),#4780,.T.);
#5067=ADVANCED_FACE('',(#753),#4781,.T.);
#5068=CLOSED_SHELL('',(#4782,#4783,#4784,#4785,#4786,#4787,#4788,#4789,
#4790,#4791,#4792,#4793,#4794,#4795,#4796,#4797,#4798,#4799,#4800,#4801,
#4802,#4803,#4804,#4805,#4806,#4807,#4808,#4809,#4810,#4811,#4812,#4813,
#4814));
#5069=CLOSED_SHELL('',(#4815,#4816,#4817,#4818,#4819,#4820,#4821,#4822,
#4823,#4824,#4825,#4826,#4827,#4828,#4829,#4830,#4831,#4832,#4833,#4834,
#4835,#4836));
#5070=CLOSED_SHELL('',(#4837,#4838,#4839,#4840,#4841,#4842,#4843,#4844,
#4845,#4846,#4847,#4848,#4849,#4850,#4851,#4852,#4853,#4854,#4855,#4856,
#4857,#4858));
#5071=CLOSED_SHELL('',(#4859,#4860,#4861,#4862,#4863,#4864,#4865,#4866,
#4867,#4868,#4869,#4870,#4871,#4872,#4873,#4874,#4875,#4876,#4877,#4878,
#4879,#4880));
#5072=CLOSED_SHELL('',(#4881,#4882,#4883,#4884,#4885,#4886,#4887,#4888,
#4889,#4890,#4891,#4892,#4893,#4894,#4895,#4896,#4897,#4898,#4899,#4900,
#4901,#4902,#4903));
#5073=CLOSED_SHELL('',(#4904,#4905,#4906,#4907,#4908,#4909,#4910,#4911,
#4912,#4913,#4914,#4915,#4916,#4917,#4918,#4919,#4920,#4921,#4922,#4923,
#4924,#4925,#4926,#4927,#4928,#4929,#4930,#4931,#4932,#4933));
#5074=CLOSED_SHELL('',(#4934,#4935,#4936,#4937,#4938,#4939,#4940,#4941,
#4942,#4943,#4944,#4945,#4946,#4947,#4948,#4949,#4950,#4951,#4952,#4953,
#4954,#4955,#4956,#4957,#4958,#4959,#4960,#4961,#4962,#4963,#4964,#4965,
#4966,#4967,#4968,#4969,#4970,#4971,#4972,#4973,#4974));
#5075=CLOSED_SHELL('',(#4975,#4976,#4977,#4978,#4979,#4980,#4981,#4982,
#4983,#4984,#4985,#4986,#4987,#4988,#4989,#4990,#4991,#4992,#4993,#4994,
#4995,#4996,#4997,#4998,#4999,#5000,#5001,#5002,#5003,#5004,#5005,#5006,
#5007,#5008,#5009,#5010,#5011,#5012,#5013,#5014,#5015,#5016,#5017,#5018,
#5019,#5020,#5021,#5022,#5023,#5024,#5025,#5026,#5027,#5028,#5029,#5030,
#5031,#5032,#5033,#5034,#5035,#5036,#5037,#5038,#5039,#5040,#5041));
#5076=CLOSED_SHELL('',(#5042,#5043,#5044,#5045,#5046,#5047,#5048,#5049,
#5050,#5051,#5052,#5053,#5054,#5055,#5056,#5057,#5058,#5059,#5060,#5061,
#5062,#5063,#5064,#5065,#5066,#5067));
#5077=DERIVED_UNIT_ELEMENT(#5087,1.);
#5078=DERIVED_UNIT_ELEMENT(#11995,-3.);
#5079=DERIVED_UNIT_ELEMENT(#5087,1.);
#5080=DERIVED_UNIT_ELEMENT(#11995,-3.);
#5081=DERIVED_UNIT_ELEMENT(#5087,1.);
#5082=DERIVED_UNIT_ELEMENT(#11995,-3.);
#5083=DERIVED_UNIT_ELEMENT(#5087,1.);
#5084=DERIVED_UNIT_ELEMENT(#11995,-3.);
#5085=DERIVED_UNIT_ELEMENT(#5087,1.);
#5086=DERIVED_UNIT_ELEMENT(#11995,-3.);
#5087=(
MASS_UNIT()
NAMED_UNIT(*)
SI_UNIT(.KILO.,.GRAM.)
);
#5088=DERIVED_UNIT((#5077,#5078));
#5089=DERIVED_UNIT((#5079,#5080));
#5090=DERIVED_UNIT((#5081,#5082));
#5091=DERIVED_UNIT((#5083,#5084));
#5092=DERIVED_UNIT((#5085,#5086));
#5093=MEASURE_REPRESENTATION_ITEM('density measure',
POSITIVE_RATIO_MEASURE(7850.),#5088);
#5094=MEASURE_REPRESENTATION_ITEM('density measure',
POSITIVE_RATIO_MEASURE(7850.),#5089);
#5095=MEASURE_REPRESENTATION_ITEM('density measure',
POSITIVE_RATIO_MEASURE(7850.),#5090);
#5096=MEASURE_REPRESENTATION_ITEM('density measure',
POSITIVE_RATIO_MEASURE(7850.),#5091);
#5097=MEASURE_REPRESENTATION_ITEM('density measure',
POSITIVE_RATIO_MEASURE(7850.),#5092);
#5098=PROPERTY_DEFINITION_REPRESENTATION(#5123,#5108);
#5099=PROPERTY_DEFINITION_REPRESENTATION(#5124,#5109);
#5100=PROPERTY_DEFINITION_REPRESENTATION(#5125,#5110);
#5101=PROPERTY_DEFINITION_REPRESENTATION(#5126,#5111);
#5102=PROPERTY_DEFINITION_REPRESENTATION(#5127,#5112);
#5103=PROPERTY_DEFINITION_REPRESENTATION(#5128,#5113);
#5104=PROPERTY_DEFINITION_REPRESENTATION(#5129,#5114);
#5105=PROPERTY_DEFINITION_REPRESENTATION(#5130,#5115);
#5106=PROPERTY_DEFINITION_REPRESENTATION(#5131,#5116);
#5107=PROPERTY_DEFINITION_REPRESENTATION(#5132,#5117);
#5108=REPRESENTATION('material name',(#5118),#11988);
#5109=REPRESENTATION('density',(#5093),#11988);
#5110=REPRESENTATION('material name',(#5119),#11989);
#5111=REPRESENTATION('density',(#5094),#11989);
#5112=REPRESENTATION('material name',(#5120),#11990);
#5113=REPRESENTATION('density',(#5095),#11990);
#5114=REPRESENTATION('material name',(#5121),#11991);
#5115=REPRESENTATION('density',(#5096),#11991);
#5116=REPRESENTATION('material name',(#5122),#11992);
#5117=REPRESENTATION('density',(#5097),#11992);
#5118=DESCRIPTIVE_REPRESENTATION_ITEM('Steel','Steel');
#5119=DESCRIPTIVE_REPRESENTATION_ITEM('Steel','Steel');
#5120=DESCRIPTIVE_REPRESENTATION_ITEM('Steel','Steel');
#5121=DESCRIPTIVE_REPRESENTATION_ITEM('Steel','Steel');
#5122=DESCRIPTIVE_REPRESENTATION_ITEM('Steel','Steel');
#5123=PROPERTY_DEFINITION('material property','material name',#12023);
#5124=PROPERTY_DEFINITION('material property','density of part',#12023);
#5125=PROPERTY_DEFINITION('material property','material name',#12024);
#5126=PROPERTY_DEFINITION('material property','density of part',#12024);
#5127=PROPERTY_DEFINITION('material property','material name',#12025);
#5128=PROPERTY_DEFINITION('material property','density of part',#12025);
#5129=PROPERTY_DEFINITION('material property','material name',#12026);
#5130=PROPERTY_DEFINITION('material property','density of part',#12026);
#5131=PROPERTY_DEFINITION('material property','material name',#12027);
#5132=PROPERTY_DEFINITION('material property','density of part',#12027);
#5133=AXIS2_PLACEMENT_3D('',#6665,#5502,#5503);
#5134=AXIS2_PLACEMENT_3D('',#6666,#5504,#5505);
#5135=AXIS2_PLACEMENT_3D('',#6667,#5506,#5507);
#5136=AXIS2_PLACEMENT_3D('',#6669,#5508,#5509);
#5137=AXIS2_PLACEMENT_3D('',#6672,#5511,#5512);
#5138=AXIS2_PLACEMENT_3D('',#6673,#5513,#5514);
#5139=AXIS2_PLACEMENT_3D('',#6684,#5520,#5521);
#5140=AXIS2_PLACEMENT_3D('',#6739,#5528,#5529);
#5141=AXIS2_PLACEMENT_3D('',#6742,#5532,#5533);
#5142=AXIS2_PLACEMENT_3D('',#6744,#5535,#5536);
#5143=AXIS2_PLACEMENT_3D('',#6752,#5541,#5542);
#5144=AXIS2_PLACEMENT_3D('',#6788,#5548,#5549);
#5145=AXIS2_PLACEMENT_3D('',#6789,#5550,#5551);
#5146=AXIS2_PLACEMENT_3D('',#6842,#5557,#5558);
#5147=AXIS2_PLACEMENT_3D('',#6845,#5561,#5562);
#5148=AXIS2_PLACEMENT_3D('',#6846,#5563,#5564);
#5149=AXIS2_PLACEMENT_3D('',#6852,#5568,#5569);
#5150=AXIS2_PLACEMENT_3D('',#6872,#5579,#5580);
#5151=AXIS2_PLACEMENT_3D('',#6910,#5587,#5588);
#5152=AXIS2_PLACEMENT_3D('',#6914,#5591,#5592);
#5153=AXIS2_PLACEMENT_3D('',#6918,#5595,#5596);
#5154=AXIS2_PLACEMENT_3D('',#6922,#5599,#5600);
#5155=AXIS2_PLACEMENT_3D('',#6926,#5603,#5604);
#5156=AXIS2_PLACEMENT_3D('',#6930,#5607,#5608);
#5157=AXIS2_PLACEMENT_3D('',#6934,#5611,#5612);
#5158=AXIS2_PLACEMENT_3D('',#6938,#5615,#5616);
#5159=AXIS2_PLACEMENT_3D('',#6942,#5619,#5620);
#5160=AXIS2_PLACEMENT_3D('',#6944,#5621,#5622);
#5161=AXIS2_PLACEMENT_3D('',#6946,#5624,#5625);
#5162=AXIS2_PLACEMENT_3D('',#6950,#5628,#5629);
#5163=AXIS2_PLACEMENT_3D('',#6954,#5632,#5633);
#5164=AXIS2_PLACEMENT_3D('',#6958,#5636,#5637);
#5165=AXIS2_PLACEMENT_3D('',#6960,#5639,#5640);
#5166=AXIS2_PLACEMENT_3D('',#6961,#5641,#5642);
#5167=AXIS2_PLACEMENT_3D('',#6962,#5643,#5644);
#5168=AXIS2_PLACEMENT_3D('',#6963,#5645,#5646);
#5169=AXIS2_PLACEMENT_3D('',#6964,#5647,#5648);
#5170=AXIS2_PLACEMENT_3D('',#6973,#5653,#5654);
#5171=AXIS2_PLACEMENT_3D('',#6977,#5656,#5657);
#5172=AXIS2_PLACEMENT_3D('',#6980,#5659,#5660);
#5173=AXIS2_PLACEMENT_3D('',#6981,#5661,#5662);
#5174=AXIS2_PLACEMENT_3D('',#6985,#5664,#5665);
#5175=AXIS2_PLACEMENT_3D('',#6987,#5667,#5668);
#5176=AXIS2_PLACEMENT_3D('',#7008,#5680,#5681);
#5177=AXIS2_PLACEMENT_3D('',#7028,#5692,#5693);
#5178=AXIS2_PLACEMENT_3D('',#7034,#5697,#5698);
#5179=AXIS2_PLACEMENT_3D('',#7040,#5702,#5703);
#5180=AXIS2_PLACEMENT_3D('',#7042,#5705,#5706);
#5181=AXIS2_PLACEMENT_3D('',#7043,#5707,#5708);
#5182=AXIS2_PLACEMENT_3D('',#7047,#5711,#5712);
#5183=AXIS2_PLACEMENT_3D('',#7049,#5714,#5715);
#5184=AXIS2_PLACEMENT_3D('',#7051,#5717,#5718);
#5185=AXIS2_PLACEMENT_3D('',#7054,#5721,#5722);
#5186=AXIS2_PLACEMENT_3D('',#7057,#5725,#5726);
#5187=AXIS2_PLACEMENT_3D('',#7060,#5729,#5730);
#5188=AXIS2_PLACEMENT_3D('',#7061,#5731,#5732);
#5189=AXIS2_PLACEMENT_3D('',#7062,#5733,#5734);
#5190=AXIS2_PLACEMENT_3D('',#7063,#5735,#5736);
#5191=AXIS2_PLACEMENT_3D('',#7064,#5737,#5738);
#5192=AXIS2_PLACEMENT_3D('',#7066,#5740,#5741);
#5193=AXIS2_PLACEMENT_3D('',#7068,#5743,#5744);
#5194=AXIS2_PLACEMENT_3D('',#7069,#5745,#5746);
#5195=AXIS2_PLACEMENT_3D('',#7070,#5747,#5748);
#5196=AXIS2_PLACEMENT_3D('',#7079,#5753,#5754);
#5197=AXIS2_PLACEMENT_3D('',#7083,#5756,#5757);
#5198=AXIS2_PLACEMENT_3D('',#7086,#5759,#5760);
#5199=AXIS2_PLACEMENT_3D('',#7087,#5761,#5762);
#5200=AXIS2_PLACEMENT_3D('',#7091,#5764,#5765);
#5201=AXIS2_PLACEMENT_3D('',#7093,#5767,#5768);
#5202=AXIS2_PLACEMENT_3D('',#7114,#5780,#5781);
#5203=AXIS2_PLACEMENT_3D('',#7134,#5792,#5793);
#5204=AXIS2_PLACEMENT_3D('',#7140,#5797,#5798);
#5205=AXIS2_PLACEMENT_3D('',#7146,#5802,#5803);
#5206=AXIS2_PLACEMENT_3D('',#7148,#5805,#5806);
#5207=AXIS2_PLACEMENT_3D('',#7149,#5807,#5808);
#5208=AXIS2_PLACEMENT_3D('',#7153,#5811,#5812);
#5209=AXIS2_PLACEMENT_3D('',#7155,#5814,#5815);
#5210=AXIS2_PLACEMENT_3D('',#7157,#5817,#5818);
#5211=AXIS2_PLACEMENT_3D('',#7160,#5821,#5822);
#5212=AXIS2_PLACEMENT_3D('',#7163,#5825,#5826);
#5213=AXIS2_PLACEMENT_3D('',#7166,#5829,#5830);
#5214=AXIS2_PLACEMENT_3D('',#7167,#5831,#5832);
#5215=AXIS2_PLACEMENT_3D('',#7168,#5833,#5834);
#5216=AXIS2_PLACEMENT_3D('',#7169,#5835,#5836);
#5217=AXIS2_PLACEMENT_3D('',#7170,#5837,#5838);
#5218=AXIS2_PLACEMENT_3D('',#7172,#5840,#5841);
#5219=AXIS2_PLACEMENT_3D('',#7174,#5843,#5844);
#5220=AXIS2_PLACEMENT_3D('',#7175,#5845,#5846);
#5221=AXIS2_PLACEMENT_3D('',#7176,#5847,#5848);
#5222=AXIS2_PLACEMENT_3D('',#7185,#5853,#5854);
#5223=AXIS2_PLACEMENT_3D('',#7189,#5856,#5857);
#5224=AXIS2_PLACEMENT_3D('',#7192,#5859,#5860);
#5225=AXIS2_PLACEMENT_3D('',#7193,#5861,#5862);
#5226=AXIS2_PLACEMENT_3D('',#7197,#5864,#5865);
#5227=AXIS2_PLACEMENT_3D('',#7199,#5867,#5868);
#5228=AXIS2_PLACEMENT_3D('',#7220,#5880,#5881);
#5229=AXIS2_PLACEMENT_3D('',#7240,#5892,#5893);
#5230=AXIS2_PLACEMENT_3D('',#7246,#5897,#5898);
#5231=AXIS2_PLACEMENT_3D('',#7252,#5902,#5903);
#5232=AXIS2_PLACEMENT_3D('',#7254,#5905,#5906);
#5233=AXIS2_PLACEMENT_3D('',#7255,#5907,#5908);
#5234=AXIS2_PLACEMENT_3D('',#7259,#5911,#5912);
#5235=AXIS2_PLACEMENT_3D('',#7261,#5914,#5915);
#5236=AXIS2_PLACEMENT_3D('',#7263,#5917,#5918);
#5237=AXIS2_PLACEMENT_3D('',#7266,#5921,#5922);
#5238=AXIS2_PLACEMENT_3D('',#7269,#5925,#5926);
#5239=AXIS2_PLACEMENT_3D('',#7272,#5929,#5930);
#5240=AXIS2_PLACEMENT_3D('',#7273,#5931,#5932);
#5241=AXIS2_PLACEMENT_3D('',#7274,#5933,#5934);
#5242=AXIS2_PLACEMENT_3D('',#7275,#5935,#5936);
#5243=AXIS2_PLACEMENT_3D('',#7276,#5937,#5938);
#5244=AXIS2_PLACEMENT_3D('',#7278,#5940,#5941);
#5245=AXIS2_PLACEMENT_3D('',#7280,#5943,#5944);
#5246=AXIS2_PLACEMENT_3D('',#7281,#5945,#5946);
#5247=AXIS2_PLACEMENT_3D('',#7282,#5947,#5948);
#5248=AXIS2_PLACEMENT_3D('',#7284,#5949,#5950);
#5249=AXIS2_PLACEMENT_3D('',#7287,#5952,#5953);
#5250=AXIS2_PLACEMENT_3D('',#7288,#5954,#5955);
#5251=AXIS2_PLACEMENT_3D('',#7297,#5960,#5961);
#5252=AXIS2_PLACEMENT_3D('',#7303,#5965,#5966);
#5253=AXIS2_PLACEMENT_3D('',#7309,#5970,#5971);
#5254=AXIS2_PLACEMENT_3D('',#7315,#5975,#5976);
#5255=AXIS2_PLACEMENT_3D('',#7321,#5980,#5981);
#5256=AXIS2_PLACEMENT_3D('',#7327,#5985,#5986);
#5257=AXIS2_PLACEMENT_3D('',#7333,#5990,#5991);
#5258=AXIS2_PLACEMENT_3D('',#7339,#5995,#5996);
#5259=AXIS2_PLACEMENT_3D('',#7345,#6000,#6001);
#5260=AXIS2_PLACEMENT_3D('',#7351,#6005,#6006);
#5261=AXIS2_PLACEMENT_3D('',#7357,#6010,#6011);
#5262=AXIS2_PLACEMENT_3D('',#7363,#6015,#6016);
#5263=AXIS2_PLACEMENT_3D('',#7369,#6020,#6021);
#5264=AXIS2_PLACEMENT_3D('',#7375,#6025,#6026);
#5265=AXIS2_PLACEMENT_3D('',#7381,#6030,#6031);
#5266=AXIS2_PLACEMENT_3D('',#7384,#6034,#6035);
#5267=AXIS2_PLACEMENT_3D('',#7389,#6037,#6038);
#5268=AXIS2_PLACEMENT_3D('',#7392,#6040,#6041);
#5269=AXIS2_PLACEMENT_3D('',#7393,#6042,#6043);
#5270=AXIS2_PLACEMENT_3D('',#7396,#6044,#6045);
#5271=AXIS2_PLACEMENT_3D('',#7400,#6047,#6048);
#5272=AXIS2_PLACEMENT_3D('',#7402,#6050,#6051);
#5273=AXIS2_PLACEMENT_3D('',#7405,#6054,#6055);
#5274=AXIS2_PLACEMENT_3D('',#7407,#6057,#6058);
#5275=AXIS2_PLACEMENT_3D('',#7409,#6060,#6061);
#5276=AXIS2_PLACEMENT_3D('',#7410,#6062,#6063);
#5277=AXIS2_PLACEMENT_3D('',#7413,#6064,#6065);
#5278=AXIS2_PLACEMENT_3D('',#7415,#6066,#6067);
#5279=AXIS2_PLACEMENT_3D('',#7416,#6068,#6069);
#5280=AXIS2_PLACEMENT_3D('',#7417,#6070,#6071);
#5281=AXIS2_PLACEMENT_3D('',#7420,#6072,#6073);
#5282=AXIS2_PLACEMENT_3D('',#7423,#6076,#6077);
#5283=AXIS2_PLACEMENT_3D('',#7426,#6078,#6079);
#5284=AXIS2_PLACEMENT_3D('',#7428,#6080,#6081);
#5285=AXIS2_PLACEMENT_3D('',#7429,#6082,#6083);
#5286=AXIS2_PLACEMENT_3D('',#7430,#6084,#6085);
#5287=AXIS2_PLACEMENT_3D('',#7433,#6088,#6089);
#5288=AXIS2_PLACEMENT_3D('',#7436,#6090,#6091);
#5289=AXIS2_PLACEMENT_3D('',#7438,#6092,#6093);
#5290=AXIS2_PLACEMENT_3D('',#7439,#6094,#6095);
#5291=AXIS2_PLACEMENT_3D('',#7440,#6096,#6097);
#5292=AXIS2_PLACEMENT_3D('',#7443,#6098,#6099);
#5293=AXIS2_PLACEMENT_3D('',#7445,#6100,#6101);
#5294=AXIS2_PLACEMENT_3D('',#7446,#6102,#6103);
#5295=AXIS2_PLACEMENT_3D('',#7447,#6104,#6105);
#5296=AXIS2_PLACEMENT_3D('',#7450,#6108,#6109);
#5297=AXIS2_PLACEMENT_3D('',#7453,#6110,#6111);
#5298=AXIS2_PLACEMENT_3D('',#7456,#6114,#6115);
#5299=AXIS2_PLACEMENT_3D('',#7459,#6118,#6119);
#5300=AXIS2_PLACEMENT_3D('',#7462,#6122,#6123);
#5301=AXIS2_PLACEMENT_3D('',#7465,#6124,#6125);
#5302=AXIS2_PLACEMENT_3D('',#7468,#6128,#6129);
#5303=AXIS2_PLACEMENT_3D('',#7471,#6130,#6131);
#5304=AXIS2_PLACEMENT_3D('',#7474,#6134,#6135);
#5305=AXIS2_PLACEMENT_3D('',#7478,#6138,#6139);
#5306=AXIS2_PLACEMENT_3D('',#7484,#6143,#6144);
#5307=AXIS2_PLACEMENT_3D('',#7492,#6149,#6150);
#5308=AXIS2_PLACEMENT_3D('',#7498,#6154,#6155);
#5309=AXIS2_PLACEMENT_3D('',#7499,#6156,#6157);
#5310=AXIS2_PLACEMENT_3D('',#7501,#6159,#6160);
#5311=AXIS2_PLACEMENT_3D('',#7508,#6165,#6166);
#5312=AXIS2_PLACEMENT_3D('',#7509,#6167,#6168);
#5313=AXIS2_PLACEMENT_3D('',#7513,#6171,#6172);
#5314=AXIS2_PLACEMENT_3D('',#7517,#6175,#6176);
#5315=AXIS2_PLACEMENT_3D('',#7519,#6177,#6178);
#5316=AXIS2_PLACEMENT_3D('',#7522,#6180,#6181);
#5317=AXIS2_PLACEMENT_3D('',#7524,#6183,#6184);
#5318=AXIS2_PLACEMENT_3D('',#7525,#6185,#6186);
#5319=AXIS2_PLACEMENT_3D('',#7527,#6187,#6188);
#5320=AXIS2_PLACEMENT_3D('',#7529,#6189,#6190);
#5321=AXIS2_PLACEMENT_3D('',#7531,#6192,#6193);
#5322=AXIS2_PLACEMENT_3D('',#7534,#6194,#6195);
#5323=AXIS2_PLACEMENT_3D('',#7537,#6198,#6199);
#5324=AXIS2_PLACEMENT_3D('',#7541,#6202,#6203);
#5325=AXIS2_PLACEMENT_3D('',#7543,#6204,#6205);
#5326=AXIS2_PLACEMENT_3D('',#7545,#6207,#6208);
#5327=AXIS2_PLACEMENT_3D('',#7547,#6210,#6211);
#5328=AXIS2_PLACEMENT_3D('',#7548,#6212,#6213);
#5329=AXIS2_PLACEMENT_3D('',#7549,#6214,#6215);
#5330=AXIS2_PLACEMENT_3D('',#7565,#6217,#6218);
#5331=AXIS2_PLACEMENT_3D('',#7573,#6219,#6220);
#5332=AXIS2_PLACEMENT_3D('',#7621,#6222,#6223);
#5333=AXIS2_PLACEMENT_3D('',#7669,#6225,#6226);
#5334=AXIS2_PLACEMENT_3D('',#7720,#6228,#6229);
#5335=AXIS2_PLACEMENT_3D('',#7771,#6231,#6232);
#5336=AXIS2_PLACEMENT_3D('',#7819,#6234,#6235);
#5337=AXIS2_PLACEMENT_3D('',#7867,#6237,#6238);
#5338=AXIS2_PLACEMENT_3D('',#7921,#6240,#6241);
#5339=AXIS2_PLACEMENT_3D('',#7969,#6243,#6244);
#5340=AXIS2_PLACEMENT_3D('',#8017,#6246,#6247);
#5341=AXIS2_PLACEMENT_3D('',#8071,#6249,#6250);
#5342=AXIS2_PLACEMENT_3D('',#8119,#6252,#6253);
#5343=AXIS2_PLACEMENT_3D('',#8167,#6255,#6256);
#5344=AXIS2_PLACEMENT_3D('',#8215,#6258,#6259);
#5345=AXIS2_PLACEMENT_3D('',#8229,#6261,#6262);
#5346=AXIS2_PLACEMENT_3D('',#8237,#6263,#6264);
#5347=AXIS2_PLACEMENT_3D('',#8261,#6266,#6267);
#5348=AXIS2_PLACEMENT_3D('',#8285,#6269,#6270);
#5349=AXIS2_PLACEMENT_3D('',#8310,#6272,#6273);
#5350=AXIS2_PLACEMENT_3D('',#8335,#6275,#6276);
#5351=AXIS2_PLACEMENT_3D('',#8359,#6278,#6279);
#5352=AXIS2_PLACEMENT_3D('',#8384,#6281,#6282);
#5353=AXIS2_PLACEMENT_3D('',#8409,#6284,#6285);
#5354=AXIS2_PLACEMENT_3D('',#8433,#6287,#6288);
#5355=AXIS2_PLACEMENT_3D('',#8458,#6290,#6291);
#5356=AXIS2_PLACEMENT_3D('',#8482,#6293,#6294);
#5357=AXIS2_PLACEMENT_3D('',#8507,#6296,#6297);
#5358=AXIS2_PLACEMENT_3D('',#8531,#6299,#6300);
#5359=AXIS2_PLACEMENT_3D('',#8534,#6301,#6302);
#5360=AXIS2_PLACEMENT_3D('',#8538,#6304,#6305);
#5361=AXIS2_PLACEMENT_3D('',#8540,#6307,#6308);
#5362=AXIS2_PLACEMENT_3D('',#8568,#6312,#6313);
#5363=AXIS2_PLACEMENT_3D('',#8596,#6317,#6318);
#5364=AXIS2_PLACEMENT_3D('',#8598,#6319,#6320);
#5365=AXIS2_PLACEMENT_3D('',#8601,#6322,#6323);
#5366=AXIS2_PLACEMENT_3D('',#8602,#6324,#6325);
#5367=AXIS2_PLACEMENT_3D('',#8603,#6326,#6327);
#5368=AXIS2_PLACEMENT_3D('',#8604,#6328,#6329);
#5369=AXIS2_PLACEMENT_3D('',#8605,#6330,#6331);
#5370=AXIS2_PLACEMENT_3D('',#8606,#6332,#6333);
#5371=AXIS2_PLACEMENT_3D('',#8607,#6334,#6335);
#5372=AXIS2_PLACEMENT_3D('',#8608,#6336,#6337);
#5373=AXIS2_PLACEMENT_3D('',#8609,#6338,#6339);
#5374=AXIS2_PLACEMENT_3D('',#9154,#6340,#6341);
#5375=AXIS2_PLACEMENT_3D('',#9156,#6342,#6343);
#5376=AXIS2_PLACEMENT_3D('',#9693,#6344,#6345);
#5377=AXIS2_PLACEMENT_3D('',#9694,#6346,#6347);
#5378=AXIS2_PLACEMENT_3D('',#9695,#6348,#6349);
#5379=AXIS2_PLACEMENT_3D('',#9696,#6350,#6351);
#5380=AXIS2_PLACEMENT_3D('',#9697,#6352,#6353);
#5381=AXIS2_PLACEMENT_3D('',#9698,#6354,#6355);
#5382=AXIS2_PLACEMENT_3D('',#9700,#6356,#6357);
#5383=AXIS2_PLACEMENT_3D('',#9703,#6359,#6360);
#5384=AXIS2_PLACEMENT_3D('',#9704,#6361,#6362);
#5385=AXIS2_PLACEMENT_3D('',#9714,#6363,#6364);
#5386=AXIS2_PLACEMENT_3D('',#9734,#6365,#6366);
#5387=AXIS2_PLACEMENT_3D('',#9745,#6367,#6368);
#5388=AXIS2_PLACEMENT_3D('',#9755,#6369,#6370);
#5389=AXIS2_PLACEMENT_3D('',#9775,#6371,#6372);
#5390=AXIS2_PLACEMENT_3D('',#9786,#6373,#6374);
#5391=AXIS2_PLACEMENT_3D('',#9796,#6375,#6376);
#5392=AXIS2_PLACEMENT_3D('',#9816,#6377,#6378);
#5393=AXIS2_PLACEMENT_3D('',#9827,#6379,#6380);
#5394=AXIS2_PLACEMENT_3D('',#9837,#6381,#6382);
#5395=AXIS2_PLACEMENT_3D('',#9857,#6383,#6384);
#5396=AXIS2_PLACEMENT_3D('',#9868,#6385,#6386);
#5397=AXIS2_PLACEMENT_3D('',#9878,#6387,#6388);
#5398=AXIS2_PLACEMENT_3D('',#9898,#6389,#6390);
#5399=AXIS2_PLACEMENT_3D('',#9909,#6391,#6392);
#5400=AXIS2_PLACEMENT_3D('',#9919,#6393,#6394);
#5401=AXIS2_PLACEMENT_3D('',#9939,#6395,#6396);
#5402=AXIS2_PLACEMENT_3D('',#9950,#6397,#6398);
#5403=AXIS2_PLACEMENT_3D('',#9960,#6399,#6400);
#5404=AXIS2_PLACEMENT_3D('',#9980,#6401,#6402);
#5405=AXIS2_PLACEMENT_3D('',#9991,#6403,#6404);
#5406=AXIS2_PLACEMENT_3D('',#9995,#6406,#6407);
#5407=AXIS2_PLACEMENT_3D('',#10024,#6408,#6409);
#5408=AXIS2_PLACEMENT_3D('',#10123,#6415,#6416);
#5409=AXIS2_PLACEMENT_3D('',#10124,#6417,#6418);
#5410=AXIS2_PLACEMENT_3D('',#10125,#6419,#6420);
#5411=AXIS2_PLACEMENT_3D('',#10126,#6421,#6422);
#5412=AXIS2_PLACEMENT_3D('',#10128,#6423,#6424);
#5413=AXIS2_PLACEMENT_3D('',#10130,#6425,#6426);
#5414=AXIS2_PLACEMENT_3D('',#10131,#6427,#6428);
#5415=AXIS2_PLACEMENT_3D('',#10133,#6429,#6430);
#5416=AXIS2_PLACEMENT_3D('',#10134,#6431,#6432);
#5417=AXIS2_PLACEMENT_3D('',#10136,#6433,#6434);
#5418=AXIS2_PLACEMENT_3D('',#10137,#6435,#6436);
#5419=AXIS2_PLACEMENT_3D('',#10139,#6437,#6438);
#5420=AXIS2_PLACEMENT_3D('',#10140,#6439,#6440);
#5421=AXIS2_PLACEMENT_3D('',#10142,#6441,#6442);
#5422=AXIS2_PLACEMENT_3D('',#10143,#6443,#6444);
#5423=AXIS2_PLACEMENT_3D('',#10145,#6445,#6446);
#5424=AXIS2_PLACEMENT_3D('',#10146,#6447,#6448);
#5425=AXIS2_PLACEMENT_3D('',#10148,#6449,#6450);
#5426=AXIS2_PLACEMENT_3D('',#10149,#6451,#6452);
#5427=AXIS2_PLACEMENT_3D('',#10150,#6453,#6454);
#5428=AXIS2_PLACEMENT_3D('',#10152,#6455,#6456);
#5429=AXIS2_PLACEMENT_3D('',#10153,#6457,#6458);
#5430=AXIS2_PLACEMENT_3D('',#10155,#6459,#6460);
#5431=AXIS2_PLACEMENT_3D('',#10156,#6461,#6462);
#5432=AXIS2_PLACEMENT_3D('',#10158,#6463,#6464);
#5433=AXIS2_PLACEMENT_3D('',#10159,#6465,#6466);
#5434=AXIS2_PLACEMENT_3D('',#10161,#6467,#6468);
#5435=AXIS2_PLACEMENT_3D('',#10162,#6469,#6470);
#5436=AXIS2_PLACEMENT_3D('',#10164,#6471,#6472);
#5437=AXIS2_PLACEMENT_3D('',#10165,#6473,#6474);
#5438=AXIS2_PLACEMENT_3D('',#10167,#6475,#6476);
#5439=AXIS2_PLACEMENT_3D('',#10168,#6477,#6478);
#5440=AXIS2_PLACEMENT_3D('',#10170,#6479,#6480);
#5441=AXIS2_PLACEMENT_3D('',#10172,#6481,#6482);
#5442=AXIS2_PLACEMENT_3D('',#10173,#6483,#6484);
#5443=AXIS2_PLACEMENT_3D('',#10174,#6485,#6486);
#5444=AXIS2_PLACEMENT_3D('',#10192,#6487,#6488);
#5445=AXIS2_PLACEMENT_3D('',#10297,#6495,#6496);
#5446=AXIS2_PLACEMENT_3D('',#10298,#6497,#6498);
#5447=AXIS2_PLACEMENT_3D('',#10299,#6499,#6500);
#5448=AXIS2_PLACEMENT_3D('',#10404,#6507,#6508);
#5449=AXIS2_PLACEMENT_3D('',#10405,#6509,#6510);
#5450=AXIS2_PLACEMENT_3D('',#10406,#6511,#6512);
#5451=AXIS2_PLACEMENT_3D('',#10511,#6519,#6520);
#5452=AXIS2_PLACEMENT_3D('',#10512,#6521,#6522);
#5453=AXIS2_PLACEMENT_3D('',#10513,#6523,#6524);
#5454=AXIS2_PLACEMENT_3D('',#10618,#6531,#6532);
#5455=AXIS2_PLACEMENT_3D('',#10619,#6533,#6534);
#5456=AXIS2_PLACEMENT_3D('',#10620,#6535,#6536);
#5457=AXIS2_PLACEMENT_3D('',#10725,#6543,#6544);
#5458=AXIS2_PLACEMENT_3D('',#10726,#6545,#6546);
#5459=AXIS2_PLACEMENT_3D('',#10727,#6547,#6548);
#5460=AXIS2_PLACEMENT_3D('',#10832,#6555,#6556);
#5461=AXIS2_PLACEMENT_3D('',#10833,#6557,#6558);
#5462=AXIS2_PLACEMENT_3D('',#10834,#6559,#6560);
#5463=AXIS2_PLACEMENT_3D('',#10939,#6567,#6568);
#5464=AXIS2_PLACEMENT_3D('',#10940,#6569,#6570);
#5465=AXIS2_PLACEMENT_3D('',#10941,#6571,#6572);
#5466=AXIS2_PLACEMENT_3D('',#10942,#6573,#6574);
#5467=AXIS2_PLACEMENT_3D('',#10954,#6576,#6577);
#5468=AXIS2_PLACEMENT_3D('',#10965,#6578,#6579);
#5469=AXIS2_PLACEMENT_3D('',#11041,#6581,#6582);
#5470=AXIS2_PLACEMENT_3D('',#11117,#6584,#6585);
#5471=AXIS2_PLACEMENT_3D('',#11131,#6587,#6588);
#5472=AXIS2_PLACEMENT_3D('',#11144,#6589,#6590);
#5473=AXIS2_PLACEMENT_3D('',#11166,#6591,#6592);
#5474=AXIS2_PLACEMENT_3D('',#11209,#6594,#6595);
#5475=AXIS2_PLACEMENT_3D('',#11210,#6596,#6597);
#5476=AXIS2_PLACEMENT_3D('',#11263,#6599,#6600);
#5477=AXIS2_PLACEMENT_3D('',#11308,#6601,#6602);
#5478=AXIS2_PLACEMENT_3D('',#11338,#6604,#6605);
#5479=AXIS2_PLACEMENT_3D('',#11361,#6606,#6607);
#5480=AXIS2_PLACEMENT_3D('',#11374,#6608,#6609);
#5481=AXIS2_PLACEMENT_3D('',#11427,#6611,#6612);
#5482=AXIS2_PLACEMENT_3D('',#11472,#6613,#6614);
#5483=AXIS2_PLACEMENT_3D('',#11949,#6615,#6616);
#5484=AXIS2_PLACEMENT_3D('',#11950,#6617,#6618);
#5485=AXIS2_PLACEMENT_3D('',#11951,#6619,#6620);
#5486=AXIS2_PLACEMENT_3D('',#11954,#6623,#6624);
#5487=AXIS2_PLACEMENT_3D('',#11957,#6627,#6628);
#5488=AXIS2_PLACEMENT_3D('',#11960,#6631,#6632);
#5489=AXIS2_PLACEMENT_3D('',#11963,#6635,#6636);
#5490=AXIS2_PLACEMENT_3D('',#11966,#6639,#6640);
#5491=AXIS2_PLACEMENT_3D('',#11969,#6643,#6644);
#5492=AXIS2_PLACEMENT_3D('',#11970,#6645,#6646);
#5493=AXIS2_PLACEMENT_3D('',#11971,#6647,#6648);
#5494=AXIS2_PLACEMENT_3D('',#11972,#6649,#6650);
#5495=AXIS2_PLACEMENT_3D('',#11973,#6651,#6652);
#5496=AXIS2_PLACEMENT_3D('',#11974,#6653,#6654);
#5497=AXIS2_PLACEMENT_3D('',#11975,#6655,#6656);
#5498=AXIS2_PLACEMENT_3D('',#11976,#6657,#6658);
#5499=AXIS2_PLACEMENT_3D('',#11977,#6659,#6660);
#5500=AXIS2_PLACEMENT_3D('',#11978,#6661,#6662);
#5501=AXIS2_PLACEMENT_3D('',#11979,#6663,#6664);
#5502=DIRECTION('axis',(0.,0.,1.));
#5503=DIRECTION('refdir',(1.,0.,0.));
#5504=DIRECTION('axis',(0.,0.,1.));
#5505=DIRECTION('refdir',(1.,0.,0.));
#5506=DIRECTION('center_axis',(0.,0.,-1.));
#5507=DIRECTION('ref_axis',(-1.,0.,0.));
#5508=DIRECTION('center_axis',(-1.13840112979154E-15,1.19438807060096E-15,
-1.));
#5509=DIRECTION('ref_axis',(-1.,0.,0.));
#5510=DIRECTION('',(0.,0.,-1.));
#5511=DIRECTION('center_axis',(1.13840112979154E-15,-1.19438807060096E-15,
1.));
#5512=DIRECTION('ref_axis',(-1.,0.,0.));
#5513=DIRECTION('center_axis',(1.,0.,-1.15246951493178E-15));
#5514=DIRECTION('ref_axis',(2.22044604925031E-16,1.,1.21005836240763E-15));
#5515=DIRECTION('',(1.08370841874927E-15,-1.25075791317804E-15,1.));
#5516=DIRECTION('',(1.08370841874927E-15,-1.25075791317804E-15,1.));
#5517=DIRECTION('',(2.22044604925031E-16,1.,1.21005836240763E-15));
#5518=DIRECTION('',(1.13840112979154E-15,-1.19438807060096E-15,1.));
#5519=DIRECTION('',(2.22044604925031E-16,1.,1.21005836240763E-15));
#5520=DIRECTION('center_axis',(-0.72386889970356,-0.689937545029953,0.));
#5521=DIRECTION('ref_axis',(-0.689937545029953,0.72386889970356,1.65000605923268E-15));
#5522=DIRECTION('',(0.72386889970356,0.689937545029953,1.3499242684697E-35));
#5523=DIRECTION('',(0.72386889970356,0.689937545029953,5.83613314681153E-19));
#5524=DIRECTION('',(-1.19473072121178E-15,1.13973561071553E-15,-1.));
#5525=DIRECTION('',(-0.689937545029953,0.72386889970356,1.64983180573587E-15));
#5526=DIRECTION('',(-0.689937545029953,0.72386889970356,1.64983180573587E-15));
#5527=DIRECTION('',(-1.19473072121178E-15,1.13973561071553E-15,-1.));
#5528=DIRECTION('center_axis',(1.13840112979154E-15,-1.19438807060096E-15,
1.));
#5529=DIRECTION('ref_axis',(1.,1.11022302462516E-16,-1.20798066616304E-15));
#5530=DIRECTION('',(-0.72386889970356,-0.689937545029953,-1.3499242684697E-35));
#5531=DIRECTION('',(1.,0.,-1.15246951493178E-15));
#5532=DIRECTION('center_axis',(1.13840112979154E-15,-1.19438807060096E-15,
1.));
#5533=DIRECTION('ref_axis',(1.,1.11022302462516E-16,-1.20798066616304E-15));
#5534=DIRECTION('',(-1.,0.,1.15246951493178E-15));
#5535=DIRECTION('center_axis',(-0.499424331585008,-0.476013816041957,-0.723868899703559));
#5536=DIRECTION('ref_axis',(0.523986183958041,0.499424331585008,-0.689937545029953));
#5537=DIRECTION('',(0.523986183958041,0.499424331585008,-0.689937545029953));
#5538=DIRECTION('',(-0.689937545029953,0.72386889970356,1.65000605923268E-15));
#5539=DIRECTION('',(-0.689937545029953,0.72386889970356,1.65000605923268E-15));
#5540=DIRECTION('',(-0.523986183958041,-0.499424331585008,0.689937545029953));
#5541=DIRECTION('center_axis',(0.689937545029953,-0.72386889970356,-1.65000605923268E-15));
#5542=DIRECTION('ref_axis',(0.523986183958041,0.499424331585008,-0.689937545029953));
#5543=DIRECTION('',(-0.72386889970356,-0.689937545029953,-5.83613314681153E-19));
#5544=DIRECTION('',(0.499424331585008,0.476013816041957,0.723868899703559));
#5545=DIRECTION('',(-0.72386889970356,-0.689937545029953,-5.55111512312578E-17));
#5546=DIRECTION('',(0.689937545029953,-0.72386889970356,-1.64983180573587E-15));
#5547=DIRECTION('',(0.689937545029953,-0.72386889970356,-1.64983180573587E-15));
#5548=DIRECTION('center_axis',(-2.22044604925031E-16,-1.,-1.21005836240763E-15));
#5549=DIRECTION('ref_axis',(1.,0.,-1.15246951493178E-15));
#5550=DIRECTION('center_axis',(0.72386889970356,0.689937545029953,0.));
#5551=DIRECTION('ref_axis',(0.,0.,1.));
#5552=DIRECTION('',(-0.723868899703559,-0.689937545029953,0.));
#5553=DIRECTION('',(0.689937545029953,-0.72386889970356,-1.65000605923268E-15));
#5554=DIRECTION('',(0.,0.,1.));
#5555=DIRECTION('',(0.,0.,1.));
#5556=DIRECTION('',(0.689937545029953,-0.72386889970356,-1.65000605923268E-15));
#5557=DIRECTION('center_axis',(0.689937545029953,-0.72386889970356,-1.65000605923268E-15));
#5558=DIRECTION('ref_axis',(0.523986183958041,0.499424331585008,-0.689937545029953));
#5559=DIRECTION('',(0.72386889970356,0.689937545029953,5.55111512312578E-17));
#5560=DIRECTION('',(0.499424331585008,0.476013816041957,0.723868899703559));
#5561=DIRECTION('center_axis',(-0.72386889970356,-0.689937545029953,0.));
#5562=DIRECTION('ref_axis',(-0.689937545029953,0.72386889970356,1.65000605923268E-15));
#5563=DIRECTION('center_axis',(1.,-9.29769758648802E-17,0.));
#5564=DIRECTION('ref_axis',(9.29769758648802E-17,1.,0.));
#5565=DIRECTION('',(9.29769758648802E-17,1.,0.));
#5566=DIRECTION('',(0.,0.,1.));
#5567=DIRECTION('',(9.29769758648802E-17,1.,0.));
#5568=DIRECTION('center_axis',(0.,0.,1.));
#5569=DIRECTION('ref_axis',(1.,0.,0.));
#5570=DIRECTION('',(0.723868899703559,0.689937545029953,0.));
#5571=DIRECTION('',(-1.,9.29769758648802E-17,0.));
#5572=DIRECTION('',(-1.17483917949752E-16,-1.,0.));
#5573=DIRECTION('',(-1.,0.,0.));
#5574=DIRECTION('',(0.,1.,0.));
#5575=DIRECTION('',(1.,0.,0.));
#5576=DIRECTION('',(0.,1.,0.));
#5577=DIRECTION('',(1.,0.,0.));
#5578=DIRECTION('',(0.,-1.,0.));
#5579=DIRECTION('center_axis',(0.,0.,1.));
#5580=DIRECTION('ref_axis',(-1.,0.,0.));
#5581=DIRECTION('',(0.,-1.,0.));
#5582=DIRECTION('',(-1.,0.,0.));
#5583=DIRECTION('',(0.,1.,0.));
#5584=DIRECTION('',(1.,0.,0.));
#5585=DIRECTION('',(0.,0.,-1.));
#5586=DIRECTION('',(0.,0.,-1.));
#5587=DIRECTION('center_axis',(-9.29769758648802E-17,-1.,0.));
#5588=DIRECTION('ref_axis',(1.,-9.29769758648802E-17,0.));
#5589=DIRECTION('',(1.,-9.29769758648802E-17,0.));
#5590=DIRECTION('',(0.,0.,1.));
#5591=DIRECTION('center_axis',(1.,-1.17483917949752E-16,0.));
#5592=DIRECTION('ref_axis',(1.17483917949752E-16,1.,0.));
#5593=DIRECTION('',(1.17483917949752E-16,1.,0.));
#5594=DIRECTION('',(0.,0.,1.));
#5595=DIRECTION('center_axis',(0.,-1.,0.));
#5596=DIRECTION('ref_axis',(1.,0.,0.));
#5597=DIRECTION('',(1.,0.,0.));
#5598=DIRECTION('',(0.,0.,1.));
#5599=DIRECTION('center_axis',(-1.,0.,0.));
#5600=DIRECTION('ref_axis',(0.,-1.,0.));
#5601=DIRECTION('',(0.,-1.,0.));
#5602=DIRECTION('',(0.,0.,1.));
#5603=DIRECTION('center_axis',(0.,1.,0.));
#5604=DIRECTION('ref_axis',(-1.,0.,0.));
#5605=DIRECTION('',(-1.,0.,0.));
#5606=DIRECTION('',(0.,0.,1.));
#5607=DIRECTION('center_axis',(-1.,0.,0.));
#5608=DIRECTION('ref_axis',(0.,-1.,0.));
#5609=DIRECTION('',(0.,-1.,0.));
#5610=DIRECTION('',(0.,0.,1.));
#5611=DIRECTION('center_axis',(0.,1.,0.));
#5612=DIRECTION('ref_axis',(-1.,0.,0.));
#5613=DIRECTION('',(-1.,0.,0.));
#5614=DIRECTION('',(0.,0.,1.));
#5615=DIRECTION('center_axis',(1.,0.,0.));
#5616=DIRECTION('ref_axis',(0.,1.,0.));
#5617=DIRECTION('',(0.,1.,0.));
#5618=DIRECTION('',(0.,0.,1.));
#5619=DIRECTION('center_axis',(0.,0.,1.));
#5620=DIRECTION('ref_axis',(-1.,0.,0.));
#5621=DIRECTION('center_axis',(0.,0.,-1.));
#5622=DIRECTION('ref_axis',(-1.,0.,0.));
#5623=DIRECTION('',(0.,0.,1.));
#5624=DIRECTION('center_axis',(-1.,0.,0.));
#5625=DIRECTION('ref_axis',(0.,-1.,0.));
#5626=DIRECTION('',(0.,-1.,0.));
#5627=DIRECTION('',(0.,0.,1.));
#5628=DIRECTION('center_axis',(0.,1.,0.));
#5629=DIRECTION('ref_axis',(-1.,0.,0.));
#5630=DIRECTION('',(-1.,0.,0.));
#5631=DIRECTION('',(0.,0.,1.));
#5632=DIRECTION('center_axis',(1.,0.,0.));
#5633=DIRECTION('ref_axis',(0.,1.,0.));
#5634=DIRECTION('',(0.,1.,0.));
#5635=DIRECTION('',(0.,0.,1.));
#5636=DIRECTION('center_axis',(0.,-1.,0.));
#5637=DIRECTION('ref_axis',(1.,0.,0.));
#5638=DIRECTION('',(1.,0.,0.));
#5639=DIRECTION('center_axis',(0.523986183958041,0.499424331585008,-0.689937545029953));
#5640=DIRECTION('ref_axis',(0.499424331585008,0.476013816041957,0.723868899703559));
#5641=DIRECTION('center_axis',(0.,0.,1.));
#5642=DIRECTION('ref_axis',(1.,0.,0.));
#5643=DIRECTION('center_axis',(0.72386889970356,0.689937545029953,0.));
#5644=DIRECTION('ref_axis',(0.,0.,1.));
#5645=DIRECTION('axis',(0.,0.,1.));
#5646=DIRECTION('refdir',(1.,0.,0.));
#5647=DIRECTION('center_axis',(1.,5.42341872339446E-31,4.44089209850062E-16));
#5648=DIRECTION('ref_axis',(4.44089209850062E-16,-7.27366154732461E-16,
-1.));
#5649=DIRECTION('',(-3.45126646034193E-31,1.,-5.0532154980743E-16));
#5650=DIRECTION('',(-4.44089209850062E-16,7.27366154732461E-16,1.));
#5651=DIRECTION('',(2.20881053461883E-31,-1.,7.27366154732461E-16));
#5652=DIRECTION('',(-4.44089209850062E-16,7.27366154732461E-16,1.));
#5653=DIRECTION('center_axis',(1.,3.72587602799948E-31,2.22044604925031E-16));
#5654=DIRECTION('ref_axis',(-2.22044604925031E-16,2.22044604925031E-16,
1.));
#5655=DIRECTION('',(-1.,-3.94430452610506E-31,-2.22044604925031E-16));
#5656=DIRECTION('center_axis',(1.,3.72587602799948E-31,2.22044604925031E-16));
#5657=DIRECTION('ref_axis',(-2.61845052977636E-16,7.85535158932907E-16,
1.));
#5658=DIRECTION('',(-1.,-5.81412813399913E-32,-2.22044604925031E-16));
#5659=DIRECTION('center_axis',(-1.,-3.72587602799948E-31,-2.22044604925031E-16));
#5660=DIRECTION('ref_axis',(0.,-1.,7.85535158932907E-16));
#5661=DIRECTION('center_axis',(-1.,-3.72587602799948E-31,-2.22044604925031E-16));
#5662=DIRECTION('ref_axis',(-2.22044604925031E-16,0.,1.));
#5663=DIRECTION('',(2.95822839457879E-31,-1.,5.0532154980743E-16));
#5664=DIRECTION('center_axis',(1.,3.72587602799948E-31,2.22044604925031E-16));
#5665=DIRECTION('ref_axis',(0.,5.2369010595528E-16,1.));
#5666=DIRECTION('',(-2.22044604925031E-16,2.61845052977628E-16,1.));
#5667=DIRECTION('center_axis',(2.46519032881566E-31,-1.,7.27366154732461E-16));
#5668=DIRECTION('ref_axis',(4.44089209850062E-16,-7.27366154732461E-16,
-1.));
#5669=DIRECTION('',(1.,3.94430452610506E-31,2.22044604925031E-16));
#5670=DIRECTION('',(2.18800446736191E-16,-7.27366154732461E-16,-1.));
#5671=DIRECTION('',(-0.707106781186547,-5.14325540416908E-16,-0.707106781186548));
#5672=DIRECTION('',(1.85175258211733E-16,-7.27366154732461E-16,-1.));
#5673=DIRECTION('',(-0.707106781186547,-5.14325540416908E-16,-0.707106781186548));
#5674=DIRECTION('',(4.44089209850062E-16,-7.27366154732461E-16,-1.));
#5675=DIRECTION('',(-1.,-5.67979851759128E-31,-4.44089209850062E-16));
#5676=DIRECTION('',(-4.44089209850062E-16,7.27366154732461E-16,1.));
#5677=DIRECTION('',(-0.707106781186548,5.14325540416907E-16,0.707106781186547));
#5678=DIRECTION('',(-4.44089209850062E-16,7.27366154732461E-16,1.));
#5679=DIRECTION('',(-0.707106781186548,5.14325540416907E-16,0.707106781186547));
#5680=DIRECTION('center_axis',(2.46519032881566E-31,-1.,7.27366154732461E-16));
#5681=DIRECTION('ref_axis',(4.44089209850062E-16,-7.27366154732461E-16,
-1.));
#5682=DIRECTION('',(0.707106781186548,-5.14325540416907E-16,-0.707106781186547));
#5683=DIRECTION('',(-4.44089209850062E-16,7.27366154732461E-16,1.));
#5684=DIRECTION('',(0.707106781186548,-5.14325540416907E-16,-0.707106781186547));
#5685=DIRECTION('',(-4.44089209850062E-16,7.27366154732461E-16,1.));
#5686=DIRECTION('',(-1.,-5.67979851759128E-31,-4.44089209850062E-16));
#5687=DIRECTION('',(4.44089209850062E-16,-7.27366154732461E-16,-1.));
#5688=DIRECTION('',(0.707106781186547,5.14325540416908E-16,0.707106781186548));
#5689=DIRECTION('',(1.85175258211733E-16,-7.27366154732461E-16,-1.));
#5690=DIRECTION('',(0.707106781186547,5.14325540416908E-16,0.707106781186548));
#5691=DIRECTION('',(2.18800446736191E-16,-7.27366154732461E-16,-1.));
#5692=DIRECTION('center_axis',(-1.,3.24415818883977E-18,-2.22044604925031E-16));
#5693=DIRECTION('ref_axis',(3.24415818883982E-18,1.,-2.22044604925031E-16));
#5694=DIRECTION('',(-3.24415818883985E-18,-1.,2.22044604925031E-16));
#5695=DIRECTION('',(-2.22044604925031E-16,2.22044604925031E-16,1.));
#5696=DIRECTION('',(-3.24415818883985E-18,-1.,2.22044604925031E-16));
#5697=DIRECTION('center_axis',(-2.22044604925031E-16,2.22044604925031E-16,
1.));
#5698=DIRECTION('ref_axis',(2.22044604925031E-16,-1.,2.22044604925031E-16));
#5699=DIRECTION('',(1.,5.81412813399913E-32,2.22044604925031E-16));
#5700=DIRECTION('',(-2.22044604925031E-16,1.,-2.22044604925031E-16));
#5701=DIRECTION('',(1.,2.22044604925031E-16,2.22044604925031E-16));
#5702=DIRECTION('center_axis',(1.,3.72587602799948E-31,2.22044604925031E-16));
#5703=DIRECTION('ref_axis',(2.22044604925031E-16,0.,-1.));
#5704=DIRECTION('',(2.22044604925031E-16,-2.61845052977628E-16,-1.));
#5705=DIRECTION('center_axis',(-1.,-3.72587602799948E-31,-2.22044604925031E-16));
#5706=DIRECTION('ref_axis',(0.,-1.,1.04738021191056E-15));
#5707=DIRECTION('center_axis',(1.,2.22044604925031E-16,2.22044604925031E-16));
#5708=DIRECTION('ref_axis',(2.22044604925031E-16,-1.,2.22044604925031E-16));
#5709=DIRECTION('',(-2.22044604925031E-16,1.,-2.22044604925031E-16));
#5710=DIRECTION('',(-2.22044604925031E-16,2.22044604925031E-16,1.));
#5711=DIRECTION('center_axis',(2.22044604925031E-16,-1.,2.22044604925031E-16));
#5712=DIRECTION('ref_axis',(-1.,-2.22044604925031E-16,-2.22044604925031E-16));
#5713=DIRECTION('',(1.,2.22044604925031E-16,2.22044604925031E-16));
#5714=DIRECTION('center_axis',(-1.,-3.94430452610506E-31,-2.18800446736191E-16));
#5715=DIRECTION('ref_axis',(-2.18800446736191E-16,7.27366154732461E-16,
1.));
#5716=DIRECTION('',(-2.20881053461883E-31,1.,-7.27366154732461E-16));
#5717=DIRECTION('center_axis',(-1.,-3.94430452610506E-31,-1.85175258211733E-16));
#5718=DIRECTION('ref_axis',(-1.85175258211733E-16,7.27366154732461E-16,
1.));
#5719=DIRECTION('',(-2.20881053461883E-31,1.,-7.27366154732461E-16));
#5720=DIRECTION('',(2.20881053461883E-31,-1.,7.27366154732461E-16));
#5721=DIRECTION('center_axis',(-4.44089209850062E-16,7.27366154732461E-16,
1.));
#5722=DIRECTION('ref_axis',(1.,5.54667823983524E-31,4.44089209850062E-16));
#5723=DIRECTION('',(2.20881053461883E-31,-1.,7.27366154732461E-16));
#5724=DIRECTION('',(2.20881053461883E-31,-1.,7.27366154732461E-16));
#5725=DIRECTION('center_axis',(1.,5.42341872339446E-31,4.44089209850062E-16));
#5726=DIRECTION('ref_axis',(4.44089209850062E-16,-7.27366154732461E-16,
-1.));
#5727=DIRECTION('',(2.20881053461883E-31,-1.,7.27366154732461E-16));
#5728=DIRECTION('',(2.20881053461883E-31,-1.,7.27366154732461E-16));
#5729=DIRECTION('center_axis',(1.,3.72587602799948E-31,2.22044604925031E-16));
#5730=DIRECTION('ref_axis',(-2.22044604925031E-16,2.22044604925031E-16,
1.));
#5731=DIRECTION('center_axis',(-2.22044604925031E-16,2.22044604925031E-16,
1.));
#5732=DIRECTION('ref_axis',(2.22044604925031E-16,-1.,2.22044604925031E-16));
#5733=DIRECTION('center_axis',(-0.707106781186548,5.14325540416907E-16,
0.707106781186547));
#5734=DIRECTION('ref_axis',(2.1570415377137E-31,-1.,7.27366154732461E-16));
#5735=DIRECTION('center_axis',(0.707106781186547,5.14325540416908E-16,0.707106781186548));
#5736=DIRECTION('ref_axis',(2.1570415377137E-31,-1.,7.27366154732461E-16));
#5737=DIRECTION('center_axis',(-1.,-5.42341872339446E-31,-4.44089209850062E-16));
#5738=DIRECTION('ref_axis',(-4.44089209850062E-16,7.27366154732461E-16,
1.));
#5739=DIRECTION('',(2.20881053461883E-31,-1.,7.27366154732461E-16));
#5740=DIRECTION('center_axis',(1.,5.42341872339446E-31,4.44089209850062E-16));
#5741=DIRECTION('ref_axis',(4.44089209850062E-16,-7.27366154732461E-16,
-1.));
#5742=DIRECTION('',(2.20881053461883E-31,-1.,7.27366154732461E-16));
#5743=DIRECTION('center_axis',(-0.707106781186548,5.14325540416907E-16,
0.707106781186547));
#5744=DIRECTION('ref_axis',(2.1570415377137E-31,-1.,7.27366154732461E-16));
#5745=DIRECTION('center_axis',(0.707106781186547,5.14325540416908E-16,0.707106781186548));
#5746=DIRECTION('ref_axis',(2.1570415377137E-31,-1.,7.27366154732461E-16));
#5747=DIRECTION('center_axis',(1.,5.42341872339446E-31,4.44089209850062E-16));
#5748=DIRECTION('ref_axis',(4.44089209850062E-16,-7.27366154732461E-16,
-1.));
#5749=DIRECTION('',(-3.45126646034193E-31,1.,-5.0532154980743E-16));
#5750=DIRECTION('',(-4.44089209850062E-16,7.27366154732461E-16,1.));
#5751=DIRECTION('',(2.20881053461883E-31,-1.,7.27366154732461E-16));
#5752=DIRECTION('',(-4.44089209850062E-16,7.27366154732461E-16,1.));
#5753=DIRECTION('center_axis',(1.,3.72587602799948E-31,2.22044604925031E-16));
#5754=DIRECTION('ref_axis',(-2.22044604925031E-16,2.22044604925031E-16,
1.));
#5755=DIRECTION('',(-1.,-3.94430452610506E-31,-2.22044604925031E-16));
#5756=DIRECTION('center_axis',(1.,3.72587602799948E-31,2.22044604925031E-16));
#5757=DIRECTION('ref_axis',(-2.61845052977636E-16,7.85535158932907E-16,
1.));
#5758=DIRECTION('',(-1.,-5.81412813399913E-32,-2.22044604925031E-16));
#5759=DIRECTION('center_axis',(-1.,-3.72587602799948E-31,-2.22044604925031E-16));
#5760=DIRECTION('ref_axis',(0.,-1.,7.85535158932907E-16));
#5761=DIRECTION('center_axis',(-1.,-3.72587602799948E-31,-2.22044604925031E-16));
#5762=DIRECTION('ref_axis',(-2.22044604925031E-16,0.,1.));
#5763=DIRECTION('',(2.95822839457879E-31,-1.,5.0532154980743E-16));
#5764=DIRECTION('center_axis',(1.,3.72587602799948E-31,2.22044604925031E-16));
#5765=DIRECTION('ref_axis',(-2.6184505297764E-16,5.2369010595528E-16,1.));
#5766=DIRECTION('',(-2.22044604925031E-16,2.61845052977628E-16,1.));
#5767=DIRECTION('center_axis',(2.46519032881566E-31,-1.,7.27366154732461E-16));
#5768=DIRECTION('ref_axis',(4.44089209850062E-16,-7.27366154732461E-16,
-1.));
#5769=DIRECTION('',(1.,3.94430452610506E-31,2.22044604925031E-16));
#5770=DIRECTION('',(2.18800446736191E-16,-7.27366154732461E-16,-1.));
#5771=DIRECTION('',(-0.707106781186547,-5.14325540416908E-16,-0.707106781186548));
#5772=DIRECTION('',(1.85175258211733E-16,-7.27366154732461E-16,-1.));
#5773=DIRECTION('',(-0.707106781186547,-5.14325540416908E-16,-0.707106781186548));
#5774=DIRECTION('',(4.44089209850062E-16,-7.27366154732461E-16,-1.));
#5775=DIRECTION('',(-1.,-5.67979851759128E-31,-4.44089209850062E-16));
#5776=DIRECTION('',(-4.44089209850062E-16,7.27366154732461E-16,1.));
#5777=DIRECTION('',(-0.707106781186548,5.14325540416907E-16,0.707106781186547));
#5778=DIRECTION('',(-4.44089209850062E-16,7.27366154732461E-16,1.));
#5779=DIRECTION('',(-0.707106781186548,5.14325540416907E-16,0.707106781186547));
#5780=DIRECTION('center_axis',(2.46519032881566E-31,-1.,7.27366154732461E-16));
#5781=DIRECTION('ref_axis',(4.44089209850062E-16,-7.27366154732461E-16,
-1.));
#5782=DIRECTION('',(0.707106781186548,-5.14325540416907E-16,-0.707106781186547));
#5783=DIRECTION('',(-4.44089209850062E-16,7.27366154732461E-16,1.));
#5784=DIRECTION('',(0.707106781186548,-5.14325540416907E-16,-0.707106781186547));
#5785=DIRECTION('',(-4.44089209850062E-16,7.27366154732461E-16,1.));
#5786=DIRECTION('',(-1.,-5.67979851759128E-31,-4.44089209850062E-16));
#5787=DIRECTION('',(4.44089209850062E-16,-7.27366154732461E-16,-1.));
#5788=DIRECTION('',(0.707106781186547,5.14325540416908E-16,0.707106781186548));
#5789=DIRECTION('',(1.85175258211733E-16,-7.27366154732461E-16,-1.));
#5790=DIRECTION('',(0.707106781186547,5.14325540416908E-16,0.707106781186548));
#5791=DIRECTION('',(2.18800446736191E-16,-7.27366154732461E-16,-1.));
#5792=DIRECTION('center_axis',(-1.,3.24415818883977E-18,-2.22044604925031E-16));
#5793=DIRECTION('ref_axis',(3.24415818883982E-18,1.,-2.22044604925031E-16));
#5794=DIRECTION('',(-3.24415818883985E-18,-1.,2.22044604925031E-16));
#5795=DIRECTION('',(-2.22044604925031E-16,2.22044604925031E-16,1.));
#5796=DIRECTION('',(-3.24415818883985E-18,-1.,2.22044604925031E-16));
#5797=DIRECTION('center_axis',(-2.22044604925031E-16,2.22044604925031E-16,
1.));
#5798=DIRECTION('ref_axis',(2.22044604925031E-16,-1.,2.22044604925031E-16));
#5799=DIRECTION('',(1.,5.81412813399913E-32,2.22044604925031E-16));
#5800=DIRECTION('',(-2.22044604925031E-16,1.,-2.22044604925031E-16));
#5801=DIRECTION('',(1.,2.22044604925031E-16,2.22044604925031E-16));
#5802=DIRECTION('center_axis',(1.,3.72587602799948E-31,2.22044604925031E-16));
#5803=DIRECTION('ref_axis',(2.22044604925031E-16,0.,-1.));
#5804=DIRECTION('',(2.22044604925031E-16,-2.61845052977628E-16,-1.));
#5805=DIRECTION('center_axis',(-1.,-3.72587602799948E-31,-2.22044604925031E-16));
#5806=DIRECTION('ref_axis',(0.,-1.,1.04738021191056E-15));
#5807=DIRECTION('center_axis',(1.,2.22044604925031E-16,2.22044604925031E-16));
#5808=DIRECTION('ref_axis',(2.22044604925031E-16,-1.,2.22044604925031E-16));
#5809=DIRECTION('',(-2.22044604925031E-16,1.,-2.22044604925031E-16));
#5810=DIRECTION('',(-2.22044604925031E-16,2.22044604925031E-16,1.));
#5811=DIRECTION('center_axis',(2.22044604925031E-16,-1.,2.22044604925031E-16));
#5812=DIRECTION('ref_axis',(-1.,-2.22044604925031E-16,-2.22044604925031E-16));
#5813=DIRECTION('',(1.,2.22044604925031E-16,2.22044604925031E-16));
#5814=DIRECTION('center_axis',(-1.,-3.94430452610506E-31,-2.18800446736191E-16));
#5815=DIRECTION('ref_axis',(-2.18800446736191E-16,7.27366154732461E-16,
1.));
#5816=DIRECTION('',(-2.20881053461883E-31,1.,-7.27366154732461E-16));
#5817=DIRECTION('center_axis',(-1.,-3.94430452610506E-31,-1.85175258211733E-16));
#5818=DIRECTION('ref_axis',(-1.85175258211733E-16,7.27366154732461E-16,
1.));
#5819=DIRECTION('',(-2.20881053461883E-31,1.,-7.27366154732461E-16));
#5820=DIRECTION('',(2.20881053461883E-31,-1.,7.27366154732461E-16));
#5821=DIRECTION('center_axis',(-4.44089209850062E-16,7.27366154732461E-16,
1.));
#5822=DIRECTION('ref_axis',(1.,5.54667823983524E-31,4.44089209850062E-16));
#5823=DIRECTION('',(2.20881053461883E-31,-1.,7.27366154732461E-16));
#5824=DIRECTION('',(2.20881053461883E-31,-1.,7.27366154732461E-16));
#5825=DIRECTION('center_axis',(1.,5.42341872339446E-31,4.44089209850062E-16));
#5826=DIRECTION('ref_axis',(4.44089209850062E-16,-7.27366154732461E-16,
-1.));
#5827=DIRECTION('',(2.20881053461883E-31,-1.,7.27366154732461E-16));
#5828=DIRECTION('',(2.20881053461883E-31,-1.,7.27366154732461E-16));
#5829=DIRECTION('center_axis',(1.,3.72587602799948E-31,2.22044604925031E-16));
#5830=DIRECTION('ref_axis',(-2.22044604925031E-16,2.22044604925031E-16,
1.));
#5831=DIRECTION('center_axis',(-2.22044604925031E-16,2.22044604925031E-16,
1.));
#5832=DIRECTION('ref_axis',(2.22044604925031E-16,-1.,2.22044604925031E-16));
#5833=DIRECTION('center_axis',(-0.707106781186548,5.14325540416907E-16,
0.707106781186547));
#5834=DIRECTION('ref_axis',(2.1570415377137E-31,-1.,7.27366154732461E-16));
#5835=DIRECTION('center_axis',(0.707106781186547,5.14325540416908E-16,0.707106781186548));
#5836=DIRECTION('ref_axis',(2.1570415377137E-31,-1.,7.27366154732461E-16));
#5837=DIRECTION('center_axis',(-1.,-5.42341872339446E-31,-4.44089209850062E-16));
#5838=DIRECTION('ref_axis',(-4.44089209850062E-16,7.27366154732461E-16,
1.));
#5839=DIRECTION('',(2.20881053461883E-31,-1.,7.27366154732461E-16));
#5840=DIRECTION('center_axis',(1.,5.42341872339446E-31,4.44089209850062E-16));
#5841=DIRECTION('ref_axis',(4.44089209850062E-16,-7.27366154732461E-16,
-1.));
#5842=DIRECTION('',(2.20881053461883E-31,-1.,7.27366154732461E-16));
#5843=DIRECTION('center_axis',(-0.707106781186548,5.14325540416907E-16,
0.707106781186547));
#5844=DIRECTION('ref_axis',(2.1570415377137E-31,-1.,7.27366154732461E-16));
#5845=DIRECTION('center_axis',(0.707106781186547,5.14325540416908E-16,0.707106781186548));
#5846=DIRECTION('ref_axis',(2.1570415377137E-31,-1.,7.27366154732461E-16));
#5847=DIRECTION('center_axis',(1.,5.42341872339446E-31,4.44089209850062E-16));
#5848=DIRECTION('ref_axis',(4.44089209850062E-16,-7.27366154732461E-16,
-1.));
#5849=DIRECTION('',(-3.45126646034193E-31,1.,-5.0532154980743E-16));
#5850=DIRECTION('',(-4.44089209850062E-16,7.27366154732461E-16,1.));
#5851=DIRECTION('',(2.20881053461883E-31,-1.,7.27366154732461E-16));
#5852=DIRECTION('',(-4.44089209850062E-16,7.27366154732461E-16,1.));
#5853=DIRECTION('center_axis',(1.,3.72587602799948E-31,2.22044604925031E-16));
#5854=DIRECTION('ref_axis',(-2.22044604925031E-16,2.22044604925031E-16,
1.));
#5855=DIRECTION('',(-1.,-3.94430452610506E-31,-2.22044604925031E-16));
#5856=DIRECTION('center_axis',(1.,3.72587602799948E-31,2.22044604925031E-16));
#5857=DIRECTION('ref_axis',(0.,7.85535158932907E-16,1.));
#5858=DIRECTION('',(-1.,-5.81412813399913E-32,-2.22044604925031E-16));
#5859=DIRECTION('center_axis',(-1.,-3.72587602799948E-31,-2.22044604925031E-16));
#5860=DIRECTION('ref_axis',(0.,-1.,7.85535158932907E-16));
#5861=DIRECTION('center_axis',(-1.,-3.72587602799948E-31,-2.22044604925031E-16));
#5862=DIRECTION('ref_axis',(-2.22044604925031E-16,0.,1.));
#5863=DIRECTION('',(2.95822839457879E-31,-1.,5.0532154980743E-16));
#5864=DIRECTION('center_axis',(1.,3.72587602799948E-31,2.22044604925031E-16));
#5865=DIRECTION('ref_axis',(0.,5.2369010595528E-16,1.));
#5866=DIRECTION('',(-2.22044604925031E-16,2.61845052977628E-16,1.));
#5867=DIRECTION('center_axis',(2.46519032881566E-31,-1.,7.27366154732461E-16));
#5868=DIRECTION('ref_axis',(4.44089209850062E-16,-7.27366154732461E-16,
-1.));
#5869=DIRECTION('',(1.,3.94430452610506E-31,2.22044604925031E-16));
#5870=DIRECTION('',(2.18800446736191E-16,-7.27366154732461E-16,-1.));
#5871=DIRECTION('',(-0.707106781186547,-5.14325540416908E-16,-0.707106781186548));
#5872=DIRECTION('',(1.85175258211733E-16,-7.27366154732461E-16,-1.));
#5873=DIRECTION('',(-0.707106781186547,-5.14325540416908E-16,-0.707106781186548));
#5874=DIRECTION('',(4.44089209850062E-16,-7.27366154732461E-16,-1.));
#5875=DIRECTION('',(-1.,-5.67979851759128E-31,-4.44089209850062E-16));
#5876=DIRECTION('',(-4.44089209850062E-16,7.27366154732461E-16,1.));
#5877=DIRECTION('',(-0.707106781186548,5.14325540416907E-16,0.707106781186547));
#5878=DIRECTION('',(-4.44089209850062E-16,7.27366154732461E-16,1.));
#5879=DIRECTION('',(-0.707106781186548,5.14325540416907E-16,0.707106781186547));
#5880=DIRECTION('center_axis',(2.46519032881566E-31,-1.,7.27366154732461E-16));
#5881=DIRECTION('ref_axis',(4.44089209850062E-16,-7.27366154732461E-16,
-1.));
#5882=DIRECTION('',(0.707106781186548,-5.14325540416907E-16,-0.707106781186547));
#5883=DIRECTION('',(-4.44089209850062E-16,7.27366154732461E-16,1.));
#5884=DIRECTION('',(0.707106781186548,-5.14325540416907E-16,-0.707106781186547));
#5885=DIRECTION('',(-4.44089209850062E-16,7.27366154732461E-16,1.));
#5886=DIRECTION('',(-1.,-5.67979851759128E-31,-4.44089209850062E-16));
#5887=DIRECTION('',(4.44089209850062E-16,-7.27366154732461E-16,-1.));
#5888=DIRECTION('',(0.707106781186547,5.14325540416908E-16,0.707106781186548));
#5889=DIRECTION('',(1.85175258211733E-16,-7.27366154732461E-16,-1.));
#5890=DIRECTION('',(0.707106781186547,5.14325540416908E-16,0.707106781186548));
#5891=DIRECTION('',(2.18800446736191E-16,-7.27366154732461E-16,-1.));
#5892=DIRECTION('center_axis',(-1.,3.24415818883977E-18,-2.22044604925031E-16));
#5893=DIRECTION('ref_axis',(3.24415818883982E-18,1.,-2.22044604925031E-16));
#5894=DIRECTION('',(-3.24415818883985E-18,-1.,2.22044604925031E-16));
#5895=DIRECTION('',(-2.22044604925031E-16,2.22044604925031E-16,1.));
#5896=DIRECTION('',(-3.24415818883985E-18,-1.,2.22044604925031E-16));
#5897=DIRECTION('center_axis',(-2.22044604925031E-16,2.22044604925031E-16,
1.));
#5898=DIRECTION('ref_axis',(2.22044604925031E-16,-1.,2.22044604925031E-16));
#5899=DIRECTION('',(1.,5.81412813399913E-32,2.22044604925031E-16));
#5900=DIRECTION('',(-2.22044604925031E-16,1.,-2.22044604925031E-16));
#5901=DIRECTION('',(1.,2.22044604925031E-16,2.22044604925031E-16));
#5902=DIRECTION('center_axis',(1.,3.72587602799948E-31,2.22044604925031E-16));
#5903=DIRECTION('ref_axis',(2.22044604925031E-16,0.,-1.));
#5904=DIRECTION('',(2.22044604925031E-16,-2.61845052977628E-16,-1.));
#5905=DIRECTION('center_axis',(-1.,-3.72587602799948E-31,-2.22044604925031E-16));
#5906=DIRECTION('ref_axis',(0.,-1.,1.04738021191056E-15));
#5907=DIRECTION('center_axis',(1.,2.22044604925031E-16,2.22044604925031E-16));
#5908=DIRECTION('ref_axis',(2.22044604925031E-16,-1.,2.22044604925031E-16));
#5909=DIRECTION('',(-2.22044604925031E-16,1.,-2.22044604925031E-16));
#5910=DIRECTION('',(-2.22044604925031E-16,2.22044604925031E-16,1.));
#5911=DIRECTION('center_axis',(2.22044604925031E-16,-1.,2.22044604925031E-16));
#5912=DIRECTION('ref_axis',(-1.,-2.22044604925031E-16,-2.22044604925031E-16));
#5913=DIRECTION('',(1.,2.22044604925031E-16,2.22044604925031E-16));
#5914=DIRECTION('center_axis',(-1.,-3.94430452610506E-31,-2.18800446736191E-16));
#5915=DIRECTION('ref_axis',(-2.18800446736191E-16,7.27366154732461E-16,
1.));
#5916=DIRECTION('',(-2.20881053461883E-31,1.,-7.27366154732461E-16));
#5917=DIRECTION('center_axis',(-1.,-3.94430452610506E-31,-1.85175258211733E-16));
#5918=DIRECTION('ref_axis',(-1.85175258211733E-16,7.27366154732461E-16,
1.));
#5919=DIRECTION('',(-2.20881053461883E-31,1.,-7.27366154732461E-16));
#5920=DIRECTION('',(2.20881053461883E-31,-1.,7.27366154732461E-16));
#5921=DIRECTION('center_axis',(-4.44089209850062E-16,7.27366154732461E-16,
1.));
#5922=DIRECTION('ref_axis',(1.,5.54667823983524E-31,4.44089209850062E-16));
#5923=DIRECTION('',(2.20881053461883E-31,-1.,7.27366154732461E-16));
#5924=DIRECTION('',(2.20881053461883E-31,-1.,7.27366154732461E-16));
#5925=DIRECTION('center_axis',(1.,5.42341872339446E-31,4.44089209850062E-16));
#5926=DIRECTION('ref_axis',(4.44089209850062E-16,-7.27366154732461E-16,
-1.));
#5927=DIRECTION('',(2.20881053461883E-31,-1.,7.27366154732461E-16));
#5928=DIRECTION('',(2.20881053461883E-31,-1.,7.27366154732461E-16));
#5929=DIRECTION('center_axis',(1.,3.72587602799948E-31,2.22044604925031E-16));
#5930=DIRECTION('ref_axis',(-2.22044604925031E-16,2.22044604925031E-16,
1.));
#5931=DIRECTION('center_axis',(-2.22044604925031E-16,2.22044604925031E-16,
1.));
#5932=DIRECTION('ref_axis',(2.22044604925031E-16,-1.,2.22044604925031E-16));
#5933=DIRECTION('center_axis',(-0.707106781186548,5.14325540416907E-16,
0.707106781186547));
#5934=DIRECTION('ref_axis',(2.1570415377137E-31,-1.,7.27366154732461E-16));
#5935=DIRECTION('center_axis',(0.707106781186547,5.14325540416908E-16,0.707106781186548));
#5936=DIRECTION('ref_axis',(2.1570415377137E-31,-1.,7.27366154732461E-16));
#5937=DIRECTION('center_axis',(-1.,-5.42341872339446E-31,-4.44089209850062E-16));
#5938=DIRECTION('ref_axis',(-4.44089209850062E-16,7.27366154732461E-16,
1.));
#5939=DIRECTION('',(2.20881053461883E-31,-1.,7.27366154732461E-16));
#5940=DIRECTION('center_axis',(1.,5.42341872339446E-31,4.44089209850062E-16));
#5941=DIRECTION('ref_axis',(4.44089209850062E-16,-7.27366154732461E-16,
-1.));
#5942=DIRECTION('',(2.20881053461883E-31,-1.,7.27366154732461E-16));
#5943=DIRECTION('center_axis',(-0.707106781186548,5.14325540416907E-16,
0.707106781186547));
#5944=DIRECTION('ref_axis',(2.1570415377137E-31,-1.,7.27366154732461E-16));
#5945=DIRECTION('center_axis',(0.707106781186547,5.14325540416908E-16,0.707106781186548));
#5946=DIRECTION('ref_axis',(2.1570415377137E-31,-1.,7.27366154732461E-16));
#5947=DIRECTION('center_axis',(2.22044604925031E-16,-1.21071177918232E-16,
-1.));
#5948=DIRECTION('ref_axis',(-2.22044604925031E-16,1.,-1.21071177918232E-16));
#5949=DIRECTION('center_axis',(2.22044604925031E-16,-1.21071177918232E-16,
-1.));
#5950=DIRECTION('ref_axis',(-2.22044604925031E-16,1.,-1.21071177918232E-16));
#5951=DIRECTION('',(2.22044604925031E-16,-1.21071177918232E-16,-1.));
#5952=DIRECTION('center_axis',(2.22044604925031E-16,-1.21071177918232E-16,
-1.));
#5953=DIRECTION('ref_axis',(-2.22044604925031E-16,1.,-1.21071177918232E-16));
#5954=DIRECTION('center_axis',(1.,-3.20056481317721E-16,2.22044604925031E-16));
#5955=DIRECTION('ref_axis',(-3.20056481317721E-16,-1.,2.22044604925031E-16));
#5956=DIRECTION('',(-3.20056481317721E-16,-1.,2.22044604925031E-16));
#5957=DIRECTION('',(2.22044604925031E-16,-1.21071177918232E-16,-1.));
#5958=DIRECTION('',(-3.20056481317721E-16,-1.,2.22044604925031E-16));
#5959=DIRECTION('',(2.22044604925031E-16,-1.21071177918232E-16,-1.));
#5960=DIRECTION('center_axis',(-2.22044604925031E-16,1.,-1.21071177918232E-16));
#5961=DIRECTION('ref_axis',(-2.22044604925031E-16,1.21071177918232E-16,
1.));
#5962=DIRECTION('',(1.,2.22044604925031E-16,2.22044604925031E-16));
#5963=DIRECTION('',(2.22044604925031E-16,-1.21071177918232E-16,-1.));
#5964=DIRECTION('',(1.,2.22044604925031E-16,2.22044604925031E-16));
#5965=DIRECTION('center_axis',(-1.,-2.22044604925031E-16,-2.22044604925031E-16));
#5966=DIRECTION('ref_axis',(-2.22044604925031E-16,1.,-2.22044604925031E-16));
#5967=DIRECTION('',(-2.22044604925031E-16,1.,-2.22044604925031E-16));
#5968=DIRECTION('',(2.22044604925031E-16,-1.21071177918232E-16,-1.));
#5969=DIRECTION('',(-2.22044604925031E-16,1.,-2.22044604925031E-16));
#5970=DIRECTION('center_axis',(2.22044604925031E-16,-1.,1.21071177918232E-16));
#5971=DIRECTION('ref_axis',(2.22044604925031E-16,-1.21071177918232E-16,
-1.));
#5972=DIRECTION('',(-1.,-2.22044604925031E-16,-2.22044604925031E-16));
#5973=DIRECTION('',(2.22044604925031E-16,-1.21071177918232E-16,-1.));
#5974=DIRECTION('',(-1.,-2.22044604925031E-16,-2.22044604925031E-16));
#5975=DIRECTION('center_axis',(-1.,-2.22044604925031E-16,-2.22044604925031E-16));
#5976=DIRECTION('ref_axis',(-2.22044604925031E-16,1.,-2.22044604925031E-16));
#5977=DIRECTION('',(-2.22044604925031E-16,1.,-2.22044604925031E-16));
#5978=DIRECTION('',(2.22044604925031E-16,-1.21071177918232E-16,-1.));
#5979=DIRECTION('',(-2.22044604925031E-16,1.,-2.22044604925031E-16));
#5980=DIRECTION('center_axis',(-2.22044604925031E-16,1.,-1.21071177918232E-16));
#5981=DIRECTION('ref_axis',(-2.22044604925031E-16,1.21071177918232E-16,
1.));
#5982=DIRECTION('',(1.,2.22044604925031E-16,2.22044604925031E-16));
#5983=DIRECTION('',(2.22044604925031E-16,-1.21071177918232E-16,-1.));
#5984=DIRECTION('',(1.,2.22044604925031E-16,2.22044604925031E-16));
#5985=DIRECTION('center_axis',(-1.,-2.22044604925031E-16,-2.22044604925031E-16));
#5986=DIRECTION('ref_axis',(-2.22044604925031E-16,1.,-2.22044604925031E-16));
#5987=DIRECTION('',(-2.22044604925031E-16,1.,-9.06261597752732E-17));
#5988=DIRECTION('',(2.22044604925031E-16,-1.21071177918232E-16,-1.));
#5989=DIRECTION('',(-2.22044604925031E-16,1.,-9.06261597752732E-17));
#5990=DIRECTION('center_axis',(2.22044604925031E-16,-1.,1.21071177918232E-16));
#5991=DIRECTION('ref_axis',(2.22044604925031E-16,-1.21071177918232E-16,
-1.));
#5992=DIRECTION('',(-1.,-2.22044604925031E-16,-2.22044604925031E-16));
#5993=DIRECTION('',(2.22044604925031E-16,-1.21071177918232E-16,-1.));
#5994=DIRECTION('',(-1.,-2.22044604925031E-16,-2.22044604925031E-16));
#5995=DIRECTION('center_axis',(-1.,-2.22044604925031E-16,-2.22044604925031E-16));
#5996=DIRECTION('ref_axis',(-2.22044604925031E-16,1.,-2.22044604925031E-16));
#5997=DIRECTION('',(-2.22044604925031E-16,1.,-1.49764460092664E-16));
#5998=DIRECTION('',(2.22044604925031E-16,-1.21071177918232E-16,-1.));
#5999=DIRECTION('',(-2.22044604925031E-16,1.,-1.49764460092664E-16));
#6000=DIRECTION('center_axis',(1.19276626490386E-16,-1.,1.21071177918232E-16));
#6001=DIRECTION('ref_axis',(-1.,-1.19276626490386E-16,-2.22044604925031E-16));
#6002=DIRECTION('',(-1.,-1.19276626490386E-16,-2.22044604925031E-16));
#6003=DIRECTION('',(2.22044604925031E-16,-1.21071177918232E-16,-1.));
#6004=DIRECTION('',(-1.,-1.19276626490386E-16,-2.22044604925031E-16));
#6005=DIRECTION('center_axis',(1.,2.22044604925031E-16,2.22044604925031E-16));
#6006=DIRECTION('ref_axis',(2.22044604925031E-16,-1.,2.22044604925031E-16));
#6007=DIRECTION('',(2.22044604925031E-16,-1.,1.49764460092664E-16));
#6008=DIRECTION('',(2.22044604925031E-16,-1.21071177918232E-16,-1.));
#6009=DIRECTION('',(2.22044604925031E-16,-1.,1.49764460092664E-16));
#6010=DIRECTION('center_axis',(2.22044604925031E-16,-1.,1.21071177918232E-16));
#6011=DIRECTION('ref_axis',(2.22044604925031E-16,-1.21071177918232E-16,
-1.));
#6012=DIRECTION('',(-1.,-2.22044604925031E-16,-2.22044604925031E-16));
#6013=DIRECTION('',(2.22044604925031E-16,-1.21071177918232E-16,-1.));
#6014=DIRECTION('',(-1.,-2.22044604925031E-16,-2.22044604925031E-16));
#6015=DIRECTION('center_axis',(1.,2.22044604925031E-16,2.22044604925031E-16));
#6016=DIRECTION('ref_axis',(2.22044604925031E-16,-1.,2.22044604925031E-16));
#6017=DIRECTION('',(2.22044604925031E-16,-1.,9.06261597752732E-17));
#6018=DIRECTION('',(2.22044604925031E-16,-1.21071177918232E-16,-1.));
#6019=DIRECTION('',(2.22044604925031E-16,-1.,9.06261597752732E-17));
#6020=DIRECTION('center_axis',(-2.22044604925031E-16,1.,-1.21071177918232E-16));
#6021=DIRECTION('ref_axis',(-2.22044604925031E-16,1.21071177918232E-16,
1.));
#6022=DIRECTION('',(1.,2.22044604925031E-16,2.22044604925031E-16));
#6023=DIRECTION('',(2.22044604925031E-16,-1.21071177918232E-16,-1.));
#6024=DIRECTION('',(1.,2.22044604925031E-16,2.22044604925031E-16));
#6025=DIRECTION('center_axis',(1.,-3.20056481317721E-16,2.22044604925031E-16));
#6026=DIRECTION('ref_axis',(-3.20056481317721E-16,-1.,2.22044604925031E-16));
#6027=DIRECTION('',(-3.20056481317721E-16,-1.,2.22044604925031E-16));
#6028=DIRECTION('',(2.22044604925031E-16,-1.21071177918232E-16,-1.));
#6029=DIRECTION('',(-3.20056481317721E-16,-1.,2.22044604925031E-16));
#6030=DIRECTION('center_axis',(-5.56036698166433E-15,-1.,1.21071177918231E-16));
#6031=DIRECTION('ref_axis',(-1.,5.56036698166433E-15,-2.22044604925033E-16));
#6032=DIRECTION('',(-1.,5.56036698166433E-15,-2.22044604925033E-16));
#6033=DIRECTION('',(-1.,5.56036698166433E-15,-2.22044604925033E-16));
#6034=DIRECTION('center_axis',(2.22044604925031E-16,-2.22044604925031E-16,
-1.));
#6035=DIRECTION('ref_axis',(-2.22044604925031E-16,1.,-2.22044604925031E-16));
#6036=DIRECTION('',(-1.,-2.22044604925031E-16,-2.22044604925031E-16));
#6037=DIRECTION('center_axis',(2.22044604925031E-16,-1.21071177918232E-16,
-1.));
#6038=DIRECTION('ref_axis',(-2.22044604925031E-16,1.,-1.21071177918232E-16));
#6039=DIRECTION('',(1.,2.22044604925031E-16,2.22044604925031E-16));
#6040=DIRECTION('center_axis',(2.22044604925031E-16,-1.21071177918232E-16,
-1.));
#6041=DIRECTION('ref_axis',(-2.22044604925031E-16,1.,-1.21071177918232E-16));
#6042=DIRECTION('center_axis',(2.22044604925031E-16,-2.22044604925031E-16,
-1.));
#6043=DIRECTION('ref_axis',(-2.22044604925031E-16,1.,-2.22044604925031E-16));
#6044=DIRECTION('center_axis',(2.22044604925031E-16,-1.21071177918232E-16,
-1.));
#6045=DIRECTION('ref_axis',(-2.22044604925031E-16,1.,-1.21071177918232E-16));
#6046=DIRECTION('',(-1.,-2.22044604925031E-16,-2.22044604925031E-16));
#6047=DIRECTION('center_axis',(2.22044604925031E-16,-1.21071177918232E-16,
-1.));
#6048=DIRECTION('ref_axis',(-2.22044604925031E-16,1.,-1.21071177918232E-16));
#6049=DIRECTION('',(1.,2.22044604925031E-16,2.22044604925031E-16));
#6050=DIRECTION('center_axis',(2.22044604925031E-16,-1.21071177918232E-16,
-1.));
#6051=DIRECTION('ref_axis',(-2.22044604925031E-16,1.,-1.21071177918232E-16));
#6052=DIRECTION('',(2.22044604925031E-16,-1.21071177918232E-16,-1.));
#6053=DIRECTION('',(2.22044604925031E-16,-1.21071177918232E-16,-1.));
#6054=DIRECTION('center_axis',(2.22044604925031E-16,-1.,1.21071177918232E-16));
#6055=DIRECTION('ref_axis',(2.22044604925031E-16,-1.21071177918232E-16,
-1.));
#6056=DIRECTION('',(2.22044604925031E-16,-1.21071177918232E-16,-1.));
#6057=DIRECTION('center_axis',(2.22044604925031E-16,-1.21071177918232E-16,
-1.));
#6058=DIRECTION('ref_axis',(-2.22044604925031E-16,1.,-1.21071177918232E-16));
#6059=DIRECTION('',(2.22044604925031E-16,-1.21071177918232E-16,-1.));
#6060=DIRECTION('center_axis',(-2.22044604925031E-16,1.,-1.21071177918232E-16));
#6061=DIRECTION('ref_axis',(-2.22044604925031E-16,1.21071177918232E-16,
1.));
#6062=DIRECTION('center_axis',(-0.323956029733329,-0.852612576410439,0.410005225998612));
#6063=DIRECTION('ref_axis',(-0.528585547586126,0.522543581480776,0.668988433634185));
#6064=DIRECTION('center_axis',(-1.,0.,0.));
#6065=DIRECTION('ref_axis',(0.,0.984807753012209,0.173648177666927));
#6066=DIRECTION('center_axis',(0.0858414827856228,-0.173007208809879,0.981172637986293));
#6067=DIRECTION('ref_axis',(-0.996194698091746,0.,0.0871557427476549));
#6068=DIRECTION('center_axis',(0.,1.,0.));
#6069=DIRECTION('ref_axis',(0.,0.,1.));
#6070=DIRECTION('center_axis',(0.0858414827856229,-0.173007208809879,0.981172637986293));
#6071=DIRECTION('ref_axis',(-0.699145308916625,0.691153769461034,0.183036346061869));
#6072=DIRECTION('center_axis',(2.22044604925031E-16,-1.,2.22044604925031E-16));
#6073=DIRECTION('ref_axis',(0.087155742747655,2.44283051540557E-16,0.996194698091746));
#6074=DIRECTION('',(0.0858414827856229,-0.173007208809879,0.981172637986293));
#6075=DIRECTION('',(-0.0858414827856229,0.173007208809879,-0.981172637986293));
#6076=DIRECTION('center_axis',(0.323956029733327,-0.85261257641044,0.41000522599861));
#6077=DIRECTION('ref_axis',(0.528585547586129,0.52254358148077,0.668988433634187));
#6078=DIRECTION('center_axis',(-0.0858414827856255,-0.17300720880988,0.981172637986292));
#6079=DIRECTION('ref_axis',(0.,0.984807753012209,0.173648177666928));
#6080=DIRECTION('center_axis',(1.,0.,0.));
#6081=DIRECTION('ref_axis',(0.,0.,1.));
#6082=DIRECTION('center_axis',(9.71319286401602E-16,1.,-1.11022302462516E-14));
#6083=DIRECTION('ref_axis',(0.996194698091746,0.,0.0871557427476549));
#6084=DIRECTION('center_axis',(-1.,-2.22044604925031E-16,-2.22044604925031E-16));
#6085=DIRECTION('ref_axis',(0.,0.642787609686539,0.766044443118978));
#6086=DIRECTION('',(1.,2.22044604925031E-16,2.22044604925031E-16));
#6087=DIRECTION('',(-1.,-2.22044604925031E-16,-2.22044604925031E-16));
#6088=DIRECTION('center_axis',(0.379191484462833,-0.827629781054729,-0.413814890527364));
#6089=DIRECTION('ref_axis',(-0.559138575611668,-0.561274394134725,0.610192680840775));
#6090=DIRECTION('center_axis',(0.0871557427476549,-2.76499572707741E-15,
0.996194698091746));
#6091=DIRECTION('ref_axis',(0.,-1.,-2.77555756156289E-15));
#6092=DIRECTION('center_axis',(-1.,0.,0.));
#6093=DIRECTION('ref_axis',(0.,1.73472347597681E-16,1.));
#6094=DIRECTION('center_axis',(0.,-1.,0.));
#6095=DIRECTION('ref_axis',(-0.996194698091746,0.,0.0871557427476549));
#6096=DIRECTION('center_axis',(-0.379191484462832,-0.827629781054728,-0.413814890527368));
#6097=DIRECTION('ref_axis',(0.559138575611667,-0.561274394134723,0.610192680840778));
#6098=DIRECTION('center_axis',(0.,-1.,0.));
#6099=DIRECTION('ref_axis',(0.,0.,1.));
#6100=DIRECTION('center_axis',(1.,-7.70371977754893E-30,2.77555756156289E-15));
#6101=DIRECTION('ref_axis',(0.,-1.,-2.77555756156289E-15));
#6102=DIRECTION('center_axis',(-0.0871557427476549,-2.7649957270774E-15,
0.996194698091746));
#6103=DIRECTION('ref_axis',(0.996194698091746,1.73472347597681E-16,0.0871557427476549));
#6104=DIRECTION('center_axis',(-1.,-2.22044604925031E-16,-2.22044604925031E-16));
#6105=DIRECTION('ref_axis',(0.,-0.707106781186548,0.707106781186548));
#6106=DIRECTION('',(1.,2.22044604925031E-16,2.22044604925031E-16));
#6107=DIRECTION('',(-1.,-2.22044604925031E-16,-2.22044604925031E-16));
#6108=DIRECTION('center_axis',(-0.0871557427476552,-3.39031719692079E-15,
0.996194698091746));
#6109=DIRECTION('ref_axis',(0.704416026402759,-0.707106781186548,0.0616284167162148));
#6110=DIRECTION('center_axis',(-2.22044604925031E-16,1.21071177918232E-16,
1.));
#6111=DIRECTION('ref_axis',(1.,5.27941371638842E-14,2.21481521986242E-16));
#6112=DIRECTION('',(-0.0871557427476552,-3.39031719692079E-15,0.996194698091746));
#6113=DIRECTION('',(0.0871557427476552,3.39031719692079E-15,-0.996194698091746));
#6114=DIRECTION('center_axis',(-2.22044604925031E-16,1.,-1.68032183123954E-16));
#6115=DIRECTION('ref_axis',(0.67559020761566,0.,0.737277336810124));
#6116=DIRECTION('',(2.22044604925031E-16,-1.,1.68032183123954E-16));
#6117=DIRECTION('',(-2.22044604925031E-16,1.,-1.68032183123954E-16));
#6118=DIRECTION('center_axis',(2.22044604925031E-16,-1.,1.68032183123954E-16));
#6119=DIRECTION('ref_axis',(-0.67559020761566,0.,0.737277336810124));
#6120=DIRECTION('',(-2.22044604925031E-16,1.,-1.68032183123954E-16));
#6121=DIRECTION('',(2.22044604925031E-16,-1.,1.68032183123954E-16));
#6122=DIRECTION('center_axis',(-0.087155742747655,3.35161227199009E-15,
-0.996194698091746));
#6123=DIRECTION('ref_axis',(-0.704416026402759,-0.707106781186547,0.0616284167162151));
#6124=DIRECTION('center_axis',(-2.22044604925031E-16,1.21071177918232E-16,
1.));
#6125=DIRECTION('ref_axis',(-1.,5.34853860956536E-14,-2.21481521986255E-16));
#6126=DIRECTION('',(0.087155742747655,-3.35161227199009E-15,0.996194698091746));
#6127=DIRECTION('',(-0.087155742747655,3.35161227199009E-15,-0.996194698091746));
#6128=DIRECTION('center_axis',(0.085841482785623,0.173007208809879,-0.981172637986293));
#6129=DIRECTION('ref_axis',(0.699145308916621,0.691153769461038,0.18303634606187));
#6130=DIRECTION('center_axis',(2.22044604925031E-16,-1.,2.22044604925031E-16));
#6131=DIRECTION('ref_axis',(-0.0871557427476552,2.01198562295053E-16,0.996194698091746));
#6132=DIRECTION('',(-0.085841482785623,-0.173007208809879,0.981172637986293));
#6133=DIRECTION('',(0.085841482785623,0.173007208809879,-0.981172637986293));
#6134=DIRECTION('center_axis',(0.996194698091746,2.06554688440514E-16,-0.087155742747655));
#6135=DIRECTION('ref_axis',(2.22044604925031E-16,-1.,1.68032183123954E-16));
#6136=DIRECTION('',(0.087155742747655,2.40552120631543E-16,0.996194698091746));
#6137=DIRECTION('',(-2.22044604925031E-16,1.,-1.21071177918232E-16));
#6138=DIRECTION('center_axis',(2.22044604925031E-16,-1.,2.22044604925031E-16));
#6139=DIRECTION('ref_axis',(-1.,-2.22044604925031E-16,-2.22044604925031E-16));
#6140=DIRECTION('',(-1.,-2.22044604925031E-16,-2.22044604925031E-16));
#6141=DIRECTION('',(2.22044604925031E-16,-2.22044604925031E-16,-1.));
#6142=DIRECTION('',(-1.,-2.22044604925031E-16,-2.22044604925031E-16));
#6143=DIRECTION('center_axis',(2.57228889450708E-16,-0.984807753012209,
-0.173648177666927));
#6144=DIRECTION('ref_axis',(1.80113607438699E-16,0.173648177666927,-0.984807753012209));
#6145=DIRECTION('',(-1.,-2.22044604925031E-16,-2.22044604925031E-16));
#6146=DIRECTION('',(-1.,-2.22044604925031E-16,-2.22044604925031E-16));
#6147=DIRECTION('',(-1.,-2.22044604925031E-16,-2.22044604925031E-16));
#6148=DIRECTION('',(-1.,-2.22044604925031E-16,-2.22044604925031E-16));
#6149=DIRECTION('center_axis',(2.22044604925031E-16,-1.,2.22044604925031E-16));
#6150=DIRECTION('ref_axis',(-1.,-2.22044604925031E-16,-2.22044604925031E-16));
#6151=DIRECTION('',(0.0871557427476552,-2.01847195700842E-16,-0.996194698091746));
#6152=DIRECTION('',(-1.,-2.22044604925031E-16,-2.22044604925031E-16));
#6153=DIRECTION('',(-2.22044604925031E-16,2.22044604925031E-16,1.));
#6154=DIRECTION('center_axis',(2.22044604925031E-16,-1.68032183123953E-16,
-1.));
#6155=DIRECTION('ref_axis',(-2.22044604925031E-16,1.,-1.68032183123954E-16));
#6156=DIRECTION('center_axis',(-2.22044604925032E-16,1.,3.38384127210541E-15));
#6157=DIRECTION('ref_axis',(-2.22044604925031E-16,-3.38384127210541E-15,
1.));
#6158=DIRECTION('',(-1.,-2.22044604925031E-16,-2.22044604925031E-16));
#6159=DIRECTION('center_axis',(-2.22044604925031E-16,1.21071177918232E-16,
1.));
#6160=DIRECTION('ref_axis',(2.22044604925031E-16,-1.,1.21071177918232E-16));
#6161=DIRECTION('',(-2.22044604925031E-16,1.,-1.49764460092664E-16));
#6162=DIRECTION('',(-1.,-1.19276626490386E-16,-2.22044604925031E-16));
#6163=DIRECTION('',(2.22044604925031E-16,-1.,1.49764460092664E-16));
#6164=DIRECTION('',(-2.22044604925031E-16,1.,-1.21071177918232E-16));
#6165=DIRECTION('center_axis',(0.996194698091746,2.35844627891871E-16,0.0871557427476552));
#6166=DIRECTION('ref_axis',(-2.22044604925031E-16,1.,-1.68032183123954E-16));
#6167=DIRECTION('center_axis',(-1.,-2.22044604925031E-16,-2.22044604925031E-16));
#6168=DIRECTION('ref_axis',(-2.22044604925031E-16,1.,-2.22044604925031E-16));
#6169=DIRECTION('',(-2.22044604925031E-16,1.,-1.49764460092664E-16));
#6170=DIRECTION('',(2.22044604925031E-16,-1.21071177918232E-16,-1.));
#6171=DIRECTION('center_axis',(1.,2.22044604925031E-16,2.22044604925031E-16));
#6172=DIRECTION('ref_axis',(2.22044604925031E-16,-1.,2.22044604925031E-16));
#6173=DIRECTION('',(2.22044604925031E-16,-1.21071177918232E-16,-1.));
#6174=DIRECTION('',(2.22044604925031E-16,-1.,1.49764460092664E-16));
#6175=DIRECTION('center_axis',(2.22044604925031E-16,-2.22044604925031E-16,
-1.));
#6176=DIRECTION('ref_axis',(-2.22044604925031E-16,1.,-2.22044604925031E-16));
#6177=DIRECTION('center_axis',(2.22044604925031E-16,-2.22044604925031E-16,
-1.));
#6178=DIRECTION('ref_axis',(-2.22044604925031E-16,1.,-2.22044604925031E-16));
#6179=DIRECTION('',(-1.,-1.19276626490386E-16,-2.22044604925031E-16));
#6180=DIRECTION('center_axis',(2.22044604925031E-16,-2.22044604925031E-16,
-1.));
#6181=DIRECTION('ref_axis',(-2.22044604925031E-16,1.,-2.22044604925031E-16));
#6182=DIRECTION('',(-1.,-2.22044604925031E-16,-2.22044604925031E-16));
#6183=DIRECTION('center_axis',(1.19276626490386E-16,-1.,1.21071177918232E-16));
#6184=DIRECTION('ref_axis',(-1.,-1.19276626490386E-16,-2.22044604925031E-16));
#6185=DIRECTION('center_axis',(2.22044604925031E-16,-2.22044604925031E-16,
-1.));
#6186=DIRECTION('ref_axis',(-2.22044604925031E-16,1.,-2.22044604925031E-16));
#6187=DIRECTION('center_axis',(2.22044604925031E-16,-2.22044604925031E-16,
-1.));
#6188=DIRECTION('ref_axis',(-2.22044604925031E-16,1.,-2.22044604925031E-16));
#6189=DIRECTION('center_axis',(2.22044604925031E-16,-2.22044604925031E-16,
-1.));
#6190=DIRECTION('ref_axis',(-2.22044604925031E-16,1.,-2.22044604925031E-16));
#6191=DIRECTION('',(1.,2.22044604925031E-16,2.22044604925031E-16));
#6192=DIRECTION('center_axis',(2.22044604925031E-16,-2.22044604925031E-16,
-1.));
#6193=DIRECTION('ref_axis',(-2.22044604925031E-16,1.,-2.22044604925031E-16));
#6194=DIRECTION('center_axis',(2.22044604925031E-16,-2.22044604925031E-16,
-1.));
#6195=DIRECTION('ref_axis',(-2.22044604925031E-16,1.,-2.22044604925031E-16));
#6196=DIRECTION('',(2.22044604925031E-16,-2.22044604925031E-16,-1.));
#6197=DIRECTION('',(2.22044604925031E-16,-2.22044604925031E-16,-1.));
#6198=DIRECTION('center_axis',(-2.22044604925031E-16,1.,-2.22044604925031E-16));
#6199=DIRECTION('ref_axis',(1.,2.22044604925031E-16,2.22044604925031E-16));
#6200=DIRECTION('',(1.,2.22044604925031E-16,2.22044604925031E-16));
#6201=DIRECTION('',(2.22044604925031E-16,-2.22044604925031E-16,-1.));
#6202=DIRECTION('center_axis',(2.22044604925031E-16,-2.22044604925031E-16,
-1.));
#6203=DIRECTION('ref_axis',(-2.22044604925031E-16,1.,-2.22044604925031E-16));
#6204=DIRECTION('center_axis',(2.22044604925031E-16,-2.22044604925031E-16,
-1.));
#6205=DIRECTION('ref_axis',(-2.22044604925031E-16,1.,-2.22044604925031E-16));
#6206=DIRECTION('',(2.22044604925031E-16,-2.22044604925031E-16,-1.));
#6207=DIRECTION('center_axis',(2.22044604925031E-16,-1.,2.22044604925031E-16));
#6208=DIRECTION('ref_axis',(-1.,-2.22044604925031E-16,-2.22044604925031E-16));
#6209=DIRECTION('',(-1.,-2.22044604925031E-16,-2.22044604925031E-16));
#6210=DIRECTION('center_axis',(2.22044604925031E-16,-2.22044604925031E-16,
-1.));
#6211=DIRECTION('ref_axis',(-2.22044604925031E-16,1.,-2.22044604925031E-16));
#6212=DIRECTION('axis',(0.,0.,1.));
#6213=DIRECTION('refdir',(1.,0.,0.));
#6214=DIRECTION('center_axis',(0.,0.,-1.));
#6215=DIRECTION('ref_axis',(1.,0.,0.));
#6216=DIRECTION('',(0.,0.,1.));
#6217=DIRECTION('center_axis',(0.,0.,-1.));
#6218=DIRECTION('ref_axis',(1.,0.,0.));
#6219=DIRECTION('center_axis',(0.,0.,-1.));
#6220=DIRECTION('ref_axis',(1.,0.,0.));
#6221=DIRECTION('',(0.,0.,1.));
#6222=DIRECTION('center_axis',(0.,0.,-1.));
#6223=DIRECTION('ref_axis',(1.,0.,0.));
#6224=DIRECTION('',(0.,0.,1.));
#6225=DIRECTION('center_axis',(0.,0.,-1.));
#6226=DIRECTION('ref_axis',(1.,0.,0.));
#6227=DIRECTION('',(0.,0.,1.));
#6228=DIRECTION('center_axis',(0.,0.,-1.));
#6229=DIRECTION('ref_axis',(1.,0.,0.));
#6230=DIRECTION('',(0.,0.,1.));
#6231=DIRECTION('center_axis',(0.,0.,-1.));
#6232=DIRECTION('ref_axis',(1.,0.,0.));
#6233=DIRECTION('',(0.,0.,1.));
#6234=DIRECTION('center_axis',(0.,0.,-1.));
#6235=DIRECTION('ref_axis',(1.,0.,0.));
#6236=DIRECTION('',(0.,0.,1.));
#6237=DIRECTION('center_axis',(0.,0.,-1.));
#6238=DIRECTION('ref_axis',(1.,0.,0.));
#6239=DIRECTION('',(0.,0.,1.));
#6240=DIRECTION('center_axis',(0.,0.,-1.));
#6241=DIRECTION('ref_axis',(1.,0.,0.));
#6242=DIRECTION('',(0.,0.,1.));
#6243=DIRECTION('center_axis',(0.,0.,-1.));
#6244=DIRECTION('ref_axis',(1.,0.,0.));
#6245=DIRECTION('',(0.,0.,1.));
#6246=DIRECTION('center_axis',(0.,0.,-1.));
#6247=DIRECTION('ref_axis',(1.,0.,0.));
#6248=DIRECTION('',(0.,0.,1.));
#6249=DIRECTION('center_axis',(0.,0.,-1.));
#6250=DIRECTION('ref_axis',(1.,0.,0.));
#6251=DIRECTION('',(0.,0.,1.));
#6252=DIRECTION('center_axis',(0.,0.,-1.));
#6253=DIRECTION('ref_axis',(1.,0.,0.));
#6254=DIRECTION('',(0.,0.,1.));
#6255=DIRECTION('center_axis',(0.,0.,-1.));
#6256=DIRECTION('ref_axis',(1.,0.,0.));
#6257=DIRECTION('',(0.,0.,1.));
#6258=DIRECTION('center_axis',(0.,0.,-1.));
#6259=DIRECTION('ref_axis',(1.,-9.36059930870855E-14,0.));
#6260=DIRECTION('',(0.,0.,-1.));
#6261=DIRECTION('center_axis',(0.,0.,-1.));
#6262=DIRECTION('ref_axis',(1.,-9.36059930870855E-14,0.));
#6263=DIRECTION('center_axis',(0.,0.,-1.));
#6264=DIRECTION('ref_axis',(1.,-9.36059930870855E-14,0.));
#6265=DIRECTION('',(0.,0.,-1.));
#6266=DIRECTION('center_axis',(0.,0.,-1.));
#6267=DIRECTION('ref_axis',(1.,-9.36059930870855E-14,0.));
#6268=DIRECTION('',(0.,0.,-1.));
#6269=DIRECTION('center_axis',(0.,0.,-1.));
#6270=DIRECTION('ref_axis',(1.,-9.36059930870855E-14,0.));
#6271=DIRECTION('',(0.,0.,-1.));
#6272=DIRECTION('center_axis',(0.,0.,-1.));
#6273=DIRECTION('ref_axis',(1.,-9.36059930870855E-14,0.));
#6274=DIRECTION('',(0.,0.,-1.));
#6275=DIRECTION('center_axis',(0.,0.,-1.));
#6276=DIRECTION('ref_axis',(1.,-9.36059930870855E-14,0.));
#6277=DIRECTION('',(0.,0.,-1.));
#6278=DIRECTION('center_axis',(0.,0.,-1.));
#6279=DIRECTION('ref_axis',(1.,-9.36059930870855E-14,0.));
#6280=DIRECTION('',(0.,0.,-1.));
#6281=DIRECTION('center_axis',(0.,0.,-1.));
#6282=DIRECTION('ref_axis',(1.,-9.36059930870855E-14,0.));
#6283=DIRECTION('',(0.,0.,-1.));
#6284=DIRECTION('center_axis',(0.,0.,-1.));
#6285=DIRECTION('ref_axis',(1.,-9.36059930870855E-14,0.));
#6286=DIRECTION('',(0.,0.,-1.));
#6287=DIRECTION('center_axis',(0.,0.,-1.));
#6288=DIRECTION('ref_axis',(1.,-9.36059930870855E-14,0.));
#6289=DIRECTION('',(0.,0.,-1.));
#6290=DIRECTION('center_axis',(0.,0.,-1.));
#6291=DIRECTION('ref_axis',(1.,-9.36059930870855E-14,0.));
#6292=DIRECTION('',(0.,0.,-1.));
#6293=DIRECTION('center_axis',(0.,0.,-1.));
#6294=DIRECTION('ref_axis',(1.,-9.36059930870855E-14,0.));
#6295=DIRECTION('',(0.,0.,-1.));
#6296=DIRECTION('center_axis',(0.,0.,-1.));
#6297=DIRECTION('ref_axis',(1.,-9.36059930870855E-14,0.));
#6298=DIRECTION('',(0.,0.,-1.));
#6299=DIRECTION('center_axis',(0.,0.,-1.));
#6300=DIRECTION('ref_axis',(-1.,0.,0.));
#6301=DIRECTION('center_axis',(0.,0.,-1.));
#6302=DIRECTION('ref_axis',(1.,0.,0.));
#6303=DIRECTION('',(0.,-1.,0.));
#6304=DIRECTION('center_axis',(0.,0.,-1.));
#6305=DIRECTION('ref_axis',(1.,0.,0.));
#6306=DIRECTION('',(0.,1.,0.));
#6307=DIRECTION('center_axis',(-1.,0.,0.));
#6308=DIRECTION('ref_axis',(0.,1.,0.));
#6309=DIRECTION('',(0.,0.,1.));
#6310=DIRECTION('',(0.,0.,-1.));
#6311=DIRECTION('',(0.,1.,0.));
#6312=DIRECTION('center_axis',(1.,0.,0.));
#6313=DIRECTION('ref_axis',(0.,-1.,0.));
#6314=DIRECTION('',(0.,0.,-1.));
#6315=DIRECTION('',(0.,-1.,0.));
#6316=DIRECTION('',(0.,0.,1.));
#6317=DIRECTION('center_axis',(0.,0.,1.));
#6318=DIRECTION('ref_axis',(1.,0.,0.));
#6319=DIRECTION('center_axis',(0.,0.,1.));
#6320=DIRECTION('ref_axis',(1.,0.,0.));
#6321=DIRECTION('',(0.,0.,-1.));
#6322=DIRECTION('center_axis',(0.,0.,1.));
#6323=DIRECTION('ref_axis',(1.,0.,0.));
#6324=DIRECTION('center_axis',(0.,0.,1.));
#6325=DIRECTION('ref_axis',(1.,0.,0.));
#6326=DIRECTION('center_axis',(0.,0.,1.));
#6327=DIRECTION('ref_axis',(1.,0.,0.));
#6328=DIRECTION('center_axis',(0.,0.,1.));
#6329=DIRECTION('ref_axis',(1.,0.,0.));
#6330=DIRECTION('center_axis',(0.,0.,-1.));
#6331=DIRECTION('ref_axis',(1.,0.,0.));
#6332=DIRECTION('center_axis',(0.,0.,1.));
#6333=DIRECTION('ref_axis',(-1.,-1.22464679914735E-16,0.));
#6334=DIRECTION('center_axis',(0.,0.,1.));
#6335=DIRECTION('ref_axis',(1.,0.,0.));
#6336=DIRECTION('center_axis',(0.,0.,-1.));
#6337=DIRECTION('ref_axis',(1.,0.,0.));
#6338=DIRECTION('center_axis',(0.,0.,1.));
#6339=DIRECTION('ref_axis',(1.,0.,0.));
#6340=DIRECTION('center_axis',(0.,0.,-1.));
#6341=DIRECTION('ref_axis',(1.,-9.36059930870855E-14,0.));
#6342=DIRECTION('center_axis',(0.,0.,1.));
#6343=DIRECTION('ref_axis',(1.,-9.36059930870855E-14,0.));
#6344=DIRECTION('center_axis',(0.,0.,-1.));
#6345=DIRECTION('ref_axis',(1.,0.,0.));
#6346=DIRECTION('center_axis',(0.,0.,-1.));
#6347=DIRECTION('ref_axis',(1.,0.,0.));
#6348=DIRECTION('center_axis',(0.,0.,1.));
#6349=DIRECTION('ref_axis',(1.,0.,0.));
#6350=DIRECTION('center_axis',(0.,0.,1.));
#6351=DIRECTION('ref_axis',(1.,0.,0.));
#6352=DIRECTION('axis',(0.,0.,1.));
#6353=DIRECTION('refdir',(1.,0.,0.));
#6354=DIRECTION('center_axis',(0.,0.,-1.));
#6355=DIRECTION('ref_axis',(-1.,0.,0.));
#6356=DIRECTION('center_axis',(0.,0.,1.));
#6357=DIRECTION('ref_axis',(1.,0.,0.));
#6358=DIRECTION('',(0.,0.,1.));
#6359=DIRECTION('center_axis',(0.,0.,1.));
#6360=DIRECTION('ref_axis',(1.,0.,0.));
#6361=DIRECTION('center_axis',(0.,0.,-1.));
#6362=DIRECTION('ref_axis',(-1.,0.,0.));
#6363=DIRECTION('center_axis',(0.,0.,1.));
#6364=DIRECTION('ref_axis',(1.,0.,0.));
#6365=DIRECTION('center_axis',(0.,0.,1.));
#6366=DIRECTION('ref_axis',(1.,0.,0.));
#6367=DIRECTION('center_axis',(0.,0.,-1.));
#6368=DIRECTION('ref_axis',(-1.,0.,0.));
#6369=DIRECTION('center_axis',(0.,0.,1.));
#6370=DIRECTION('ref_axis',(1.,0.,0.));
#6371=DIRECTION('center_axis',(0.,0.,1.));
#6372=DIRECTION('ref_axis',(1.,0.,0.));
#6373=DIRECTION('center_axis',(0.,0.,-1.));
#6374=DIRECTION('ref_axis',(-1.,0.,0.));
#6375=DIRECTION('center_axis',(0.,0.,1.));
#6376=DIRECTION('ref_axis',(1.,0.,0.));
#6377=DIRECTION('center_axis',(0.,0.,1.));
#6378=DIRECTION('ref_axis',(1.,0.,0.));
#6379=DIRECTION('center_axis',(0.,0.,-1.));
#6380=DIRECTION('ref_axis',(-1.,0.,0.));
#6381=DIRECTION('center_axis',(0.,0.,1.));
#6382=DIRECTION('ref_axis',(1.,0.,0.));
#6383=DIRECTION('center_axis',(0.,0.,1.));
#6384=DIRECTION('ref_axis',(1.,0.,0.));
#6385=DIRECTION('center_axis',(0.,0.,-1.));
#6386=DIRECTION('ref_axis',(-1.,0.,0.));
#6387=DIRECTION('center_axis',(0.,0.,1.));
#6388=DIRECTION('ref_axis',(1.,0.,0.));
#6389=DIRECTION('center_axis',(0.,0.,1.));
#6390=DIRECTION('ref_axis',(1.,0.,0.));
#6391=DIRECTION('center_axis',(0.,0.,-1.));
#6392=DIRECTION('ref_axis',(-1.,0.,0.));
#6393=DIRECTION('center_axis',(0.,0.,1.));
#6394=DIRECTION('ref_axis',(1.,0.,0.));
#6395=DIRECTION('center_axis',(0.,0.,1.));
#6396=DIRECTION('ref_axis',(1.,0.,0.));
#6397=DIRECTION('center_axis',(0.,0.,-1.));
#6398=DIRECTION('ref_axis',(-1.,0.,0.));
#6399=DIRECTION('center_axis',(0.,0.,1.));
#6400=DIRECTION('ref_axis',(1.,0.,0.));
#6401=DIRECTION('center_axis',(0.,0.,1.));
#6402=DIRECTION('ref_axis',(1.,0.,0.));
#6403=DIRECTION('center_axis',(0.,0.,1.));
#6404=DIRECTION('ref_axis',(1.,0.,0.));
#6405=DIRECTION('',(0.00557354585802816,0.00139279321808536,-0.999983497720647));
#6406=DIRECTION('center_axis',(0.,0.,-1.));
#6407=DIRECTION('ref_axis',(1.,9.76996261670138E-15,0.));
#6408=DIRECTION('center_axis',(0.,0.,1.));
#6409=DIRECTION('ref_axis',(1.,0.,0.));
#6410=DIRECTION('',(-0.819152044288995,0.,-0.573576436351041));
#6411=DIRECTION('',(-0.0055735458581588,0.00139279322116892,0.999983497720642));
#6412=DIRECTION('',(0.573576436351041,0.,-0.819152044288995));
#6413=DIRECTION('',(-0.573576436351042,0.,0.819152044288995));
#6414=DIRECTION('',(0.819152044288995,0.,0.573576436351041));
#6415=DIRECTION('center_axis',(0.,-1.,0.));
#6416=DIRECTION('ref_axis',(0.,0.,-1.));
#6417=DIRECTION('center_axis',(0.,0.,1.));
#6418=DIRECTION('ref_axis',(1.,0.,0.));
#6419=DIRECTION('center_axis',(0.,0.,1.));
#6420=DIRECTION('ref_axis',(1.,0.,0.));
#6421=DIRECTION('center_axis',(0.,0.,1.));
#6422=DIRECTION('ref_axis',(1.,0.,0.));
#6423=DIRECTION('center_axis',(0.,0.,1.));
#6424=DIRECTION('ref_axis',(1.,0.,0.));
#6425=DIRECTION('center_axis',(0.,0.,1.));
#6426=DIRECTION('ref_axis',(1.,0.,0.));
#6427=DIRECTION('center_axis',(0.,0.,1.));
#6428=DIRECTION('ref_axis',(1.,0.,0.));
#6429=DIRECTION('center_axis',(0.,0.,1.));
#6430=DIRECTION('ref_axis',(1.,0.,0.));
#6431=DIRECTION('center_axis',(0.,0.,1.));
#6432=DIRECTION('ref_axis',(1.,0.,0.));
#6433=DIRECTION('center_axis',(0.,0.,1.));
#6434=DIRECTION('ref_axis',(1.,0.,0.));
#6435=DIRECTION('center_axis',(0.,0.,1.));
#6436=DIRECTION('ref_axis',(1.,0.,0.));
#6437=DIRECTION('center_axis',(0.,0.,1.));
#6438=DIRECTION('ref_axis',(1.,0.,0.));
#6439=DIRECTION('center_axis',(0.,0.,1.));
#6440=DIRECTION('ref_axis',(1.,0.,0.));
#6441=DIRECTION('center_axis',(0.,0.,1.));
#6442=DIRECTION('ref_axis',(1.,0.,0.));
#6443=DIRECTION('center_axis',(0.,0.,1.));
#6444=DIRECTION('ref_axis',(1.,0.,0.));
#6445=DIRECTION('center_axis',(0.,0.,1.));
#6446=DIRECTION('ref_axis',(1.,0.,0.));
#6447=DIRECTION('center_axis',(0.,0.,1.));
#6448=DIRECTION('ref_axis',(1.,0.,0.));
#6449=DIRECTION('center_axis',(0.,0.,1.));
#6450=DIRECTION('ref_axis',(1.,0.,0.));
#6451=DIRECTION('center_axis',(0.,0.,1.));
#6452=DIRECTION('ref_axis',(1.,0.,0.));
#6453=DIRECTION('center_axis',(0.,0.,1.));
#6454=DIRECTION('ref_axis',(1.,0.,0.));
#6455=DIRECTION('center_axis',(0.,0.,1.));
#6456=DIRECTION('ref_axis',(1.,0.,0.));
#6457=DIRECTION('center_axis',(0.,0.,1.));
#6458=DIRECTION('ref_axis',(1.,0.,0.));
#6459=DIRECTION('center_axis',(0.,0.,1.));
#6460=DIRECTION('ref_axis',(1.,0.,0.));
#6461=DIRECTION('center_axis',(0.,0.,1.));
#6462=DIRECTION('ref_axis',(1.,0.,0.));
#6463=DIRECTION('center_axis',(0.,0.,1.));
#6464=DIRECTION('ref_axis',(1.,0.,0.));
#6465=DIRECTION('center_axis',(0.,0.,1.));
#6466=DIRECTION('ref_axis',(1.,0.,0.));
#6467=DIRECTION('center_axis',(0.,0.,1.));
#6468=DIRECTION('ref_axis',(1.,0.,0.));
#6469=DIRECTION('center_axis',(0.,0.,1.));
#6470=DIRECTION('ref_axis',(1.,0.,0.));
#6471=DIRECTION('center_axis',(0.,0.,1.));
#6472=DIRECTION('ref_axis',(1.,0.,0.));
#6473=DIRECTION('center_axis',(0.,0.,1.));
#6474=DIRECTION('ref_axis',(1.,0.,0.));
#6475=DIRECTION('center_axis',(0.,0.,1.));
#6476=DIRECTION('ref_axis',(1.,0.,0.));
#6477=DIRECTION('center_axis',(0.,0.,1.));
#6478=DIRECTION('ref_axis',(1.,0.,0.));
#6479=DIRECTION('center_axis',(0.,0.,1.));
#6480=DIRECTION('ref_axis',(1.,0.,0.));
#6481=DIRECTION('center_axis',(0.,0.,1.));
#6482=DIRECTION('ref_axis',(1.,0.,0.));
#6483=DIRECTION('center_axis',(0.,0.,1.));
#6484=DIRECTION('ref_axis',(1.,0.,0.));
#6485=DIRECTION('center_axis',(0.,0.,-1.));
#6486=DIRECTION('ref_axis',(-1.,0.,0.));
#6487=DIRECTION('center_axis',(0.,0.,1.));
#6488=DIRECTION('ref_axis',(1.,0.,0.));
#6489=DIRECTION('',(0.00295623854196155,0.00492594560099101,-0.999983497720647));
#6490=DIRECTION('',(-0.579227965339571,-0.579227965339573,-0.573576436351041));
#6491=DIRECTION('',(-0.00492594560304838,-0.00295623854042126,0.999983497720641));
#6492=DIRECTION('',(0.405579787672635,0.405579787672636,-0.819152044288995));
#6493=DIRECTION('',(-0.405579787672635,-0.405579787672636,0.819152044288995));
#6494=DIRECTION('',(0.57922796533957,0.579227965339573,0.573576436351041));
#6495=DIRECTION('center_axis',(0.707106781186549,-0.707106781186546,0.));
#6496=DIRECTION('ref_axis',(0.,0.,-1.));
#6497=DIRECTION('center_axis',(0.,0.,1.));
#6498=DIRECTION('ref_axis',(1.,0.,0.));
#6499=DIRECTION('center_axis',(0.,0.,1.));
#6500=DIRECTION('ref_axis',(1.,0.,0.));
#6501=DIRECTION('',(-0.00139279321808534,0.00557354585802804,-0.999983497720647));
#6502=DIRECTION('',(2.86005407631023E-15,-0.819152044288995,-0.573576436351041));
#6503=DIRECTION('',(-0.0013927932213402,-0.00557354585820161,0.999983497720642));
#6504=DIRECTION('',(-2.00263142391981E-15,0.573576436351041,-0.819152044288995));
#6505=DIRECTION('',(2.00263142391981E-15,-0.573576436351042,0.819152044288995));
#6506=DIRECTION('',(-2.86005407631023E-15,0.819152044288995,0.573576436351041));
#6507=DIRECTION('center_axis',(1.,3.49148133884313E-15,0.));
#6508=DIRECTION('ref_axis',(0.,0.,-1.));
#6509=DIRECTION('center_axis',(0.,0.,1.));
#6510=DIRECTION('ref_axis',(1.,0.,0.));
#6511=DIRECTION('center_axis',(0.,0.,1.));
#6512=DIRECTION('ref_axis',(1.,0.,0.));
#6513=DIRECTION('',(-0.00492594560081984,0.00295623854213289,-0.999983497720647));
#6514=DIRECTION('',(0.579227965339575,-0.579227965339569,-0.573576436351041));
#6515=DIRECTION('',(0.00295623854007871,-0.00492594560304839,0.999983497720642));
#6516=DIRECTION('',(-0.405579787672638,0.405579787672633,-0.819152044288995));
#6517=DIRECTION('',(0.405579787672638,-0.405579787672634,0.819152044288995));
#6518=DIRECTION('',(-0.579227965339575,0.579227965339568,0.573576436351041));
#6519=DIRECTION('center_axis',(0.707106781186544,0.707106781186551,0.));
#6520=DIRECTION('ref_axis',(0.,0.,-1.));
#6521=DIRECTION('center_axis',(0.,0.,1.));
#6522=DIRECTION('ref_axis',(1.,0.,0.));
#6523=DIRECTION('center_axis',(0.,0.,1.));
#6524=DIRECTION('ref_axis',(1.,0.,0.));
#6525=DIRECTION('',(-0.00557354585807086,-0.00139279321808533,-0.999983497720647));
#6526=DIRECTION('',(0.819152044288995,5.72010815262046E-15,-0.573576436351041));
#6527=DIRECTION('',(0.00557354585820167,-0.00139279322099766,0.999983497720642));
#6528=DIRECTION('',(-0.573576436351041,-4.00526284783962E-15,-0.819152044288995));
#6529=DIRECTION('',(0.573576436351042,4.00526284783962E-15,0.819152044288995));
#6530=DIRECTION('',(-0.819152044288995,-5.72010815262046E-15,0.573576436351041));
#6531=DIRECTION('center_axis',(-6.98296267768627E-15,1.,0.));
#6532=DIRECTION('ref_axis',(0.,0.,-1.));
#6533=DIRECTION('center_axis',(0.,0.,1.));
#6534=DIRECTION('ref_axis',(1.,0.,0.));
#6535=DIRECTION('center_axis',(0.,0.,1.));
#6536=DIRECTION('ref_axis',(1.,0.,0.));
#6537=DIRECTION('',(-0.00295623854213289,-0.00492594560099112,-0.999983497720647));
#6538=DIRECTION('',(0.579227965339567,0.579227965339577,-0.573576436351041));
#6539=DIRECTION('',(0.00492594560296275,0.00295623854024999,0.999983497720642));
#6540=DIRECTION('',(-0.405579787672632,-0.405579787672639,-0.819152044288995));
#6541=DIRECTION('',(0.405579787672632,0.405579787672639,0.819152044288995));
#6542=DIRECTION('',(-0.579227965339566,-0.579227965339577,0.573576436351041));
#6543=DIRECTION('center_axis',(-0.707106781186554,0.707106781186541,0.));
#6544=DIRECTION('ref_axis',(0.,0.,-1.));
#6545=DIRECTION('center_axis',(0.,0.,1.));
#6546=DIRECTION('ref_axis',(1.,0.,0.));
#6547=DIRECTION('center_axis',(0.,0.,1.));
#6548=DIRECTION('ref_axis',(1.,0.,0.));
#6549=DIRECTION('',(0.00139279321825661,-0.00557354585802804,-0.999983497720647));
#6550=DIRECTION('',(-8.58016222893069E-15,0.819152044288995,-0.573576436351041));
#6551=DIRECTION('',(0.00139279322099766,0.00557354585824449,0.999983497720642));
#6552=DIRECTION('',(6.00789427175942E-15,-0.573576436351041,-0.819152044288995));
#6553=DIRECTION('',(-6.00789427175943E-15,0.573576436351042,0.819152044288995));
#6554=DIRECTION('',(8.58016222893069E-15,-0.819152044288995,0.573576436351041));
#6555=DIRECTION('center_axis',(-1.,-1.04744440165294E-14,0.));
#6556=DIRECTION('ref_axis',(0.,0.,-1.));
#6557=DIRECTION('center_axis',(0.,0.,1.));
#6558=DIRECTION('ref_axis',(1.,0.,0.));
#6559=DIRECTION('center_axis',(0.,0.,1.));
#6560=DIRECTION('ref_axis',(1.,0.,0.));
#6561=DIRECTION('',(0.00492594560064857,-0.00295623854230417,-0.999983497720648));
#6562=DIRECTION('',(-0.579227965339579,0.579227965339565,-0.573576436351041));
#6563=DIRECTION('',(-0.00295623854024999,0.00492594560304839,0.999983497720642));
#6564=DIRECTION('',(0.40557978767264,-0.405579787672631,-0.819152044288995));
#6565=DIRECTION('',(-0.405579787672641,0.405579787672631,0.819152044288995));
#6566=DIRECTION('',(0.579227965339579,-0.579227965339564,0.573576436351041));
#6567=DIRECTION('center_axis',(-0.707106781186539,-0.707106781186556,0.));
#6568=DIRECTION('ref_axis',(0.,0.,-1.));
#6569=DIRECTION('center_axis',(0.,0.,1.));
#6570=DIRECTION('ref_axis',(1.,0.,0.));
#6571=DIRECTION('axis',(0.,0.,1.));
#6572=DIRECTION('refdir',(1.,0.,0.));
#6573=DIRECTION('center_axis',(0.,0.,-1.));
#6574=DIRECTION('ref_axis',(-1.,0.,0.));
#6575=DIRECTION('',(0.,0.,-1.));
#6576=DIRECTION('center_axis',(0.,0.,-1.));
#6577=DIRECTION('ref_axis',(-1.,0.,0.));
#6578=DIRECTION('center_axis',(0.,0.,-1.));
#6579=DIRECTION('ref_axis',(-1.,0.,0.));
#6580=DIRECTION('',(0.,0.,-1.));
#6581=DIRECTION('center_axis',(0.,0.,-1.));
#6582=DIRECTION('ref_axis',(-1.,0.,0.));
#6583=DIRECTION('',(0.,0.,-1.));
#6584=DIRECTION('center_axis',(0.,0.,-1.));
#6585=DIRECTION('ref_axis',(-1.,0.,0.));
#6586=DIRECTION('',(0.,0.,-1.));
#6587=DIRECTION('center_axis',(0.,0.,-1.));
#6588=DIRECTION('ref_axis',(1.,8.88178419700125E-16,0.));
#6589=DIRECTION('center_axis',(0.,0.,-1.));
#6590=DIRECTION('ref_axis',(1.,0.,0.));
#6591=DIRECTION('center_axis',(2.83964887595255E-13,-4.42337010265677E-14,
-1.));
#6592=DIRECTION('ref_axis',(0.95302689524052,-0.302885682970019,2.8405266260082E-13));
#6593=DIRECTION('',(-0.707106781186549,8.65956056235495E-17,-0.707106781186546));
#6594=DIRECTION('center_axis',(0.,0.,1.));
#6595=DIRECTION('ref_axis',(1.,0.,0.));
#6596=DIRECTION('center_axis',(0.,0.,1.));
#6597=DIRECTION('ref_axis',(1.,0.,0.));
#6598=DIRECTION('',(0.86602540378444,1.06057523872491E-16,-0.499999999999998));
#6599=DIRECTION('center_axis',(0.,0.,1.));
#6600=DIRECTION('ref_axis',(1.,0.,0.));
#6601=DIRECTION('center_axis',(0.,0.,1.));
#6602=DIRECTION('ref_axis',(1.,0.,0.));
#6603=DIRECTION('',(-0.707106781186549,-8.65956056235495E-17,0.707106781186546));
#6604=DIRECTION('center_axis',(0.,0.,1.));
#6605=DIRECTION('ref_axis',(1.,0.,0.));
#6606=DIRECTION('center_axis',(2.03213714265295E-15,7.47279424539001E-16,
-1.));
#6607=DIRECTION('ref_axis',(1.,-6.57302899163265E-14,2.00743931166712E-15));
#6608=DIRECTION('center_axis',(0.,0.,-1.));
#6609=DIRECTION('ref_axis',(1.,0.,0.));
#6610=DIRECTION('',(0.86602540378444,-1.06057523872491E-16,0.499999999999998));
#6611=DIRECTION('center_axis',(0.,0.,1.));
#6612=DIRECTION('ref_axis',(1.,0.,0.));
#6613=DIRECTION('center_axis',(0.,0.,-1.));
#6614=DIRECTION('ref_axis',(-1.,0.,0.));
#6615=DIRECTION('center_axis',(0.,0.,1.));
#6616=DIRECTION('ref_axis',(1.,0.,0.));
#6617=DIRECTION('center_axis',(0.,0.,1.));
#6618=DIRECTION('ref_axis',(1.,0.,0.));
#6619=DIRECTION('center_axis',(0.499999999999999,-0.866025403784439,0.));
#6620=DIRECTION('ref_axis',(0.866025403784439,0.499999999999999,0.));
#6621=DIRECTION('',(0.,0.,-1.));
#6622=DIRECTION('',(0.,0.,1.));
#6623=DIRECTION('center_axis',(1.,0.,0.));
#6624=DIRECTION('ref_axis',(0.,0.,-1.));
#6625=DIRECTION('',(0.,0.,-1.));
#6626=DIRECTION('',(0.,0.,1.));
#6627=DIRECTION('center_axis',(0.500000000000001,0.866025403784438,0.));
#6628=DIRECTION('ref_axis',(-0.866025403784438,0.500000000000001,0.));
#6629=DIRECTION('',(0.,0.,-1.));
#6630=DIRECTION('',(0.,0.,1.));
#6631=DIRECTION('center_axis',(-0.5,0.866025403784439,0.));
#6632=DIRECTION('ref_axis',(-0.866025403784439,-0.5,0.));
#6633=DIRECTION('',(0.,0.,-1.));
#6634=DIRECTION('',(0.,0.,1.));
#6635=DIRECTION('center_axis',(-1.,0.,0.));
#6636=DIRECTION('ref_axis',(0.,0.,1.));
#6637=DIRECTION('',(0.,0.,-1.));
#6638=DIRECTION('',(0.,0.,1.));
#6639=DIRECTION('center_axis',(-0.5,-0.866025403784439,0.));
#6640=DIRECTION('ref_axis',(0.866025403784439,-0.5,0.));
#6641=DIRECTION('',(0.,0.,-1.));
#6642=DIRECTION('',(0.,0.,1.));
#6643=DIRECTION('center_axis',(0.,0.,-1.));
#6644=DIRECTION('ref_axis',(-1.,0.,0.));
#6645=DIRECTION('center_axis',(0.,0.,-1.));
#6646=DIRECTION('ref_axis',(-1.,0.,0.));
#6647=DIRECTION('center_axis',(0.,0.,-1.));
#6648=DIRECTION('ref_axis',(-1.,0.,0.));
#6649=DIRECTION('center_axis',(0.,0.,-1.));
#6650=DIRECTION('ref_axis',(-1.,0.,0.));
#6651=DIRECTION('center_axis',(0.,0.,-1.));
#6652=DIRECTION('ref_axis',(-1.,0.,0.));
#6653=DIRECTION('center_axis',(0.,0.,-1.));
#6654=DIRECTION('ref_axis',(-1.,0.,0.));
#6655=DIRECTION('',(0.,0.,1.));
#6656=DIRECTION('',(1.,0.,0.));
#6657=DIRECTION('',(3.38922637234808E-15,4.77029754814643E-15,1.));
#6658=DIRECTION('',(0.999999999999995,7.43849426498847E-15,-3.6914915568787E-15));
#6659=DIRECTION('',(0.,0.,1.));
#6660=DIRECTION('',(1.,0.,0.));
#6661=DIRECTION('',(0.,0.,1.));
#6662=DIRECTION('',(1.,0.,0.));
#6663=DIRECTION('',(0.,0.,1.));
#6664=DIRECTION('',(1.,0.,0.));
#6665=CARTESIAN_POINT('',(0.,0.,0.));
#6666=CARTESIAN_POINT('',(0.,0.,0.));
#6667=CARTESIAN_POINT('Origin',(-5.27607890381088,13.3388368826868,-1.6));
#6668=CARTESIAN_POINT('',(-3.42607890381088,13.3388368826868,-1.6));
#6669=CARTESIAN_POINT('Origin',(-5.27607890381088,13.3388368826868,-1.59999999999996));
#6670=CARTESIAN_POINT('',(-3.42607890381088,13.3388368826868,-3.6));
#6671=CARTESIAN_POINT('',(-3.42607890381088,13.3388368826868,-1.6));
#6672=CARTESIAN_POINT('Origin',(-5.27607890381088,13.3388368826868,-3.59999999999996));
#6673=CARTESIAN_POINT('Origin',(-1.27607890381089,1.33883688268684,-3.6));
#6674=CARTESIAN_POINT('',(-1.27607890381088,24.8630473034125,-3.59999999999997));
#6675=CARTESIAN_POINT('',(-1.27607890381088,24.8630473034125,-2.47999999999997));
#6676=CARTESIAN_POINT('',(-1.27607890381087,24.8630473034125,7.13900072047931));
#6677=CARTESIAN_POINT('',(-1.27607890381088,24.8630473034125,-1.59999999999997));
#6678=CARTESIAN_POINT('',(-1.27607890381087,24.8630473034125,7.13900072047931));
#6679=CARTESIAN_POINT('',(-1.27607890381088,1.33883688268683,-1.6));
#6680=CARTESIAN_POINT('',(-1.27607890381088,1.33883688268683,-1.6));
#6681=CARTESIAN_POINT('',(-1.27607890381089,1.33883688268684,-3.6));
#6682=CARTESIAN_POINT('',(-1.27607890381089,1.33883688268684,-3.6));
#6683=CARTESIAN_POINT('',(-1.27607890381089,1.33883688268684,-3.6));
#6684=CARTESIAN_POINT('Origin',(-14.2055763693927,12.5396200315299,-0.999999999999967));
#6685=CARTESIAN_POINT('',(-25.9572177058838,1.33883688268684,-3.59999999999997));
#6686=CARTESIAN_POINT('',(-16.8544488005121,10.0149134956192,-3.59999999999997));
#6687=CARTESIAN_POINT('',(-29.5166525960669,1.53806112098768,-0.999999999999963));
#6688=CARTESIAN_POINT('Ctrl Pts',(-25.9572177058838,1.33883688268684,-3.59999999999997));
#6689=CARTESIAN_POINT('Ctrl Pts',(-26.8302369083367,1.58140767921707,-3.59999999999997));
#6690=CARTESIAN_POINT('Ctrl Pts',(-27.6973761118756,1.81780929655886,-3.22640646238992));
#6691=CARTESIAN_POINT('Ctrl Pts',(-28.3683358194054,1.84838324595657,-2.62130795083762));
#6692=CARTESIAN_POINT('Ctrl Pts',(-28.8715556000526,1.87131370800486,-2.16748406717339));
#6693=CARTESIAN_POINT('Ctrl Pts',(-29.2644244141947,1.77846610683459,-1.58343863566664));
#6694=CARTESIAN_POINT('Ctrl Pts',(-29.5166525960669,1.53806112098768,-0.999999999999961));
#6695=CARTESIAN_POINT('',(-1.46596450594137,28.2738732068885,-0.999999999999965));
#6696=CARTESIAN_POINT('',(-18.64828641759,11.8969726348485,-0.999999999999963));
#6697=CARTESIAN_POINT('Ctrl Pts',(-1.27607890381088,24.8630473034125,-3.59999999999997));
#6698=CARTESIAN_POINT('Ctrl Pts',(-1.44947912164303,25.5037756386924,-3.59999999999997));
#6699=CARTESIAN_POINT('Ctrl Pts',(-1.6232914184314,26.1449363191066,-3.39614809002876));
#6700=CARTESIAN_POINT('Ctrl Pts',(-1.70726461357074,26.6918395813972,-3.03235829937981));
#6701=CARTESIAN_POINT('Ctrl Pts',(-1.81922887375653,27.4210439311181,-2.54730524518122));
#6702=CARTESIAN_POINT('Ctrl Pts',(-1.77147917545515,27.9826795375082,-1.77791818088887));
#6703=CARTESIAN_POINT('Ctrl Pts',(-1.46596450594136,28.2738732068885,-0.999999999999973));
#6704=CARTESIAN_POINT('Ctrl Pts',(-29.5166525960669,1.53806112098767,-0.999999999999956));
#6705=CARTESIAN_POINT('Ctrl Pts',(-29.0566942327136,1.05548185451863,-0.999999999999959));
#6706=CARTESIAN_POINT('Ctrl Pts',(-28.5967358693603,0.572902588049597,-0.999999999999961));
#6707=CARTESIAN_POINT('Ctrl Pts',(-28.136777506007,0.0903233215805566,-0.999999999999964));
#6708=CARTESIAN_POINT('Ctrl Pts',(-29.2644244141948,1.77846610683459,-1.58343863566663));
#6709=CARTESIAN_POINT('Ctrl Pts',(-28.8041143615126,1.29551785484018,-1.43423272317595));
#6710=CARTESIAN_POINT('Ctrl Pts',(-28.344859376817,0.813676559421885,-1.2838455976445));
#6711=CARTESIAN_POINT('Ctrl Pts',(-27.8845493241348,0.330728307427474,-1.13463968515381));
#6712=CARTESIAN_POINT('Ctrl Pts',(-28.3477305145298,1.99511050956522,-2.94621130918239));
#6713=CARTESIAN_POINT('Ctrl Pts',(-27.9720699760325,1.60097486261723,-2.44744290053523));
#6714=CARTESIAN_POINT('Ctrl Pts',(-27.5959478670415,1.20635494498725,-1.94789409538153));
#6715=CARTESIAN_POINT('Ctrl Pts',(-27.2202873285442,0.812219298039262,-1.44912568673437));
#6716=CARTESIAN_POINT('Ctrl Pts',(-26.8302369083367,1.58140767921707,-3.59999999999997));
#6717=CARTESIAN_POINT('Ctrl Pts',(-26.6920042310702,1.43637667356036,-2.93117664306194));
#6718=CARTESIAN_POINT('Ctrl Pts',(-26.5556119240981,1.29327654821266,-2.268823356938));
#6719=CARTESIAN_POINT('Ctrl Pts',(-26.4173792468316,1.14824554255595,-1.59999999999996));
#6720=CARTESIAN_POINT('Ctrl Pts',(-25.9572177058838,1.33883688268684,-3.59999999999997));
#6721=CARTESIAN_POINT('Ctrl Pts',(-25.9572177058838,1.33883688268684,-2.93333333333331));
#6722=CARTESIAN_POINT('Ctrl Pts',(-25.9572177058838,1.33883688268684,-2.26666666666663));
#6723=CARTESIAN_POINT('Ctrl Pts',(-25.9572177058838,1.33883688268684,-1.59999999999997));
#6724=CARTESIAN_POINT('',(-25.9572177058838,1.33883688268683,-1.59999999999997));
#6725=CARTESIAN_POINT('',(-25.9572177058838,1.33883688268683,-2.47999999999997));
#6726=CARTESIAN_POINT('',(-25.9572177058838,1.33883688268682,7.13900072047931));
#6727=CARTESIAN_POINT('',(-28.136777506007,0.0903233215805588,-0.999999999999968));
#6728=CARTESIAN_POINT('Ctrl Pts',(-28.136777506007,0.0903233215805579,-0.999999999999964));
#6729=CARTESIAN_POINT('Ctrl Pts',(-27.8845493241348,0.330728307427475,-1.13463968515381));
#6730=CARTESIAN_POINT('Ctrl Pts',(-27.5998656117388,0.537081589118241,-1.26941940011691));
#6731=CARTESIAN_POINT('Ctrl Pts',(-27.2897162916878,0.716716856220111,-1.37414798865481));
#6732=CARTESIAN_POINT('Ctrl Pts',(-26.8761838649531,0.956230545689269,-1.51378610670534));
#6733=CARTESIAN_POINT('Ctrl Pts',(-26.4173792468316,1.14824554255595,-1.59999999999996));
#6734=CARTESIAN_POINT('Ctrl Pts',(-25.9572177058838,1.33883688268683,-1.59999999999997));
#6735=CARTESIAN_POINT('',(-28.7439225456334,0.727327953319696,-0.999999999999964));
#6736=CARTESIAN_POINT('',(-22.1074128029045,-6.23556751446139,-0.99999999999998));
#6737=CARTESIAN_POINT('',(-22.1074128029045,-6.23556751446139,-0.99999999999998));
#6738=CARTESIAN_POINT('',(-25.9572177058838,1.33883688268682,7.13900072047931));
#6739=CARTESIAN_POINT('Origin',(-24.9010789038109,10.7888368826868,-1.59999999999996));
#6740=CARTESIAN_POINT('',(-16.8544488005121,10.0149134956192,-1.59999999999997));
#6741=CARTESIAN_POINT('',(-1.27607890381088,1.33883688268683,-1.6));
#6742=CARTESIAN_POINT('Origin',(-24.9010789038109,10.7888368826868,-3.59999999999996));
#6743=CARTESIAN_POINT('',(-1.27607890381089,1.33883688268684,-3.6));
#6744=CARTESIAN_POINT('Origin',(-33.1579960248562,-1.9325943345771,3.79459119874623));
#6745=CARTESIAN_POINT('',(-28.440565109817,-0.199224238300837,-0.600000000000007));
#6746=CARTESIAN_POINT('',(-13.4386044962649,14.099519471491,-20.3532228773021));
#6747=CARTESIAN_POINT('',(-29.2132951602505,0.611508929367153,-0.600000000000009));
#6748=CARTESIAN_POINT('',(-29.8204401998769,1.24851356110629,-0.600000000000007));
#6749=CARTESIAN_POINT('',(-29.8204401998769,1.24851356110628,-0.600000000000005));
#6750=CARTESIAN_POINT('',(-29.8204401998769,1.24851356110629,-0.600000000000007));
#6751=CARTESIAN_POINT('',(-14.8184795863248,15.5472572708982,-20.3532228773021));
#6752=CARTESIAN_POINT('Origin',(-21.0982181587953,6.79895019939174,2.78711272622915));
#6753=CARTESIAN_POINT('',(-0.0860894158814607,26.8261354074814,-0.99999999999997));
#6754=CARTESIAN_POINT('',(-17.26841132753,10.4492348354414,-0.999999999999966));
#6755=CARTESIAN_POINT('',(0.189885602130495,27.089174096524,-0.600000000000005));
#6756=CARTESIAN_POINT('',(-13.4386044962649,14.099519471491,-20.3532228773021));
#6757=CARTESIAN_POINT('',(-17.26841132753,10.4492348354414,-0.600000000000007));
#6758=CARTESIAN_POINT('Ctrl Pts',(-1.27607890381088,24.8630473034125,-3.59999999999997));
#6759=CARTESIAN_POINT('Ctrl Pts',(-1.27607890381088,24.8630473034125,-2.9333333333333));
#6760=CARTESIAN_POINT('Ctrl Pts',(-1.27607890381088,24.8630473034125,-2.26666666666664));
#6761=CARTESIAN_POINT('Ctrl Pts',(-1.27607890381088,24.8630473034125,-1.59999999999997));
#6762=CARTESIAN_POINT('Ctrl Pts',(-1.44947912164303,25.5037756386923,-3.59999999999998));
#6763=CARTESIAN_POINT('Ctrl Pts',(-1.34653636067525,25.3957701189884,-2.93282359251488));
#6764=CARTESIAN_POINT('Ctrl Pts',(-1.24277863648197,25.2869095559004,-2.26717640748507));
#6765=CARTESIAN_POINT('Ctrl Pts',(-1.13983587551419,25.1789040361965,-1.59999999999997));
#6766=CARTESIAN_POINT('Ctrl Pts',(-1.85504114748257,26.9998172263255,-3.12434554340049));
#6767=CARTESIAN_POINT('Ctrl Pts',(-1.51092209608205,26.6387742871512,-2.57986069661484));
#6768=CARTESIAN_POINT('Ctrl Pts',(-1.1662764162245,26.2771788197597,-2.0347184337242));
#6769=CARTESIAN_POINT('Ctrl Pts',(-0.822157364823979,25.9161358805854,-1.49023358693855));
#6770=CARTESIAN_POINT('Ctrl Pts',(-1.77147917545516,27.9826795375082,-1.77791818088886));
#6771=CARTESIAN_POINT('Ctrl Pts',(-1.31003283051064,27.4985391100254,-1.57756283240505));
#6772=CARTESIAN_POINT('Ctrl Pts',(-0.853050430339763,27.0190821655838,-1.37987492868892));
#6773=CARTESIAN_POINT('Ctrl Pts',(-0.391604085395243,26.5349417381011,-1.1795195802051));
#6774=CARTESIAN_POINT('Ctrl Pts',(-1.46596450594136,28.2738732068885,-0.999999999999956));
#6775=CARTESIAN_POINT('Ctrl Pts',(-1.00600614258806,27.7912939404195,-0.999999999999959));
#6776=CARTESIAN_POINT('Ctrl Pts',(-0.546047779234756,27.3087146739504,-0.999999999999961));
#6777=CARTESIAN_POINT('Ctrl Pts',(-0.0860894158814518,26.8261354074814,
-0.999999999999964));
#6778=CARTESIAN_POINT('',(-0.693234455507817,27.4631400392205,-0.999999999999964));
#6779=CARTESIAN_POINT('',(5.943275287221,20.5002445714394,-0.99999999999998));
#6780=CARTESIAN_POINT('',(5.943275287221,20.5002445714394,-0.99999999999998));
#6781=CARTESIAN_POINT('Ctrl Pts',(-1.27607890381088,24.8630473034125,-1.59999999999997));
#6782=CARTESIAN_POINT('Ctrl Pts',(-1.13983587551419,25.1789040361965,-1.59999999999997));
#6783=CARTESIAN_POINT('Ctrl Pts',(-1.00368794236124,25.4948605409346,-1.55295725154507));
#6784=CARTESIAN_POINT('Ctrl Pts',(-0.846807908827749,25.789065333798,-1.46900576139532));
#6785=CARTESIAN_POINT('Ctrl Pts',(-0.637634530783092,26.1813383909492,-1.35707044119564));
#6786=CARTESIAN_POINT('Ctrl Pts',(-0.391604085395243,26.5349417381011,-1.1795195802051));
#6787=CARTESIAN_POINT('Ctrl Pts',(-0.0860894158814518,26.8261354074814,
-0.999999999999964));
#6788=CARTESIAN_POINT('Origin',(-36.2760789038109,1.33883688268684,-3.59999999999996));
#6789=CARTESIAN_POINT('Origin',(-16.,15.2500000000001,-0.6));
#6790=CARTESIAN_POINT('',(2.83579776387885E-15,30.5,2.));
#6791=CARTESIAN_POINT('Ctrl Pts',(0.189885602130491,27.089174096524,-0.600000000000009));
#6792=CARTESIAN_POINT('Ctrl Pts',(0.419021604265834,27.3075693485593,-0.0165613643333325));
#6793=CARTESIAN_POINT('Ctrl Pts',(0.507510164164779,27.673529130154,0.567469502647198));
#6794=CARTESIAN_POINT('Ctrl Pts',(0.485653594672655,28.155260850782,1.02129130566482));
#6795=CARTESIAN_POINT('Ctrl Pts',(0.456511502016491,28.7975698116193,1.62638704302166));
#6796=CARTESIAN_POINT('Ctrl Pts',(0.231200290442874,29.6456955529602,2.));
#6797=CARTESIAN_POINT('Ctrl Pts',(6.73072708679001E-15,30.5,2.));
#6798=CARTESIAN_POINT('',(-32.0000000000001,2.97526322767618E-15,2.));
#6799=CARTESIAN_POINT('',(-19.0622489446079,12.3312939746706,2.));
#6800=CARTESIAN_POINT('Ctrl Pts',(-32.0000000000001,-4.44089209850063E-15,
2.));
#6801=CARTESIAN_POINT('Ctrl Pts',(-31.3452355981604,-0.181928097397672,
2.));
#6802=CARTESIAN_POINT('Ctrl Pts',(-30.6900569518308,-0.364290811965142,
1.79615021715868));
#6803=CARTESIAN_POINT('Ctrl Pts',(-30.124719263322,-0.452394160950119,1.43236073038543));
#6804=CARTESIAN_POINT('Ctrl Pts',(-29.3709356786436,-0.569865292930086,
0.947308081354429));
#6805=CARTESIAN_POINT('Ctrl Pts',(-28.7768693523132,-0.519764219430064,
0.177918180888894));
#6806=CARTESIAN_POINT('Ctrl Pts',(-28.440565109817,-0.199224238300842,-0.600000000000006));
#6807=CARTESIAN_POINT('Ctrl Pts',(-1.18998948792941,28.5369118959311,-0.600000000000002));
#6808=CARTESIAN_POINT('Ctrl Pts',(-0.730031124576111,28.0543326294621,-0.600000000000005));
#6809=CARTESIAN_POINT('Ctrl Pts',(-0.270072761222809,27.5717533629931,-0.600000000000007));
#6810=CARTESIAN_POINT('Ctrl Pts',(0.189885602130493,27.089174096524,-0.600000000000009));
#6811=CARTESIAN_POINT('Ctrl Pts',(-0.96085348579407,28.7553071479664,-0.465360314846154));
#6812=CARTESIAN_POINT('Ctrl Pts',(-0.5005434331119,28.272358895972,-0.316154402355471));
#6813=CARTESIAN_POINT('Ctrl Pts',(-0.0412884484163345,27.7905176005537,
-0.165767276824015));
#6814=CARTESIAN_POINT('Ctrl Pts',(0.419021604265836,27.3075693485593,-0.0165613643333321));
#6815=CARTESIAN_POINT('Ctrl Pts',(-0.501936052272231,29.3443538929909,-0.150882155702791));
#6816=CARTESIAN_POINT('Ctrl Pts',(-0.126275513774934,28.9502182460429,0.347886252944367));
#6817=CARTESIAN_POINT('Ctrl Pts',(0.249834372199407,28.5556111525617,0.847408916640749));
#6818=CARTESIAN_POINT('Ctrl Pts',(0.625494910696704,28.1614755056137,1.34617732528791));
#6819=CARTESIAN_POINT('Ctrl Pts',(-0.181657371062244,30.0788576896213,1.80112956025503E-16));
#6820=CARTESIAN_POINT('Ctrl Pts',(-0.0434246937956969,29.9338266839646,
0.668823356938031));
#6821=CARTESIAN_POINT('Ctrl Pts',(0.0929676131763268,29.7907265586169,1.33117664306197));
#6822=CARTESIAN_POINT('Ctrl Pts',(0.231200290442874,29.6456955529602,2.));
#6823=CARTESIAN_POINT('Ctrl Pts',(8.88178419700125E-15,30.5,-1.38777878078145E-16));
#6824=CARTESIAN_POINT('Ctrl Pts',(8.06473401241927E-15,30.5,0.666666666666667));
#6825=CARTESIAN_POINT('Ctrl Pts',(7.47838833233292E-15,30.5,1.33333333333333));
#6826=CARTESIAN_POINT('Ctrl Pts',(6.66133814775094E-15,30.5,2.));
#6827=CARTESIAN_POINT('',(-1.18998948792941,28.5369118959311,-0.600000000000003));
#6828=CARTESIAN_POINT('',(-0.582844448303052,27.899907264192,-0.6));
#6829=CARTESIAN_POINT('',(-1.18998948792941,28.5369118959311,-0.599999999999998));
#6830=CARTESIAN_POINT('',(2.83579776387885E-15,30.5,0.));
#6831=CARTESIAN_POINT('Ctrl Pts',(-1.18998948792941,28.5369118959311,-0.600000000000002));
#6832=CARTESIAN_POINT('Ctrl Pts',(-0.96085348579407,28.7553071479664,-0.465360314846154));
#6833=CARTESIAN_POINT('Ctrl Pts',(-0.764174585713282,29.0077557529769,-0.33058396092757));
#6834=CARTESIAN_POINT('Ctrl Pts',(-0.592959946261202,29.2869209593028,-0.225855852538887));
#6835=CARTESIAN_POINT('Ctrl Pts',(-0.364673760325094,29.659141234404,-0.086218374687309));
#6836=CARTESIAN_POINT('Ctrl Pts',(-0.181657371062244,30.0788576896213,1.7347234759768E-16));
#6837=CARTESIAN_POINT('Ctrl Pts',(8.88178419700125E-15,30.5,-1.38777878078145E-16));
#6838=CARTESIAN_POINT('',(6.66133814775094E-15,30.5,0.88));
#6839=CARTESIAN_POINT('',(6.66133814775094E-15,30.5,0.));
#6840=CARTESIAN_POINT('',(6.66133814775094E-15,30.5,0.));
#6841=CARTESIAN_POINT('',(-1.18998948792941,28.5369118959311,-0.599999999999998));
#6842=CARTESIAN_POINT('Origin',(-22.4780932488552,8.24668799879886,2.78711272622915));
#6843=CARTESIAN_POINT('',(-18.64828641759,11.8969726348485,-0.600000000000005));
#6844=CARTESIAN_POINT('',(-14.8184795863248,15.5472572708982,-20.3532228773021));
#6845=CARTESIAN_POINT('Origin',(-14.2055763693927,12.5396200315299,-0.999999999999967));
#6846=CARTESIAN_POINT('Origin',(0.,0.,0.));
#6847=CARTESIAN_POINT('',(3.0217517156086E-15,32.5,0.));
#6848=CARTESIAN_POINT('',(0.,0.,0.));
#6849=CARTESIAN_POINT('',(3.0217517156086E-15,32.5,2.));
#6850=CARTESIAN_POINT('',(3.0217517156086E-15,32.5,0.));
#6851=CARTESIAN_POINT('',(0.,0.,2.));
#6852=CARTESIAN_POINT('Origin',(-23.625,9.45,0.));
#6853=CARTESIAN_POINT('',(-32.0000000000001,2.97526322767618E-15,0.));
#6854=CARTESIAN_POINT('',(-19.0622489446079,12.3312939746706,0.));
#6855=CARTESIAN_POINT('',(-35.,3.25419415527081E-15,0.));
#6856=CARTESIAN_POINT('',(0.,0.,0.));
#6857=CARTESIAN_POINT('',(-35.,-37.8,0.));
#6858=CARTESIAN_POINT('',(-35.,3.25419415527081E-15,0.));
#6859=CARTESIAN_POINT('',(-52.5,-37.8,0.));
#6860=CARTESIAN_POINT('',(-35.,-37.8,0.));
#6861=CARTESIAN_POINT('',(-52.5,22.2,0.));
#6862=CARTESIAN_POINT('',(-52.5,-37.8,0.));
#6863=CARTESIAN_POINT('',(-21.5,22.2,0.));
#6864=CARTESIAN_POINT('',(-52.5,22.2,0.));
#6865=CARTESIAN_POINT('',(-21.5,56.7,0.));
#6866=CARTESIAN_POINT('',(-21.5,22.2,0.));
#6867=CARTESIAN_POINT('',(-10.25,56.7,0.));
#6868=CARTESIAN_POINT('',(-21.5,56.7,0.));
#6869=CARTESIAN_POINT('',(-10.25,52.725,0.));
#6870=CARTESIAN_POINT('',(-10.25,56.7,0.));
#6871=CARTESIAN_POINT('',(0.500000000000003,52.725,0.));
#6872=CARTESIAN_POINT('Origin',(-4.875,52.725,0.));
#6873=CARTESIAN_POINT('',(0.500000000000003,56.7,0.));
#6874=CARTESIAN_POINT('',(0.500000000000003,56.7,0.));
#6875=CARTESIAN_POINT('',(5.25,56.7,0.));
#6876=CARTESIAN_POINT('',(5.25,56.7,0.));
#6877=CARTESIAN_POINT('',(5.25,32.5,0.));
#6878=CARTESIAN_POINT('',(5.25,32.5,0.));
#6879=CARTESIAN_POINT('',(3.0217517156086E-15,32.5,0.));
#6880=CARTESIAN_POINT('Ctrl Pts',(-32.0000000000001,-4.44089209850063E-15,
-1.38777878078145E-16));
#6881=CARTESIAN_POINT('Ctrl Pts',(-32.0000000000001,-4.44089209850063E-15,
0.666666666666667));
#6882=CARTESIAN_POINT('Ctrl Pts',(-32.0000000000001,-4.44089209850063E-15,
1.33333333333333));
#6883=CARTESIAN_POINT('Ctrl Pts',(-32.0000000000001,-4.44089209850063E-15,
2.));
#6884=CARTESIAN_POINT('Ctrl Pts',(-31.6548788442893,0.142943505098163,-1.38777878078145E-16));
#6885=CARTESIAN_POINT('Ctrl Pts',(-31.5519360833215,0.0349379853942641,
0.667176407485096));
#6886=CARTESIAN_POINT('Ctrl Pts',(-31.4481783591282,-0.0739225776937732,
1.3328235925149));
#6887=CARTESIAN_POINT('Ctrl Pts',(-31.3452355981604,-0.181928097397672,
2.));
#6888=CARTESIAN_POINT('Ctrl Pts',(-30.8493730929053,0.476244325697327,-0.109765267683789));
#6889=CARTESIAN_POINT('Ctrl Pts',(-30.5052540415048,0.115201386523011,0.434719579101852));
#6890=CARTESIAN_POINT('Ctrl Pts',(-30.1606044747918,-0.246398158880788,
0.979865659917941));
#6891=CARTESIAN_POINT('Ctrl Pts',(-29.8164854233913,-0.607441098055104,
1.52435050670358));
#6892=CARTESIAN_POINT('Ctrl Pts',(-30.1567444423731,0.92797357997706,-0.420480419794873));
#6893=CARTESIAN_POINT('Ctrl Pts',(-29.6952980974286,0.443833152494286,-0.220125071311056));
#6894=CARTESIAN_POINT('Ctrl Pts',(-29.2383156972577,-0.0356237919472892,
-0.0224371675949307));
#6895=CARTESIAN_POINT('Ctrl Pts',(-28.7768693523132,-0.519764219430064,
0.177918180888886));
#6896=CARTESIAN_POINT('Ctrl Pts',(-29.8204401998769,1.24851356110628,-0.600000000000004));
#6897=CARTESIAN_POINT('Ctrl Pts',(-29.3604818365236,0.765934294637244,-0.600000000000009));
#6898=CARTESIAN_POINT('Ctrl Pts',(-28.9005234731703,0.283355028168203,-0.600000000000014));
#6899=CARTESIAN_POINT('Ctrl Pts',(-28.440565109817,-0.199224238300837,-0.600000000000018));
#6900=CARTESIAN_POINT('',(-32.0000000000001,5.55111512312578E-15,0.88));
#6901=CARTESIAN_POINT('',(-32.0000000000001,5.55111512312578E-15,0.));
#6902=CARTESIAN_POINT('',(-32.0000000000001,5.55111512312578E-15,0.));
#6903=CARTESIAN_POINT('Ctrl Pts',(-29.8204401998769,1.24851356110628,-0.600000000000004));
#6904=CARTESIAN_POINT('Ctrl Pts',(-30.1567444423731,0.927973579977059,-0.420480419794872));
#6905=CARTESIAN_POINT('Ctrl Pts',(-30.5525322426772,0.669842577531498,-0.242928904302825));
#6906=CARTESIAN_POINT('Ctrl Pts',(-30.9851778718309,0.450382084042857,-0.130993677603363));
#6907=CARTESIAN_POINT('Ctrl Pts',(-31.3096620936962,0.285786713926376,-0.0470422575787666));
#6908=CARTESIAN_POINT('Ctrl Pts',(-31.6548788442893,0.142943505098163,-7.60191437703486E-17));
#6909=CARTESIAN_POINT('Ctrl Pts',(-32.0000000000001,-4.44089209850063E-15,
-1.38777878078145E-16));
#6910=CARTESIAN_POINT('Origin',(-35.,3.25419415527081E-15,0.));
#6911=CARTESIAN_POINT('',(-35.,3.25419415527081E-15,2.));
#6912=CARTESIAN_POINT('',(0.,0.,2.));
#6913=CARTESIAN_POINT('',(-35.,3.25419415527081E-15,0.));
#6914=CARTESIAN_POINT('Origin',(-35.,-37.8,0.));
#6915=CARTESIAN_POINT('',(-35.,-37.8,2.));
#6916=CARTESIAN_POINT('',(-35.,3.25419415527081E-15,2.));
#6917=CARTESIAN_POINT('',(-35.,-37.8,0.));
#6918=CARTESIAN_POINT('Origin',(-52.5,-37.8,0.));
#6919=CARTESIAN_POINT('',(-52.5,-37.8,2.));
#6920=CARTESIAN_POINT('',(-35.,-37.8,2.));
#6921=CARTESIAN_POINT('',(-52.5,-37.8,0.));
#6922=CARTESIAN_POINT('Origin',(-52.5,22.2,0.));
#6923=CARTESIAN_POINT('',(-52.5,22.2,2.));
#6924=CARTESIAN_POINT('',(-52.5,-37.8,2.));
#6925=CARTESIAN_POINT('',(-52.5,22.2,0.));
#6926=CARTESIAN_POINT('Origin',(-21.5,22.2,0.));
#6927=CARTESIAN_POINT('',(-21.5,22.2,2.));
#6928=CARTESIAN_POINT('',(-52.5,22.2,2.));
#6929=CARTESIAN_POINT('',(-21.5,22.2,0.));
#6930=CARTESIAN_POINT('Origin',(-21.5,56.7,0.));
#6931=CARTESIAN_POINT('',(-21.5,56.7,2.));
#6932=CARTESIAN_POINT('',(-21.5,22.2,2.));
#6933=CARTESIAN_POINT('',(-21.5,56.7,0.));
#6934=CARTESIAN_POINT('Origin',(-10.25,56.7,0.));
#6935=CARTESIAN_POINT('',(-10.25,56.7,2.));
#6936=CARTESIAN_POINT('',(-21.5,56.7,2.));
#6937=CARTESIAN_POINT('',(-10.25,56.7,0.));
#6938=CARTESIAN_POINT('Origin',(-10.25,52.725,0.));
#6939=CARTESIAN_POINT('',(-10.25,52.725,2.));
#6940=CARTESIAN_POINT('',(-10.25,56.7,2.));
#6941=CARTESIAN_POINT('',(-10.25,52.725,0.));
#6942=CARTESIAN_POINT('Origin',(-4.875,52.725,0.));
#6943=CARTESIAN_POINT('',(0.500000000000003,52.725,2.));
#6944=CARTESIAN_POINT('Origin',(-4.875,52.725,2.));
#6945=CARTESIAN_POINT('',(0.500000000000003,52.725,0.));
#6946=CARTESIAN_POINT('Origin',(0.500000000000003,56.7,0.));
#6947=CARTESIAN_POINT('',(0.500000000000003,56.7,2.));
#6948=CARTESIAN_POINT('',(0.500000000000003,56.7,2.));
#6949=CARTESIAN_POINT('',(0.500000000000003,56.7,0.));
#6950=CARTESIAN_POINT('Origin',(5.25,56.7,0.));
#6951=CARTESIAN_POINT('',(5.25,56.7,2.));
#6952=CARTESIAN_POINT('',(5.25,56.7,2.));
#6953=CARTESIAN_POINT('',(5.25,56.7,0.));
#6954=CARTESIAN_POINT('Origin',(5.25,32.5,0.));
#6955=CARTESIAN_POINT('',(5.25,32.5,2.));
#6956=CARTESIAN_POINT('',(5.25,32.5,2.));
#6957=CARTESIAN_POINT('',(5.25,32.5,0.));
#6958=CARTESIAN_POINT('Origin',(3.0217517156086E-15,32.5,0.));
#6959=CARTESIAN_POINT('',(3.0217517156086E-15,32.5,2.));
#6960=CARTESIAN_POINT('Origin',(-14.8184795863248,15.5472572708982,-20.3532228773021));
#6961=CARTESIAN_POINT('Origin',(-23.625,9.45,2.));
#6962=CARTESIAN_POINT('Origin',(-16.,15.2500000000001,-0.6));
#6963=CARTESIAN_POINT('',(0.,0.,0.));
#6964=CARTESIAN_POINT('Origin',(-3.26999999999999,-2.77999999999998,5.68383175660989));
#6965=CARTESIAN_POINT('',(-3.26999999999999,-3.30999999999998,2.22000000000002));
#6966=CARTESIAN_POINT('',(-3.26999999999999,-2.77999999999998,2.22000000000002));
#6967=CARTESIAN_POINT('',(-3.26999999999999,-1.40499999999998,2.22000000000002));
#6968=CARTESIAN_POINT('',(-3.26999999999999,-2.77999999999998,2.15883175660989));
#6969=CARTESIAN_POINT('',(-3.26999999999999,-2.77999999999998,5.68383175660989));
#6970=CARTESIAN_POINT('',(-3.26999999999999,-3.30999999999998,2.15883175660989));
#6971=CARTESIAN_POINT('',(-3.26999999999999,-2.77999999999998,2.15883175660989));
#6972=CARTESIAN_POINT('',(-3.26999999999999,-3.30999999999998,5.68383175660989));
#6973=CARTESIAN_POINT('Origin',(5.96046620876534E-8,-2.25,2.22000000000002));
#6974=CARTESIAN_POINT('',(-1.80999999999999,-3.30999999999998,2.22000000000002));
#6975=CARTESIAN_POINT('',(2.86090161776457E-15,-3.30999999999998,2.22000000000002));
#6976=CARTESIAN_POINT('',(-1.80999999999999,-2.25,3.28));
#6977=CARTESIAN_POINT('Origin',(-1.80999999999999,-2.25,2.22000000000002));
#6978=CARTESIAN_POINT('',(-3.26999999999999,-2.25,3.28));
#6979=CARTESIAN_POINT('',(2.62553433855173E-15,-2.25,3.28));
#6980=CARTESIAN_POINT('Origin',(-3.26999999999999,-2.25,2.22000000000002));
#6981=CARTESIAN_POINT('Origin',(-1.80999999999999,-2.77999999999998,2.22000000000002));
#6982=CARTESIAN_POINT('',(-1.80999999999999,-2.77999999999998,2.22000000000002));
#6983=CARTESIAN_POINT('',(-1.80999999999999,-1.40499999999998,2.22000000000002));
#6984=CARTESIAN_POINT('',(-1.80999999999999,-2.25,2.75));
#6985=CARTESIAN_POINT('Origin',(-1.80999999999999,-2.25,2.22000000000002));
#6986=CARTESIAN_POINT('',(-1.80999999999999,-2.25,1.375));
#6987=CARTESIAN_POINT('Origin',(6.18280519489829E-15,-2.77999999999998,
1.83383175660989));
#6988=CARTESIAN_POINT('',(2.80205979745944E-15,-2.77999999999998,2.22000000000002));
#6989=CARTESIAN_POINT('',(-1.80999999999999,-2.77999999999998,2.15883175660989));
#6990=CARTESIAN_POINT('',(-1.81,-2.77999999999998,5.68383175660989));
#6991=CARTESIAN_POINT('',(-2.13499999999999,-2.77999999999998,1.83383175660989));
#6992=CARTESIAN_POINT('',(-2.13499999999999,-2.77999999999998,1.83383175660989));
#6993=CARTESIAN_POINT('',(-2.13499999999999,-2.77999999999999,-7.41616824339011));
#6994=CARTESIAN_POINT('',(-2.13499999999999,-2.77999999999999,-8.21616824339011));
#6995=CARTESIAN_POINT('',(-2.33499999999999,-2.77999999999999,-7.61616824339011));
#6996=CARTESIAN_POINT('',(-2.33499999999999,-2.77999999999999,-7.61616824339011));
#6997=CARTESIAN_POINT('',(-2.33499999999999,-2.77999999999999,-8.21616824339011));
#6998=CARTESIAN_POINT('',(-2.335,-2.77999999999998,1.83383175660989));
#6999=CARTESIAN_POINT('',(-2.74499999999999,-2.77999999999999,-8.21616824339011));
#7000=CARTESIAN_POINT('',(-2.94499999999999,-2.77999999999999,-8.21616824339011));
#7001=CARTESIAN_POINT('',(-2.74499999999999,-2.77999999999999,-7.61616824339011));
#7002=CARTESIAN_POINT('',(-2.74499999999999,-2.77999999999998,1.83383175660988));
#7003=CARTESIAN_POINT('',(-2.94499999999999,-2.77999999999999,-7.41616824339011));
#7004=CARTESIAN_POINT('',(-2.94499999999999,-2.77999999999999,-7.41616824339011));
#7005=CARTESIAN_POINT('',(-2.94499999999999,-2.77999999999998,1.83383175660988));
#7006=CARTESIAN_POINT('',(-2.94499999999999,-2.77999999999998,1.83383175660988));
#7007=CARTESIAN_POINT('',(-3.26999999999999,-2.77999999999998,2.15883175660989));
#7008=CARTESIAN_POINT('Origin',(6.30048883550856E-15,-3.30999999999998,
1.83383175660989));
#7009=CARTESIAN_POINT('',(-2.94499999999999,-3.30999999999998,1.83383175660988));
#7010=CARTESIAN_POINT('',(-1.47249999999999,-3.30999999999998,0.361331756609888));
#7011=CARTESIAN_POINT('',(-2.94499999999999,-3.30999999999999,-7.41616824339011));
#7012=CARTESIAN_POINT('',(-2.94499999999999,-3.30999999999998,1.83383175660988));
#7013=CARTESIAN_POINT('',(-2.74499999999999,-3.30999999999999,-7.61616824339011));
#7014=CARTESIAN_POINT('',(-6.09749999999999,-3.30999999999999,-4.26366824339012));
#7015=CARTESIAN_POINT('',(-2.74499999999999,-3.30999999999999,-8.21616824339011));
#7016=CARTESIAN_POINT('',(-2.74499999999999,-3.30999999999999,-8.21616824339011));
#7017=CARTESIAN_POINT('',(-2.33499999999999,-3.30999999999999,-8.21616824339011));
#7018=CARTESIAN_POINT('',(-2.94499999999999,-3.30999999999999,-8.21616824339011));
#7019=CARTESIAN_POINT('',(-2.33499999999999,-3.30999999999999,-7.61616824339011));
#7020=CARTESIAN_POINT('',(-2.33499999999999,-3.30999999999999,-8.21616824339011));
#7021=CARTESIAN_POINT('',(-2.13499999999999,-3.30999999999999,-7.41616824339011));
#7022=CARTESIAN_POINT('',(3.55750000000001,-3.30999999999999,-1.72366824339011));
#7023=CARTESIAN_POINT('',(-2.13499999999999,-3.30999999999998,1.83383175660989));
#7024=CARTESIAN_POINT('',(-2.13499999999999,-3.30999999999999,-8.21616824339011));
#7025=CARTESIAN_POINT('',(-1.80999999999999,-3.30999999999998,2.15883175660989));
#7026=CARTESIAN_POINT('',(-1.06749999999999,-3.30999999999998,2.90133175660989));
#7027=CARTESIAN_POINT('',(-1.81,-3.30999999999998,5.68383175660989));
#7028=CARTESIAN_POINT('Origin',(-1.80999999999999,0.0150000000000006,2.75));
#7029=CARTESIAN_POINT('',(-1.80999999999999,0.0150000000000006,2.75));
#7030=CARTESIAN_POINT('',(-1.80999999999999,0.0150000000000006,2.75));
#7031=CARTESIAN_POINT('',(-1.80999999999999,0.0150000000000006,3.28));
#7032=CARTESIAN_POINT('',(-1.80999999999999,0.0150000000000006,2.75));
#7033=CARTESIAN_POINT('',(-1.80999999999999,0.0150000000000006,3.28));
#7034=CARTESIAN_POINT('Origin',(5.97937498125756E-15,-3.835,2.75));
#7035=CARTESIAN_POINT('',(-3.26999999999999,-2.25,2.75));
#7036=CARTESIAN_POINT('',(2.68437615885686E-15,-2.25,2.75));
#7037=CARTESIAN_POINT('',(-3.26999999999999,0.0150000000000006,2.75));
#7038=CARTESIAN_POINT('',(-3.26999999999999,0.0150000000000006,2.75));
#7039=CARTESIAN_POINT('',(-3.26999999999999,0.0150000000000006,2.75));
#7040=CARTESIAN_POINT('Origin',(-3.26999999999999,-3.30999999999998,2.22000000000002));
#7041=CARTESIAN_POINT('',(-3.26999999999999,-2.25,1.375));
#7042=CARTESIAN_POINT('Origin',(-3.26999999999999,-2.25,2.22000000000002));
#7043=CARTESIAN_POINT('Origin',(-3.26999999999999,0.0150000000000006,2.75));
#7044=CARTESIAN_POINT('',(-3.26999999999999,0.0150000000000006,3.28));
#7045=CARTESIAN_POINT('',(-3.26999999999999,0.0150000000000006,3.28));
#7046=CARTESIAN_POINT('',(-3.26999999999999,0.0150000000000006,2.75));
#7047=CARTESIAN_POINT('Origin',(-3.26999999999999,0.0150000000000006,2.75));
#7048=CARTESIAN_POINT('',(-3.26999999999999,0.0150000000000006,3.28));
#7049=CARTESIAN_POINT('Origin',(-1.81,-2.77999999999998,5.68383175660989));
#7050=CARTESIAN_POINT('',(-1.80999999999999,-2.77999999999998,2.15883175660988));
#7051=CARTESIAN_POINT('Origin',(-2.13499999999999,-2.77999999999999,-8.21616824339011));
#7052=CARTESIAN_POINT('',(-2.13499999999999,-2.77999999999999,-7.41616824339011));
#7053=CARTESIAN_POINT('',(-2.13499999999999,-2.77999999999998,1.83383175660989));
#7054=CARTESIAN_POINT('Origin',(-2.94499999999999,-2.77999999999999,-8.21616824339011));
#7055=CARTESIAN_POINT('',(-2.74499999999999,-0.0399999999999893,-8.21616824339012));
#7056=CARTESIAN_POINT('',(-2.33499999999999,-0.0399999999999893,-8.21616824339012));
#7057=CARTESIAN_POINT('Origin',(-2.94499999999999,-2.77999999999998,1.83383175660988));
#7058=CARTESIAN_POINT('',(-2.94499999999999,-2.77999999999999,-7.41616824339011));
#7059=CARTESIAN_POINT('',(-2.94499999999999,-2.77999999999998,1.83383175660988));
#7060=CARTESIAN_POINT('Origin',(5.96046620876534E-8,-2.25,2.22000000000002));
#7061=CARTESIAN_POINT('Origin',(5.97937498125756E-15,-3.835,3.28));
#7062=CARTESIAN_POINT('Origin',(-2.13499999999999,-2.77999999999998,1.83383175660989));
#7063=CARTESIAN_POINT('Origin',(-3.26999999999999,-2.77999999999998,2.15883175660989));
#7064=CARTESIAN_POINT('Origin',(-2.33499999999999,-0.0399999999999893,-8.21616824339012));
#7065=CARTESIAN_POINT('',(-2.33499999999999,-0.0399999999999889,-7.61616824339012));
#7066=CARTESIAN_POINT('Origin',(-2.74499999999999,-0.0399999999999893,-8.21616824339012));
#7067=CARTESIAN_POINT('',(-2.74499999999999,-0.039999999999989,-7.61616824339012));
#7068=CARTESIAN_POINT('Origin',(-2.33499999999999,-0.0399999999999889,-7.61616824339012));
#7069=CARTESIAN_POINT('Origin',(-2.94499999999999,-2.77999999999999,-7.41616824339011));
#7070=CARTESIAN_POINT('Origin',(-0.729999999999995,-2.77999999999998,5.68383175660989));
#7071=CARTESIAN_POINT('',(-0.729999999999993,-3.30999999999998,2.22000000000002));
#7072=CARTESIAN_POINT('',(-0.729999999999993,-2.77999999999998,2.22000000000002));
#7073=CARTESIAN_POINT('',(-0.729999999999993,-1.40499999999998,2.22000000000002));
#7074=CARTESIAN_POINT('',(-0.729999999999993,-2.77999999999998,2.15883175660989));
#7075=CARTESIAN_POINT('',(-0.729999999999995,-2.77999999999998,5.68383175660989));
#7076=CARTESIAN_POINT('',(-0.729999999999993,-3.30999999999998,2.15883175660989));
#7077=CARTESIAN_POINT('',(-0.729999999999993,-2.77999999999998,2.15883175660989));
#7078=CARTESIAN_POINT('',(-0.729999999999994,-3.30999999999998,5.68383175660989));
#7079=CARTESIAN_POINT('Origin',(5.96046620876534E-8,-2.25,2.22000000000002));
#7080=CARTESIAN_POINT('',(0.730000000000006,-3.30999999999998,2.22000000000002));
#7081=CARTESIAN_POINT('',(1.27,-3.30999999999998,2.22000000000002));
#7082=CARTESIAN_POINT('',(0.730000000000006,-2.25,3.28));
#7083=CARTESIAN_POINT('Origin',(0.730000000000006,-2.25,2.22000000000002));
#7084=CARTESIAN_POINT('',(-0.729999999999993,-2.25,3.28));
#7085=CARTESIAN_POINT('',(1.27,-2.25,3.28));
#7086=CARTESIAN_POINT('Origin',(-0.729999999999993,-2.25,2.22000000000002));
#7087=CARTESIAN_POINT('Origin',(0.730000000000006,-2.77999999999998,2.22000000000002));
#7088=CARTESIAN_POINT('',(0.730000000000006,-2.77999999999998,2.22000000000002));
#7089=CARTESIAN_POINT('',(0.730000000000006,-1.40499999999998,2.22000000000002));
#7090=CARTESIAN_POINT('',(0.730000000000006,-2.25,2.75));
#7091=CARTESIAN_POINT('Origin',(0.730000000000006,-2.25,2.22000000000002));
#7092=CARTESIAN_POINT('',(0.730000000000006,-2.25,1.375));
#7093=CARTESIAN_POINT('Origin',(2.54000000000001,-2.77999999999998,1.83383175660989));
#7094=CARTESIAN_POINT('',(1.27,-2.77999999999998,2.22000000000002));
#7095=CARTESIAN_POINT('',(0.730000000000006,-2.77999999999998,2.15883175660989));
#7096=CARTESIAN_POINT('',(0.730000000000005,-2.77999999999998,5.68383175660989));
#7097=CARTESIAN_POINT('',(0.405000000000008,-2.77999999999998,1.83383175660989));
#7098=CARTESIAN_POINT('',(0.405000000000007,-2.77999999999998,1.83383175660989));
#7099=CARTESIAN_POINT('',(0.40500000000001,-2.77999999999999,-7.41616824339011));
#7100=CARTESIAN_POINT('',(0.40500000000001,-2.77999999999999,-8.21616824339011));
#7101=CARTESIAN_POINT('',(0.205000000000009,-2.77999999999999,-7.61616824339011));
#7102=CARTESIAN_POINT('',(0.205000000000009,-2.77999999999999,-7.61616824339011));
#7103=CARTESIAN_POINT('',(0.20500000000001,-2.77999999999999,-8.21616824339011));
#7104=CARTESIAN_POINT('',(0.205000000000005,-2.77999999999998,1.83383175660989));
#7105=CARTESIAN_POINT('',(-0.20499999999999,-2.77999999999999,-8.21616824339011));
#7106=CARTESIAN_POINT('',(-0.40499999999999,-2.77999999999999,-8.21616824339011));
#7107=CARTESIAN_POINT('',(-0.20499999999999,-2.77999999999999,-7.61616824339011));
#7108=CARTESIAN_POINT('',(-0.204999999999995,-2.77999999999998,1.83383175660989));
#7109=CARTESIAN_POINT('',(-0.404999999999991,-2.77999999999999,-7.41616824339011));
#7110=CARTESIAN_POINT('',(-0.404999999999991,-2.77999999999999,-7.41616824339011));
#7111=CARTESIAN_POINT('',(-0.404999999999995,-2.77999999999998,1.83383175660989));
#7112=CARTESIAN_POINT('',(-0.404999999999995,-2.77999999999998,1.83383175660989));
#7113=CARTESIAN_POINT('',(-0.729999999999993,-2.77999999999998,2.15883175660989));
#7114=CARTESIAN_POINT('Origin',(2.54000000000001,-3.30999999999998,1.83383175660989));
#7115=CARTESIAN_POINT('',(-0.404999999999995,-3.30999999999998,1.83383175660989));
#7116=CARTESIAN_POINT('',(1.06750000000001,-3.30999999999998,0.361331756609888));
#7117=CARTESIAN_POINT('',(-0.40499999999999,-3.30999999999999,-7.41616824339011));
#7118=CARTESIAN_POINT('',(-0.404999999999995,-3.30999999999998,1.83383175660989));
#7119=CARTESIAN_POINT('',(-0.20499999999999,-3.30999999999999,-7.61616824339011));
#7120=CARTESIAN_POINT('',(-3.55749999999999,-3.30999999999999,-4.26366824339012));
#7121=CARTESIAN_POINT('',(-0.20499999999999,-3.30999999999999,-8.21616824339011));
#7122=CARTESIAN_POINT('',(-0.20499999999999,-3.30999999999999,-8.21616824339011));
#7123=CARTESIAN_POINT('',(0.20500000000001,-3.30999999999999,-8.21616824339011));
#7124=CARTESIAN_POINT('',(-0.40499999999999,-3.30999999999999,-8.21616824339011));
#7125=CARTESIAN_POINT('',(0.20500000000001,-3.30999999999999,-7.61616824339011));
#7126=CARTESIAN_POINT('',(0.20500000000001,-3.30999999999999,-8.21616824339011));
#7127=CARTESIAN_POINT('',(0.40500000000001,-3.30999999999999,-7.41616824339011));
#7128=CARTESIAN_POINT('',(6.09750000000001,-3.30999999999998,-1.72366824339011));
#7129=CARTESIAN_POINT('',(0.405000000000008,-3.30999999999998,1.83383175660989));
#7130=CARTESIAN_POINT('',(0.40500000000001,-3.30999999999999,-8.21616824339011));
#7131=CARTESIAN_POINT('',(0.730000000000006,-3.30999999999998,2.15883175660989));
#7132=CARTESIAN_POINT('',(1.47250000000001,-3.30999999999998,2.90133175660989));
#7133=CARTESIAN_POINT('',(0.730000000000005,-3.30999999999998,5.68383175660989));
#7134=CARTESIAN_POINT('Origin',(0.730000000000006,0.0150000000000006,2.75));
#7135=CARTESIAN_POINT('',(0.730000000000006,0.0150000000000006,2.75));
#7136=CARTESIAN_POINT('',(0.730000000000006,0.0150000000000006,2.75));
#7137=CARTESIAN_POINT('',(0.730000000000006,0.0150000000000006,3.28));
#7138=CARTESIAN_POINT('',(0.730000000000006,0.0150000000000006,2.75));
#7139=CARTESIAN_POINT('',(0.730000000000006,0.0150000000000006,3.28));
#7140=CARTESIAN_POINT('Origin',(2.54000000000001,-3.835,2.75));
#7141=CARTESIAN_POINT('',(-0.729999999999993,-2.25,2.75));
#7142=CARTESIAN_POINT('',(1.27,-2.25,2.75));
#7143=CARTESIAN_POINT('',(-0.729999999999994,0.0150000000000006,2.75));
#7144=CARTESIAN_POINT('',(-0.729999999999994,0.0150000000000006,2.75));
#7145=CARTESIAN_POINT('',(-0.729999999999994,0.0150000000000006,2.75));
#7146=CARTESIAN_POINT('Origin',(-0.729999999999993,-3.30999999999998,2.22000000000002));
#7147=CARTESIAN_POINT('',(-0.729999999999993,-2.25,1.375));
#7148=CARTESIAN_POINT('Origin',(-0.729999999999993,-2.25,2.22000000000002));
#7149=CARTESIAN_POINT('Origin',(-0.729999999999994,0.0150000000000006,2.75));
#7150=CARTESIAN_POINT('',(-0.729999999999994,0.0150000000000006,3.28));
#7151=CARTESIAN_POINT('',(-0.729999999999994,0.0150000000000006,3.28));
#7152=CARTESIAN_POINT('',(-0.729999999999994,0.0150000000000006,2.75));
#7153=CARTESIAN_POINT('Origin',(-0.729999999999994,0.0150000000000006,2.75));
#7154=CARTESIAN_POINT('',(-0.729999999999994,0.0150000000000006,3.28));
#7155=CARTESIAN_POINT('Origin',(0.730000000000005,-2.77999999999998,5.68383175660989));
#7156=CARTESIAN_POINT('',(0.730000000000006,-2.77999999999998,2.15883175660989));
#7157=CARTESIAN_POINT('Origin',(0.40500000000001,-2.77999999999999,-8.21616824339011));
#7158=CARTESIAN_POINT('',(0.40500000000001,-2.77999999999999,-7.41616824339011));
#7159=CARTESIAN_POINT('',(0.405000000000008,-2.77999999999998,1.83383175660989));
#7160=CARTESIAN_POINT('Origin',(-0.40499999999999,-2.77999999999999,-8.21616824339011));
#7161=CARTESIAN_POINT('',(-0.20499999999999,-0.0399999999999893,-8.21616824339011));
#7162=CARTESIAN_POINT('',(0.20500000000001,-0.0399999999999892,-8.21616824339011));
#7163=CARTESIAN_POINT('Origin',(-0.404999999999995,-2.77999999999998,1.83383175660989));
#7164=CARTESIAN_POINT('',(-0.404999999999991,-2.77999999999999,-7.41616824339011));
#7165=CARTESIAN_POINT('',(-0.404999999999995,-2.77999999999998,1.83383175660989));
#7166=CARTESIAN_POINT('Origin',(5.96046620876534E-8,-2.25,2.22000000000002));
#7167=CARTESIAN_POINT('Origin',(2.54000000000001,-3.835,3.28));
#7168=CARTESIAN_POINT('Origin',(0.405000000000007,-2.77999999999998,1.83383175660989));
#7169=CARTESIAN_POINT('Origin',(-0.729999999999993,-2.77999999999998,2.15883175660989));
#7170=CARTESIAN_POINT('Origin',(0.20500000000001,-0.0399999999999892,-8.21616824339011));
#7171=CARTESIAN_POINT('',(0.205000000000009,-0.0399999999999889,-7.61616824339011));
#7172=CARTESIAN_POINT('Origin',(-0.20499999999999,-0.0399999999999893,-8.21616824339011));
#7173=CARTESIAN_POINT('',(-0.20499999999999,-0.039999999999989,-7.61616824339011));
#7174=CARTESIAN_POINT('Origin',(0.205000000000009,-0.0399999999999889,-7.61616824339011));
#7175=CARTESIAN_POINT('Origin',(-0.404999999999991,-2.77999999999999,-7.41616824339011));
#7176=CARTESIAN_POINT('Origin',(1.81000000000001,-2.77999999999998,5.68383175660989));
#7177=CARTESIAN_POINT('',(1.81000000000001,-3.30999999999998,2.22000000000002));
#7178=CARTESIAN_POINT('',(1.81000000000001,-2.77999999999998,2.22000000000002));
#7179=CARTESIAN_POINT('',(1.81000000000001,-1.40499999999998,2.22000000000002));
#7180=CARTESIAN_POINT('',(1.81000000000001,-2.77999999999998,2.15883175660989));
#7181=CARTESIAN_POINT('',(1.81000000000001,-2.77999999999998,5.68383175660989));
#7182=CARTESIAN_POINT('',(1.81000000000001,-3.30999999999998,2.15883175660989));
#7183=CARTESIAN_POINT('',(1.81000000000001,-2.77999999999998,2.15883175660989));
#7184=CARTESIAN_POINT('',(1.81000000000001,-3.30999999999998,5.68383175660989));
#7185=CARTESIAN_POINT('Origin',(5.96046620876534E-8,-2.25,2.22000000000002));
#7186=CARTESIAN_POINT('',(3.27000000000001,-3.30999999999998,2.22000000000002));
#7187=CARTESIAN_POINT('',(2.54,-3.30999999999998,2.22000000000002));
#7188=CARTESIAN_POINT('',(3.27000000000001,-2.25,3.28));
#7189=CARTESIAN_POINT('Origin',(3.27000000000001,-2.25,2.22000000000002));
#7190=CARTESIAN_POINT('',(1.81000000000001,-2.25,3.28));
#7191=CARTESIAN_POINT('',(2.54,-2.25,3.28));
#7192=CARTESIAN_POINT('Origin',(1.81000000000001,-2.25,2.22000000000002));
#7193=CARTESIAN_POINT('Origin',(3.27000000000001,-2.77999999999998,2.22000000000002));
#7194=CARTESIAN_POINT('',(3.27000000000001,-2.77999999999998,2.22000000000002));
#7195=CARTESIAN_POINT('',(3.27000000000001,-1.40499999999998,2.22000000000002));
#7196=CARTESIAN_POINT('',(3.27000000000001,-2.25,2.75));
#7197=CARTESIAN_POINT('Origin',(3.27000000000001,-2.25,2.22000000000002));
#7198=CARTESIAN_POINT('',(3.27000000000001,-2.25,1.375));
#7199=CARTESIAN_POINT('Origin',(5.08000000000001,-2.77999999999998,1.83383175660989));
#7200=CARTESIAN_POINT('',(2.54,-2.77999999999998,2.22000000000002));
#7201=CARTESIAN_POINT('',(3.27,-2.77999999999998,2.15883175660989));
#7202=CARTESIAN_POINT('',(3.27000000000001,-2.77999999999998,5.68383175660989));
#7203=CARTESIAN_POINT('',(2.94500000000001,-2.77999999999998,1.83383175660989));
#7204=CARTESIAN_POINT('',(2.94500000000001,-2.77999999999998,1.83383175660989));
#7205=CARTESIAN_POINT('',(2.94500000000001,-2.77999999999999,-7.41616824339011));
#7206=CARTESIAN_POINT('',(2.94500000000001,-2.77999999999999,-8.21616824339011));
#7207=CARTESIAN_POINT('',(2.74500000000001,-2.77999999999999,-7.61616824339011));
#7208=CARTESIAN_POINT('',(2.74500000000001,-2.77999999999999,-7.61616824339011));
#7209=CARTESIAN_POINT('',(2.74500000000001,-2.77999999999999,-8.21616824339011));
#7210=CARTESIAN_POINT('',(2.74500000000001,-2.77999999999998,1.83383175660989));
#7211=CARTESIAN_POINT('',(2.33500000000001,-2.77999999999999,-8.21616824339011));
#7212=CARTESIAN_POINT('',(2.13500000000001,-2.77999999999999,-8.21616824339011));
#7213=CARTESIAN_POINT('',(2.33500000000001,-2.77999999999999,-7.61616824339011));
#7214=CARTESIAN_POINT('',(2.33500000000001,-2.77999999999998,1.83383175660989));
#7215=CARTESIAN_POINT('',(2.13500000000001,-2.77999999999999,-7.41616824339011));
#7216=CARTESIAN_POINT('',(2.13500000000001,-2.77999999999999,-7.41616824339011));
#7217=CARTESIAN_POINT('',(2.13500000000001,-2.77999999999998,1.83383175660989));
#7218=CARTESIAN_POINT('',(2.13500000000001,-2.77999999999998,1.83383175660989));
#7219=CARTESIAN_POINT('',(1.81000000000001,-2.77999999999998,2.15883175660989));
#7220=CARTESIAN_POINT('Origin',(5.08000000000001,-3.30999999999998,1.83383175660989));
#7221=CARTESIAN_POINT('',(2.13500000000001,-3.30999999999998,1.83383175660989));
#7222=CARTESIAN_POINT('',(3.60750000000001,-3.30999999999998,0.361331756609889));
#7223=CARTESIAN_POINT('',(2.13500000000001,-3.30999999999999,-7.41616824339011));
#7224=CARTESIAN_POINT('',(2.13500000000001,-3.30999999999998,1.83383175660989));
#7225=CARTESIAN_POINT('',(2.33500000000001,-3.30999999999999,-7.61616824339011));
#7226=CARTESIAN_POINT('',(-1.01749999999999,-3.30999999999999,-4.26366824339011));
#7227=CARTESIAN_POINT('',(2.33500000000001,-3.30999999999999,-8.21616824339011));
#7228=CARTESIAN_POINT('',(2.33500000000001,-3.30999999999999,-8.21616824339011));
#7229=CARTESIAN_POINT('',(2.74500000000001,-3.30999999999999,-8.21616824339011));
#7230=CARTESIAN_POINT('',(2.13500000000001,-3.30999999999999,-8.21616824339011));
#7231=CARTESIAN_POINT('',(2.74500000000001,-3.30999999999999,-7.61616824339011));
#7232=CARTESIAN_POINT('',(2.74500000000001,-3.30999999999999,-8.21616824339011));
#7233=CARTESIAN_POINT('',(2.94500000000001,-3.30999999999999,-7.41616824339011));
#7234=CARTESIAN_POINT('',(8.63750000000001,-3.30999999999999,-1.72366824339011));
#7235=CARTESIAN_POINT('',(2.94500000000001,-3.30999999999998,1.83383175660989));
#7236=CARTESIAN_POINT('',(2.94500000000001,-3.30999999999999,-8.21616824339011));
#7237=CARTESIAN_POINT('',(3.27,-3.30999999999998,2.15883175660989));
#7238=CARTESIAN_POINT('',(4.01250000000001,-3.30999999999998,2.90133175660989));
#7239=CARTESIAN_POINT('',(3.27000000000001,-3.30999999999998,5.68383175660989));
#7240=CARTESIAN_POINT('Origin',(3.27000000000001,0.0150000000000006,2.75));
#7241=CARTESIAN_POINT('',(3.27000000000001,0.0150000000000006,2.75));
#7242=CARTESIAN_POINT('',(3.27000000000001,0.0150000000000006,2.75));
#7243=CARTESIAN_POINT('',(3.27000000000001,0.0150000000000006,3.28));
#7244=CARTESIAN_POINT('',(3.27000000000001,0.0150000000000006,2.75));
#7245=CARTESIAN_POINT('',(3.27000000000001,0.0150000000000006,3.28));
#7246=CARTESIAN_POINT('Origin',(5.08000000000001,-3.835,2.75));
#7247=CARTESIAN_POINT('',(1.81000000000001,-2.25,2.75));
#7248=CARTESIAN_POINT('',(2.54,-2.25,2.75));
#7249=CARTESIAN_POINT('',(1.81000000000001,0.0150000000000006,2.75));
#7250=CARTESIAN_POINT('',(1.81000000000001,0.0150000000000006,2.75));
#7251=CARTESIAN_POINT('',(1.81000000000001,0.0150000000000006,2.75));
#7252=CARTESIAN_POINT('Origin',(1.81000000000001,-3.30999999999998,2.22000000000002));
#7253=CARTESIAN_POINT('',(1.81000000000001,-2.25,1.375));
#7254=CARTESIAN_POINT('Origin',(1.81000000000001,-2.25,2.22000000000002));
#7255=CARTESIAN_POINT('Origin',(1.81000000000001,0.0150000000000006,2.75));
#7256=CARTESIAN_POINT('',(1.81000000000001,0.0150000000000006,3.28));
#7257=CARTESIAN_POINT('',(1.81000000000001,0.0150000000000006,3.28));
#7258=CARTESIAN_POINT('',(1.81000000000001,0.0150000000000006,2.75));
#7259=CARTESIAN_POINT('Origin',(1.81000000000001,0.0150000000000006,2.75));
#7260=CARTESIAN_POINT('',(1.81000000000001,0.0150000000000006,3.28));
#7261=CARTESIAN_POINT('Origin',(3.27000000000001,-2.77999999999998,5.68383175660989));
#7262=CARTESIAN_POINT('',(3.27,-2.77999999999998,2.15883175660989));
#7263=CARTESIAN_POINT('Origin',(2.94500000000001,-2.77999999999999,-8.21616824339011));
#7264=CARTESIAN_POINT('',(2.94500000000001,-2.77999999999999,-7.41616824339011));
#7265=CARTESIAN_POINT('',(2.94500000000001,-2.77999999999998,1.83383175660989));
#7266=CARTESIAN_POINT('Origin',(2.13500000000001,-2.77999999999999,-8.21616824339011));
#7267=CARTESIAN_POINT('',(2.33500000000001,-0.0399999999999893,-8.21616824339011));
#7268=CARTESIAN_POINT('',(2.74500000000001,-0.0399999999999892,-8.21616824339011));
#7269=CARTESIAN_POINT('Origin',(2.13500000000001,-2.77999999999998,1.83383175660989));
#7270=CARTESIAN_POINT('',(2.13500000000001,-2.77999999999999,-7.41616824339011));
#7271=CARTESIAN_POINT('',(2.13500000000001,-2.77999999999998,1.83383175660989));
#7272=CARTESIAN_POINT('Origin',(5.96046620876534E-8,-2.25,2.22000000000002));
#7273=CARTESIAN_POINT('Origin',(5.08000000000001,-3.835,3.28));
#7274=CARTESIAN_POINT('Origin',(2.94500000000001,-2.77999999999998,1.83383175660989));
#7275=CARTESIAN_POINT('Origin',(1.81000000000001,-2.77999999999998,2.15883175660989));
#7276=CARTESIAN_POINT('Origin',(2.74500000000001,-0.0399999999999892,-8.21616824339011));
#7277=CARTESIAN_POINT('',(2.74500000000001,-0.0399999999999889,-7.61616824339011));
#7278=CARTESIAN_POINT('Origin',(2.33500000000001,-0.0399999999999893,-8.21616824339011));
#7279=CARTESIAN_POINT('',(2.33500000000001,-0.039999999999989,-7.61616824339011));
#7280=CARTESIAN_POINT('Origin',(2.74500000000001,-0.0399999999999889,-7.61616824339011));
#7281=CARTESIAN_POINT('Origin',(2.13500000000001,-2.77999999999999,-7.41616824339011));
#7282=CARTESIAN_POINT('Origin',(2.93493528091826E-15,12.375,1.28));
#7283=CARTESIAN_POINT('',(3.11915814218731E-15,10.525,1.28));
#7284=CARTESIAN_POINT('Origin',(2.93493528091826E-15,12.375,1.28));
#7285=CARTESIAN_POINT('',(3.4011547904421E-15,10.525,0.00999999999999973));
#7286=CARTESIAN_POINT('',(3.11915814218731E-15,10.525,1.28));
#7287=CARTESIAN_POINT('Origin',(2.93493528091826E-15,12.375,0.00999999999999945));
#7288=CARTESIAN_POINT('Origin',(5.08000000000001,13.515,1.28));
#7289=CARTESIAN_POINT('',(5.08000000000001,15.115,0.00999999999999945));
#7290=CARTESIAN_POINT('',(5.08000000000001,13.515,0.01));
#7291=CARTESIAN_POINT('',(5.08000000000001,13.515,0.01));
#7292=CARTESIAN_POINT('',(5.08000000000001,15.115,1.28));
#7293=CARTESIAN_POINT('',(5.08000000000001,15.115,1.28));
#7294=CARTESIAN_POINT('',(5.08000000000001,13.515,1.28));
#7295=CARTESIAN_POINT('',(5.08000000000001,13.515,1.28));
#7296=CARTESIAN_POINT('',(5.08000000000001,13.515,1.28));
#7297=CARTESIAN_POINT('Origin',(-5.08,15.115,1.28));
#7298=CARTESIAN_POINT('',(-5.08,15.115,0.00999999999999723));
#7299=CARTESIAN_POINT('',(-5.08,15.115,0.00999999999999723));
#7300=CARTESIAN_POINT('',(-5.08,15.115,1.28));
#7301=CARTESIAN_POINT('',(-5.08,15.115,1.28));
#7302=CARTESIAN_POINT('',(-5.08,15.115,1.28));
#7303=CARTESIAN_POINT('Origin',(-5.07999999999999,13.515,1.28));
#7304=CARTESIAN_POINT('',(-5.07999999999999,13.515,0.00999999999999779));
#7305=CARTESIAN_POINT('',(-5.07999999999999,13.515,0.00999999999999779));
#7306=CARTESIAN_POINT('',(-5.07999999999999,13.515,1.28));
#7307=CARTESIAN_POINT('',(-5.07999999999999,13.515,1.28));
#7308=CARTESIAN_POINT('',(-5.07999999999999,13.515,1.28));
#7309=CARTESIAN_POINT('Origin',(-5.07999999999999,13.515,1.28));
#7310=CARTESIAN_POINT('',(-4.48,13.515,0.00999999999999779));
#7311=CARTESIAN_POINT('',(-5.07999999999999,13.515,0.00999999999999779));
#7312=CARTESIAN_POINT('',(-4.48,13.515,1.28));
#7313=CARTESIAN_POINT('',(-4.48,13.515,1.28));
#7314=CARTESIAN_POINT('',(-5.07999999999999,13.515,1.28));
#7315=CARTESIAN_POINT('Origin',(-4.48,13.515,1.28));
#7316=CARTESIAN_POINT('',(-4.48,11.915,0.00999999999999834));
#7317=CARTESIAN_POINT('',(-4.48,13.515,0.00999999999999779));
#7318=CARTESIAN_POINT('',(-4.48,11.915,1.28));
#7319=CARTESIAN_POINT('',(-4.48,11.915,1.28));
#7320=CARTESIAN_POINT('',(-4.48,13.515,1.28));
#7321=CARTESIAN_POINT('Origin',(-5.07999999999999,11.915,1.28));
#7322=CARTESIAN_POINT('',(-5.07999999999999,11.915,0.00999999999999834));
#7323=CARTESIAN_POINT('',(-5.07999999999999,11.915,0.00999999999999834));
#7324=CARTESIAN_POINT('',(-5.07999999999999,11.915,1.28));
#7325=CARTESIAN_POINT('',(-5.07999999999999,11.915,1.28));
#7326=CARTESIAN_POINT('',(-5.07999999999999,11.915,1.28));
#7327=CARTESIAN_POINT('Origin',(-5.07999999999999,8.61500000000001,1.28));
#7328=CARTESIAN_POINT('',(-5.07999999999999,8.61500000000001,0.00999999999999834));
#7329=CARTESIAN_POINT('',(-5.07999999999999,8.61500000000001,0.00999999999999834));
#7330=CARTESIAN_POINT('',(-5.07999999999999,8.61500000000001,1.28));
#7331=CARTESIAN_POINT('',(-5.07999999999999,8.61500000000001,1.28));
#7332=CARTESIAN_POINT('',(-5.07999999999999,8.61500000000001,1.28));
#7333=CARTESIAN_POINT('Origin',(-5.07999999999999,8.61500000000001,1.28));
#7334=CARTESIAN_POINT('',(-4.22,8.61500000000001,0.00999999999999834));
#7335=CARTESIAN_POINT('',(-5.07999999999999,8.61500000000001,0.00999999999999834));
#7336=CARTESIAN_POINT('',(-4.22,8.61500000000001,1.28));
#7337=CARTESIAN_POINT('',(-4.22,8.61500000000001,1.28));
#7338=CARTESIAN_POINT('',(-5.07999999999999,8.61500000000001,1.28));
#7339=CARTESIAN_POINT('Origin',(-4.22,8.61500000000001,1.28));
#7340=CARTESIAN_POINT('',(-4.22,2.615,0.00999999999999945));
#7341=CARTESIAN_POINT('',(-4.22,8.61500000000001,0.00999999999999834));
#7342=CARTESIAN_POINT('',(-4.22,2.615,1.28));
#7343=CARTESIAN_POINT('',(-4.22,2.615,1.28));
#7344=CARTESIAN_POINT('',(-4.22,8.61500000000001,1.28));
#7345=CARTESIAN_POINT('Origin',(-4.22,2.615,1.28));
#7346=CARTESIAN_POINT('',(4.22000000000001,2.615,0.0100000000000017));
#7347=CARTESIAN_POINT('',(-4.22,2.615,0.00999999999999945));
#7348=CARTESIAN_POINT('',(4.22000000000001,2.615,1.28));
#7349=CARTESIAN_POINT('',(4.22000000000001,2.615,1.28));
#7350=CARTESIAN_POINT('',(-4.22,2.615,1.28));
#7351=CARTESIAN_POINT('Origin',(4.22000000000001,8.615,1.28));
#7352=CARTESIAN_POINT('',(4.22000000000001,8.615,0.0100000000000006));
#7353=CARTESIAN_POINT('',(4.22000000000001,8.615,0.0100000000000006));
#7354=CARTESIAN_POINT('',(4.22000000000001,8.615,1.28));
#7355=CARTESIAN_POINT('',(4.22000000000001,8.615,1.28));
#7356=CARTESIAN_POINT('',(4.22000000000001,8.615,1.28));
#7357=CARTESIAN_POINT('Origin',(5.08000000000001,8.615,1.28));
#7358=CARTESIAN_POINT('',(5.08000000000001,8.615,0.0100000000000006));
#7359=CARTESIAN_POINT('',(5.08000000000001,8.615,0.0100000000000006));
#7360=CARTESIAN_POINT('',(5.08000000000001,8.615,1.28));
#7361=CARTESIAN_POINT('',(5.08000000000001,8.615,1.28));
#7362=CARTESIAN_POINT('',(5.08000000000001,8.615,1.28));
#7363=CARTESIAN_POINT('Origin',(5.08000000000001,8.615,1.28));
#7364=CARTESIAN_POINT('',(5.08000000000001,11.915,0.0100000000000006));
#7365=CARTESIAN_POINT('',(5.08000000000001,8.615,0.0100000000000006));
#7366=CARTESIAN_POINT('',(5.08000000000001,11.915,1.28));
#7367=CARTESIAN_POINT('',(5.08000000000001,11.915,1.28));
#7368=CARTESIAN_POINT('',(5.08000000000001,8.615,1.28));
#7369=CARTESIAN_POINT('Origin',(5.08000000000001,11.915,1.28));
#7370=CARTESIAN_POINT('',(4.48000000000001,11.915,0.0100000000000006));
#7371=CARTESIAN_POINT('',(5.08000000000001,11.915,0.0100000000000006));
#7372=CARTESIAN_POINT('',(4.48,11.915,1.28));
#7373=CARTESIAN_POINT('',(4.48,11.915,1.28));
#7374=CARTESIAN_POINT('',(5.08000000000001,11.915,1.28));
#7375=CARTESIAN_POINT('Origin',(4.48,13.515,1.28));
#7376=CARTESIAN_POINT('',(4.48000000000001,13.515,0.01));
#7377=CARTESIAN_POINT('',(4.48000000000001,13.515,0.01));
#7378=CARTESIAN_POINT('',(4.48,13.515,1.28));
#7379=CARTESIAN_POINT('',(4.48,13.515,1.28));
#7380=CARTESIAN_POINT('',(4.48,13.515,1.28));
#7381=CARTESIAN_POINT('Origin',(5.08000000000001,13.515,1.28));
#7382=CARTESIAN_POINT('',(5.08000000000001,13.515,0.01));
#7383=CARTESIAN_POINT('',(5.08000000000001,13.515,1.28));
#7384=CARTESIAN_POINT('Origin',(6.53448649357014E-15,-3.835,1.28));
#7385=CARTESIAN_POINT('',(1.4,8.20500000000001,1.28));
#7386=CARTESIAN_POINT('',(-1.4,8.20500000000001,1.28));
#7387=CARTESIAN_POINT('',(-1.4,8.20500000000001,1.28));
#7388=CARTESIAN_POINT('',(-1.4,9.00500000000001,1.28));
#7389=CARTESIAN_POINT('Origin',(-1.4,8.605,1.28));
#7390=CARTESIAN_POINT('',(1.4,9.00500000000001,1.28));
#7391=CARTESIAN_POINT('',(-1.4,9.00500000000001,1.28));
#7392=CARTESIAN_POINT('Origin',(1.4,8.605,1.28));
#7393=CARTESIAN_POINT('Origin',(6.53448649357014E-15,-3.835,0.0100000000000028));
#7394=CARTESIAN_POINT('',(-1.4,8.20500000000001,0.0099999999999989));
#7395=CARTESIAN_POINT('',(-1.4,9.00500000000001,0.00999999999999945));
#7396=CARTESIAN_POINT('Origin',(-1.4,8.605,0.0099999999999989));
#7397=CARTESIAN_POINT('',(1.4,8.20500000000001,0.01));
#7398=CARTESIAN_POINT('',(-1.4,8.20500000000001,0.0099999999999989));
#7399=CARTESIAN_POINT('',(1.4,9.00500000000001,0.01));
#7400=CARTESIAN_POINT('Origin',(1.4,8.605,0.01));
#7401=CARTESIAN_POINT('',(-1.4,9.00500000000001,0.0099999999999989));
#7402=CARTESIAN_POINT('Origin',(-1.4,8.605,1.28));
#7403=CARTESIAN_POINT('',(-1.4,9.00500000000001,1.28));
#7404=CARTESIAN_POINT('',(-1.4,8.20500000000001,1.28));
#7405=CARTESIAN_POINT('Origin',(-1.4,8.20500000000001,1.28));
#7406=CARTESIAN_POINT('',(1.4,8.20500000000001,1.28));
#7407=CARTESIAN_POINT('Origin',(1.4,8.605,1.28));
#7408=CARTESIAN_POINT('',(1.4,9.00500000000001,1.28));
#7409=CARTESIAN_POINT('Origin',(-1.4,9.00500000000001,1.28));
#7410=CARTESIAN_POINT('Origin',(-4.50740921250615,7.87646027511164,4.26));
#7411=CARTESIAN_POINT('',(-4.50740921250615,8.07342182571408,4.29472963553339));
#7412=CARTESIAN_POINT('',(-4.50740921250615,7.87646027511164,4.46));
#7413=CARTESIAN_POINT('Origin',(-4.50740921250615,7.87646027511164,4.26));
#7414=CARTESIAN_POINT('',(-4.7066481521245,7.87646027511164,4.27743114854953));
#7415=CARTESIAN_POINT('Origin',(-4.50740921250615,7.87646027511164,4.26));
#7416=CARTESIAN_POINT('Origin',(-4.50740921250615,7.87646027511164,4.26));
#7417=CARTESIAN_POINT('Origin',(-4.5964899681706,8.05599600068468,3.24180230358572));
#7418=CARTESIAN_POINT('',(-4.77116387921095,8.605,1.28));
#7419=CARTESIAN_POINT('',(-5.0681297960563,8.605,0.145677051920777));
#7420=CARTESIAN_POINT('Origin',(-4.86889085643794,8.605,0.128245903371253));
#7421=CARTESIAN_POINT('',(-4.79572890778895,8.05599600068468,3.25923345213525));
#7422=CARTESIAN_POINT('',(-4.5964899681706,8.25295755128712,3.27653193911911));
#7423=CARTESIAN_POINT('Origin',(4.50740921250615,7.87646027511164,4.26));
#7424=CARTESIAN_POINT('',(4.50740921250615,8.07342182571408,4.29472963553339));
#7425=CARTESIAN_POINT('',(4.7066481521245,7.87646027511164,4.27743114854953));
#7426=CARTESIAN_POINT('Origin',(4.50740921250615,7.87646027511164,4.26));
#7427=CARTESIAN_POINT('',(4.50740921250615,7.87646027511164,4.46));
#7428=CARTESIAN_POINT('Origin',(4.50740921250615,7.87646027511164,4.26));
#7429=CARTESIAN_POINT('Origin',(4.50740921250615,7.87646027511164,4.26));
#7430=CARTESIAN_POINT('Origin',(5.08,7.87646027511164,4.26));
#7431=CARTESIAN_POINT('',(5.08,7.87646027511164,4.46));
#7432=CARTESIAN_POINT('',(5.08,8.07342182571408,4.29472963553339));
#7433=CARTESIAN_POINT('Origin',(-4.50740921250615,0.215,4.26));
#7434=CARTESIAN_POINT('',(-4.50740921250615,0.0149999999999996,4.26));
#7435=CARTESIAN_POINT('',(-4.70664815212449,0.214999999999999,4.27743114854953));
#7436=CARTESIAN_POINT('Origin',(-4.50740921250615,0.214999999999999,4.26));
#7437=CARTESIAN_POINT('',(-4.50740921250615,0.215,4.46));
#7438=CARTESIAN_POINT('Origin',(-4.50740921250615,0.215,4.26));
#7439=CARTESIAN_POINT('Origin',(-4.50740921250615,0.215,4.26));
#7440=CARTESIAN_POINT('Origin',(4.50740921250616,0.215000000000002,4.26));
#7441=CARTESIAN_POINT('',(4.50740921250616,0.215000000000002,4.46));
#7442=CARTESIAN_POINT('',(4.70664815212451,0.215000000000002,4.27743114854954));
#7443=CARTESIAN_POINT('Origin',(4.50740921250616,0.215000000000002,4.26));
#7444=CARTESIAN_POINT('',(4.50740921250616,0.0150000000000016,4.26));
#7445=CARTESIAN_POINT('Origin',(4.50740921250616,0.215000000000002,4.26));
#7446=CARTESIAN_POINT('Origin',(4.50740921250616,0.215000000000002,4.26));
#7447=CARTESIAN_POINT('Origin',(5.08000000000001,0.215000000000002,4.26));
#7448=CARTESIAN_POINT('',(5.08000000000001,0.0150000000000017,4.26));
#7449=CARTESIAN_POINT('',(5.08000000000001,0.215000000000002,4.46));
#7450=CARTESIAN_POINT('Origin',(4.88076106038165,0.215000000000016,-0.00743114854960976));
#7451=CARTESIAN_POINT('',(4.87923603249132,0.0150000000000161,0.0100000000000016));
#7452=CARTESIAN_POINT('',(5.08000000000001,0.215000000000016,0.0100000000000016));
#7453=CARTESIAN_POINT('Origin',(4.87923603249132,0.215000000000016,0.0100000000000016));
#7454=CARTESIAN_POINT('',(5.08,0.215000000000016,0.00999999999992127));
#7455=CARTESIAN_POINT('',(4.88076106038165,0.0150000000000161,-0.00743114854961043));
#7456=CARTESIAN_POINT('Origin',(4.50740921250616,2.10464010067355,4.26));
#7457=CARTESIAN_POINT('',(4.50740921250616,2.10464010067355,4.46));
#7458=CARTESIAN_POINT('',(4.70664815212451,2.10464010067355,4.27743114854953));
#7459=CARTESIAN_POINT('Origin',(-4.50740921250615,8.04428020134709,4.26));
#7460=CARTESIAN_POINT('',(-4.50740921250615,8.04428020134709,4.46));
#7461=CARTESIAN_POINT('',(-4.7066481521245,8.04428020134709,4.27743114854953));
#7462=CARTESIAN_POINT('Origin',(-4.64751047668747,0.215000000000005,2.65863522272444));
#7463=CARTESIAN_POINT('',(-5.07999999999999,0.215000000000014,0.00999999999999943));
#7464=CARTESIAN_POINT('',(-4.87923603249131,0.0150000000000139,0.00999999999999946));
#7465=CARTESIAN_POINT('Origin',(-4.87923603249131,0.215000000000014,0.00999999999999945));
#7466=CARTESIAN_POINT('',(-4.64751047668747,0.015000000000005,2.65863522272444));
#7467=CARTESIAN_POINT('',(-4.84674941630582,0.215000000000005,2.67606637127397));
#7468=CARTESIAN_POINT('Origin',(4.73454825798278,8.33424235196357,1.66378883020277));
#7469=CARTESIAN_POINT('',(5.0681297960563,8.605,0.145677051920774));
#7470=CARTESIAN_POINT('',(4.77116387921096,8.605,1.28));
#7471=CARTESIAN_POINT('Origin',(4.86889085643795,8.605,0.128245903371243));
#7472=CARTESIAN_POINT('',(4.73454825798278,8.53120390256601,1.69851846573615));
#7473=CARTESIAN_POINT('',(4.93378719760113,8.33424235196357,1.6812199787523));
#7474=CARTESIAN_POINT('Origin',(-4.69067544730963,8.0442802013471,4.46));
#7475=CARTESIAN_POINT('',(-5.08,8.605,0.00999999999999834));
#7476=CARTESIAN_POINT('',(-4.69067544730963,8.605,4.46));
#7477=CARTESIAN_POINT('',(-5.07999999999999,0.0150000000000117,0.00999999999999945));
#7478=CARTESIAN_POINT('Origin',(5.08,8.605,0.0100000000000006));
#7479=CARTESIAN_POINT('',(-4.22,8.605,1.28));
#7480=CARTESIAN_POINT('',(5.08,8.605,1.28));
#7481=CARTESIAN_POINT('',(-4.22,8.605,0.00999999999999834));
#7482=CARTESIAN_POINT('',(-4.22,8.605,0.00999999999999834));
#7483=CARTESIAN_POINT('',(5.08,8.605,0.0100000000000006));
#7484=CARTESIAN_POINT('Origin',(5.08,8.605,1.28));
#7485=CARTESIAN_POINT('',(4.22000000000001,8.605,1.28));
#7486=CARTESIAN_POINT('',(5.08,8.605,1.28));
#7487=CARTESIAN_POINT('',(1.8,8.605,1.28));
#7488=CARTESIAN_POINT('',(5.08,8.605,1.28));
#7489=CARTESIAN_POINT('',(-1.8,8.605,1.28));
#7490=CARTESIAN_POINT('',(5.08,8.605,1.28));
#7491=CARTESIAN_POINT('',(5.08,8.605,1.28));
#7492=CARTESIAN_POINT('Origin',(5.08,8.605,0.0100000000000006));
#7493=CARTESIAN_POINT('',(5.08,8.605,0.0100000000000006));
#7494=CARTESIAN_POINT('',(5.08,8.605,0.00999999999982515));
#7495=CARTESIAN_POINT('',(4.22000000000001,8.605,0.0100000000000006));
#7496=CARTESIAN_POINT('',(5.08,8.605,0.0100000000000006));
#7497=CARTESIAN_POINT('',(4.22000000000001,8.605,0.0100000000000006));
#7498=CARTESIAN_POINT('Origin',(5.08,8.0442802013471,4.46));
#7499=CARTESIAN_POINT('Origin',(5.08000000000001,0.0150000000000161,0.0100000000000017));
#7500=CARTESIAN_POINT('',(5.08000000000001,0.0150000000000161,0.0100000000000017));
#7501=CARTESIAN_POINT('Origin',(5.08000000000001,0.0150000000000161,0.0100000000000017));
#7502=CARTESIAN_POINT('',(-4.22,2.615,0.00999999999999945));
#7503=CARTESIAN_POINT('',(-4.22,8.61500000000001,0.00999999999999834));
#7504=CARTESIAN_POINT('',(4.22000000000001,2.615,0.0100000000000017));
#7505=CARTESIAN_POINT('',(-4.22,2.615,0.00999999999999945));
#7506=CARTESIAN_POINT('',(4.22000000000001,8.615,0.0100000000000006));
#7507=CARTESIAN_POINT('',(5.08000000000001,0.0150000000000161,0.0100000000000017));
#7508=CARTESIAN_POINT('Origin',(5.08000000000001,-3.835,0.00999999999982792));
#7509=CARTESIAN_POINT('Origin',(-4.22,8.61500000000001,1.28));
#7510=CARTESIAN_POINT('',(-4.22,2.615,1.28));
#7511=CARTESIAN_POINT('',(-4.22,8.61500000000001,1.28));
#7512=CARTESIAN_POINT('',(-4.22,2.615,1.28));
#7513=CARTESIAN_POINT('Origin',(4.22000000000001,8.615,1.28));
#7514=CARTESIAN_POINT('',(4.22000000000001,2.615,1.28));
#7515=CARTESIAN_POINT('',(4.22000000000001,2.615,1.28));
#7516=CARTESIAN_POINT('',(4.22000000000001,8.615,1.28));
#7517=CARTESIAN_POINT('Origin',(6.53448649357014E-15,-3.835,1.28));
#7518=CARTESIAN_POINT('',(1.4,8.20500000000001,1.28));
#7519=CARTESIAN_POINT('Origin',(1.4,8.605,1.28));
#7520=CARTESIAN_POINT('',(-4.22,2.615,1.28));
#7521=CARTESIAN_POINT('',(-1.4,8.20500000000001,1.28));
#7522=CARTESIAN_POINT('Origin',(-1.4,8.605,1.28));
#7523=CARTESIAN_POINT('',(1.4,8.20500000000001,1.28));
#7524=CARTESIAN_POINT('Origin',(-4.22,2.615,1.28));
#7525=CARTESIAN_POINT('Origin',(1.4,8.605,1.28));
#7526=CARTESIAN_POINT('',(-1.4,9.00500000000001,1.28));
#7527=CARTESIAN_POINT('Origin',(-1.4,8.605,1.28));
#7528=CARTESIAN_POINT('',(1.4,9.00500000000001,1.28));
#7529=CARTESIAN_POINT('Origin',(1.4,8.605,1.28));
#7530=CARTESIAN_POINT('',(-1.4,9.00500000000001,1.28));
#7531=CARTESIAN_POINT('Origin',(1.4,8.605,1.28));
#7532=CARTESIAN_POINT('',(1.4,9.00500000000001,0.0100000000000006));
#7533=CARTESIAN_POINT('',(1.4,8.20500000000001,0.0100000000000006));
#7534=CARTESIAN_POINT('Origin',(1.4,8.605,0.0100000000000006));
#7535=CARTESIAN_POINT('',(1.4,9.00500000000001,1.28));
#7536=CARTESIAN_POINT('',(1.4,8.20500000000001,1.28));
#7537=CARTESIAN_POINT('Origin',(-1.4,9.00500000000001,1.28));
#7538=CARTESIAN_POINT('',(-1.4,9.00500000000001,0.00999999999999945));
#7539=CARTESIAN_POINT('',(-1.4,9.00500000000001,0.00999999999999945));
#7540=CARTESIAN_POINT('',(-1.4,9.00500000000001,1.28));
#7541=CARTESIAN_POINT('Origin',(-1.4,8.605,1.28));
#7542=CARTESIAN_POINT('',(-1.4,8.20500000000001,0.00999999999999945));
#7543=CARTESIAN_POINT('Origin',(-1.4,8.605,0.00999999999999945));
#7544=CARTESIAN_POINT('',(-1.4,8.20500000000001,1.28));
#7545=CARTESIAN_POINT('Origin',(1.4,8.20500000000001,1.28));
#7546=CARTESIAN_POINT('',(1.4,8.20500000000001,0.0100000000000006));
#7547=CARTESIAN_POINT('Origin',(1.4,8.605,0.0100000000000006));
#7548=CARTESIAN_POINT('',(0.,0.,0.));
#7549=CARTESIAN_POINT('Origin',(-5.3,0.,0.));
#7550=CARTESIAN_POINT('',(-7.010348140663,-0.00108569577858715,-0.193190200199919));
#7551=CARTESIAN_POINT('',(-7.00982751774777,-0.00183567609398942,-0.106809799800073));
#7552=CARTESIAN_POINT('',(-7.00825,2.09200289464347E-16,0.));
#7553=CARTESIAN_POINT('',(-4.5534546668626,-1.53648564199955,0.));
#7554=CARTESIAN_POINT('Ctrl Pts',(-7.010348140663,-0.00108569577858715,
-0.193190200199919));
#7555=CARTESIAN_POINT('Ctrl Pts',(-7.01073175488574,-0.0575592406183796,
-0.190021968235325));
#7556=CARTESIAN_POINT('Ctrl Pts',(-7.00817822970799,-0.11399536254571,-0.18685373627073));
#7557=CARTESIAN_POINT('Ctrl Pts',(-7.00257377057239,-0.170123983011048,
-0.183685504306136));
#7558=CARTESIAN_POINT('Ctrl Pts',(-6.94636764442824,-0.73302795747833,-0.151911868144778));
#7559=CARTESIAN_POINT('Ctrl Pts',(-6.58330687420626,-1.2650042707847,-0.120138231983421));
#7560=CARTESIAN_POINT('Ctrl Pts',(-6.07962242095016,-1.5229594520143,-0.0883645958220638));
#7561=CARTESIAN_POINT('Ctrl Pts',(-5.6126957640219,-1.76208962494346,-0.0589097305480426));
#7562=CARTESIAN_POINT('Ctrl Pts',(-5.02492131695157,-1.7657342270981,-0.0294548652740214));
#7563=CARTESIAN_POINT('Ctrl Pts',(-4.55165776932455,-1.5387375366485,-2.01661604082304E-16));
#7564=CARTESIAN_POINT('',(-6.04654533313744,-1.53648564199953,0.));
#7565=CARTESIAN_POINT('Origin',(-5.3,0.,0.));
#7566=CARTESIAN_POINT('Ctrl Pts',(-6.04654533313744,-1.53648564199953,-1.73472347597681E-15));
#7567=CARTESIAN_POINT('Ctrl Pts',(-6.55778441047535,-1.28808556791395,-0.0317736361613583));
#7568=CARTESIAN_POINT('Ctrl Pts',(-6.93086503586064,-0.7666122329838,-0.0635472723227147));
#7569=CARTESIAN_POINT('Ctrl Pts',(-6.9984958790825,-0.205832499500413,-0.0953209084840713));
#7570=CARTESIAN_POINT('Ctrl Pts',(-7.00664732685763,-0.13824252881435,-0.0991505389227386));
#7571=CARTESIAN_POINT('Ctrl Pts',(-7.01036146518833,-0.0700815488700994,
-0.102980169361406));
#7572=CARTESIAN_POINT('Ctrl Pts',(-7.00982751774777,-0.00183567609398942,
-0.106809799800073));
#7573=CARTESIAN_POINT('Origin',(-5.3,0.,0.));
#7574=CARTESIAN_POINT('',(-7.00594883247373,-0.000931789320390286,-0.793190200199919));
#7575=CARTESIAN_POINT('',(-7.005767078195,-0.000777492623429789,-0.706809799800075));
#7576=CARTESIAN_POINT('',(-7.00825,2.09200289464347E-16,0.));
#7577=CARTESIAN_POINT('Ctrl Pts',(-7.00594883247373,-0.000931789320390286,
-0.793190200199919));
#7578=CARTESIAN_POINT('Ctrl Pts',(-7.00705826269043,-0.22571240271749,-0.780663785203467));
#7579=CARTESIAN_POINT('Ctrl Pts',(-6.96580051148854,-0.450101588339831,
-0.768137370207015));
#7580=CARTESIAN_POINT('Ctrl Pts',(-6.88026930585506,-0.656108086601895,
-0.755610955210564));
#7581=CARTESIAN_POINT('Ctrl Pts',(-6.66331677721777,-1.17864989321683,-0.723837319049207));
#7582=CARTESIAN_POINT('Ctrl Pts',(-6.16150937508425,-1.58291771037778,-0.69206368288785));
#7583=CARTESIAN_POINT('Ctrl Pts',(-5.60476400785509,-1.68369642150405,-0.660290046726493));
#7584=CARTESIAN_POINT('Ctrl Pts',(-5.04801864062594,-1.78447513263031,-0.628516410565136));
#7585=CARTESIAN_POINT('Ctrl Pts',(-4.43633530830114,-1.58176473772189,-0.596742774403779));
#7586=CARTESIAN_POINT('Ctrl Pts',(-4.04998119131497,-1.16841820660699,-0.564969138242422));
#7587=CARTESIAN_POINT('Ctrl Pts',(-3.66362707432879,-0.755071675492091,
-0.533195502081064));
#7588=CARTESIAN_POINT('Ctrl Pts',(-3.50260217268124,-0.131089008170712,
-0.501421865919707));
#7589=CARTESIAN_POINT('Ctrl Pts',(-3.64067643458362,0.417583479259467,-0.46964822975835));
#7590=CARTESIAN_POINT('Ctrl Pts',(-3.778750696486,0.966255966689644,-0.437874593596993));
#7591=CARTESIAN_POINT('Ctrl Pts',(-4.21592412193831,1.43961827422862,-0.406100957435636));
#7592=CARTESIAN_POINT('Ctrl Pts',(-4.75190838690756,1.62087654148895,-0.374327321274279));
#7593=CARTESIAN_POINT('Ctrl Pts',(-5.28789265187681,1.80213480874927,-0.342553685112921));
#7594=CARTESIAN_POINT('Ctrl Pts',(-5.92268775636299,1.69128903573094,-0.310780048951564));
#7595=CARTESIAN_POINT('Ctrl Pts',(-6.36540956757293,1.33895033140768,-0.279006412790207));
#7596=CARTESIAN_POINT('Ctrl Pts',(-6.7639864346356,1.02174423638768,-0.250401008593445));
#7597=CARTESIAN_POINT('Ctrl Pts',(-7.00688455591926,0.508803919192518,-0.221795604396682));
#7598=CARTESIAN_POINT('Ctrl Pts',(-7.010348140663,-0.00108569577858715,
-0.193190200199919));
#7599=CARTESIAN_POINT('Ctrl Pts',(-7.00982751774777,-0.00183567609398942,
-0.106809799800073));
#7600=CARTESIAN_POINT('Ctrl Pts',(-7.00593141587226,0.496140065938505,-0.134753805522763));
#7601=CARTESIAN_POINT('Ctrl Pts',(-6.77585392474866,0.998635768179218,-0.162697811245453));
#7602=CARTESIAN_POINT('Ctrl Pts',(-6.39310917985357,1.31679330191104,-0.190641816968143));
#7603=CARTESIAN_POINT('Ctrl Pts',(-5.95791057634437,1.67855323780246,-0.2224154531295));
#7604=CARTESIAN_POINT('Ctrl Pts',(-5.32533230826754,1.80198697754867,-0.254189089290857));
#7605=CARTESIAN_POINT('Ctrl Pts',(-4.78564427318975,1.63176436665523,-0.285962725452214));
#7606=CARTESIAN_POINT('Ctrl Pts',(-4.24595623811196,1.46154175576179,-0.317736361613572));
#7607=CARTESIAN_POINT('Ctrl Pts',(-3.7991584360332,0.997662794228691,-0.349509997774929));
#7608=CARTESIAN_POINT('Ctrl Pts',(-3.64974195470399,0.452048696421782,-0.381283633936286));
#7609=CARTESIAN_POINT('Ctrl Pts',(-3.50032547337479,-0.093565401385127,
-0.413057270097643));
#7610=CARTESIAN_POINT('Ctrl Pts',(-3.64829031279514,-0.720914635465851,
-0.444830906259001));
#7611=CARTESIAN_POINT('Ctrl Pts',(-4.02595846416498,-1.14223628311896,-0.476604542420358));
#7612=CARTESIAN_POINT('Ctrl Pts',(-4.40362661553483,-1.56355793077208,-0.508378178581715));
#7613=CARTESIAN_POINT('Ctrl Pts',(-5.01099807885416,-1.77885199199758,-0.540151814743072));
#7614=CARTESIAN_POINT('Ctrl Pts',(-5.56972473056859,-1.68964310415453,-0.571925450904429));
#7615=CARTESIAN_POINT('Ctrl Pts',(-6.12845138228301,-1.60043421631148,-0.603699087065786));
#7616=CARTESIAN_POINT('Ctrl Pts',(-6.63853322239253,-1.20672237939987,-0.635472723227144));
#7617=CARTESIAN_POINT('Ctrl Pts',(-6.86629177153835,-0.68881114054045,-0.667246359388501));
#7618=CARTESIAN_POINT('Ctrl Pts',(-6.96082414571167,-0.473849378604212,
-0.680434172859026));
#7619=CARTESIAN_POINT('Ctrl Pts',(-7.00672045119262,-0.237491682155927,
-0.69362198632955));
#7620=CARTESIAN_POINT('Ctrl Pts',(-7.005767078195,-0.000777492623429789,
-0.706809799800075));
#7621=CARTESIAN_POINT('Origin',(-5.3,0.,0.));
#7622=CARTESIAN_POINT('',(-7.00697157274454,0.00142338588975777,-1.39319020019992));
#7623=CARTESIAN_POINT('',(-7.00729099729911,0.00149530142002883,-1.30680979980008));
#7624=CARTESIAN_POINT('',(-7.00825,2.09200289464347E-16,0.));
#7625=CARTESIAN_POINT('Ctrl Pts',(-7.00697157274454,0.00142338588975777,
-1.39319020019992));
#7626=CARTESIAN_POINT('Ctrl Pts',(-7.0038868836201,-0.390693358749189,-1.37130560217161));
#7627=CARTESIAN_POINT('Ctrl Pts',(-6.86965281958038,-0.784717857832986,
-1.3494210041433));
#7628=CARTESIAN_POINT('Ctrl Pts',(-6.62234013460776,-1.08588399059083,-1.32753640611499));
#7629=CARTESIAN_POINT('Ctrl Pts',(-6.26327376015375,-1.52313868057841,-1.29576276995364));
#7630=CARTESIAN_POINT('Ctrl Pts',(-5.66584529190413,-1.7646542074838,-1.26398913379228));
#7631=CARTESIAN_POINT('Ctrl Pts',(-5.10378590458999,-1.69977267626847,-1.23221549763092));
#7632=CARTESIAN_POINT('Ctrl Pts',(-4.54172651727585,-1.63489114505314,-1.20044186146957));
#7633=CARTESIAN_POINT('Ctrl Pts',(-4.0150362108972,-1.26361255571709,-1.16866822530821));
#7634=CARTESIAN_POINT('Ctrl Pts',(-3.76503532344923,-0.756049708189966,
-1.13689458914685));
#7635=CARTESIAN_POINT('Ctrl Pts',(-3.51503443600127,-0.248486860662839,
-1.10512095298549));
#7636=CARTESIAN_POINT('Ctrl Pts',(-3.541722967484,0.395360245055363,-1.07334731682414));
#7637=CARTESIAN_POINT('Ctrl Pts',(-3.83287251910248,0.880491178481915,-1.04157368066278));
#7638=CARTESIAN_POINT('Ctrl Pts',(-4.12402207072096,1.36562211190847,-1.00980004450142));
#7639=CARTESIAN_POINT('Ctrl Pts',(-4.67963264247518,1.69203687304337,-0.978026408340066));
#7640=CARTESIAN_POINT('Ctrl Pts',(-5.24513358344314,1.71017986660625,-0.946252772178708));
#7641=CARTESIAN_POINT('Ctrl Pts',(-5.81063452441109,1.72832286016913,-0.914479136017351));
#7642=CARTESIAN_POINT('Ctrl Pts',(-6.38602583459278,1.43819408615999,-0.882705499855994));
#7643=CARTESIAN_POINT('Ctrl Pts',(-6.7076726621131,0.972721801120968,-0.850931863694637));
#7644=CARTESIAN_POINT('Ctrl Pts',(-6.90251368046035,0.690756968050459,-0.831684642529731));
#7645=CARTESIAN_POINT('Ctrl Pts',(-7.00424415888964,0.344450523245717,-0.812437421364825));
#7646=CARTESIAN_POINT('Ctrl Pts',(-7.00594883247373,-0.000931789320390286,
-0.793190200199919));
#7647=CARTESIAN_POINT('Ctrl Pts',(-7.005767078195,-0.000777492623429789,
-0.706809799800075));
#7648=CARTESIAN_POINT('Ctrl Pts',(-7.00442347248418,0.332828071702174,-0.725395622490907));
#7649=CARTESIAN_POINT('Ctrl Pts',(-6.91002810451585,0.667141694456266,-0.743981445181739));
#7650=CARTESIAN_POINT('Ctrl Pts',(-6.72758135777818,0.943270713383399,-0.762567267872572));
#7651=CARTESIAN_POINT('Ctrl Pts',(-6.41567713669007,1.41533068764059,-0.794340904033929));
#7652=CARTESIAN_POINT('Ctrl Pts',(-5.84643343633173,1.71733999534775,-0.826114540195287));
#7653=CARTESIAN_POINT('Ctrl Pts',(-5.28067651500204,1.71094751415421,-0.857888176356644));
#7654=CARTESIAN_POINT('Ctrl Pts',(-4.71491959367234,1.70455503296067,-0.889661812518001));
#7655=CARTESIAN_POINT('Ctrl Pts',(-4.15264945137129,1.38976076286644,-0.921435448679358));
#7656=CARTESIAN_POINT('Ctrl Pts',(-3.85148377605302,0.910785209029468,-0.953209084840715));
#7657=CARTESIAN_POINT('Ctrl Pts',(-3.55031810073474,0.431809655192496,-0.984982721002073));
#7658=CARTESIAN_POINT('Ctrl Pts',(-3.51025689239923,-0.211347182387212,
-1.01675635716343));
#7659=CARTESIAN_POINT('Ctrl Pts',(-3.74965790787439,-0.723995491299456,
-1.04852999332479));
#7660=CARTESIAN_POINT('Ctrl Pts',(-3.98905892334954,-1.2366438002117,-1.08030362948614));
#7661=CARTESIAN_POINT('Ctrl Pts',(-4.50792216263535,-1.61878358045648,-1.1120772656475));
#7662=CARTESIAN_POINT('Ctrl Pts',(-5.06851234266346,-1.69532858579945,-1.14385090180886));
#7663=CARTESIAN_POINT('Ctrl Pts',(-5.62910252269158,-1.77187359114242,-1.17562453797022));
#7664=CARTESIAN_POINT('Ctrl Pts',(-6.231419643462,-1.54282382158359,-1.20739817413157));
#7665=CARTESIAN_POINT('Ctrl Pts',(-6.59949324838333,-1.11312403015676,-1.23917181029293));
#7666=CARTESIAN_POINT('Ctrl Pts',(-6.86067160918008,-0.808216844042313,
-1.26171780679531));
#7667=CARTESIAN_POINT('Ctrl Pts',(-7.00390684996699,-0.402281078659098,
-1.28426380329769));
#7668=CARTESIAN_POINT('Ctrl Pts',(-7.00729099729911,0.00149530142002883,
-1.30680979980008));
#7669=CARTESIAN_POINT('Origin',(-5.3,0.,0.));
#7670=CARTESIAN_POINT('',(-7.01103768526423,0.000176665024000378,-1.99319020019992));
#7671=CARTESIAN_POINT('',(-7.01105893182351,-4.35484707410496E-5,-1.90680979980008));
#7672=CARTESIAN_POINT('',(-7.00825,2.09200289464347E-16,0.));
#7673=CARTESIAN_POINT('Ctrl Pts',(-7.01103768526423,0.000176665024000378,
-1.99319020019992));
#7674=CARTESIAN_POINT('Ctrl Pts',(-7.01022048653358,-0.556182065959509,
-1.96194741913975));
#7675=CARTESIAN_POINT('Ctrl Pts',(-6.71344557506779,-1.1132888069837,-1.93070463807959));
#7676=CARTESIAN_POINT('Ctrl Pts',(-6.25093680575372,-1.42247903150152,-1.89946185701942));
#7677=CARTESIAN_POINT('Ctrl Pts',(-5.78056941658555,-1.73692279627263,-1.86768822085807));
#7678=CARTESIAN_POINT('Ctrl Pts',(-5.1387882580323,-1.79495362805042,-1.83591458469671));
#7679=CARTESIAN_POINT('Ctrl Pts',(-4.61964617717818,-1.56998282524212,-1.80414094853535));
#7680=CARTESIAN_POINT('Ctrl Pts',(-4.10050409632406,-1.34501202243383,-1.772367312374));
#7681=CARTESIAN_POINT('Ctrl Pts',(-3.70400109316907,-0.837039585039445,
-1.74059367621264));
#7682=CARTESIAN_POINT('Ctrl Pts',(-3.61180787755477,-0.278809545857361,
-1.70882004005128));
#7683=CARTESIAN_POINT('Ctrl Pts',(-3.51961466194047,0.279420493324722,-1.67704640388992));
#7684=CARTESIAN_POINT('Ctrl Pts',(-3.73173123386686,0.887908134294502,-1.64527276772857));
#7685=CARTESIAN_POINT('Ctrl Pts',(-4.15096950405625,1.26785501286265,-1.61349913156721));
#7686=CARTESIAN_POINT('Ctrl Pts',(-4.57020777424563,1.64780189143081,-1.58172549540585));
#7687=CARTESIAN_POINT('Ctrl Pts',(-5.196567742698,1.79920800759733,-1.54995185924449));
#7688=CARTESIAN_POINT('Ctrl Pts',(-5.74306228679555,1.65270177930933,-1.51817822308314));
#7689=CARTESIAN_POINT('Ctrl Pts',(-6.28955683089311,1.50619555102133,-1.48640458692178));
#7690=CARTESIAN_POINT('Ctrl Pts',(-6.75618595063584,1.06177697827881,-1.45463095076042));
#7691=CARTESIAN_POINT('Ctrl Pts',(-6.92914837017801,0.523070765372673,-1.42285731459907));
#7692=CARTESIAN_POINT('Ctrl Pts',(-6.98298016814255,0.355407037655597,-1.41296827646602));
#7693=CARTESIAN_POINT('Ctrl Pts',(-7.00836545753698,0.178609982386786,-1.40307923833297));
#7694=CARTESIAN_POINT('Ctrl Pts',(-7.00697157274454,0.00142338588975777,
-1.39319020019992));
#7695=CARTESIAN_POINT('Ctrl Pts',(-7.00729099729911,0.001495301420029,-1.30680979980008));
#7696=CARTESIAN_POINT('Ctrl Pts',(-7.00867606325219,0.166753152754392,-1.31603743945905));
#7697=CARTESIAN_POINT('Ctrl Pts',(-6.98663458382901,0.331649284086708,-1.32526507911803));
#7698=CARTESIAN_POINT('Ctrl Pts',(-6.93966457338914,0.48910924640669,-1.334492718777));
#7699=CARTESIAN_POINT('Ctrl Pts',(-6.77793220440137,1.03129291824846,-1.36626635493836));
#7700=CARTESIAN_POINT('Ctrl Pts',(-6.32063737735357,1.48531044863719,-1.39803999109972));
#7701=CARTESIAN_POINT('Ctrl Pts',(-5.77730472743346,1.64313948533676,-1.42981362726107));
#7702=CARTESIAN_POINT('Ctrl Pts',(-5.23397207751335,1.80096852203633,-1.46158726342243));
#7703=CARTESIAN_POINT('Ctrl Pts',(-4.60460160472093,1.66260906504676,-1.49336089958379));
#7704=CARTESIAN_POINT('Ctrl Pts',(-4.17755970372526,1.29145472340753,-1.52513453574515));
#7705=CARTESIAN_POINT('Ctrl Pts',(-3.75051780272959,0.920300381768308,-1.5569081719065));
#7706=CARTESIAN_POINT('Ctrl Pts',(-3.52580447353068,0.316351155479431,-1.58868180806786));
#7707=CARTESIAN_POINT('Ctrl Pts',(-3.60637946438525,-0.243673896251362,
-1.62045544422922));
#7708=CARTESIAN_POINT('Ctrl Pts',(-3.68695445523982,-0.803698947982158,
-1.65222908039057));
#7709=CARTESIAN_POINT('Ctrl Pts',(-4.07281776614789,-1.31979982515487,-1.68400271655193));
#7710=CARTESIAN_POINT('Ctrl Pts',(-4.58717358308111,-1.55550824794352,-1.71577635271329));
#7711=CARTESIAN_POINT('Ctrl Pts',(-5.10152940001434,-1.79121667073217,-1.74754998887465));
#7712=CARTESIAN_POINT('Ctrl Pts',(-5.74437772297272,-1.74653263913675,-1.779323625036));
#7713=CARTESIAN_POINT('Ctrl Pts',(-6.2211767615704,-1.44192955338548,-1.81109726119736));
#7714=CARTESIAN_POINT('Ctrl Pts',(-6.69797580016807,-1.13732646763422,-1.84287089735872));
#7715=CARTESIAN_POINT('Ctrl Pts',(-7.00872555440505,-0.572804327727101,
-1.87464453352008));
#7716=CARTESIAN_POINT('Ctrl Pts',(-7.01104594085386,-0.00701727698704654,
-1.90641816968143));
#7717=CARTESIAN_POINT('Ctrl Pts',(-7.011055474263,-0.00469271616055085,
-1.90654871305431));
#7718=CARTESIAN_POINT('Ctrl Pts',(-7.01105980134389,-0.00236813398219438,
-1.90667925642719));
#7719=CARTESIAN_POINT('Ctrl Pts',(-7.01105893182351,-4.35484707410437E-5,
-1.90680979980008));
#7720=CARTESIAN_POINT('Origin',(-5.3,0.,0.));
#7721=CARTESIAN_POINT('',(-7.00749309994665,-0.00152724177519103,-2.59319020019992));
#7722=CARTESIAN_POINT('',(-7.00716259064146,-0.00146975050931123,-2.50680979980007));
#7723=CARTESIAN_POINT('',(-7.00825,2.09200289464347E-16,0.));
#7724=CARTESIAN_POINT('Ctrl Pts',(-7.00749309994665,-0.00152724177519103,
-2.59319020019992));
#7725=CARTESIAN_POINT('Ctrl Pts',(-7.00885856000435,-0.159568399524007,
-2.58436287226926));
#7726=CARTESIAN_POINT('Ctrl Pts',(-6.98872033800425,-0.317268094469028,
-2.57553554433859));
#7727=CARTESIAN_POINT('Ctrl Pts',(-6.94568579762032,-0.468450271564109,
-2.56670821640793));
#7728=CARTESIAN_POINT('Ctrl Pts',(-6.79078458184241,-1.0126248538195,-2.53493458024657));
#7729=CARTESIAN_POINT('Ctrl Pts',(-6.33923567635063,-1.47235762405769,-2.50316094408521));
#7730=CARTESIAN_POINT('Ctrl Pts',(-5.79793085408611,-1.63700710628443,-2.47138730792385));
#7731=CARTESIAN_POINT('Ctrl Pts',(-5.25662603182158,-1.80165658851117,-2.4396136717625));
#7732=CARTESIAN_POINT('Ctrl Pts',(-4.62556529278431,-1.67122278272644,-2.40784003560114));
#7733=CARTESIAN_POINT('Ctrl Pts',(-4.19388957725402,-1.30546816660148,-2.37606639943978));
#7734=CARTESIAN_POINT('Ctrl Pts',(-3.76221386172373,-0.93971355047652,-2.34429276327842));
#7735=CARTESIAN_POINT('Ctrl Pts',(-3.52992316970042,-0.338638124011335,
-2.31251912711707));
#7736=CARTESIAN_POINT('Ctrl Pts',(-3.60344901400987,0.222355915973055,-2.28074549095571));
#7737=CARTESIAN_POINT('Ctrl Pts',(-3.67697485831931,0.783349955957447,-2.24897185479435));
#7738=CARTESIAN_POINT('Ctrl Pts',(-4.0563172389615,1.30426260946104,-2.217198218633));
#7739=CARTESIAN_POINT('Ctrl Pts',(-4.56766814364963,1.54642085279189,-2.18542458247164));
#7740=CARTESIAN_POINT('Ctrl Pts',(-5.07901904833776,1.78857909612273,-2.15365094631028));
#7741=CARTESIAN_POINT('Ctrl Pts',(-5.72237847707183,1.75198292928082,-2.12187731014892));
#7742=CARTESIAN_POINT('Ctrl Pts',(-6.20297044621922,1.45340007358645,-2.09010367398757));
#7743=CARTESIAN_POINT('Ctrl Pts',(-6.68356241536661,1.15481721789208,-2.05833003782621));
#7744=CARTESIAN_POINT('Ctrl Pts',(-7.00138692492732,0.594247673345253,-2.02655640166485));
#7745=CARTESIAN_POINT('Ctrl Pts',(-7.01082236981614,0.0285345521896281,
-1.9947827655035));
#7746=CARTESIAN_POINT('Ctrl Pts',(-7.01098001164303,0.019082952295561,-1.9942519104023));
#7747=CARTESIAN_POINT('Ctrl Pts',(-7.01105157052348,0.00962991663648112,
-1.99372105530111));
#7748=CARTESIAN_POINT('Ctrl Pts',(-7.01103768526423,0.000176665024000378,
-1.99319020019992));
#7749=CARTESIAN_POINT('Ctrl Pts',(-7.01105893182351,-4.35484707410496E-5,
-1.90680979980008));
#7750=CARTESIAN_POINT('Ctrl Pts',(-7.01084816421877,0.563424924959234,-1.93845289258855));
#7751=CARTESIAN_POINT('Ctrl Pts',(-6.70530872699721,1.1270892360121,-1.97009598537702));
#7752=CARTESIAN_POINT('Ctrl Pts',(-6.23297275625886,1.43432537473499,-2.0017390781655));
#7753=CARTESIAN_POINT('Ctrl Pts',(-5.75868816655443,1.74282901414398,-2.03351271432686));
#7754=CARTESIAN_POINT('Ctrl Pts',(-5.11622796848492,1.79278433138897,-2.06528635048822));
#7755=CARTESIAN_POINT('Ctrl Pts',(-4.5999561321729,1.56130267259668,-2.09705998664957));
#7756=CARTESIAN_POINT('Ctrl Pts',(-4.08368429586088,1.32982101380439,-2.12883362281093));
#7757=CARTESIAN_POINT('Ctrl Pts',(-3.69360082130635,0.816902378974829,-2.16060725897229));
#7758=CARTESIAN_POINT('Ctrl Pts',(-3.60843510221663,0.25755707534824,-2.19238089513365));
#7759=CARTESIAN_POINT('Ctrl Pts',(-3.52326938312692,-0.301788228278348,
-2.224154531295));
#7760=CARTESIAN_POINT('Ctrl Pts',(-3.74302141950202,-0.907560200701964,
-2.25592816745636));
#7761=CARTESIAN_POINT('Ctrl Pts',(-4.16700468967824,-1.28220477154734,-2.28770180361772));
#7762=CARTESIAN_POINT('Ctrl Pts',(-4.59098795985446,-1.65684934239273,-2.31947543977907));
#7763=CARTESIAN_POINT('Ctrl Pts',(-5.21920246383181,-1.80036651165987,-2.35124907594043));
#7764=CARTESIAN_POINT('Ctrl Pts',(-5.76381135647711,-1.6469992337948,-2.38302271210179));
#7765=CARTESIAN_POINT('Ctrl Pts',(-6.30842024912241,-1.49363195592973,-2.41479634826315));
#7766=CARTESIAN_POINT('Ctrl Pts',(-6.76942353043568,-1.04338023093244,-2.4465699844245));
#7767=CARTESIAN_POINT('Ctrl Pts',(-6.93559759848919,-0.502541486836283,
-2.47834362058586));
#7768=CARTESIAN_POINT('Ctrl Pts',(-6.98522302566142,-0.341027996666338,
-2.4878323469906));
#7769=CARTESIAN_POINT('Ctrl Pts',(-7.00855470302287,-0.171435685575107,
-2.49732107339534));
#7770=CARTESIAN_POINT('Ctrl Pts',(-7.00716259064146,-0.00146975050931123,
-2.50680979980007));
#7771=CARTESIAN_POINT('Origin',(-5.3,0.,0.));
#7772=CARTESIAN_POINT('',(-7.00568190404783,0.000658940790973506,-3.19319020019992));
#7773=CARTESIAN_POINT('',(-7.00583753824789,0.000831389493058379,-3.10680979980007));
#7774=CARTESIAN_POINT('',(-7.00825,2.09200289464347E-16,0.));
#7775=CARTESIAN_POINT('Ctrl Pts',(-7.00568190404783,0.000658940790973506,
-3.19319020019992));
#7776=CARTESIAN_POINT('Ctrl Pts',(-7.00455072724709,-0.325798606901944,
-3.1750046892374));
#7777=CARTESIAN_POINT('Ctrl Pts',(-6.91443478322186,-0.652834368371562,
-3.15681917827488));
#7778=CARTESIAN_POINT('Ctrl Pts',(-6.7393282059305,-0.925236033146954,-3.13863366731236));
#7779=CARTESIAN_POINT('Ctrl Pts',(-6.43338284713455,-1.4011748948132,-3.106860031151));
#7780=CARTESIAN_POINT('Ctrl Pts',(-5.86798736265828,-1.71033275122018,-3.07508639498964));
#7781=CARTESIAN_POINT('Ctrl Pts',(-5.30219602717114,-1.71105890573259,-3.04331275882828));
#7782=CARTESIAN_POINT('Ctrl Pts',(-4.73640469168401,-1.71178506024501,-3.01153912266692));
#7783=CARTESIAN_POINT('Ctrl Pts',(-4.17021750518602,-1.40407951286286,-2.97976548650557));
#7784=CARTESIAN_POINT('Ctrl Pts',(-3.86305148629882,-0.928927537750463,
-2.94799185034421));
#7785=CARTESIAN_POINT('Ctrl Pts',(-3.55588546741162,-0.453775562638063,
-2.91621821418286));
#7786=CARTESIAN_POINT('Ctrl Pts',(-3.5077406161352,0.18882284020459,-2.8844445780215));
#7787=CARTESIAN_POINT('Ctrl Pts',(-3.74067605722278,0.704440375689406,-2.85267094186014));
#7788=CARTESIAN_POINT('Ctrl Pts',(-3.97361149831035,1.22005791117422,-2.82089730569878));
#7789=CARTESIAN_POINT('Ctrl Pts',(-4.4876272317619,1.6086945793012,-2.78912366953743));
#7790=CARTESIAN_POINT('Ctrl Pts',(-5.04721028187315,1.69228388866607,-2.75735003337607));
#7791=CARTESIAN_POINT('Ctrl Pts',(-5.6067933319844,1.77587319803094,-2.72557639721471));
#7792=CARTESIAN_POINT('Ctrl Pts',(-6.21194369875534,1.55441514863372,-2.69380276105335));
#7793=CARTESIAN_POINT('Ctrl Pts',(-6.5853921191088,1.12937792679881,-2.662029124892));
#7794=CARTESIAN_POINT('Ctrl Pts',(-6.85508937749554,0.822424229330506,-2.6390828166613));
#7795=CARTESIAN_POINT('Ctrl Pts',(-7.00394363768504,0.409294826615632,-2.61613650843061));
#7796=CARTESIAN_POINT('Ctrl Pts',(-7.00749309994665,-0.00152724177519103,
-2.59319020019992));
#7797=CARTESIAN_POINT('Ctrl Pts',(-7.00716259064146,-0.00146975050931123,
-2.50680979980007));
#7798=CARTESIAN_POINT('Ctrl Pts',(-7.0038931214348,0.397706636613536,-2.52909470955669));
#7799=CARTESIAN_POINT('Ctrl Pts',(-6.86425298918234,0.79894384651764,-2.55137961931331));
#7800=CARTESIAN_POINT('Ctrl Pts',(-6.60857968948322,1.10242761500795,-2.57366452906993));
#7801=CARTESIAN_POINT('Ctrl Pts',(-6.24404285762996,1.53513220956097,-2.60543816523129));
#7802=CARTESIAN_POINT('Ctrl Pts',(-5.64362433912967,1.76911563547198,-2.63721180139264));
#7803=CARTESIAN_POINT('Ctrl Pts',(-5.08242534730221,1.69717079892477,-2.668985437554));
#7804=CARTESIAN_POINT('Ctrl Pts',(-4.52122635547475,1.62522596237756,-2.70075907371536));
#7805=CARTESIAN_POINT('Ctrl Pts',(-3.99924689032012,1.24735286337212,-2.73253270987672));
#7806=CARTESIAN_POINT('Ctrl Pts',(-3.75564876947327,0.736686315151292,-2.76430634603808));
#7807=CARTESIAN_POINT('Ctrl Pts',(-3.51205064862642,0.226019766930459,-2.79607998219943));
#7808=CARTESIAN_POINT('Ctrl Pts',(-3.54683387208734,-0.417440230505771,
-2.82785361836079));
#7809=CARTESIAN_POINT('Ctrl Pts',(-3.84406137813897,-0.898871614594474,
-2.85962725452215));
#7810=CARTESIAN_POINT('Ctrl Pts',(-4.14128888419059,-1.38030299868318,-2.8914008906835));
#7811=CARTESIAN_POINT('Ctrl Pts',(-4.7009606728329,-1.69970576942435,-2.92317452684486));
#7812=CARTESIAN_POINT('Ctrl Pts',(-5.26664496624488,-1.71073519046506,-2.95494816300622));
#7813=CARTESIAN_POINT('Ctrl Pts',(-5.83232925965685,-1.72176461150576,-2.98672179916758));
#7814=CARTESIAN_POINT('Ctrl Pts',(-6.40402605783848,-1.42442068284599,-3.01849543532893));
#7815=CARTESIAN_POINT('Ctrl Pts',(-6.71979393491763,-0.954941167053646,
-3.05026907149029));
#7816=CARTESIAN_POINT('Ctrl Pts',(-6.90709539931641,-0.676463819621938,
-3.06911598092688));
#7817=CARTESIAN_POINT('Ctrl Pts',(-7.00435057520954,-0.337422114421434,
-3.08796289036348));
#7818=CARTESIAN_POINT('Ctrl Pts',(-7.00583753824789,0.000831389493058379,
-3.10680979980007));
#7819=CARTESIAN_POINT('Origin',(-5.3,0.,0.));
#7820=CARTESIAN_POINT('',(-7.00990966250727,0.00121266075854498,-3.79319020019992));
#7821=CARTESIAN_POINT('',(-7.0102056166196,0.00106748433315419,-3.70680979980008));
#7822=CARTESIAN_POINT('',(-7.00825,2.09200289464347E-16,0.));
#7823=CARTESIAN_POINT('Ctrl Pts',(-7.00990966250727,0.00121266075854498,
-3.79319020019992));
#7824=CARTESIAN_POINT('Ctrl Pts',(-7.00595834040048,-0.490129454484358,
-3.76564650620554));
#7825=CARTESIAN_POINT('Ctrl Pts',(-6.78285048547292,-0.984602493844352,
-3.73810281221116));
#7826=CARTESIAN_POINT('Ctrl Pts',(-6.40945773162701,-1.30262463632235,-3.71055911821678));
#7827=CARTESIAN_POINT('Ctrl Pts',(-5.9787222787713,-1.66948609827489,-3.67878548205543));
#7828=CARTESIAN_POINT('Ctrl Pts',(-5.3479984238809,-1.80153931828829,-3.64701184589407));
#7829=CARTESIAN_POINT('Ctrl Pts',(-4.80627275286133,-1.63827983166911,-3.61523820973271));
#7830=CARTESIAN_POINT('Ctrl Pts',(-4.26454708184177,-1.47502034504994,-3.58346457357136));
#7831=CARTESIAN_POINT('Ctrl Pts',(-3.81181959469304,-1.01644815179819,-3.55169093741));
#7832=CARTESIAN_POINT('Ctrl Pts',(-3.65552206974772,-0.472672971867456,
-3.51991730124864));
#7833=CARTESIAN_POINT('Ctrl Pts',(-3.49922454480239,0.0711022080632808,
-3.48814366508728));
#7834=CARTESIAN_POINT('Ctrl Pts',(-3.63935698206048,0.70008037467301,-3.45637002892593));
#7835=CARTESIAN_POINT('Ctrl Pts',(-4.01171316147206,1.1260747857476,-3.42459639276457));
#7836=CARTESIAN_POINT('Ctrl Pts',(-4.38406934088364,1.5520691968222,-3.39282275660321));
#7837=CARTESIAN_POINT('Ctrl Pts',(-4.98864926244873,1.77507985236165,-3.36104912044186));
#7838=CARTESIAN_POINT('Ctrl Pts',(-5.54844503105526,1.69292718920957,-3.3292754842805));
#7839=CARTESIAN_POINT('Ctrl Pts',(-6.10824079966179,1.61077452605749,-3.29750184811914));
#7840=CARTESIAN_POINT('Ctrl Pts',(-6.62325241530977,1.22345854421387,-3.26572821195778));
#7841=CARTESIAN_POINT('Ctrl Pts',(-6.85751060657593,0.708440619829318,-3.23395457579642));
#7842=CARTESIAN_POINT('Ctrl Pts',(-6.95769207827191,0.488191102253082,-3.22036645059759));
#7843=CARTESIAN_POINT('Ctrl Pts',(-7.00652711384272,0.24458643005967,-3.20677832539875));
#7844=CARTESIAN_POINT('Ctrl Pts',(-7.00568190404783,0.000658940790973506,
-3.19319020019992));
#7845=CARTESIAN_POINT('Ctrl Pts',(-7.00583753824789,0.000831389493058379,
-3.10680979980007));
#7846=CARTESIAN_POINT('Ctrl Pts',(-7.00685741712571,0.232832854959103,-3.11973652652484));
#7847=CARTESIAN_POINT('Ctrl Pts',(-6.96282486489448,0.464463525324357,-3.1326632532496));
#7848=CARTESIAN_POINT('Ctrl Pts',(-6.87189364483659,0.675927377374542,-3.14558997997436));
#7849=CARTESIAN_POINT('Ctrl Pts',(-6.64838652169977,1.19570130308544,-3.17736361613572));
#7850=CARTESIAN_POINT('Ctrl Pts',(-6.14153331944947,1.59363405158231,-3.20913725229708));
#7851=CARTESIAN_POINT('Ctrl Pts',(-5.58356526786615,1.68739983081221,-3.24091088845843));
#7852=CARTESIAN_POINT('Ctrl Pts',(-5.02559721628282,1.7811656100421,-3.27268452461979));
#7853=CARTESIAN_POINT('Ctrl Pts',(-4.41651431536647,1.57076442000502,-3.30445816078115));
#7854=CARTESIAN_POINT('Ctrl Pts',(-4.03538764623249,1.15259838836523,-3.3362317969425));
#7855=CARTESIAN_POINT('Ctrl Pts',(-3.65426097709851,0.734432356725445,-3.36800543310386));
#7856=CARTESIAN_POINT('Ctrl Pts',(-3.5010905397469,0.108501483482952,-3.39977906926522));
#7857=CARTESIAN_POINT('Ctrl Pts',(-3.64605633673906,-0.438403705416082,
-3.43155270542658));
#7858=CARTESIAN_POINT('Ctrl Pts',(-3.79102213373122,-0.985308894315123,
-3.46332634158793));
#7859=CARTESIAN_POINT('Ctrl Pts',(-4.23412416506717,-1.4531883988707,-3.49509997774929));
#7860=CARTESIAN_POINT('Ctrl Pts',(-4.77234086710911,-1.62766805265718,-3.52687361391065));
#7861=CARTESIAN_POINT('Ctrl Pts',(-5.31055756915104,-1.80214770644365,-3.558647250072));
#7862=CARTESIAN_POINT('Ctrl Pts',(-5.94388894189897,-1.68322750946102,-3.59042088623336));
#7863=CARTESIAN_POINT('Ctrl Pts',(-6.38215368058976,-1.32539460605126,-3.62219452239472));
#7864=CARTESIAN_POINT('Ctrl Pts',(-6.77119626349281,-1.00775044100597,-3.65039961486317));
#7865=CARTESIAN_POINT('Ctrl Pts',(-7.00652810773756,-0.501845229896748,
-3.67860470733162));
#7866=CARTESIAN_POINT('Ctrl Pts',(-7.0102056166196,0.00106748433315419,
-3.70680979980008));
#7867=CARTESIAN_POINT('Origin',(-5.3,0.,0.));
#7868=CARTESIAN_POINT('',(-7.00946809012871,-0.00137245837249465,-4.39319020019992));
#7869=CARTESIAN_POINT('',(-7.00912253021564,-0.00146061522838518,-4.30680979980008));
#7870=CARTESIAN_POINT('',(-7.00825,2.09200289464347E-16,0.));
#7871=CARTESIAN_POINT('Ctrl Pts',(-7.00946809012871,-0.00137245837249465,
-4.39319020019992));
#7872=CARTESIAN_POINT('Ctrl Pts',(-7.01026890271669,-0.0929148214498456,
-4.38806195933504));
#7873=CARTESIAN_POINT('Ctrl Pts',(-7.00355082287741,-0.1843394690376,-4.38293371847016));
#7874=CARTESIAN_POINT('Ctrl Pts',(-6.98890222511512,-0.274475272879028,
-4.37780547760529));
#7875=CARTESIAN_POINT('Ctrl Pts',(-6.89814221055327,-0.832940117224228,
-4.34603184144393));
#7876=CARTESIAN_POINT('Ctrl Pts',(-6.50294440844431,-1.34192865467066,-4.31425820528257));
#7877=CARTESIAN_POINT('Ctrl Pts',(-5.98438150646808,-1.56823128237685,-4.28248456912121));
#7878=CARTESIAN_POINT('Ctrl Pts',(-5.46581860449183,-1.79453391008305,-4.25071093295985));
#7879=CARTESIAN_POINT('Ctrl Pts',(-4.82389060264831,-1.73815062804898,-4.2189372967985));
#7880=CARTESIAN_POINT('Ctrl Pts',(-4.3527176300742,-1.42491526521708,-4.18716366063714));
#7881=CARTESIAN_POINT('Ctrl Pts',(-3.88154465750008,-1.11167990238518,-4.15539002447579));
#7882=CARTESIAN_POINT('Ctrl Pts',(-3.58112671419536,-0.541592458755463,
-4.12361638831443));
#7883=CARTESIAN_POINT('Ctrl Pts',(-3.5891100222067,0.0241430177757072,-4.09184275215307));
#7884=CARTESIAN_POINT('Ctrl Pts',(-3.59709333021805,0.589878494306878,-4.06006911599171));
#7885=CARTESIAN_POINT('Ctrl Pts',(-3.91347788954546,1.1512620037395,-4.02829547983036));
#7886=CARTESIAN_POINT('Ctrl Pts',(-4.39330185527958,1.45107748786253,-3.996521843669));
#7887=CARTESIAN_POINT('Ctrl Pts',(-4.87312582101372,1.75089297198556,-3.96474820750764));
#7888=CARTESIAN_POINT('Ctrl Pts',(-5.51638919315457,1.78914043079898,-3.93297457134628));
#7889=CARTESIAN_POINT('Ctrl Pts',(-6.02835999936322,1.54829555083921,-3.90120093518493));
#7890=CARTESIAN_POINT('Ctrl Pts',(-6.54033080557185,1.30745067087944,-3.86942729902357));
#7891=CARTESIAN_POINT('Ctrl Pts',(-6.92100904584828,0.787513452146492,-3.83765366286221));
#7892=CARTESIAN_POINT('Ctrl Pts',(-6.99597464057599,0.226709990834174,-3.80588002670086));
#7893=CARTESIAN_POINT('Ctrl Pts',(-7.00595461669837,0.152051673594505,-3.80165008453388));
#7894=CARTESIAN_POINT('Ctrl Pts',(-7.01051647523174,0.0766690876307915,
-3.7974201423669));
#7895=CARTESIAN_POINT('Ctrl Pts',(-7.00990966250727,0.00121266075854498,
-3.79319020019992));
#7896=CARTESIAN_POINT('Ctrl Pts',(-7.0102056166196,0.00106748433315419,
-3.70680979980008));
#7897=CARTESIAN_POINT('Ctrl Pts',(-7.01067089965816,0.0646966320288808,
-3.71037834349298));
#7898=CARTESIAN_POINT('Ctrl Pts',(-7.00742794628682,0.128277876947968,-3.71394688718589));
#7899=CARTESIAN_POINT('Ctrl Pts',(-7.00031889693589,0.191423872300384,-3.71751543087879));
#7900=CARTESIAN_POINT('Ctrl Pts',(-6.93702126995757,0.753663837405368,-3.74928906704015));
#7901=CARTESIAN_POINT('Ctrl Pts',(-6.56722791136725,1.28139815777843,-3.7810627032015));
#7902=CARTESIAN_POINT('Ctrl Pts',(-6.06037163928486,1.53282824228126,-3.81283633936286));
#7903=CARTESIAN_POINT('Ctrl Pts',(-5.55351536720248,1.78425832678409,-3.84460997552422));
#7904=CARTESIAN_POINT('Ctrl Pts',(-4.90959618162805,1.75938417541671,-3.87638361168557));
#7905=CARTESIAN_POINT('Ctrl Pts',(-4.42364653709042,1.46960268719479,-3.90815724784693));
#7906=CARTESIAN_POINT('Ctrl Pts',(-3.9376968925528,1.17982119897288,-3.93993088400829));
#7907=CARTESIAN_POINT('Ctrl Pts',(-3.60971678905199,0.625132373896448,-3.97170452016965));
#7908=CARTESIAN_POINT('Ctrl Pts',(-3.58998094605632,0.0596848834575971,
-4.00347815633101));
#7909=CARTESIAN_POINT('Ctrl Pts',(-3.57024510306065,-0.505762606981254,
-4.03525179249236));
#7910=CARTESIAN_POINT('Ctrl Pts',(-3.85875352057013,-1.08196876278252,-4.06702542865372));
#7911=CARTESIAN_POINT('Ctrl Pts',(-4.32331671195822,-1.40492604966371,-4.09879906481507));
#7912=CARTESIAN_POINT('Ctrl Pts',(-4.78787990334631,-1.72788333654491,-4.13057270097643));
#7913=CARTESIAN_POINT('Ctrl Pts',(-5.42849786861303,-1.79759175450602,-4.16234633713779));
#7914=CARTESIAN_POINT('Ctrl Pts',(-5.9516507143585,-1.58211213150012,-4.19411997329915));
#7915=CARTESIAN_POINT('Ctrl Pts',(-6.47480356010397,-1.36663250849421,-4.22589360946051));
#7916=CARTESIAN_POINT('Ctrl Pts',(-6.88049128632819,-0.865964844521297,
-4.25766724562186));
#7917=CARTESIAN_POINT('Ctrl Pts',(-6.98283490647266,-0.309506264429236,
-4.28944088178322));
#7918=CARTESIAN_POINT('Ctrl Pts',(-7.00148346927076,-0.20811105522379,-4.29523052112217));
#7919=CARTESIAN_POINT('Ctrl Pts',(-7.01006028650624,-0.104863454952899,
-4.30102016046112));
#7920=CARTESIAN_POINT('Ctrl Pts',(-7.00912253021564,-0.00146061522838518,
-4.30680979980008));
#7921=CARTESIAN_POINT('Origin',(-5.3,0.,0.));
#7922=CARTESIAN_POINT('',(-7.00553095283422,-0.00040925292720595,-4.99319020019992));
#7923=CARTESIAN_POINT('',(-7.00546600996796,-0.000217732281753593,-4.90680979980008));
#7924=CARTESIAN_POINT('',(-7.00825,2.09200289464347E-16,0.));
#7925=CARTESIAN_POINT('Ctrl Pts',(-7.00553095283422,-0.00040925292720595,
-4.99319020019992));
#7926=CARTESIAN_POINT('Ctrl Pts',(-7.00608779327458,-0.260520041084047,
-4.97870377630319));
#7927=CARTESIAN_POINT('Ctrl Pts',(-6.95028778227555,-0.520404222924669,
-4.96421735240645));
#7928=CARTESIAN_POINT('Ctrl Pts',(-6.83690026445315,-0.752107025990027,
-4.94973092850972));
#7929=CARTESIAN_POINT('Ctrl Pts',(-6.5882030178304,-1.26030978290537,-4.91795729234836));
#7930=CARTESIAN_POINT('Ctrl Pts',(-6.0624675216104,-1.63293938727768,-4.886183656187));
#7931=CARTESIAN_POINT('Ctrl Pts',(-5.50057654082898,-1.69926350301778,-4.85441002002564));
#7932=CARTESIAN_POINT('Ctrl Pts',(-4.93868556004754,-1.76558761875789,-4.82263638386429));
#7933=CARTESIAN_POINT('Ctrl Pts',(-4.34063909470467,-1.52560624586579,-4.79086274770293));
#7934=CARTESIAN_POINT('Ctrl Pts',(-3.98045152509258,-1.08927463194166,-4.75908911154157));
#7935=CARTESIAN_POINT('Ctrl Pts',(-3.6202639554805,-0.652943018017543,-4.72731547538021));
#7936=CARTESIAN_POINT('Ctrl Pts',(-3.49793528159919,-0.0202611630614127,
-4.69554183921886));
#7937=CARTESIAN_POINT('Ctrl Pts',(-3.66951435200368,0.518887225800199,-4.6637682030575));
#7938=CARTESIAN_POINT('Ctrl Pts',(-3.84109342240816,1.0580356146618,-4.63199456689614));
#7939=CARTESIAN_POINT('Ctrl Pts',(-4.30658023709843,1.50365053742889,-4.60022093073478));
#7940=CARTESIAN_POINT('Ctrl Pts',(-4.85269691809652,1.65155906777212,-4.56844729457343));
#7941=CARTESIAN_POINT('Ctrl Pts',(-5.39881359909462,1.79946759811535,-4.53667365841207));
#7942=CARTESIAN_POINT('Ctrl Pts',(-6.02556014640054,1.64966973603472,-4.50490002225071));
#7943=CARTESIAN_POINT('Ctrl Pts',(-6.44577230654614,1.27080022937242,-4.47312638608936));
#7944=CARTESIAN_POINT('Ctrl Pts',(-6.79816254160157,0.953079974771021,-4.44648099079288));
#7945=CARTESIAN_POINT('Ctrl Pts',(-7.00530721537119,0.474264804938388,-4.4198355954964));
#7946=CARTESIAN_POINT('Ctrl Pts',(-7.00946809012871,-0.00137245837249465,
-4.39319020019992));
#7947=CARTESIAN_POINT('Ctrl Pts',(-7.00912253021564,-0.00146061522838518,
-4.30680979980008));
#7948=CARTESIAN_POINT('Ctrl Pts',(-7.00491386452015,0.462613034532959,-4.33279379662248));
#7949=CARTESIAN_POINT('Ctrl Pts',(-6.80905988049788,0.929813562700855,-4.35877779344489));
#7950=CARTESIAN_POINT('Ctrl Pts',(-6.47192833891931,1.2467202647754,-4.38476179026729));
#7951=CARTESIAN_POINT('Ctrl Pts',(-6.05967863715679,1.63423871767675,-4.41653542642865));
#7952=CARTESIAN_POINT('Ctrl Pts',(-5.43617971956703,1.79702612726825,-4.44830906259));
#7953=CARTESIAN_POINT('Ctrl Pts',(-4.88710783275623,1.66049616331761,-4.48008269875136));
#7954=CARTESIAN_POINT('Ctrl Pts',(-4.33803594594543,1.52396619936698,-4.51185633491272));
#7955=CARTESIAN_POINT('Ctrl Pts',(-3.86339108991359,1.08811886187421,-4.54362997107408));
#7956=CARTESIAN_POINT('Ctrl Pts',(-3.68064719623739,0.552651741252934,-4.57540360723543));
#7957=CARTESIAN_POINT('Ctrl Pts',(-3.49790330256119,0.0171846206316612,
-4.60717724339679));
#7958=CARTESIAN_POINT('Ctrl Pts',(-3.60706037124063,-0.617902283118114,
-4.63895087955815));
#7959=CARTESIAN_POINT('Ctrl Pts',(-3.95810455174438,-1.06162331178004,-4.6707245157195));
#7960=CARTESIAN_POINT('Ctrl Pts',(-4.30914873224813,-1.50534434044196,-4.70249815188086));
#7961=CARTESIAN_POINT('Ctrl Pts',(-4.90208002457617,-1.75769949401605,-4.73427178804222));
#7962=CARTESIAN_POINT('Ctrl Pts',(-5.46522773081844,-1.70306407605004,-4.76604542420358));
#7963=CARTESIAN_POINT('Ctrl Pts',(-6.02837543706073,-1.64842865808403,-4.79781906036493));
#7964=CARTESIAN_POINT('Ctrl Pts',(-6.56173955721725,-1.28680266857792,-4.82959269652629));
#7965=CARTESIAN_POINT('Ctrl Pts',(-6.82094202482816,-0.783876780671014,
-4.86136633268765));
#7966=CARTESIAN_POINT('Ctrl Pts',(-6.94451469109481,-0.544110957930195,
-4.87651415505846));
#7967=CARTESIAN_POINT('Ctrl Pts',(-7.00577512928416,-0.27223009862355,-4.89166197742927));
#7968=CARTESIAN_POINT('Ctrl Pts',(-7.00546600996796,-0.000217732281753593,
-4.90680979980008));
#7969=CARTESIAN_POINT('Origin',(-5.3,0.,0.));
#7970=CARTESIAN_POINT('',(-7.00796468109022,0.00156527517742464,-5.59319020019992));
#7971=CARTESIAN_POINT('',(-7.00832214632048,0.00156261149901815,-5.50680979980008));
#7972=CARTESIAN_POINT('',(-7.00825,2.09200289464347E-16,0.));
#7973=CARTESIAN_POINT('Ctrl Pts',(-7.00796468109022,0.00156527517742464,
-5.59319020019992));
#7974=CARTESIAN_POINT('Ctrl Pts',(-7.00409822162789,-0.425039870174794,
-5.56934559327133));
#7975=CARTESIAN_POINT('Ctrl Pts',(-6.84215664598399,-0.854263054155969,
-5.54550098634274));
#7976=CARTESIAN_POINT('Ctrl Pts',(-6.55301248286992,-1.16519831754277,-5.52165637941415));
#7977=CARTESIAN_POINT('Ctrl Pts',(-6.16771942836583,-1.57952865052641,-5.48988274325279));
#7978=CARTESIAN_POINT('Ctrl Pts',(-5.55656110931942,-1.7838229063471,-5.45810910709143));
#7979=CARTESIAN_POINT('Ctrl Pts',(-4.99955952681232,-1.6844770474506,-5.42633547093007));
#7980=CARTESIAN_POINT('Ctrl Pts',(-4.44255794430522,-1.5851311885541,-5.39456183476871));
#7981=CARTESIAN_POINT('Ctrl Pts',(-3.93971309833742,-1.18214521494039,-5.36278819860736));
#7982=CARTESIAN_POINT('Ctrl Pts',(-3.72141966036181,-0.660160217511192,
-5.331014562446));
#7983=CARTESIAN_POINT('Ctrl Pts',(-3.50312622238621,-0.138175220082002,
-5.29924092628464));
#7984=CARTESIAN_POINT('Ctrl Pts',(-3.56938419240279,0.502808801162676,-5.26746729012329));
#7985=CARTESIAN_POINT('Ctrl Pts',(-3.88983533293395,0.969104232359026,-5.23569365396193));
#7986=CARTESIAN_POINT('Ctrl Pts',(-4.2102864734651,1.43539966355537,-5.20392001780057));
#7987=CARTESIAN_POINT('Ctrl Pts',(-4.78493078451083,1.7270065047034,-5.17214638163921));
#7988=CARTESIAN_POINT('Ctrl Pts',(-5.35047634162875,1.71031562594252,-5.14037274547786));
#7989=CARTESIAN_POINT('Ctrl Pts',(-5.91602189874668,1.69362474718164,-5.1085991093165));
#7990=CARTESIAN_POINT('Ctrl Pts',(-6.47246870193681,1.36863614851186,-5.07682547315514));
#7991=CARTESIAN_POINT('Ctrl Pts',(-6.76486260501911,0.884253894447774,-5.04505183699379));
#7992=CARTESIAN_POINT('Ctrl Pts',(-6.92394655253445,0.620714059073012,-5.02776462472916));
#7993=CARTESIAN_POINT('Ctrl Pts',(-7.00486645350999,0.30999105285141,-5.01047741246454));
#7994=CARTESIAN_POINT('Ctrl Pts',(-7.00553095283422,-0.00040925292720595,
-4.99319020019992));
#7995=CARTESIAN_POINT('Ctrl Pts',(-7.00546600996796,-0.000217732281753593,
-4.90680979980008));
#7996=CARTESIAN_POINT('Ctrl Pts',(-7.00512672950476,0.298335210895087,-4.92343561359062));
#7997=CARTESIAN_POINT('Ctrl Pts',(-6.93061690766144,0.59704657567487,-4.94006142738117));
#7998=CARTESIAN_POINT('Ctrl Pts',(-6.78291850566592,0.853627644654637,-4.95668724117172));
#7999=CARTESIAN_POINT('Ctrl Pts',(-6.50065170382747,1.34398039576569,-4.98846087733308));
#8000=CARTESIAN_POINT('Ctrl Pts',(-5.95107728508527,1.68046011168008,-5.02023451349443));
#8001=CARTESIAN_POINT('Ctrl Pts',(-5.38600058983207,1.70889769989623,-5.05200814965579));
#8002=CARTESIAN_POINT('Ctrl Pts',(-4.82092389457888,1.73733528811238,-5.08378178581715));
#8003=CARTESIAN_POINT('Ctrl Pts',(-4.24034492281469,1.45773074863029,-5.11555542197851));
#8004=CARTESIAN_POINT('Ctrl Pts',(-3.9102747562443,0.998193967638953,-5.14732905813986));
#8005=CARTESIAN_POINT('Ctrl Pts',(-3.58020458967391,0.538657186647617,-5.17910269430122));
#8006=CARTESIAN_POINT('Ctrl Pts',(-3.50064322829731,-0.100811835852967,
-5.21087633046258));
#8007=CARTESIAN_POINT('Ctrl Pts',(-3.70804428968465,-0.627219631840924,
-5.24264996662394));
#8008=CARTESIAN_POINT('Ctrl Pts',(-3.915445351072,-1.15362742782889,-5.27442360278529));
#8009=CARTESIAN_POINT('Ctrl Pts',(-4.4098088352233,-1.56697399730422,-5.30619723894665));
#8010=CARTESIAN_POINT('Ctrl Pts',(-4.96462608168153,-1.67787120633916,-5.33797087510801));
#8011=CARTESIAN_POINT('Ctrl Pts',(-5.51944332813976,-1.78876841537409,-5.36974451126936));
#8012=CARTESIAN_POINT('Ctrl Pts',(-6.13471433690492,-1.59721626396862,-5.40151814743072));
#8013=CARTESIAN_POINT('Ctrl Pts',(-6.52853274462119,-1.1909805815185,-5.43329178359207));
#8014=CARTESIAN_POINT('Ctrl Pts',(-6.83227248590083,-0.877663787106847,
-5.45779778899474));
#8015=CARTESIAN_POINT('Ctrl Pts',(-7.00428001070338,-0.436641392256569,
-5.48230379439741));
#8016=CARTESIAN_POINT('Ctrl Pts',(-7.00832214632048,0.00156261149901815,
-5.50680979980008));
#8017=CARTESIAN_POINT('Origin',(-5.3,0.,0.));
#8018=CARTESIAN_POINT('',(-7.01090434376615,-0.00046811690339277,-6.19319020019993));
#8019=CARTESIAN_POINT('',(-7.01073917511136,-0.00067099359787934,-6.10680979980008));
#8020=CARTESIAN_POINT('',(-7.00825,2.09200289464347E-16,0.));
#8021=CARTESIAN_POINT('Ctrl Pts',(-7.01090434376615,-0.00046811690339277,
-6.19319020019993));
#8022=CARTESIAN_POINT('Ctrl Pts',(-7.01099707014724,-0.025923222356313,
-6.19176104640083));
#8023=CARTESIAN_POINT('Ctrl Pts',(-7.01047821498956,-0.0513744644387024,
-6.19033189260174));
#8024=CARTESIAN_POINT('Ctrl Pts',(-7.00933599025815,-0.0767976995612554,
-6.18890273880265));
#8025=CARTESIAN_POINT('Ctrl Pts',(-6.98394149943881,-0.642019317655522,
-6.15712910264129));
#8026=CARTESIAN_POINT('Ctrl Pts',(-6.65042586517019,-1.19339756441285,-6.12535546647993));
#8027=CARTESIAN_POINT('Ctrl Pts',(-6.16160010338944,-1.47830060102357,-6.09358183031858));
#8028=CARTESIAN_POINT('Ctrl Pts',(-5.6727743416087,-1.76320363763428,-6.06180819415722));
#8029=CARTESIAN_POINT('Ctrl Pts',(-5.02863845231582,-1.78163146409838,-6.03003455799586));
#8030=CARTESIAN_POINT('Ctrl Pts',(-4.52432417277418,-1.52514078262993,-5.9982609218345));
#8031=CARTESIAN_POINT('Ctrl Pts',(-4.02000989323253,-1.26865010116148,-5.96648728567314));
#8032=CARTESIAN_POINT('Ctrl Pts',(-3.65551722344213,-0.737240911760464,
-5.93471364951179));
#8033=CARTESIAN_POINT('Ctrl Pts',(-3.59785030279007,-0.174395561545311,
-5.90294001335043));
#8034=CARTESIAN_POINT('Ctrl Pts',(-3.54018338213801,0.388449788669839,-5.87116637718907));
#8035=CARTESIAN_POINT('Ctrl Pts',(-3.7893422106243,0.982731299699132,-5.83939274102771));
#8036=CARTESIAN_POINT('Ctrl Pts',(-4.23116658982986,1.33615962483382,-5.80761910486635));
#8037=CARTESIAN_POINT('Ctrl Pts',(-4.67299096903541,1.6895879499685,-5.775845468705));
#8038=CARTESIAN_POINT('Ctrl Pts',(-5.30748089896023,1.80216308920859,-5.74407183254364));
#8039=CARTESIAN_POINT('Ctrl Pts',(-5.84392424532471,1.62230509337621,-5.71229819638229));
#8040=CARTESIAN_POINT('Ctrl Pts',(-6.3803675916892,1.44244709754382,-5.68052456022093));
#8041=CARTESIAN_POINT('Ctrl Pts',(-6.81876435449334,0.970155966638961,-5.64875092405957));
#8042=CARTESIAN_POINT('Ctrl Pts',(-6.95824884091455,0.42182719611323,-5.61697728789822));
#8043=CARTESIAN_POINT('Ctrl Pts',(-6.99305683596851,0.284993160858798,-5.60904825866545));
#8044=CARTESIAN_POINT('Ctrl Pts',(-7.00925039195121,0.14342396374694,-5.60111922943269));
#8045=CARTESIAN_POINT('Ctrl Pts',(-7.00796468109022,0.00156527517742464,
-5.59319020019992));
#8046=CARTESIAN_POINT('Ctrl Pts',(-7.00832214632048,0.00156261149901815,
-5.50680979980008));
#8047=CARTESIAN_POINT('Ctrl Pts',(-7.00952090346833,0.131518711807767,-5.51407743055877));
#8048=CARTESIAN_POINT('Ctrl Pts',(-6.99594694085456,0.26122693187153,-5.52134506131746));
#8049=CARTESIAN_POINT('Ctrl Pts',(-6.96665518113483,0.387282787399503,-5.52861269207615));
#8050=CARTESIAN_POINT('Ctrl Pts',(-6.83859340326483,0.938391260372603,-5.56038632823751));
#8051=CARTESIAN_POINT('Ctrl Pts',(-6.41010404085745,1.41968899282401,-5.59215996439886));
#8052=CARTESIAN_POINT('Ctrl Pts',(-5.87751338954316,1.61065382219721,-5.62393360056022));
#8053=CARTESIAN_POINT('Ctrl Pts',(-5.34492273822887,1.80161865157041,-5.65570723672158));
#8054=CARTESIAN_POINT('Ctrl Pts',(-4.70823079800769,1.70225057786541,-5.68748087288294));
#8055=CARTESIAN_POINT('Ctrl Pts',(-4.25915862642607,1.35807830600153,-5.71925450904429));
#8056=CARTESIAN_POINT('Ctrl Pts',(-3.81008645484446,1.01390603413765,-5.75102814520565));
#8057=CARTESIAN_POINT('Ctrl Pts',(-3.54863405190244,0.424929564114894,-5.78280178136701));
#8058=CARTESIAN_POINT('Ctrl Pts',(-3.59459431416872,-0.13899243595293,-5.81457541752837));
#8059=CARTESIAN_POINT('Ctrl Pts',(-3.64055457643501,-0.702914436020763,
-5.84634905368972));
#8060=CARTESIAN_POINT('Ctrl Pts',(-3.99392750390962,-1.24178196613367,-5.87812268985108));
#8061=CARTESIAN_POINT('Ctrl Pts',(-4.4928038308021,-1.5086953946447,-5.90989632601243));
#8062=CARTESIAN_POINT('Ctrl Pts',(-4.99168015769458,-1.77560882315573,-5.94166996217379));
#8063=CARTESIAN_POINT('Ctrl Pts',(-5.63605988400491,-1.77056815006489,-5.97344359833515));
#8064=CARTESIAN_POINT('Ctrl Pts',(-6.1306995447416,-1.49588292217035,-6.0052172344965));
#8065=CARTESIAN_POINT('Ctrl Pts',(-6.6253392054783,-1.22119769427581,-6.03699087065786));
#8066=CARTESIAN_POINT('Ctrl Pts',(-6.97023880064134,-0.676867911577552,
-6.06876450681922));
#8067=CARTESIAN_POINT('Ctrl Pts',(-7.00737139472014,-0.112295916360647,
-6.10053814298058));
#8068=CARTESIAN_POINT('Ctrl Pts',(-7.00981454062153,-0.0751497974218952,
-6.10262869525375));
#8069=CARTESIAN_POINT('Ctrl Pts',(-7.01092536121015,-0.0379160498159051,
-6.10471924752691));
#8070=CARTESIAN_POINT('Ctrl Pts',(-7.01073917511136,-0.00067099359787934,
-6.10680979980008));
#8071=CARTESIAN_POINT('Origin',(-5.3,0.,0.));
#8072=CARTESIAN_POINT('',(-7.00657309626038,-0.00128983036808958,-6.79319020019993));
#8073=CARTESIAN_POINT('',(-7.00631093333198,-0.00116719213789457,-6.70680979980008));
#8074=CARTESIAN_POINT('',(-7.00825,2.09200289464347E-16,0.));
#8075=CARTESIAN_POINT('Ctrl Pts',(-7.00657309626038,-0.00128983036808958,
-6.79319020019993));
#8076=CARTESIAN_POINT('Ctrl Pts',(-7.0079292393787,-0.194685279353387,-6.78240286336898));
#8077=CARTESIAN_POINT('Ctrl Pts',(-6.97759936520584,-0.387668069888165,
-6.77161552653803));
#8078=CARTESIAN_POINT('Ctrl Pts',(-6.91374029853519,-0.568832145252678,
-6.76082818970707));
#8079=CARTESIAN_POINT('Ctrl Pts',(-6.72564616725936,-1.1024431287927,-6.72905455354572));
#8080=CARTESIAN_POINT('Ctrl Pts',(-6.24666226401336,-1.53351828892794,-6.69728091738436));
#8081=CARTESIAN_POINT('Ctrl Pts',(-5.69625125072782,-1.66454578363269,-6.665507281223));
#8082=CARTESIAN_POINT('Ctrl Pts',(-5.14584023744229,-1.79557327833744,-6.63373364506164));
#8083=CARTESIAN_POINT('Ctrl Pts',(-4.52400211411722,-1.62655310761169,-6.60196000890028));
#8084=CARTESIAN_POINT('Ctrl Pts',(-4.11565183734272,-1.23492775166678,-6.57018637273893));
#8085=CARTESIAN_POINT('Ctrl Pts',(-3.70730156056821,-0.843302395721865,
-6.53841273657757));
#8086=CARTESIAN_POINT('Ctrl Pts',(-3.51243913034427,-0.229071854557788,
-6.50663910041622));
#8087=CARTESIAN_POINT('Ctrl Pts',(-3.62034726751989,0.326334446370623,-6.47486546425486));
#8088=CARTESIAN_POINT('Ctrl Pts',(-3.7282554046955,0.881740747299033,-6.44309182809351));
#8089=CARTESIAN_POINT('Ctrl Pts',(-4.13893410927066,1.37832280799178,-6.41131819193215));
#8090=CARTESIAN_POINT('Ctrl Pts',(-4.66421752188688,1.58855534312329,-6.37954455577079));
#8091=CARTESIAN_POINT('Ctrl Pts',(-5.18950093450309,1.79878787825479,-6.34777091960943));
#8092=CARTESIAN_POINT('Ctrl Pts',(-5.82938905516035,1.72267088782509,-6.31599728344807));
#8093=CARTESIAN_POINT('Ctrl Pts',(-6.29069644180395,1.39507989789464,-6.28422364728672));
#8094=CARTESIAN_POINT('Ctrl Pts',(-6.73125457580227,1.08222369958294,-6.25387916492445));
#8095=CARTESIAN_POINT('Ctrl Pts',(-7.00893553254562,0.540006952285234,-6.22353468256219));
#8096=CARTESIAN_POINT('Ctrl Pts',(-7.01090434376615,-0.00046811690339277,
-6.19319020019993));
#8097=CARTESIAN_POINT('Ctrl Pts',(-7.01073917511136,-0.00067099359787934,
-6.10680979980008));
#8098=CARTESIAN_POINT('Ctrl Pts',(-7.00809557817275,0.528159661502629,-6.13649288368827));
#8099=CARTESIAN_POINT('Ctrl Pts',(-6.74397215265661,1.05927016139135,-6.16617596757646));
#8100=CARTESIAN_POINT('Ctrl Pts',(-6.31946810724132,1.37419511818654,-6.19585905146465));
#8101=CARTESIAN_POINT('Ctrl Pts',(-5.86506663268916,1.71129994978129,-6.227632687626));
#8102=CARTESIAN_POINT('Ctrl Pts',(-5.22689809059029,1.80069540523523,-6.25940632378736));
#8103=CARTESIAN_POINT('Ctrl Pts',(-4.69736008328913,1.60142205076472,-6.29117995994872));
#8104=CARTESIAN_POINT('Ctrl Pts',(-4.16782207598798,1.40214869629422,-6.32295359611008));
#8105=CARTESIAN_POINT('Ctrl Pts',(-3.74691460348454,0.914206531899275,-6.35472723227144));
#8106=CARTESIAN_POINT('Ctrl Pts',(-3.6274900886541,0.36116209578734,-6.38650086843279));
#8107=CARTESIAN_POINT('Ctrl Pts',(-3.50806557382366,-0.191882340324604,
-6.41827450459415));
#8108=CARTESIAN_POINT('Ctrl Pts',(-3.69012401666621,-0.810029048153542,
-6.4500481407555));
#8109=CARTESIAN_POINT('Ctrl Pts',(-4.09024940756019,-1.21005409555493,-6.48182177691686));
#8110=CARTESIAN_POINT('Ctrl Pts',(-4.49037479845419,-1.61007914295633,-6.51359541307822));
#8111=CARTESIAN_POINT('Ctrl Pts',(-5.10856713739964,-1.79198252993017,-6.54536904923958));
#8112=CARTESIAN_POINT('Ctrl Pts',(-5.66158161731954,-1.67241927170997,-6.57714268540094));
#8113=CARTESIAN_POINT('Ctrl Pts',(-6.21459609723942,-1.55285601348977,-6.6089163215623));
#8114=CARTESIAN_POINT('Ctrl Pts',(-6.70243271813376,-1.13182611007557,-6.64068995772365));
#8115=CARTESIAN_POINT('Ctrl Pts',(-6.90157320203187,-0.602238158743158,
-6.67246359388501));
#8116=CARTESIAN_POINT('Ctrl Pts',(-6.97332786923728,-0.411416049345791,
-6.68391232919003));
#8117=CARTESIAN_POINT('Ctrl Pts',(-7.00760058742834,-0.206499649461887,
-6.69536106449505));
#8118=CARTESIAN_POINT('Ctrl Pts',(-7.00631093333198,-0.00116719213789457,
-6.70680979980008));
#8119=CARTESIAN_POINT('Origin',(-5.3,0.,0.));
#8120=CARTESIAN_POINT('',(-7.00622638321501,0.00110874648540413,-7.39319020019992));
#8121=CARTESIAN_POINT('',(-7.00649604225475,0.00125561930135918,-7.30680979980008));
#8122=CARTESIAN_POINT('',(-7.00825,2.09200289464347E-16,0.));
#8123=CARTESIAN_POINT('Ctrl Pts',(-7.00622638321501,0.00110874648540413,
-7.39319020019992));
#8124=CARTESIAN_POINT('Ctrl Pts',(-7.00404012470012,-0.360227112336709,
-7.37304468033712));
#8125=CARTESIAN_POINT('Ctrl Pts',(-6.89184965595307,-0.722797036711338,
-7.35289916047432));
#8126=CARTESIAN_POINT('Ctrl Pts',(-6.67967382359261,-1.01204288317735,-7.33275364061151));
#8127=CARTESIAN_POINT('Ctrl Pts',(-6.34502881340842,-1.46824318723417,-7.30098000445015));
#8128=CARTESIAN_POINT('Ctrl Pts',(-5.76166231444347,-1.74204405639549,-7.26920636828879));
#8129=CARTESIAN_POINT('Ctrl Pts',(-5.196894277504,-1.70795706549832,-7.23743273212743));
#8130=CARTESIAN_POINT('Ctrl Pts',(-4.63212624056454,-1.67387007460114,-7.20565909596607));
#8131=CARTESIAN_POINT('Ctrl Pts',(-4.08595666565054,-1.33189522364547,-7.17388545980472));
#8132=CARTESIAN_POINT('Ctrl Pts',(-3.80861425913475,-0.838739120473841,
-7.14211182364336));
#8133=CARTESIAN_POINT('Ctrl Pts',(-3.53127185261896,-0.345583017302217,
-7.11033818748201));
#8134=CARTESIAN_POINT('Ctrl Pts',(-3.52275661450136,0.298754338085368,-7.07856455132065));
#8135=CARTESIAN_POINT('Ctrl Pts',(-3.78697877163996,0.799059236142066,-7.04679091515929));
#8136=CARTESIAN_POINT('Ctrl Pts',(-4.05120092877858,1.29936413419878,-7.01501727899793));
#8137=CARTESIAN_POINT('Ctrl Pts',(-4.58816048117342,1.6556365749246,-6.98324364283657));
#8138=CARTESIAN_POINT('Ctrl Pts',(-5.15182744317985,1.70463336804193,-6.95147000667522));
#8139=CARTESIAN_POINT('Ctrl Pts',(-5.71549440518627,1.75363016115925,-6.91969637051386));
#8140=CARTESIAN_POINT('Ctrl Pts',(-6.30586877680429,1.4953513066681,-6.8879227343525));
#8141=CARTESIAN_POINT('Ctrl Pts',(-6.65245378296048,1.04813847595012,-6.85614909819115));
#8142=CARTESIAN_POINT('Ctrl Pts',(-6.88137113587808,0.752757038264356,-6.83516279886074));
#8143=CARTESIAN_POINT('Ctrl Pts',(-7.00393477821562,0.374952688536046,-6.81417649953033));
#8144=CARTESIAN_POINT('Ctrl Pts',(-7.00657309626038,-0.00128983036808958,
-6.79319020019993));
#8145=CARTESIAN_POINT('Ctrl Pts',(-7.00631093333198,-0.00116719213789457,
-6.70680979980008));
#8146=CARTESIAN_POINT('Ctrl Pts',(-7.00402141480009,0.363358821129806,-6.72713470065641));
#8147=CARTESIAN_POINT('Ctrl Pts',(-6.88965074931786,0.729196113484997,-6.74745960151275));
#8148=CARTESIAN_POINT('Ctrl Pts',(-6.67393928207301,1.01981273784934,-6.76778450236908));
#8149=CARTESIAN_POINT('Ctrl Pts',(-6.33672053131416,1.4741296838588,-6.79955813853044));
#8150=CARTESIAN_POINT('Ctrl Pts',(-5.75183868289459,1.7446175766271,-6.83133177469179));
#8151=CARTESIAN_POINT('Ctrl Pts',(-5.18727591454149,1.70734327207667,-6.86310541085315));
#8152=CARTESIAN_POINT('Ctrl Pts',(-4.6227131461884,1.67006896752624,-6.89487904701451));
#8153=CARTESIAN_POINT('Ctrl Pts',(-4.07846945790178,1.32503246565707,-6.92665268317586));
#8154=CARTESIAN_POINT('Ctrl Pts',(-3.80390851883393,0.830324086780952,-6.95842631933722));
#8155=CARTESIAN_POINT('Ctrl Pts',(-3.52934757976609,0.335615707904839,-6.99019995549858));
#8156=CARTESIAN_POINT('Ctrl Pts',(-3.524469389917,-0.308764547978227,-7.02197359165994));
#8157=CARTESIAN_POINT('Ctrl Pts',(-3.79150756944453,-0.807574229581877,
-7.0537472278213));
#8158=CARTESIAN_POINT('Ctrl Pts',(-4.05854574897205,-1.30638391118553,-7.08552086398265));
#8159=CARTESIAN_POINT('Ctrl Pts',(-4.59750029787619,-1.65962301850976,-7.117294500144));
#8160=CARTESIAN_POINT('Ctrl Pts',(-5.16143453967245,-1.70544120017155,-7.14906813630536));
#8161=CARTESIAN_POINT('Ctrl Pts',(-5.72536878146871,-1.75125938183334,-7.18084177246672));
#8162=CARTESIAN_POINT('Ctrl Pts',(-6.3142827161571,-1.48965663783268,-7.21261540862809));
#8163=CARTESIAN_POINT('Ctrl Pts',(-6.65834093422706,-1.04049932937396,-7.24438904478944));
#8164=CARTESIAN_POINT('Ctrl Pts',(-6.88364694610935,-0.746369334618129,
-7.26519596312632));
#8165=CARTESIAN_POINT('Ctrl Pts',(-7.00395232023536,-0.371810958797036,
-7.2860028814632));
#8166=CARTESIAN_POINT('Ctrl Pts',(-7.00649604225475,0.00125561930135918,
-7.30680979980008));
#8167=CARTESIAN_POINT('Origin',(-5.3,0.,0.));
#8168=CARTESIAN_POINT('',(-7.00795272039201,4.32614531165054E-5,-7.99319020019992));
#8169=CARTESIAN_POINT('',(-7.01070447540924,0.000387695736584094,-7.90680979980008));
#8170=CARTESIAN_POINT('',(-7.00825,2.09200289464347E-16,0.));
#8171=CARTESIAN_POINT('Ctrl Pts',(-7.00795272039201,4.32614531165054E-5,
-7.99319020019992));
#8172=CARTESIAN_POINT('Ctrl Pts',(-7.00558039019998,-0.527399785122509,
-7.96368649730526));
#8173=CARTESIAN_POINT('Ctrl Pts',(-6.74705894524426,-1.05327996984482,-7.9341827944106));
#8174=CARTESIAN_POINT('Ctrl Pts',(-6.3275042450566,-1.36802430503228,-7.90467909151594));
#8175=CARTESIAN_POINT('Ctrl Pts',(-5.8756701671056,-1.70698419850057,-7.87290545535458));
#8176=CARTESIAN_POINT('Ctrl Pts',(-5.23707071749532,-1.80107004187171,-7.84113181919322));
#8177=CARTESIAN_POINT('Ctrl Pts',(-4.70617809495988,-1.60505696600383,-7.80935818303186));
#8178=CARTESIAN_POINT('Ctrl Pts',(-4.17528547242445,-1.40904389013596,-7.7775845468705));
#8179=CARTESIAN_POINT('Ctrl Pts',(-3.75209967696385,-0.922931895029064,
-7.74581091070914));
#8180=CARTESIAN_POINT('Ctrl Pts',(-3.62967278420683,-0.370437044460357,
-7.71403727454779));
#8181=CARTESIAN_POINT('Ctrl Pts',(-3.50724589144981,0.182057806108365,-7.68226363838643));
#8182=CARTESIAN_POINT('Ctrl Pts',(-3.68557790139635,0.800935512138906,-7.65049000222507));
#8183=CARTESIAN_POINT('Ctrl Pts',(-4.08338531594269,1.20314102430794,-7.61871636606372));
#8184=CARTESIAN_POINT('Ctrl Pts',(-4.48119273048904,1.60534653647697,-7.58694272990236));
#8185=CARTESIAN_POINT('Ctrl Pts',(-5.09847554963519,1.79087985478447,-7.55516909374101));
#8186=CARTESIAN_POINT('Ctrl Pts',(-5.65218487717531,1.67447046822023,-7.52339545757965));
#8187=CARTESIAN_POINT('Ctrl Pts',(-6.20589420471543,1.558061081656,-7.49162182141829));
#8188=CARTESIAN_POINT('Ctrl Pts',(-6.69603004064954,1.13970899022005,-7.45984818525693));
#8189=CARTESIAN_POINT('Ctrl Pts',(-6.89813619791488,0.611233075025915,-7.42807454909558));
#8190=CARTESIAN_POINT('Ctrl Pts',(-6.97210047098076,0.417828097022981,-7.41644643279702));
#8191=CARTESIAN_POINT('Ctrl Pts',(-7.00748830489501,0.209673996617152,-7.40481831649848));
#8192=CARTESIAN_POINT('Ctrl Pts',(-7.00622638321501,0.00110874648540413,
-7.39319020019992));
#8193=CARTESIAN_POINT('Ctrl Pts',(-7.00649604225475,0.00125561930135918,
-7.30680979980008));
#8194=CARTESIAN_POINT('Ctrl Pts',(-7.00783676369937,0.197888096322048,-7.31777651762455));
#8195=CARTESIAN_POINT('Ctrl Pts',(-6.97646287849478,0.394106146618715,-7.32874323544903));
#8196=CARTESIAN_POINT('Ctrl Pts',(-6.91050589174217,0.577914843144487,-7.3397099532735));
#8197=CARTESIAN_POINT('Ctrl Pts',(-6.7194101297358,1.11045983428746,-7.37148358943486));
#8198=CARTESIAN_POINT('Ctrl Pts',(-6.23801610427154,1.53883794365664,-7.40325722559622));
#8199=CARTESIAN_POINT('Ctrl Pts',(-5.686870446058,1.66675715980748,-7.43503086175758));
#8200=CARTESIAN_POINT('Ctrl Pts',(-5.13572478784445,1.79467637595832,-7.46680449791894));
#8201=CARTESIAN_POINT('Ctrl Pts',(-4.51482749688162,1.62213669889081,-7.49857813408029));
#8202=CARTESIAN_POINT('Ctrl Pts',(-4.10870030961834,1.22822463280051,-7.53035177024165));
#8203=CARTESIAN_POINT('Ctrl Pts',(-3.70257312235507,0.834312566710213,-7.56212540640301));
#8204=CARTESIAN_POINT('Ctrl Pts',(-3.51121603879134,0.219028111597152,-7.59389904256437));
#8205=CARTESIAN_POINT('Ctrl Pts',(-3.62223391210064,-0.335777015282623,
-7.62567267872572));
#8206=CARTESIAN_POINT('Ctrl Pts',(-3.73325178540993,-0.890582142162407,
-7.65744631488708));
#8207=CARTESIAN_POINT('Ctrl Pts',(-4.14664461559228,-1.38490794080889,-7.68921995104844));
#8208=CARTESIAN_POINT('Ctrl Pts',(-4.67313978759644,-1.59214692651515,-7.72099358720979));
#8209=CARTESIAN_POINT('Ctrl Pts',(-5.1996349596006,-1.79938591222141,-7.75276722337115));
#8210=CARTESIAN_POINT('Ctrl Pts',(-5.8392324734266,-1.71953808498745,-7.78454085953251));
#8211=CARTESIAN_POINT('Ctrl Pts',(-6.29861856697508,-1.38941016179294,-7.81631449569387));
#8212=CARTESIAN_POINT('Ctrl Pts',(-6.73474831960727,-1.07599490716986,-7.8464795970626));
#8213=CARTESIAN_POINT('Ctrl Pts',(-7.0084511364652,-0.536998892961376,-7.87664469843134));
#8214=CARTESIAN_POINT('Ctrl Pts',(-7.01070447540924,0.000387695736584094,
-7.90680979980008));
#8215=CARTESIAN_POINT('Origin',(-5.3,0.,1.10921167016992));
#8216=CARTESIAN_POINT('',(-6.66438181734038,0.000886607755972362,-7.59078832983007));
#8217=CARTESIAN_POINT('',(-6.66796271822568,0.000310020416439544,-7.70921167016994));
#8218=CARTESIAN_POINT('',(-6.666,1.28033073309722E-13,1.10921167016992));
#8219=CARTESIAN_POINT('',(-4.73411489231201,-1.24327392190818,-8.));
#8220=CARTESIAN_POINT('Ctrl Pts',(-6.66438181734038,0.00088660775597247,
-7.59078832983008));
#8221=CARTESIAN_POINT('Ctrl Pts',(-6.66539091145124,0.167665552102501,-7.60241644612862));
#8222=CARTESIAN_POINT('Ctrl Pts',(-6.55976969883876,0.788938064808154,-7.64581819858853));
#8223=CARTESIAN_POINT('Ctrl Pts',(-5.63246066545016,1.58043634974016,-7.72099358720979));
#8224=CARTESIAN_POINT('Ctrl Pts',(-4.15163233653995,1.1353518841033,-7.81631449569387));
#8225=CARTESIAN_POINT('Ctrl Pts',(-3.73423027768283,-0.313186876578947,
-7.9093166332906));
#8226=CARTESIAN_POINT('Ctrl Pts',(-4.35251288055811,-1.06972178300684,-7.97054513472598));
#8227=CARTESIAN_POINT('Ctrl Pts',(-4.73364382320867,-1.24552899342552,-8.));
#8228=CARTESIAN_POINT('',(-3.9403506459208,0.131566082072849,-8.));
#8229=CARTESIAN_POINT('Origin',(-5.3,0.,-8.));
#8230=CARTESIAN_POINT('Ctrl Pts',(-6.66796271822568,0.000310020416439587,
-7.70921167016994));
#8231=CARTESIAN_POINT('Ctrl Pts',(-6.66805880231153,0.0232245931484977,
-7.71082020496256));
#8232=CARTESIAN_POINT('Ctrl Pts',(-6.65724359910455,0.498698313585093,-7.74420237591653));
#8233=CARTESIAN_POINT('Ctrl Pts',(-6.1061666650008,1.40050205932043,-7.80935818303186));
#8234=CARTESIAN_POINT('Ctrl Pts',(-4.55802141862425,1.43378804257652,-7.90467909151593));
#8235=CARTESIAN_POINT('Ctrl Pts',(-3.98412698887468,0.583965936833593,-7.96822636383865));
#8236=CARTESIAN_POINT('Ctrl Pts',(-3.9403506459208,0.131566082072849,-8.));
#8237=CARTESIAN_POINT('Origin',(-5.3,0.,1.10921167016992));
#8238=CARTESIAN_POINT('',(-6.66465906599835,-0.00103141125871512,-6.99078832983008));
#8239=CARTESIAN_POINT('',(-6.66459744985804,0.00100405442171742,-7.10921167016994));
#8240=CARTESIAN_POINT('',(-6.666,1.28033073309722E-13,1.10921167016992));
#8241=CARTESIAN_POINT('Ctrl Pts',(-6.66465906599835,-0.00103141125871516,
-6.99078832983008));
#8242=CARTESIAN_POINT('Ctrl Pts',(-6.66254933823651,0.299830453704274,-7.01177462916049));
#8243=CARTESIAN_POINT('Ctrl Pts',(-6.4161557957104,1.05934241284591,-7.06453456465224));
#8244=CARTESIAN_POINT('Ctrl Pts',(-5.16015745110737,1.60882055634623,-7.14906813630537));
#8245=CARTESIAN_POINT('Ctrl Pts',(-3.87202032497598,0.754142106415371,-7.24438904478944));
#8246=CARTESIAN_POINT('Ctrl Pts',(-3.89244792386721,-0.791588601840665,
-7.33970995327351));
#8247=CARTESIAN_POINT('Ctrl Pts',(-5.2026793993524,-1.61196790183557,-7.43503086175758));
#8248=CARTESIAN_POINT('Ctrl Pts',(-6.43142476884868,-1.03526089047484,-7.5187236539431));
#8249=CARTESIAN_POINT('Ctrl Pts',(-6.66263357842259,-0.288055164906704,
-7.57064280996727));
#8250=CARTESIAN_POINT('Ctrl Pts',(-6.66438181734038,0.00088660775597247,
-7.59078832983008));
#8251=CARTESIAN_POINT('Ctrl Pts',(-6.66459744985804,0.00100405442171738,
-7.10921167016994));
#8252=CARTESIAN_POINT('Ctrl Pts',(-6.66566955610322,0.158240971506567,-7.12017838799441));
#8253=CARTESIAN_POINT('Ctrl Pts',(-6.56789428726583,0.769745491695615,-7.16291874198024));
#8254=CARTESIAN_POINT('Ctrl Pts',(-5.66513728063847,1.57308188405286,-7.23743273212743));
#8255=CARTESIAN_POINT('Ctrl Pts',(-4.17563802797311,1.15916846586307,-7.3327536406115));
#8256=CARTESIAN_POINT('Ctrl Pts',(-3.71658266228064,-0.316865895063861,
-7.42807454909557));
#8257=CARTESIAN_POINT('Ctrl Pts',(-4.70828985858522,-1.5027269358092,-7.52339545757965));
#8258=CARTESIAN_POINT('Ctrl Pts',(-6.21675770425695,-1.31440869296816,-7.6171078312711));
#8259=CARTESIAN_POINT('Ctrl Pts',(-6.6661608385257,-0.429410500679109,-7.6790465688012));
#8260=CARTESIAN_POINT('Ctrl Pts',(-6.66796271822568,0.000310020416439587,
-7.70921167016994));
#8261=CARTESIAN_POINT('Origin',(-5.3,0.,1.10921167016992));
#8262=CARTESIAN_POINT('',(-6.66812254271013,-0.000374329102858646,-6.39078832983007));
#8263=CARTESIAN_POINT('',(-6.66444942773686,-0.000933343749541099,-6.50921167016994));
#8264=CARTESIAN_POINT('',(-6.666,1.28033073309722E-13,1.10921167016992));
#8265=CARTESIAN_POINT('Ctrl Pts',(-6.66812254271013,-0.000374329102858654,
-6.39078832983008));
#8266=CARTESIAN_POINT('Ctrl Pts',(-6.66654818525234,0.431815891597656,-6.42113281219234));
#8267=CARTESIAN_POINT('Ctrl Pts',(-6.21199581510172,1.31940253243207,-6.48325093071595));
#8268=CARTESIAN_POINT('Ctrl Pts',(-4.69995381455483,1.49926535965053,-6.57714268540094));
#8269=CARTESIAN_POINT('Ctrl Pts',(-3.71475765980645,0.307991667439844,-6.67246359388501));
#8270=CARTESIAN_POINT('Ctrl Pts',(-4.18222216386485,-1.16551441052904,-6.76778450236909));
#8271=CARTESIAN_POINT('Ctrl Pts',(-5.67397842283522,-1.57098472203736,-6.86310541085314));
#8272=CARTESIAN_POINT('Ctrl Pts',(-6.57005336487391,-0.764536642018802,
-6.93744002000682));
#8273=CARTESIAN_POINT('Ctrl Pts',(-6.66574350416586,-0.155679842878166,
-6.98000099299913));
#8274=CARTESIAN_POINT('Ctrl Pts',(-6.66465906599835,-0.00103141125871516,
-6.99078832983008));
#8275=CARTESIAN_POINT('Ctrl Pts',(-6.66444942773686,-0.000933343749540908,
-6.50921167016994));
#8276=CARTESIAN_POINT('Ctrl Pts',(-6.66261861707413,0.29055943197042,-6.52953657102627));
#8277=CARTESIAN_POINT('Ctrl Pts',(-6.42818979235116,1.04042659524203,-6.58163510804395));
#8278=CARTESIAN_POINT('Ctrl Pts',(-5.19361219721515,1.61137659663053,-6.66550728122301));
#8279=CARTESIAN_POINT('Ctrl Pts',(-3.88800082030986,0.783652560535196,-6.76082818970707));
#8280=CARTESIAN_POINT('Ctrl Pts',(-3.87629830486919,-0.762181063705298,
-6.85614909819115));
#8281=CARTESIAN_POINT('Ctrl Pts',(-5.16922132047534,-1.60958270972589,-6.95147000667522));
#8282=CARTESIAN_POINT('Ctrl Pts',(-6.41945399616274,-1.05421412471831,-7.03582419733481));
#8283=CARTESIAN_POINT('Ctrl Pts',(-6.66256336569094,-0.297318173403527,
-7.08840475183305));
#8284=CARTESIAN_POINT('Ctrl Pts',(-6.66459744985804,0.00100405442171738,
-7.10921167016994));
#8285=CARTESIAN_POINT('Origin',(-5.3,0.,1.10921167016992));
#8286=CARTESIAN_POINT('',(-6.66577184508663,0.00125167035998218,-5.79078832983007));
#8287=CARTESIAN_POINT('',(-6.66799046579957,-0.000536559200621754,-5.90921167016994));
#8288=CARTESIAN_POINT('',(-6.666,1.28033073309722E-13,1.10921167016992));
#8289=CARTESIAN_POINT('Ctrl Pts',(-6.66577184508663,0.00125167035998207,
-5.79078832983007));
#8290=CARTESIAN_POINT('Ctrl Pts',(-6.66679996218665,0.114688795245646,-5.79871735906283));
#8291=CARTESIAN_POINT('Ctrl Pts',(-6.60196024057068,0.681538185208733,-5.83842002445696));
#8292=CARTESIAN_POINT('Ctrl Pts',(-5.81335117942745,1.53111805652623,-5.90989632601244));
#8293=CARTESIAN_POINT('Ctrl Pts',(-4.29124391595199,1.26105634389284,-6.00521723449651));
#8294=CARTESIAN_POINT('Ctrl Pts',(-3.69352526871844,-0.164593082243855,
-6.10053814298058));
#8295=CARTESIAN_POINT('Ctrl Pts',(-4.56792360666727,-1.43941518566274,-6.19585905146466));
#8296=CARTESIAN_POINT('Ctrl Pts',(-6.11317100858283,-1.39520781973273,-6.29117995994871));
#8297=CARTESIAN_POINT('Ctrl Pts',(-6.65855749065258,-0.493558207569173,
-6.35615638607053));
#8298=CARTESIAN_POINT('Ctrl Pts',(-6.6681966912461,-0.0207294726993463,
-6.38935917603098));
#8299=CARTESIAN_POINT('Ctrl Pts',(-6.66812254271013,-0.000374329102858654,
-6.39078832983008));
#8300=CARTESIAN_POINT('Ctrl Pts',(-6.66799046579957,-0.000536559200621668,
-5.90921167016994));
#8301=CARTESIAN_POINT('Ctrl Pts',(-6.66587651677677,0.42234222017431,-5.93889475405813));
#8302=CARTESIAN_POINT('Ctrl Pts',(-6.22858953352243,1.30165728969968,-6.00035147410767));
#8303=CARTESIAN_POINT('Ctrl Pts',(-4.73123346304067,1.51140881937737,-6.09358183031857));
#8304=CARTESIAN_POINT('Ctrl Pts',(-3.72149904341881,0.340861774336824,-6.18890273880265));
#8305=CARTESIAN_POINT('Ctrl Pts',(-4.1582474694506,-1.14203897712403,-6.28422364728672));
#8306=CARTESIAN_POINT('Ctrl Pts',(-5.64125768750908,-1.57841543245476,-6.37954455577078));
#8307=CARTESIAN_POINT('Ctrl Pts',(-6.56201440328048,-0.783751615707013,
-6.45454056339853));
#8308=CARTESIAN_POINT('Ctrl Pts',(-6.66548069804018,-0.165127189325205,
-6.49776293486491));
#8309=CARTESIAN_POINT('Ctrl Pts',(-6.66444942773686,-0.000933343749540908,
-6.50921167016994));
#8310=CARTESIAN_POINT('Origin',(-5.3,0.,1.10921167016992));
#8311=CARTESIAN_POINT('',(-6.66382571729639,-0.000327258597074722,-5.19078832983007));
#8312=CARTESIAN_POINT('',(-6.66605769171596,0.00124954035293529,-5.30921167016994));
#8313=CARTESIAN_POINT('',(-6.666,1.28033073309722E-13,1.10921167016992));
#8314=CARTESIAN_POINT('Ctrl Pts',(-6.66382571729639,-0.000327258597074727,
-5.19078832983007));
#8315=CARTESIAN_POINT('Ctrl Pts',(-6.6632943512335,0.247883962063582,-5.20807554209469));
#8316=CARTESIAN_POINT('Ctrl Pts',(-6.47965544292374,0.953036007003747,-5.25713639052067));
#8317=CARTESIAN_POINT('Ctrl Pts',(-5.34763915148849,1.6141816657006,-5.33797087510801));
#8318=CARTESIAN_POINT('Ctrl Pts',(-3.96909831339958,0.914632515971552,-5.43329178359208));
#8319=CARTESIAN_POINT('Ctrl Pts',(-3.81014900204123,-0.623053723782998,
-5.52861269207615));
#8320=CARTESIAN_POINT('Ctrl Pts',(-5.01644677975296,-1.58979543013096,-5.62393360056023));
#8321=CARTESIAN_POINT('Ctrl Pts',(-6.36062593994862,-1.1404714617518,-5.71132547981152));
#8322=CARTESIAN_POINT('Ctrl Pts',(-6.66268003555903,-0.339882606561512,
-5.76694372290148));
#8323=CARTESIAN_POINT('Ctrl Pts',(-6.66577184508663,0.00125167035998207,
-5.79078832983007));
#8324=CARTESIAN_POINT('Ctrl Pts',(-6.66605769171596,0.00124954035293542,
-5.30921167016994));
#8325=CARTESIAN_POINT('Ctrl Pts',(-6.66701627638678,0.105168775255136,-5.31647930092863));
#8326=CARTESIAN_POINT('Ctrl Pts',(-6.60870709198731,0.662351724480936,-5.35552056784867));
#8327=CARTESIAN_POINT('Ctrl Pts',(-5.84505233470673,1.52012168401945,-5.42633547093007));
#8328=CARTESIAN_POINT('Ctrl Pts',(-4.31766256680012,1.28174301225411,-5.52165637941414));
#8329=CARTESIAN_POINT('Ctrl Pts',(-3.69045229473433,-0.131179905441357,
-5.61697728789821));
#8330=CARTESIAN_POINT('Ctrl Pts',(-4.53817496810824,-1.42389416764105,-5.71229819638229));
#8331=CARTESIAN_POINT('Ctrl Pts',(-6.0840073219322,-1.41180186363034,-5.80761910486635));
#8332=CARTESIAN_POINT('Ctrl Pts',(-6.65375060708915,-0.512617744679221,
-5.87325692946224));
#8333=CARTESIAN_POINT('Ctrl Pts',(-6.66813934928323,-0.0303195223464665,
-5.90712111789677));
#8334=CARTESIAN_POINT('Ctrl Pts',(-6.66799046579957,-0.000536559200621668,
-5.90921167016994));
#8335=CARTESIAN_POINT('Origin',(-5.3,0.,1.10921167016992));
#8336=CARTESIAN_POINT('',(-6.66697404426507,-0.00109748464025578,-4.59078832983007));
#8337=CARTESIAN_POINT('',(-6.66377378581369,-0.000174109349703883,-4.70921167016994));
#8338=CARTESIAN_POINT('',(-6.666,1.28033073309722E-13,1.10921167016992));
#8339=CARTESIAN_POINT('Ctrl Pts',(-6.66697404426508,-0.00109748464025583,
-4.59078832983007));
#8340=CARTESIAN_POINT('Ctrl Pts',(-6.66364680591074,0.379245264771507,-4.61743372512655));
#8341=CARTESIAN_POINT('Ctrl Pts',(-6.30048076986077,1.21870400664621,-4.67585275658438));
#8342=CARTESIAN_POINT('Ctrl Pts',(-4.87783907082881,1.55872771469498,-4.76604542420358));
#8343=CARTESIAN_POINT('Ctrl Pts',(-3.7611612036544,0.489721448926179,-4.86136633268765));
#8344=CARTESIAN_POINT('Ctrl Pts',(-4.05462112203029,-1.02804833981098,-4.95668724117172));
#8345=CARTESIAN_POINT('Ctrl Pts',(-5.48930247134983,-1.60375076399466,-5.05200814965579));
#8346=CARTESIAN_POINT('Ctrl Pts',(-6.5217829064992,-0.871951639077139,-5.13004184587525));
#8347=CARTESIAN_POINT('Ctrl Pts',(-6.66427099406592,-0.20832452868182,-5.17630190593334));
#8348=CARTESIAN_POINT('Ctrl Pts',(-6.66382571729639,-0.000327258597074727,
-5.19078832983007));
#8349=CARTESIAN_POINT('Ctrl Pts',(-6.66377378581369,-0.000174109349703917,
-4.70921167016994));
#8350=CARTESIAN_POINT('Ctrl Pts',(-6.66350248061084,0.238563382457407,-4.72583748396048));
#8351=CARTESIAN_POINT('Ctrl Pts',(-6.49005407626547,0.933921501683788,-4.77423693391238));
#8352=CARTESIAN_POINT('Ctrl Pts',(-5.38116664154811,1.61284343889597,-4.85441002002564));
#8353=CARTESIAN_POINT('Ctrl Pts',(-3.98838887114589,0.94208716622064,-4.94973092850971));
#8354=CARTESIAN_POINT('Ctrl Pts',(-3.79752543843917,-0.591964672917321,
-5.04505183699379));
#8355=CARTESIAN_POINT('Ctrl Pts',(-4.98347688468651,-1.58356089227038,-5.14037274547786));
#8356=CARTESIAN_POINT('Ctrl Pts',(-6.34694294099454,-1.15907338557262,-5.22842602320324));
#8357=CARTESIAN_POINT('Ctrl Pts',(-6.66282540296846,-0.349159749347166,
-5.28470566476726));
#8358=CARTESIAN_POINT('Ctrl Pts',(-6.66605769171596,0.00124954035293542,
-5.30921167016994));
#8359=CARTESIAN_POINT('Origin',(-5.3,0.,1.10921167016992));
#8360=CARTESIAN_POINT('',(-6.66732714707152,0.000969702676003089,-3.99078832983007));
#8361=CARTESIAN_POINT('',(-6.66669771770793,-0.00116797916098213,-4.10921167016994));
#8362=CARTESIAN_POINT('',(-6.666,1.28033073309722E-13,1.10921167016992));
#8363=CARTESIAN_POINT('Ctrl Pts',(-6.66732714707152,0.000969702676003169,
-3.99078832983007));
#8364=CARTESIAN_POINT('Ctrl Pts',(-6.66781238411623,0.0613083411115203,
-3.99501827199705));
#8365=CARTESIAN_POINT('Ctrl Pts',(-6.63676304788484,0.574384150116507,-4.03102185032538));
#8366=CARTESIAN_POINT('Ctrl Pts',(-5.98742011075282,1.46126846609721,-4.09879906481508));
#8367=CARTESIAN_POINT('Ctrl Pts',(-4.44426583062215,1.36951486667239,-4.19411997329914));
#8368=CARTESIAN_POINT('Ctrl Pts',(-3.6852762657905,0.0227859794164662,-4.28944088178322));
#8369=CARTESIAN_POINT('Ctrl Pts',(-4.40596277634972,-1.3448231784905,-4.38476179026729));
#8370=CARTESIAN_POINT('Ctrl Pts',(-5.94591357485971,-1.48008364374767,-4.48008269875136));
#8371=CARTESIAN_POINT('Ctrl Pts',(-6.62895774012023,-0.600368096667205,
-4.54875821193896));
#8372=CARTESIAN_POINT('Ctrl Pts',(-6.66761441306074,-0.0742992220696036,
-4.58566008896519));
#8373=CARTESIAN_POINT('Ctrl Pts',(-6.66697404426508,-0.00109748464025583,
-4.59078832983007));
#8374=CARTESIAN_POINT('Ctrl Pts',(-6.66669771770793,-0.00116797916098202,
-4.10921167016994));
#8375=CARTESIAN_POINT('Ctrl Pts',(-6.66333226338912,0.369927940975963,-4.13519566699234));
#8376=CARTESIAN_POINT('Ctrl Pts',(-6.31520734354017,1.20036367213434,-4.19295329997609));
#8377=CARTESIAN_POINT('Ctrl Pts',(-4.91031580594228,1.56716247115492,-4.28248456912122));
#8378=CARTESIAN_POINT('Ctrl Pts',(-3.77166828946726,0.521588117842819,-4.37780547760529));
#8379=CARTESIAN_POINT('Ctrl Pts',(-4.03353023440999,-1.00195125377525,-4.47312638608935));
#8380=CARTESIAN_POINT('Ctrl Pts',(-5.45594055840259,-1.60733771322003,-4.56844729457343));
#8381=CARTESIAN_POINT('Ctrl Pts',(-6.51228076693731,-0.891128919395708,
-4.64714238926695));
#8382=CARTESIAN_POINT('Ctrl Pts',(-6.66402097269264,-0.21768846171204,-4.69406384779912));
#8383=CARTESIAN_POINT('Ctrl Pts',(-6.66377378581369,-0.000174109349703917,
-4.70921167016994));
#8384=CARTESIAN_POINT('Origin',(-5.3,0.,1.10921167016992));
#8385=CARTESIAN_POINT('',(-6.66394642524767,0.000526921188690101,-3.39078832983007));
#8386=CARTESIAN_POINT('',(-6.66756380641146,0.000853612527039055,-3.50921167016993));
#8387=CARTESIAN_POINT('',(-6.666,1.28033073309722E-13,1.10921167016992));
#8388=CARTESIAN_POINT('Ctrl Pts',(-6.66394642524767,0.000526921188690084,
-3.39078832983007));
#8389=CARTESIAN_POINT('Ctrl Pts',(-6.66462229621492,0.195583236330516,-3.40437645502891));
#8390=CARTESIAN_POINT('Ctrl Pts',(-6.53425725444932,0.845885481298469,-3.4497382163891));
#8391=CARTESIAN_POINT('Ctrl Pts',(-5.53448035437599,1.59777060371311,-3.52687361391065));
#8392=CARTESIAN_POINT('Ctrl Pts',(-4.08412559449093,1.06278001896221,-3.62219452239472));
#8393=CARTESIAN_POINT('Ctrl Pts',(-3.74795540401319,-0.446104820356796,
-3.71751543087879));
#8394=CARTESIAN_POINT('Ctrl Pts',(-4.83402432971818,-1.54619488208408,-3.81283633936286));
#8395=CARTESIAN_POINT('Ctrl Pts',(-6.27995316261758,-1.24346404859154,-3.90392730567996));
#8396=CARTESIAN_POINT('Ctrl Pts',(-6.66416747723524,-0.391931412161888,
-3.96324463583569));
#8397=CARTESIAN_POINT('Ctrl Pts',(-6.66732714707152,0.000969702676003169,
-3.99078832983007));
#8398=CARTESIAN_POINT('Ctrl Pts',(-6.66756380641146,0.000853612527039228,
-3.50921167016993));
#8399=CARTESIAN_POINT('Ctrl Pts',(-6.66793586941785,0.0517345817951802,
-3.51278021386284));
#8400=CARTESIAN_POINT('Ctrl Pts',(-6.64225307424025,0.555270680963372,-3.5481223937171));
#8401=CARTESIAN_POINT('Ctrl Pts',(-6.01763243031949,1.44667054889796,-3.61523820973271));
#8402=CARTESIAN_POINT('Ctrl Pts',(-4.47290488898532,1.38699879575668,-3.71055911821679));
#8403=CARTESIAN_POINT('Ctrl Pts',(-3.68609823647763,0.0563300967001768,
-3.80588002670086));
#8404=CARTESIAN_POINT('Ctrl Pts',(-4.37821443431394,-1.32595752307068,-3.90120093518493));
#8405=CARTESIAN_POINT('Ctrl Pts',(-5.91502252543818,-1.49318427372462,-3.996521843669));
#8406=CARTESIAN_POINT('Ctrl Pts',(-6.62294991314513,-0.619516354893365,
-4.06585875533067));
#8407=CARTESIAN_POINT('Ctrl Pts',(-6.66744759336604,-0.0838539320740488,
-4.10342203083098));
#8408=CARTESIAN_POINT('Ctrl Pts',(-6.66669771770793,-0.00116797916098202,
-4.10921167016994));
#8409=CARTESIAN_POINT('Origin',(-5.3,0.,1.10921167016992));
#8410=CARTESIAN_POINT('',(-6.66539474580836,-0.00122125699682009,-2.79078832983007));
#8411=CARTESIAN_POINT('',(-6.66407087794329,0.000664819580122739,-2.90921167016993));
#8412=CARTESIAN_POINT('',(-6.666,1.28033073309722E-13,1.10921167016992));
#8413=CARTESIAN_POINT('Ctrl Pts',(-6.66539474580836,-0.00122125699682023,
-2.79078832983007));
#8414=CARTESIAN_POINT('Ctrl Pts',(-6.66255642270028,0.327292101950552,-2.81373463806076));
#8415=CARTESIAN_POINT('Ctrl Pts',(-6.37870350484312,1.11509613432353,-2.86845458245281));
#8416=CARTESIAN_POINT('Ctrl Pts',(-5.06141916609483,1.59716346201486,-2.95494816300622));
#8417=CARTESIAN_POINT('Ctrl Pts',(-3.8283230292973,0.664844968829205,-3.05026907149029));
#8418=CARTESIAN_POINT('Ctrl Pts',(-3.94381994165248,-0.876714085670539,
-3.14558997997436));
#8419=CARTESIAN_POINT('Ctrl Pts',(-5.30207259218306,-1.6148831669947,-3.24091088845843));
#8420=CARTESIAN_POINT('Ctrl Pts',(-6.46507596946371,-0.978953731783089,
-3.32264367174367));
#8421=CARTESIAN_POINT('Ctrl Pts',(-6.66304188111783,-0.260524453111645,
-3.37260281886755));
#8422=CARTESIAN_POINT('Ctrl Pts',(-6.66394642524767,0.000526921188690084,
-3.39078832983007));
#8423=CARTESIAN_POINT('Ctrl Pts',(-6.66407087794329,0.000664819580122981,
-2.90921167016993));
#8424=CARTESIAN_POINT('Ctrl Pts',(-6.66488642282669,0.186184504536398,-2.92213839689469));
#8425=CARTESIAN_POINT('Ctrl Pts',(-6.54312895433393,0.826682559267368,-2.96683875978081));
#8426=CARTESIAN_POINT('Ctrl Pts',(-5.56762654183756,1.59255392882082,-3.04331275882828));
#8427=CARTESIAN_POINT('Ctrl Pts',(-4.10646937634353,1.08781277455652,-3.13863366731236));
#8428=CARTESIAN_POINT('Ctrl Pts',(-3.73902172391159,-0.413761771644425,
-3.23395457579642));
#8429=CARTESIAN_POINT('Ctrl Pts',(-4.80199969810431,-1.53617957329449,-3.3292754842805));
#8430=CARTESIAN_POINT('Ctrl Pts',(-6.26444832821768,-1.26157659821135,-3.42102784907166));
#8431=CARTESIAN_POINT('Ctrl Pts',(-6.66462309098175,-0.401299917482097,
-3.48100657770148));
#8432=CARTESIAN_POINT('Ctrl Pts',(-6.66756380641146,0.000853612527039228,
-3.50921167016993));
#8433=CARTESIAN_POINT('Origin',(-5.3,0.,1.10921167016992));
#8434=CARTESIAN_POINT('',(-6.66822916907416,0.000141269968024595,-2.19078832983007));
#8435=CARTESIAN_POINT('',(-6.66513045445119,-0.00117528417707805,-2.30921167016993));
#8436=CARTESIAN_POINT('',(-6.666,1.28033073309722E-13,1.10921167016992));
#8437=CARTESIAN_POINT('Ctrl Pts',(-6.66822916907416,0.000141269968024594,
-2.19078832983007));
#8438=CARTESIAN_POINT('Ctrl Pts',(-6.66824027240455,0.00770055092961228,
-2.19131918493126));
#8439=CARTESIAN_POINT('Ctrl Pts',(-6.6647581044189,0.467700175432072,-2.22362367619381));
#8440=CARTESIAN_POINT('Ctrl Pts',(-6.15221599843748,1.37170690325864,-2.28770180361771));
#8441=CARTESIAN_POINT('Ctrl Pts',(-4.60883128369887,1.45949914193454,-2.38302271210179));
#8442=CARTESIAN_POINT('Ctrl Pts',(-3.69880928699367,0.209857664365232,-2.47834362058586));
#8443=CARTESIAN_POINT('Ctrl Pts',(-4.25606218083916,-1.2320900000014,-2.57366452906993));
#8444=CARTESIAN_POINT('Ctrl Pts',(-5.76994299955699,-1.54499369448745,-2.668985437554));
#8445=CARTESIAN_POINT('Ctrl Pts',(-6.59241916947646,-0.707610980337838,
-2.74136003780738));
#8446=CARTESIAN_POINT('Ctrl Pts',(-6.66648663425491,-0.127598673349751,
-2.7819610018994));
#8447=CARTESIAN_POINT('Ctrl Pts',(-6.66539474580836,-0.00122125699682023,
-2.79078832983007));
#8448=CARTESIAN_POINT('Ctrl Pts',(-6.66513045445119,-0.00117528417707796,
-2.30921167016993));
#8449=CARTESIAN_POINT('Ctrl Pts',(-6.66251602744322,0.318025620145914,-2.33149657992655));
#8450=CARTESIAN_POINT('Ctrl Pts',(-6.39164472161254,1.09633802390446,-2.38555512584453));
#8451=CARTESIAN_POINT('Ctrl Pts',(-5.09465485202967,1.60177568731108,-2.47138730792385));
#8452=CARTESIAN_POINT('Ctrl Pts',(-3.84245415060796,0.695278418337391,-2.56670821640792));
#8453=CARTESIAN_POINT('Ctrl Pts',(-3.925897235486,-0.848347555316154,-2.662029124892));
#8454=CARTESIAN_POINT('Ctrl Pts',(-5.26851979650239,-1.61457764722149,-2.75735003337607));
#8455=CARTESIAN_POINT('Ctrl Pts',(-6.45400095787023,-0.997999721659475,
-2.83974421513538));
#8456=CARTESIAN_POINT('Ctrl Pts',(-6.66288182978854,-0.269819176525399,
-2.89036476073334));
#8457=CARTESIAN_POINT('Ctrl Pts',(-6.66407087794329,0.000664819580122981,
-2.90921167016993));
#8458=CARTESIAN_POINT('Origin',(-5.3,0.,1.10921167016992));
#8459=CARTESIAN_POINT('',(-6.66497770722614,0.0011382087665656,-1.59078832983007));
#8460=CARTESIAN_POINT('',(-6.66824658280376,-3.48300532893988E-5,-1.70921167016993));
#8461=CARTESIAN_POINT('',(-6.666,1.28033073309722E-13,1.10921167016992));
#8462=CARTESIAN_POINT('Ctrl Pts',(-6.66497770722613,0.00113820876656595,
-1.59078832983007));
#8463=CARTESIAN_POINT('Ctrl Pts',(-6.66609232547666,0.142825251538367,-1.60067736796312));
#8464=CARTESIAN_POINT('Ctrl Pts',(-6.58057098870115,0.738442668760946,-1.64234004225752));
#8465=CARTESIAN_POINT('Ctrl Pts',(-5.71815849754506,1.55980617184922,-1.71577635271329));
#8466=CARTESIAN_POINT('Ctrl Pts',(-4.21555457498233,1.19659103117868,-1.81109726119736));
#8467=CARTESIAN_POINT('Ctrl Pts',(-3.70669831169865,-0.263138137674936,
-1.90641816968143));
#8468=CARTESIAN_POINT('Ctrl Pts',(-4.65788772011617,-1.48173673181639,-2.0017390781655));
#8469=CARTESIAN_POINT('Ctrl Pts',(-6.18891201589352,-1.34329917849795,-2.09652913154838));
#8470=CARTESIAN_POINT('Ctrl Pts',(-6.6675756971198,-0.444750301244322,-2.15954554876991));
#8471=CARTESIAN_POINT('Ctrl Pts',(-6.66822916907416,0.000141269968024594,
-2.19078832983007));
#8472=CARTESIAN_POINT('Ctrl Pts',(-6.66824615885902,-3.48234806326004E-5,
-1.70921167016993));
#8473=CARTESIAN_POINT('Ctrl Pts',(-6.66807761880449,0.45054204448675,-1.74085476295841));
#8474=CARTESIAN_POINT('Ctrl Pts',(-6.17842119451409,1.35386848103468,-1.80427149190824));
#8475=CARTESIAN_POINT('Ctrl Pts',(-4.63930441936919,1.47354448121409,-1.89946185701942));
#8476=CARTESIAN_POINT('Ctrl Pts',(-3.70351511527175,0.243080225085546,-1.9947827655035));
#8477=CARTESIAN_POINT('Ctrl Pts',(-4.2306884476676,-1.21013420078418,-2.09010367398756));
#8478=CARTESIAN_POINT('Ctrl Pts',(-5.73774130134778,-1.5544241815579,-2.18542458247164));
#8479=CARTESIAN_POINT('Ctrl Pts',(-6.58511180175947,-0.726816125417129,
-2.25846058119909));
#8480=CARTESIAN_POINT('Ctrl Pts',(-6.66624365539544,-0.137088333964836,
-2.29972294376519));
#8481=CARTESIAN_POINT('Ctrl Pts',(-6.66513045445119,-0.00117528417707796,
-2.30921167016993));
#8482=CARTESIAN_POINT('Origin',(-5.3,0.,1.10921167016992));
#8483=CARTESIAN_POINT('',(-6.66415987423335,-0.000745104177706751,-0.990788329830069));
#8484=CARTESIAN_POINT('',(-6.66523313467618,0.00119571593149084,-1.10921167016993));
#8485=CARTESIAN_POINT('',(-6.666,1.28033073309722E-13,1.10921167016992));
#8486=CARTESIAN_POINT('Ctrl Pts',(-6.66415987423335,-0.000745104177706773,
-0.990788329830069));
#8487=CARTESIAN_POINT('Ctrl Pts',(-6.6627967341099,0.275439434950225,-1.01003555099497));
#8488=CARTESIAN_POINT('Ctrl Pts',(-6.44715636220149,1.0095129565239,-1.06105640832124));
#8489=CARTESIAN_POINT('Ctrl Pts',(-5.24821731633971,1.61405235316114,-1.14385090180886));
#8490=CARTESIAN_POINT('Ctrl Pts',(-3.91533739651019,0.831000872914761,-1.23917181029293));
#8491=CARTESIAN_POINT('Ctrl Pts',(-3.85131304292249,-0.713553752715671,
-1.334492718777));
#8492=CARTESIAN_POINT('Ctrl Pts',(-5.1148147994217,-1.60423114718317,-1.42981362726107));
#8493=CARTESIAN_POINT('Ctrl Pts',(-6.39932684043727,-1.08495625673286,-1.51524549761209));
#8494=CARTESIAN_POINT('Ctrl Pts',(-6.66251103938245,-0.312417461174492,
-1.56890373180176));
#8495=CARTESIAN_POINT('Ctrl Pts',(-6.66497770722613,0.00113820876656595,
-1.59078832983007));
#8496=CARTESIAN_POINT('Ctrl Pts',(-6.66523313467618,0.00119571593149105,
-1.10921167016993));
#8497=CARTESIAN_POINT('Ctrl Pts',(-6.66634070095272,0.133343952385573,-1.11843930982891));
#8498=CARTESIAN_POINT('Ctrl Pts',(-6.58802537591863,0.719234485149485,-1.15944058564924));
#8499=CARTESIAN_POINT('Ctrl Pts',(-5.75047617369684,1.55078122016649,-1.23221549763092));
#8500=CARTESIAN_POINT('Ctrl Pts',(-4.24065021291632,1.2188643141262,-1.32753640611499));
#8501=CARTESIAN_POINT('Ctrl Pts',(-3.70157500550691,-0.229977441665896,
-1.42285731459907));
#8502=CARTESIAN_POINT('Ctrl Pts',(-4.62724036368126,-1.46807572625757,-1.51817822308314));
#8503=CARTESIAN_POINT('Ctrl Pts',(-6.1693989631154,-1.36088113443667,-1.61349913156721));
#8504=CARTESIAN_POINT('Ctrl Pts',(-6.66740121121559,-0.456187595848457,
-1.67717694726281));
#8505=CARTESIAN_POINT('Ctrl Pts',(-6.66824685416992,-0.00189367541021626,
-1.70908112679705));
#8506=CARTESIAN_POINT('Ctrl Pts',(-6.66824615885902,-3.48234806326004E-5,
-1.70921167016993));
#8507=CARTESIAN_POINT('Origin',(-5.3,0.,1.10921167016992));
#8508=CARTESIAN_POINT('',(-6.66767777558651,-0.000868175286681281,-0.39078832983007));
#8509=CARTESIAN_POINT('',(-6.66401453464912,-0.0006217210147174,-0.509211670169932));
#8510=CARTESIAN_POINT('',(-6.666,1.28033073309722E-13,1.10921167016992));
#8511=CARTESIAN_POINT('Ctrl Pts',(-6.66767777558651,-0.000868175286681252,
-0.39078832983007));
#8512=CARTESIAN_POINT('Ctrl Pts',(-6.66490812432939,0.406864424772162,-0.419393734026832));
#8513=CARTESIAN_POINT('Ctrl Pts',(-6.2549291891378,1.272637794896,-0.479772774384952));
#8514=CARTESIAN_POINT('Ctrl Pts',(-4.78270525376,1.52971255653126,-0.571925450904428));
#8515=CARTESIAN_POINT('Ctrl Pts',(-3.73394968665712,0.394141805004979,-0.6672463593885));
#8516=CARTESIAN_POINT('Ctrl Pts',(-4.12023977707227,-1.1027590998292,-0.76256726787257));
#8517=CARTESIAN_POINT('Ctrl Pts',(-5.58763523784619,-1.58905044965193,-0.857888176356644));
#8518=CARTESIAN_POINT('Ctrl Pts',(-6.54837083453814,-0.815059311035449,
-0.933961863675808));
#8519=CARTESIAN_POINT('Ctrl Pts',(-6.66504702873416,-0.180490643706729,
-0.978261914833617));
#8520=CARTESIAN_POINT('Ctrl Pts',(-6.66415987423335,-0.000745104177706773,
-0.990788329830069));
#8521=CARTESIAN_POINT('Ctrl Pts',(-6.66401453464912,-0.000621721014717296,
-0.509211670169932));
#8522=CARTESIAN_POINT('Ctrl Pts',(-6.66294012200401,0.266145555946336,-0.527797492860762));
#8523=CARTESIAN_POINT('Ctrl Pts',(-6.45841379519324,0.990502468116177,-0.578156951712949));
#8524=CARTESIAN_POINT('Ctrl Pts',(-5.28175980057931,1.61477017296824,-0.660290046726496));
#8525=CARTESIAN_POINT('Ctrl Pts',(-3.93290392869306,0.859595626592585,-0.755610955210565));
#8526=CARTESIAN_POINT('Ctrl Pts',(-3.83679924158119,-0.683303082847859,
-0.850931863694638));
#8527=CARTESIAN_POINT('Ctrl Pts',(-5.08152428451594,-1.60003589095152,-0.946252772178709));
#8528=CARTESIAN_POINT('Ctrl Pts',(-6.38657310210581,-1.1037505943462,-1.03234604100381));
#8529=CARTESIAN_POINT('Ctrl Pts',(-6.66252700544707,-0.321683567070494,
-1.08666567366755));
#8530=CARTESIAN_POINT('Ctrl Pts',(-6.66523313467618,0.00119571593149105,
-1.10921167016993));
#8531=CARTESIAN_POINT('Origin',(-5.3,0.,1.1));
#8532=CARTESIAN_POINT('',(-4.8,-3.05941170815567,1.1));
#8533=CARTESIAN_POINT('',(-5.8,-3.05941170815567,1.1));
#8534=CARTESIAN_POINT('Origin',(-5.3,0.,1.1));
#8535=CARTESIAN_POINT('',(-4.8,3.05941170815567,1.1));
#8536=CARTESIAN_POINT('',(-4.8,-3.25,1.1));
#8537=CARTESIAN_POINT('',(-5.8,3.05941170815567,1.1));
#8538=CARTESIAN_POINT('Origin',(-5.3,0.,1.1));
#8539=CARTESIAN_POINT('',(-5.8,3.25,1.1));
#8540=CARTESIAN_POINT('Origin',(-5.8,-3.25,2.3));
#8541=CARTESIAN_POINT('',(-5.8,-3.05941170815567,2.1));
#8542=CARTESIAN_POINT('',(-5.8,-3.05941170815567,0.));
#8543=CARTESIAN_POINT('',(-5.8,3.05941170815567,2.1));
#8544=CARTESIAN_POINT('',(-5.8,3.05941170815567,0.));
#8545=CARTESIAN_POINT('',(-5.8,2.85657137141714,2.3));
#8546=CARTESIAN_POINT('Ctrl Pts',(-5.8,2.85657137141714,2.3));
#8547=CARTESIAN_POINT('Ctrl Pts',(-5.8,2.88173768860389,2.3));
#8548=CARTESIAN_POINT('Ctrl Pts',(-5.8,2.91136975459789,2.29417287937332));
#8549=CARTESIAN_POINT('Ctrl Pts',(-5.8,2.95773416440585,2.27512450326012));
#8550=CARTESIAN_POINT('Ctrl Pts',(-5.8,2.98271689051667,2.25860544792265));
#8551=CARTESIAN_POINT('Ctrl Pts',(-5.8,3.01800277323271,2.223606251396));
#8552=CARTESIAN_POINT('Ctrl Pts',(-5.8,3.03461069887796,2.19899686430104));
#8553=CARTESIAN_POINT('Ctrl Pts',(-5.8,3.0536056989871,2.1534864864057));
#8554=CARTESIAN_POINT('Ctrl Pts',(-5.8,3.05941170815567,2.12457440659322));
#8555=CARTESIAN_POINT('Ctrl Pts',(-5.8,3.05941170815567,2.1));
#8556=CARTESIAN_POINT('',(-5.8,-2.85657137141714,2.3));
#8557=CARTESIAN_POINT('',(-5.8,-1.625,2.3));
#8558=CARTESIAN_POINT('Ctrl Pts',(-5.8,-3.05941170815567,2.1));
#8559=CARTESIAN_POINT('Ctrl Pts',(-5.8,-3.05941170815567,2.12457440659322));
#8560=CARTESIAN_POINT('Ctrl Pts',(-5.8,-3.0536056989871,2.1534864864057));
#8561=CARTESIAN_POINT('Ctrl Pts',(-5.8,-3.03461069887796,2.19899686430104));
#8562=CARTESIAN_POINT('Ctrl Pts',(-5.8,-3.01800277323271,2.223606251396));
#8563=CARTESIAN_POINT('Ctrl Pts',(-5.8,-2.98271689051667,2.25860544792265));
#8564=CARTESIAN_POINT('Ctrl Pts',(-5.8,-2.95773416440585,2.27512450326012));
#8565=CARTESIAN_POINT('Ctrl Pts',(-5.8,-2.91136975459789,2.29417287937332));
#8566=CARTESIAN_POINT('Ctrl Pts',(-5.8,-2.88173768860389,2.3));
#8567=CARTESIAN_POINT('Ctrl Pts',(-5.8,-2.85657137141714,2.3));
#8568=CARTESIAN_POINT('Origin',(-4.8,3.25,2.3));
#8569=CARTESIAN_POINT('',(-4.8,-3.05941170815567,2.1));
#8570=CARTESIAN_POINT('',(-4.8,-3.05941170815567,0.));
#8571=CARTESIAN_POINT('',(-4.8,-2.85657137141714,2.3));
#8572=CARTESIAN_POINT('Ctrl Pts',(-4.8,-2.85657137141714,2.3));
#8573=CARTESIAN_POINT('Ctrl Pts',(-4.8,-2.88173768860389,2.3));
#8574=CARTESIAN_POINT('Ctrl Pts',(-4.8,-2.91136975459789,2.29417287937332));
#8575=CARTESIAN_POINT('Ctrl Pts',(-4.8,-2.95773416440585,2.27512450326012));
#8576=CARTESIAN_POINT('Ctrl Pts',(-4.8,-2.98271689051667,2.25860544792265));
#8577=CARTESIAN_POINT('Ctrl Pts',(-4.8,-3.01800277323271,2.223606251396));
#8578=CARTESIAN_POINT('Ctrl Pts',(-4.8,-3.03461069887796,2.19899686430104));
#8579=CARTESIAN_POINT('Ctrl Pts',(-4.8,-3.0536056989871,2.1534864864057));
#8580=CARTESIAN_POINT('Ctrl Pts',(-4.8,-3.05941170815567,2.12457440659322));
#8581=CARTESIAN_POINT('Ctrl Pts',(-4.8,-3.05941170815567,2.1));
#8582=CARTESIAN_POINT('',(-4.8,2.85657137141714,2.3));
#8583=CARTESIAN_POINT('',(-4.8,1.625,2.3));
#8584=CARTESIAN_POINT('',(-4.8,3.05941170815567,2.1));
#8585=CARTESIAN_POINT('Ctrl Pts',(-4.8,3.05941170815567,2.1));
#8586=CARTESIAN_POINT('Ctrl Pts',(-4.8,3.05941170815567,2.12457440659322));
#8587=CARTESIAN_POINT('Ctrl Pts',(-4.8,3.0536056989871,2.1534864864057));
#8588=CARTESIAN_POINT('Ctrl Pts',(-4.8,3.03461069887796,2.19899686430104));
#8589=CARTESIAN_POINT('Ctrl Pts',(-4.8,3.01800277323271,2.223606251396));
#8590=CARTESIAN_POINT('Ctrl Pts',(-4.8,2.98271689051667,2.25860544792265));
#8591=CARTESIAN_POINT('Ctrl Pts',(-4.8,2.95773416440585,2.27512450326012));
#8592=CARTESIAN_POINT('Ctrl Pts',(-4.8,2.91136975459789,2.29417287937332));
#8593=CARTESIAN_POINT('Ctrl Pts',(-4.8,2.88173768860389,2.3));
#8594=CARTESIAN_POINT('Ctrl Pts',(-4.8,2.85657137141714,2.3));
#8595=CARTESIAN_POINT('',(-4.8,3.05941170815567,0.));
#8596=CARTESIAN_POINT('Origin',(-5.3,0.,0.));
#8597=CARTESIAN_POINT('',(-8.4,-3.7964050773568E-16,2.1));
#8598=CARTESIAN_POINT('Origin',(-5.3,0.,2.1));
#8599=CARTESIAN_POINT('',(-8.4,-3.7964050773568E-16,0.));
#8600=CARTESIAN_POINT('',(-8.4,-3.7964050773568E-16,0.));
#8601=CARTESIAN_POINT('Origin',(-5.3,0.,0.));
#8602=CARTESIAN_POINT('Origin',(-5.3,0.,2.1));
#8603=CARTESIAN_POINT('Origin',(-5.3,0.,2.1));
#8604=CARTESIAN_POINT('Origin',(-5.3,0.,2.3));
#8605=CARTESIAN_POINT('Origin',(-5.3,0.,2.3));
#8606=CARTESIAN_POINT('Origin',(-5.3,0.,2.1));
#8607=CARTESIAN_POINT('Origin',(-5.3,0.,2.1));
#8608=CARTESIAN_POINT('Origin',(-5.3,0.,2.3));
#8609=CARTESIAN_POINT('Origin',(-5.3,0.,2.3));
#8610=CARTESIAN_POINT('Ctrl Pts',(-5.89697405243128,-1.22864884353658,0.197598129630149));
#8611=CARTESIAN_POINT('Ctrl Pts',(-6.30578574840295,-1.03001603147692,0.165824493468792));
#8612=CARTESIAN_POINT('Ctrl Pts',(-6.90245266984455,-0.196025016678607,
0.102277221146078));
#8613=CARTESIAN_POINT('Ctrl Pts',(-6.33193780856392,1.24354938348888,0.00695631266200613));
#8614=CARTESIAN_POINT('Ctrl Pts',(-4.81441651918658,1.53966029552161,-0.0883645958220653));
#8615=CARTESIAN_POINT('Ctrl Pts',(-3.74257258948149,0.426839581713529,-0.183685504306137));
#8616=CARTESIAN_POINT('Ctrl Pts',(-4.09753229206872,-1.07813753595824,-0.279006412790209));
#8617=CARTESIAN_POINT('Ctrl Pts',(-5.55458381068875,-1.59461642540771,-0.374327321274279));
#8618=CARTESIAN_POINT('Ctrl Pts',(-6.77824274864792,-0.650122874894732,
-0.469648229758352));
#8619=CARTESIAN_POINT('Ctrl Pts',(-6.64734486369565,0.890266064679714,-0.564969138242422));
#8620=CARTESIAN_POINT('Ctrl Pts',(-5.28175980057931,1.61477017296824,-0.660290046726496));
#8621=CARTESIAN_POINT('Ctrl Pts',(-3.93290392869306,0.859595626592585,-0.755610955210565));
#8622=CARTESIAN_POINT('Ctrl Pts',(-3.83679924158119,-0.683303082847859,
-0.850931863694638));
#8623=CARTESIAN_POINT('Ctrl Pts',(-5.08152428451594,-1.60003589095152,-0.946252772178709));
#8624=CARTESIAN_POINT('Ctrl Pts',(-6.52645070682952,-1.05055779602855,-1.04157368066278));
#8625=CARTESIAN_POINT('Ctrl Pts',(-6.84750190250816,0.461617550016952,-1.13689458914685));
#8626=CARTESIAN_POINT('Ctrl Pts',(-5.75047617369684,1.55078122016649,-1.23221549763092));
#8627=CARTESIAN_POINT('Ctrl Pts',(-4.24065021291632,1.2188643141262,-1.32753640611499));
#8628=CARTESIAN_POINT('Ctrl Pts',(-3.70157500550691,-0.229977441665896,
-1.42285731459907));
#8629=CARTESIAN_POINT('Ctrl Pts',(-4.62724036368126,-1.46807572625757,-1.51817822308314));
#8630=CARTESIAN_POINT('Ctrl Pts',(-6.1693989631154,-1.36088113443667,-1.61349913156721));
#8631=CARTESIAN_POINT('Ctrl Pts',(-6.91487093318018,-0.00662284124808922,
-1.70882004005128));
#8632=CARTESIAN_POINT('Ctrl Pts',(-6.18053192804111,1.35370435824034,-1.80414094853535));
#8633=CARTESIAN_POINT('Ctrl Pts',(-4.63930441936919,1.47354448121409,-1.89946185701942));
#8634=CARTESIAN_POINT('Ctrl Pts',(-3.70351511527175,0.243080225085546,-1.9947827655035));
#8635=CARTESIAN_POINT('Ctrl Pts',(-4.2306884476676,-1.21013420078418,-2.09010367398756));
#8636=CARTESIAN_POINT('Ctrl Pts',(-5.73774130134778,-1.5544241815579,-2.18542458247164));
#8637=CARTESIAN_POINT('Ctrl Pts',(-6.84366341276105,-0.474294476281209,
-2.28074549095571));
#8638=CARTESIAN_POINT('Ctrl Pts',(-6.53502662947103,1.04046201578568,-2.37606639943978));
#8639=CARTESIAN_POINT('Ctrl Pts',(-5.09465485202967,1.60177568731108,-2.47138730792385));
#8640=CARTESIAN_POINT('Ctrl Pts',(-3.84245415060796,0.695278418337391,-2.56670821640792));
#8641=CARTESIAN_POINT('Ctrl Pts',(-3.925897235486,-0.848347555316154,-2.662029124892));
#8642=CARTESIAN_POINT('Ctrl Pts',(-5.26851979650239,-1.61457764722149,-2.75735003337607));
#8643=CARTESIAN_POINT('Ctrl Pts',(-6.63998970954105,-0.901265532690378,
-2.85267094186014));
#8644=CARTESIAN_POINT('Ctrl Pts',(-6.78354015098246,0.637934638119732,-2.94799185034421));
#8645=CARTESIAN_POINT('Ctrl Pts',(-5.56762654183756,1.59255392882082,-3.04331275882828));
#8646=CARTESIAN_POINT('Ctrl Pts',(-4.10646937634353,1.08781277455652,-3.13863366731236));
#8647=CARTESIAN_POINT('Ctrl Pts',(-3.73902172391159,-0.413761771644425,
-3.23395457579642));
#8648=CARTESIAN_POINT('Ctrl Pts',(-4.80199969810431,-1.53617957329449,-3.3292754842805));
#8649=CARTESIAN_POINT('Ctrl Pts',(-6.32132764513842,-1.25089640792943,-3.42459639276457));
#8650=CARTESIAN_POINT('Ctrl Pts',(-6.90474683599964,0.180664258900155,-3.51991730124864));
#8651=CARTESIAN_POINT('Ctrl Pts',(-6.01763243031949,1.44667054889796,-3.61523820973271));
#8652=CARTESIAN_POINT('Ctrl Pts',(-4.47290488898532,1.38699879575668,-3.71055911821679));
#8653=CARTESIAN_POINT('Ctrl Pts',(-3.68609823647763,0.0563300967001768,
-3.80588002670086));
#8654=CARTESIAN_POINT('Ctrl Pts',(-4.37821443431394,-1.32595752307068,-3.90120093518493));
#8655=CARTESIAN_POINT('Ctrl Pts',(-5.91502252543818,-1.49318427372462,-3.996521843669));
#8656=CARTESIAN_POINT('Ctrl Pts',(-6.88824559118783,-0.292109438682296,
-4.09184275215307));
#8657=CARTESIAN_POINT('Ctrl Pts',(-6.4060562211525,1.17664421884647,-4.18716366063714));
#8658=CARTESIAN_POINT('Ctrl Pts',(-4.91031580594228,1.56716247115492,-4.28248456912122));
#8659=CARTESIAN_POINT('Ctrl Pts',(-3.77166828946726,0.521588117842819,-4.37780547760529));
#8660=CARTESIAN_POINT('Ctrl Pts',(-4.03353023440999,-1.00195125377525,-4.47312638608935));
#8661=CARTESIAN_POINT('Ctrl Pts',(-5.45594055840259,-1.60733771322003,-4.56844729457343));
#8662=CARTESIAN_POINT('Ctrl Pts',(-6.73545243570472,-0.739816387304,-4.6637682030575));
#8663=CARTESIAN_POINT('Ctrl Pts',(-6.69956615450323,0.805646672721744,-4.75908911154157));
#8664=CARTESIAN_POINT('Ctrl Pts',(-5.38116664154811,1.61284343889597,-4.85441002002564));
#8665=CARTESIAN_POINT('Ctrl Pts',(-3.98838887114589,0.94208716622064,-4.94973092850971));
#8666=CARTESIAN_POINT('Ctrl Pts',(-3.79752543843917,-0.591964672917321,
-5.04505183699379));
#8667=CARTESIAN_POINT('Ctrl Pts',(-4.98347688468651,-1.58356089227038,-5.14037274547786));
#8668=CARTESIAN_POINT('Ctrl Pts',(-6.45947898854698,-1.12403756930264,-5.23569365396192));
#8669=CARTESIAN_POINT('Ctrl Pts',(-6.87297530098534,0.36551427433948,-5.33101456244601));
#8670=CARTESIAN_POINT('Ctrl Pts',(-5.84505233470673,1.52012168401945,-5.42633547093007));
#8671=CARTESIAN_POINT('Ctrl Pts',(-4.31766256680012,1.28174301225411,-5.52165637941414));
#8672=CARTESIAN_POINT('Ctrl Pts',(-3.69045229473433,-0.131179905441357,
-5.61697728789821));
#8673=CARTESIAN_POINT('Ctrl Pts',(-4.53817496810824,-1.42389416764105,-5.71229819638229));
#8674=CARTESIAN_POINT('Ctrl Pts',(-6.0840073219322,-1.41180186363034,-5.80761910486635));
#8675=CARTESIAN_POINT('Ctrl Pts',(-6.91140292619277,-0.1059839508556,-5.90294001335044));
#8676=CARTESIAN_POINT('Ctrl Pts',(-6.26216551954363,1.29695392316769,-5.9982609218345));
#8677=CARTESIAN_POINT('Ctrl Pts',(-4.73123346304067,1.51140881937737,-6.09358183031857));
#8678=CARTESIAN_POINT('Ctrl Pts',(-3.72149904341881,0.340861774336824,-6.18890273880265));
#8679=CARTESIAN_POINT('Ctrl Pts',(-4.1582474694506,-1.14203897712403,-6.28422364728672));
#8680=CARTESIAN_POINT('Ctrl Pts',(-5.64125768750908,-1.57841543245476,-6.37954455577078));
#8681=CARTESIAN_POINT('Ctrl Pts',(-6.8115515393604,-0.568387307653668,-6.47486546425486));
#8682=CARTESIAN_POINT('Ctrl Pts',(-6.59671233760648,0.962490669767116,-6.57018637273893));
#8683=CARTESIAN_POINT('Ctrl Pts',(-5.19361219721515,1.61137659663053,-6.66550728122301));
#8684=CARTESIAN_POINT('Ctrl Pts',(-3.88800082030986,0.783652560535196,-6.76082818970707));
#8685=CARTESIAN_POINT('Ctrl Pts',(-3.87629830486919,-0.762181063705298,
-6.85614909819115));
#8686=CARTESIAN_POINT('Ctrl Pts',(-5.16922132047534,-1.60958270972589,-6.95147000667522));
#8687=CARTESIAN_POINT('Ctrl Pts',(-6.58199421926237,-0.982011777535193,
-7.04679091515929));
#8688=CARTESIAN_POINT('Ctrl Pts',(-6.81997569208446,0.545425807837503,-7.14211182364336));
#8689=CARTESIAN_POINT('Ctrl Pts',(-5.66513728063847,1.57308188405286,-7.23743273212743));
#8690=CARTESIAN_POINT('Ctrl Pts',(-4.17563802797311,1.15916846586307,-7.3327536406115));
#8691=CARTESIAN_POINT('Ctrl Pts',(-3.71658266228064,-0.316865895063861,
-7.42807454909557));
#8692=CARTESIAN_POINT('Ctrl Pts',(-4.70828985858522,-1.5027269358092,-7.52339545757965));
#8693=CARTESIAN_POINT('Ctrl Pts',(-6.24264994151152,-1.31117628689667,-7.61871636606371));
#8694=CARTESIAN_POINT('Ctrl Pts',(-6.91237498823445,0.0811913773781075,
-7.71403727454779));
#8695=CARTESIAN_POINT('Ctrl Pts',(-6.1061666650008,1.40050205932043,-7.80935818303186));
#8696=CARTESIAN_POINT('Ctrl Pts',(-4.55802141862425,1.43378804257652,-7.90467909151593));
#8697=CARTESIAN_POINT('Ctrl Pts',(-3.98412698887468,0.583965936833593,-7.96822636383865));
#8698=CARTESIAN_POINT('Ctrl Pts',(-3.9403506459208,0.131566082072849,-8.));
#8699=CARTESIAN_POINT('Ctrl Pts',(-5.94683114599999,-1.3312611096909,0.1317320864201));
#8700=CARTESIAN_POINT('Ctrl Pts',(-6.38978530242708,-1.11603921028927,0.0999584502587424));
#8701=CARTESIAN_POINT('Ctrl Pts',(-7.03628366697834,-0.212396310470287,
0.0364111779360281));
#8702=CARTESIAN_POINT('Ctrl Pts',(-6.41812148718302,1.34740608834467,-0.0589097305480437));
#8703=CARTESIAN_POINT('Ctrl Pts',(-4.77386235952129,1.66824710277937,-0.154230639032115));
#8704=CARTESIAN_POINT('Ctrl Pts',(-3.61250193763913,0.462487665374217,-0.249551547516187));
#8705=CARTESIAN_POINT('Ctrl Pts',(-3.99710657878432,-1.16817964715435,-0.344872456000258));
#8706=CARTESIAN_POINT('Ctrl Pts',(-5.57584572118365,-1.72779296801284,-0.44019336448433));
#8707=CARTESIAN_POINT('Ctrl Pts',(-6.90170018659931,-0.704418764092576,
-0.535514272968401));
#8708=CARTESIAN_POINT('Ctrl Pts',(-6.75987018814656,0.964617836430955,-0.630835181452472));
#8709=CARTESIAN_POINT('Ctrl Pts',(-5.28023644571068,1.74962988299713,-0.726156089936544));
#8710=CARTESIAN_POINT('Ctrl Pts',(-3.81872905548544,0.931385915319125,-0.821476998420616));
#8711=CARTESIAN_POINT('Ctrl Pts',(-3.71459805574205,-0.740370061887547,
-0.916797906904687));
#8712=CARTESIAN_POINT('Ctrl Pts',(-5.06327799031767,-1.73366504753476,-1.01211881538876));
#8713=CARTESIAN_POINT('Ctrl Pts',(-6.6288793926305,-1.13829654802728,-1.10743972387283));
#8714=CARTESIAN_POINT('Ctrl Pts',(-6.97674361215515,0.500170162631216,-1.2027606323569));
#8715=CARTESIAN_POINT('Ctrl Pts',(-5.78809829923316,1.68029680645296,-1.29808154084097));
#8716=CARTESIAN_POINT('Ctrl Pts',(-4.15217718592038,1.3206594121032,-1.39340244932505));
#8717=CARTESIAN_POINT('Ctrl Pts',(-3.5680803851152,-0.249184318047081,-1.48872335780912));
#8718=CARTESIAN_POINT('Ctrl Pts',(-4.57105393480614,-1.59068405161424,-1.58404426629319));
#8719=CARTESIAN_POINT('Ctrl Pts',(-6.24200799072065,-1.47453695880489,-1.67936517477726));
#8720=CARTESIAN_POINT('Ctrl Pts',(-7.04973905833412,-0.00717595677205432,
-1.77468608326133));
#8721=CARTESIAN_POINT('Ctrl Pts',(-6.25407074023539,1.46676080445989,-1.8700069917454));
#8722=CARTESIAN_POINT('Ctrl Pts',(-4.58412553638459,1.59660953702071,-1.96532790022947));
#8723=CARTESIAN_POINT('Ctrl Pts',(-3.57018252576511,0.263381398105453,-2.06064880871355));
#8724=CARTESIAN_POINT('Ctrl Pts',(-4.1413834504041,-1.31120019156465,-2.15596971719761));
#8725=CARTESIAN_POINT('Ctrl Pts',(-5.77429985683491,-1.68424401468094,-2.25129062568169));
#8726=CARTESIAN_POINT('Ctrl Pts',(-6.97258454575701,-0.51390581949919,-2.34661153416576));
#8727=CARTESIAN_POINT('Ctrl Pts',(-6.6381715450241,1.12735760507377,-2.44193244264983));
#8728=CARTESIAN_POINT('Ctrl Pts',(-5.07750517489624,1.73555014533505,-2.5372533511339));
#8729=CARTESIAN_POINT('Ctrl Pts',(-3.72072524212713,0.753345533680489,-2.63257425961798));
#8730=CARTESIAN_POINT('Ctrl Pts',(-3.81113718884009,-0.919198446191437,
-2.72789516810204));
#8731=CARTESIAN_POINT('Ctrl Pts',(-5.26589068482666,-1.74942127820284,-2.82321607658612));
#8732=CARTESIAN_POINT('Ctrl Pts',(-6.75190075836742,-0.976535939855662,
-2.91853698507019));
#8733=CARTESIAN_POINT('Ctrl Pts',(-6.90744000863832,0.691212610276012,-3.01385789355426));
#8734=CARTESIAN_POINT('Ctrl Pts',(-5.58997773362477,1.72555821924027,-3.10917880203833));
#8735=CARTESIAN_POINT('Ctrl Pts',(-4.0067900557124,1.17866292636033,-3.2044997105224));
#8736=CARTESIAN_POINT('Ctrl Pts',(-3.60865451673949,-0.448317644349467,
-3.29982061900647));
#8737=CARTESIAN_POINT('Ctrl Pts',(-4.76040853087058,-1.66447568333842,-3.39514152749055));
#8738=CARTESIAN_POINT('Ctrl Pts',(-6.40662520164125,-1.35536670944576,-3.49046243597462));
#8739=CARTESIAN_POINT('Ctrl Pts',(-7.03876943351573,0.195752678277541,-3.58578334445869));
#8740=CARTESIAN_POINT('Ctrl Pts',(-6.07756647113863,1.56749119198247,-3.68110425294276));
#8741=CARTESIAN_POINT('Ctrl Pts',(-4.40382892467476,1.50283587185423,-3.77642516142683));
#8742=CARTESIAN_POINT('Ctrl Pts',(-3.55131105283547,0.0610345807401206,
-3.87174606991091));
#8743=CARTESIAN_POINT('Ctrl Pts',(-4.3012302689025,-1.43669665490839,-3.96706697839498));
#8744=CARTESIAN_POINT('Ctrl Pts',(-5.96638696158536,-1.61788957330546,-4.06238788687905));
#8745=CARTESIAN_POINT('Ctrl Pts',(-7.02089006497603,-0.316505352637656,
-4.15770879536312));
#8746=CARTESIAN_POINT('Ctrl Pts',(-6.49842999901718,1.27491324859273,-4.25302970384719));
#8747=CARTESIAN_POINT('Ctrl Pts',(-4.87777080462061,1.6980461597232,-4.34835061233126));
#8748=CARTESIAN_POINT('Ctrl Pts',(-3.64402760427209,0.56514925335569,-4.44367152081533));
#8749=CARTESIAN_POINT('Ctrl Pts',(-3.92775930291335,-1.08563056480613,-4.53899242929941));
#8750=CARTESIAN_POINT('Ctrl Pts',(-5.4689641445698,-1.7415766913434,-4.63431333778347));
#8751=CARTESIAN_POINT('Ctrl Pts',(-6.85533618292773,-0.801603151226605,
-4.72963424626755));
#8752=CARTESIAN_POINT('Ctrl Pts',(-6.81645281052538,0.872931341764928,-4.82495515475162));
#8753=CARTESIAN_POINT('Ctrl Pts',(-5.38794538314643,1.74754223512881,-4.92027606323569));
#8754=CARTESIAN_POINT('Ctrl Pts',(-3.87884789778076,1.02076684719649,-5.01559697171977));
#8755=CARTESIAN_POINT('Ctrl Pts',(-3.67204424793301,-0.641403401396066,
-5.11091788020383));
#8756=CARTESIAN_POINT('Ctrl Pts',(-4.95704202958254,-1.71581411710677,-5.20623878868791));
#8757=CARTESIAN_POINT('Ctrl Pts',(-6.55631444092135,-1.21791308372281,-5.30155969717197));
#8758=CARTESIAN_POINT('Ctrl Pts',(-7.00434445588097,0.396040692200054,-5.39688060565605));
#8759=CARTESIAN_POINT('Ctrl Pts',(-5.89057311595451,1.64707669777144,-5.49220151414012));
#8760=CARTESIAN_POINT('Ctrl Pts',(-4.23562133046224,1.38878950955621,-5.58752242262419));
#8761=CARTESIAN_POINT('Ctrl Pts',(-3.55602874614302,-0.142135572263527,
-5.68284333110827));
#8762=CARTESIAN_POINT('Ctrl Pts',(-4.47455012253357,-1.54281261050955,-5.77816423959233));
#8763=CARTESIAN_POINT('Ctrl Pts',(-6.14948475139322,-1.52971040141158,-5.87348514807641));
#8764=CARTESIAN_POINT('Ctrl Pts',(-7.04598141606331,-0.114835343530166,
-5.96880605656048));
#8765=CARTESIAN_POINT('Ctrl Pts',(-6.34252207129176,1.40527078022091,-6.06412696504456));
#8766=CARTESIAN_POINT('Ctrl Pts',(-4.68373215819093,1.6376361664813,-6.15944787352861));
#8767=CARTESIAN_POINT('Ctrl Pts',(-3.58966840593957,0.369329305392662,-6.2547687820127));
#8768=CARTESIAN_POINT('Ctrl Pts',(-4.06289246613666,-1.23741790341019,-6.35008969049677));
#8769=CARTESIAN_POINT('Ctrl Pts',(-5.66975828378774,-1.71023892727117,-6.44541059898084));
#8770=CARTESIAN_POINT('Ctrl Pts',(-6.9377908059163,-0.615856940656235,-6.54073150746491));
#8771=CARTESIAN_POINT('Ctrl Pts',(-6.70500901831557,1.04287437687491,-6.63605241594898));
#8772=CARTESIAN_POINT('Ctrl Pts',(-5.18472707630177,1.74595288755215,-6.73137332443305));
#8773=CARTESIAN_POINT('Ctrl Pts',(-3.77007580341163,0.849100361619435,-6.82669423291712));
#8774=CARTESIAN_POINT('Ctrl Pts',(-3.7573959366021,-0.825835643757296,-6.9220151414012));
#8775=CARTESIAN_POINT('Ctrl Pts',(-5.158299162577,-1.74400918176193,-7.01733604988526));
#8776=CARTESIAN_POINT('Ctrl Pts',(-6.68906169645676,-1.0640258163008,-7.11265695836934));
#8777=CARTESIAN_POINT('Ctrl Pts',(-6.94691851312298,0.590977780197759,-7.2079778668534));
#8778=CARTESIAN_POINT('Ctrl Pts',(-5.69563221336142,1.70445994037718,-7.30329877533749));
#8779=CARTESIAN_POINT('Ctrl Pts',(-4.08173542062166,1.25597798451648,-7.39861968382154));
#8780=CARTESIAN_POINT('Ctrl Pts',(-3.5843414265963,-0.343329377881224,-7.49394059230564));
#8781=CARTESIAN_POINT('Ctrl Pts',(-4.65887238764835,-1.62822920369125,-7.58926150078968));
#8782=CARTESIAN_POINT('Ctrl Pts',(-6.3213766234252,-1.42068094384894,-7.68458240927377));
#8783=CARTESIAN_POINT('Ctrl Pts',(-7.04703466117813,0.0879721848226177,
-7.77990331775784));
#8784=CARTESIAN_POINT('Ctrl Pts',(-6.17349476190089,1.51746687869632,-7.87522422624191));
#8785=CARTESIAN_POINT('Ctrl Pts',(-4.49605407614601,1.55353278576145,-7.97054513472599));
#8786=CARTESIAN_POINT('Ctrl Pts',(-3.87423007866052,0.632736640074525,-8.0340924070487));
#8787=CARTESIAN_POINT('Ctrl Pts',(-3.82679769535135,0.142554000957543,-8.06586604321005));
#8788=CARTESIAN_POINT('Ctrl Pts',(-5.9966882395687,-1.43387337584522,0.0658660432100498));
#8789=CARTESIAN_POINT('Ctrl Pts',(-6.47378485645121,-1.20206238910162,0.0340924070486926));
#8790=CARTESIAN_POINT('Ctrl Pts',(-7.17011466411214,-0.228767604261968,
-0.0294548652740217));
#8791=CARTESIAN_POINT('Ctrl Pts',(-6.50430516580211,1.45126279320046,-0.124775773758093));
#8792=CARTESIAN_POINT('Ctrl Pts',(-4.733308199856,1.79683391003712,-0.220096682242165));
#8793=CARTESIAN_POINT('Ctrl Pts',(-3.48243128579679,0.498135749034908,-0.315417590726236));
#8794=CARTESIAN_POINT('Ctrl Pts',(-3.8966808654999,-1.25822175835046,-0.410738499210308));
#8795=CARTESIAN_POINT('Ctrl Pts',(-5.59710763167859,-1.86096951061796,-0.506059407694379));
#8796=CARTESIAN_POINT('Ctrl Pts',(-7.02515762455067,-0.758714653290422,
-0.601380316178452));
#8797=CARTESIAN_POINT('Ctrl Pts',(-6.87239551259749,1.0389696081822,-0.696701224662522));
#8798=CARTESIAN_POINT('Ctrl Pts',(-5.27871309084203,1.88448959302602,-0.792022133146595));
#8799=CARTESIAN_POINT('Ctrl Pts',(-3.70455418227784,1.00317620404566,-0.887343041630665));
#8800=CARTESIAN_POINT('Ctrl Pts',(-3.59239686990289,-0.797437040927231,
-0.982663950114737));
#8801=CARTESIAN_POINT('Ctrl Pts',(-5.04503169611941,-1.86729420411801,-1.07798485859881));
#8802=CARTESIAN_POINT('Ctrl Pts',(-6.73130807843146,-1.22603530002601,-1.17330576708288));
#8803=CARTESIAN_POINT('Ctrl Pts',(-7.10598532180216,0.538722775245478,-1.26862667556695));
#8804=CARTESIAN_POINT('Ctrl Pts',(-5.82572042476947,1.80981239273943,-1.36394758405102));
#8805=CARTESIAN_POINT('Ctrl Pts',(-4.06370415892444,1.42245451008019,-1.45926849253509));
#8806=CARTESIAN_POINT('Ctrl Pts',(-3.43458576472348,-0.268391194428268,
-1.55458940101917));
#8807=CARTESIAN_POINT('Ctrl Pts',(-4.51486750593106,-1.71329237697091,-1.64991030950324));
#8808=CARTESIAN_POINT('Ctrl Pts',(-6.31461701832586,-1.58819278317311,-1.74523121798731));
#8809=CARTESIAN_POINT('Ctrl Pts',(-7.18460718348809,-0.00772907229602044,
-1.84055212647138));
#8810=CARTESIAN_POINT('Ctrl Pts',(-6.32760955242965,1.57981725067945,-1.93587303495545));
#8811=CARTESIAN_POINT('Ctrl Pts',(-4.52894665340001,1.71967459282733,-2.03119394343952));
#8812=CARTESIAN_POINT('Ctrl Pts',(-3.43684993625846,0.283682571125361,-2.1265148519236));
#8813=CARTESIAN_POINT('Ctrl Pts',(-4.05207845314061,-1.41226618234512,-2.22183576040767));
#8814=CARTESIAN_POINT('Ctrl Pts',(-5.81085841232203,-1.81406384780398,-2.31715666889174));
#8815=CARTESIAN_POINT('Ctrl Pts',(-7.10150567875298,-0.553517162717175,
-2.41247757737581));
#8816=CARTESIAN_POINT('Ctrl Pts',(-6.74131646057719,1.21425319436187,-2.50779848585988));
#8817=CARTESIAN_POINT('Ctrl Pts',(-5.06035549776281,1.86932460335902,-2.60311939434395));
#8818=CARTESIAN_POINT('Ctrl Pts',(-3.59899633364632,0.811412649023588,-2.69844030282802));
#8819=CARTESIAN_POINT('Ctrl Pts',(-3.69637714219418,-0.99004933706672,-2.7937612113121));
#8820=CARTESIAN_POINT('Ctrl Pts',(-5.26326157315094,-1.88426490918418,-2.88908211979617));
#8821=CARTESIAN_POINT('Ctrl Pts',(-6.86381180719377,-1.05180634702094,-2.98440302828024));
#8822=CARTESIAN_POINT('Ctrl Pts',(-7.03133986629419,0.744490582432291,-3.07972393676431));
#8823=CARTESIAN_POINT('Ctrl Pts',(-5.61232892541197,1.85856250965973,-3.17504484524838));
#8824=CARTESIAN_POINT('Ctrl Pts',(-3.90711073508127,1.26951307816413,-3.27036575373245));
#8825=CARTESIAN_POINT('Ctrl Pts',(-3.47828730956738,-0.482873517054504,
-3.36568666221652));
#8826=CARTESIAN_POINT('Ctrl Pts',(-4.71881736363685,-1.79277179338235,-3.4610075707006));
#8827=CARTESIAN_POINT('Ctrl Pts',(-6.49192275814406,-1.45983701096207,-3.55632847918467));
#8828=CARTESIAN_POINT('Ctrl Pts',(-7.17279203103181,0.210841097654925,-3.65164938766874));
#8829=CARTESIAN_POINT('Ctrl Pts',(-6.13750051195777,1.68831183506697,-3.74697029615281));
#8830=CARTESIAN_POINT('Ctrl Pts',(-4.33475296036419,1.61867294795178,-3.84229120463688));
#8831=CARTESIAN_POINT('Ctrl Pts',(-3.41652386919333,0.0657390647800646,
-3.93761211312095));
#8832=CARTESIAN_POINT('Ctrl Pts',(-4.22424610349105,-1.5474357867461,-4.03293302160503));
#8833=CARTESIAN_POINT('Ctrl Pts',(-6.01775139773255,-1.74259487288629,-4.1282539300891));
#8834=CARTESIAN_POINT('Ctrl Pts',(-7.15353453876423,-0.340901266593018,
-4.22357483857317));
#8835=CARTESIAN_POINT('Ctrl Pts',(-6.59080377688186,1.37318227833899,-4.31889574705724));
#8836=CARTESIAN_POINT('Ctrl Pts',(-4.84522580329894,1.82892984829147,-4.41421665554131));
#8837=CARTESIAN_POINT('Ctrl Pts',(-3.51638691907691,0.608710388868565,-4.50953756402538));
#8838=CARTESIAN_POINT('Ctrl Pts',(-3.82198837141671,-1.16930987583701,-4.60485847250946));
#8839=CARTESIAN_POINT('Ctrl Pts',(-5.48198773073702,-1.87581566946676,-4.70017938099353));
#8840=CARTESIAN_POINT('Ctrl Pts',(-6.97521993015075,-0.863389915149211,
-4.7955002894776));
#8841=CARTESIAN_POINT('Ctrl Pts',(-6.93333946654752,0.940216010808113,-4.89082119796167));
#8842=CARTESIAN_POINT('Ctrl Pts',(-5.39472412474475,1.88224103136164,-4.98614210644574));
#8843=CARTESIAN_POINT('Ctrl Pts',(-3.76930692441563,1.09944652817235,-5.08146301492982));
#8844=CARTESIAN_POINT('Ctrl Pts',(-3.54656305742686,-0.690842129874816,
-5.17678392341388));
#8845=CARTESIAN_POINT('Ctrl Pts',(-4.93060717447856,-1.84806734194316,-5.27210483189795));
#8846=CARTESIAN_POINT('Ctrl Pts',(-6.65314989329571,-1.31178859814299,-5.36742574038203));
#8847=CARTESIAN_POINT('Ctrl Pts',(-7.13571361077659,0.426567110060631,-5.46274664886609));
#8848=CARTESIAN_POINT('Ctrl Pts',(-5.93609389720229,1.77403171152342,-5.55806755735018));
#8849=CARTESIAN_POINT('Ctrl Pts',(-4.15358009412437,1.49583600685831,-5.65338846583424));
#8850=CARTESIAN_POINT('Ctrl Pts',(-3.42160519755171,-0.153091239085697,
-5.74870937431832));
#8851=CARTESIAN_POINT('Ctrl Pts',(-4.41092527695889,-1.66173105337806,-5.84403028280238));
#8852=CARTESIAN_POINT('Ctrl Pts',(-6.21496218085424,-1.64761893919281,-5.93935119128646));
#8853=CARTESIAN_POINT('Ctrl Pts',(-7.18055990593385,-0.123686736204735,
-6.03467209977054));
#8854=CARTESIAN_POINT('Ctrl Pts',(-6.42287862303989,1.51358763727413,-6.12999300825459));
#8855=CARTESIAN_POINT('Ctrl Pts',(-4.63623085334117,1.76386351358523,-6.22531391673868));
#8856=CARTESIAN_POINT('Ctrl Pts',(-3.45783776846034,0.397796836448501,-6.32063482522274));
#8857=CARTESIAN_POINT('Ctrl Pts',(-3.96753746282271,-1.33279682969634,-6.41595573370682));
#8858=CARTESIAN_POINT('Ctrl Pts',(-5.69825888006639,-1.84206242208759,-6.51127664219088));
#8859=CARTESIAN_POINT('Ctrl Pts',(-7.06403007247221,-0.6633265736588,-6.60659755067497));
#8860=CARTESIAN_POINT('Ctrl Pts',(-6.81330569902465,1.12325808398271,-6.70191845915902));
#8861=CARTESIAN_POINT('Ctrl Pts',(-5.17584195538838,1.88052917847377,-6.79723936764311));
#8862=CARTESIAN_POINT('Ctrl Pts',(-3.65215078651341,0.914548162703676,-6.89256027612717));
#8863=CARTESIAN_POINT('Ctrl Pts',(-3.63849356833501,-0.889490223809296,
-6.98788118461124));
#8864=CARTESIAN_POINT('Ctrl Pts',(-5.14737700467866,-1.87843565379796,-7.08320209309532));
#8865=CARTESIAN_POINT('Ctrl Pts',(-6.79612917365112,-1.14603985506641,-7.17852300157938));
#8866=CARTESIAN_POINT('Ctrl Pts',(-7.07386133416152,0.636529752558019,-7.27384391006347));
#8867=CARTESIAN_POINT('Ctrl Pts',(-5.72612714608434,1.8358379967015,-7.36916481854752));
#8868=CARTESIAN_POINT('Ctrl Pts',(-3.98783281327024,1.35278750316989,-7.4644857270316));
#8869=CARTESIAN_POINT('Ctrl Pts',(-3.45210019091195,-0.369792860698588,
-7.55980663551568));
#8870=CARTESIAN_POINT('Ctrl Pts',(-4.60945491671149,-1.75373147157331,-7.65512754399974));
#8871=CARTESIAN_POINT('Ctrl Pts',(-6.40010330533888,-1.53018560080121,-7.75044845248381));
#8872=CARTESIAN_POINT('Ctrl Pts',(-7.18169433412183,0.0947529922671284,
-7.84576936096789));
#8873=CARTESIAN_POINT('Ctrl Pts',(-6.24082285880097,1.63443169807221,-7.94109026945196));
#8874=CARTESIAN_POINT('Ctrl Pts',(-4.43408673366778,1.67327752894638,-8.03641117793603));
#8875=CARTESIAN_POINT('Ctrl Pts',(-3.76433316844636,0.681507343315457,-8.09995845025874));
#8876=CARTESIAN_POINT('Ctrl Pts',(-3.7132447447819,0.153541919842237,-8.1317320864201));
#8877=CARTESIAN_POINT('Ctrl Pts',(-6.04654533313741,-1.53648564199955,0.));
#8878=CARTESIAN_POINT('Ctrl Pts',(-6.55778441047534,-1.28808556791397,-0.0317736361613572));
#8879=CARTESIAN_POINT('Ctrl Pts',(-7.30394566124594,-0.245138898053648,
-0.0953209084840713));
#8880=CARTESIAN_POINT('Ctrl Pts',(-6.5904888444212,1.55511949805626,-0.190641816968143));
#8881=CARTESIAN_POINT('Ctrl Pts',(-4.69275404019072,1.92542071729488,-0.285962725452214));
#8882=CARTESIAN_POINT('Ctrl Pts',(-3.35236063395444,0.533783832695596,-0.381283633936286));
#8883=CARTESIAN_POINT('Ctrl Pts',(-3.79625515221549,-1.34826386954658,-0.476604542420358));
#8884=CARTESIAN_POINT('Ctrl Pts',(-5.6183695421735,-1.99414605322308,-0.571925450904428));
#8885=CARTESIAN_POINT('Ctrl Pts',(-7.14861506250204,-0.813010542488266,
-0.667246359388502));
#8886=CARTESIAN_POINT('Ctrl Pts',(-6.98492083704841,1.11332137993344,-0.762567267872571));
#8887=CARTESIAN_POINT('Ctrl Pts',(-5.2771897359734,2.01934930305491,-0.857888176356644));
#8888=CARTESIAN_POINT('Ctrl Pts',(-3.59037930907024,1.0749664927722,-0.953209084840715));
#8889=CARTESIAN_POINT('Ctrl Pts',(-3.47019568406373,-0.854504019966917,
-1.04852999332479));
#8890=CARTESIAN_POINT('Ctrl Pts',(-5.02678540192115,-2.00092336070126,-1.14385090180886));
#8891=CARTESIAN_POINT('Ctrl Pts',(-6.83373676423243,-1.31377405202475,-1.23917181029293));
#8892=CARTESIAN_POINT('Ctrl Pts',(-7.23522703144916,0.577275387859743,-1.334492718777));
#8893=CARTESIAN_POINT('Ctrl Pts',(-5.86334255030578,1.9393279790259,-1.42981362726107));
#8894=CARTESIAN_POINT('Ctrl Pts',(-3.9752311319285,1.52424960805719,-1.52513453574515));
#8895=CARTESIAN_POINT('Ctrl Pts',(-3.30109114433176,-0.287598070809454,
-1.62045544422922));
#8896=CARTESIAN_POINT('Ctrl Pts',(-4.45868107705596,-1.83590070232758,-1.71577635271329));
#8897=CARTESIAN_POINT('Ctrl Pts',(-6.38722604593109,-1.70184860754133,-1.81109726119736));
#8898=CARTESIAN_POINT('Ctrl Pts',(-7.31947530864203,-0.00828218781998487,
-1.90641816968143));
#8899=CARTESIAN_POINT('Ctrl Pts',(-6.40114836462392,1.692873696899,-2.0017390781655));
#8900=CARTESIAN_POINT('Ctrl Pts',(-4.47376777041542,1.84273964863396,-2.09705998664958));
#8901=CARTESIAN_POINT('Ctrl Pts',(-3.30351734675182,0.303983744145266,-2.19238089513365));
#8902=CARTESIAN_POINT('Ctrl Pts',(-3.96277345587712,-1.51333217312558,-2.28770180361772));
#8903=CARTESIAN_POINT('Ctrl Pts',(-5.84741696780915,-1.94388368092702,-2.38302271210179));
#8904=CARTESIAN_POINT('Ctrl Pts',(-7.23042681174894,-0.593128505935154,
-2.47834362058586));
#8905=CARTESIAN_POINT('Ctrl Pts',(-6.84446137613025,1.30114878364996,-2.57366452906993));
#8906=CARTESIAN_POINT('Ctrl Pts',(-5.04320582062938,2.00309906138299,-2.668985437554));
#8907=CARTESIAN_POINT('Ctrl Pts',(-3.47726742516549,0.869479764366685,-2.76430634603808));
#8908=CARTESIAN_POINT('Ctrl Pts',(-3.58161709554827,-1.060900227942,-2.85962725452214));
#8909=CARTESIAN_POINT('Ctrl Pts',(-5.26063246147521,-2.01910854016553,-2.95494816300622));
#8910=CARTESIAN_POINT('Ctrl Pts',(-6.97572285602012,-1.12707675418622,-3.05026907149029));
#8911=CARTESIAN_POINT('Ctrl Pts',(-7.15523972395007,0.797768554588568,-3.14558997997436));
#8912=CARTESIAN_POINT('Ctrl Pts',(-5.63468011719917,1.99156680007918,-3.24091088845843));
#8913=CARTESIAN_POINT('Ctrl Pts',(-3.80743141445013,1.36036322996794,-3.3362317969425));
#8914=CARTESIAN_POINT('Ctrl Pts',(-3.34792010239528,-0.517429389759545,
-3.43155270542658));
#8915=CARTESIAN_POINT('Ctrl Pts',(-4.67722619640311,-1.92106790342628,-3.52687361391065));
#8916=CARTESIAN_POINT('Ctrl Pts',(-6.57722031464689,-1.5643073124784,-3.62219452239472));
#8917=CARTESIAN_POINT('Ctrl Pts',(-7.30681462854788,0.225929517032311,-3.71751543087879));
#8918=CARTESIAN_POINT('Ctrl Pts',(-6.19743455277694,1.80913247815148,-3.81283633936286));
#8919=CARTESIAN_POINT('Ctrl Pts',(-4.26567699605361,1.73451002404932,-3.90815724784693));
#8920=CARTESIAN_POINT('Ctrl Pts',(-3.28173668555118,0.0704435488200083,
-4.00347815633101));
#8921=CARTESIAN_POINT('Ctrl Pts',(-4.14726193807961,-1.6581749185838,-4.09879906481507));
#8922=CARTESIAN_POINT('Ctrl Pts',(-6.06911583387974,-1.86730017246713,-4.19411997329915));
#8923=CARTESIAN_POINT('Ctrl Pts',(-7.28617901255242,-0.365297180548378,
-4.28944088178322));
#8924=CARTESIAN_POINT('Ctrl Pts',(-6.68317755474655,1.47145130808525,-4.38476179026729));
#8925=CARTESIAN_POINT('Ctrl Pts',(-4.81268080197727,1.95981353685974,-4.48008269875136));
#8926=CARTESIAN_POINT('Ctrl Pts',(-3.38874623388174,0.652271524381437,-4.57540360723544));
#8927=CARTESIAN_POINT('Ctrl Pts',(-3.71621743992008,-1.25298918686789,-4.6707245157195));
#8928=CARTESIAN_POINT('Ctrl Pts',(-5.49501131690423,-2.01005464759013,-4.76604542420358));
#8929=CARTESIAN_POINT('Ctrl Pts',(-7.09510367737376,-0.925176679071817,
-4.86136633268765));
#8930=CARTESIAN_POINT('Ctrl Pts',(-7.05022612256966,1.0075006798513,-4.95668724117172));
#8931=CARTESIAN_POINT('Ctrl Pts',(-5.40150286634307,2.01693982759447,-5.05200814965579));
#8932=CARTESIAN_POINT('Ctrl Pts',(-3.6597659510505,1.17812620914821,-5.14732905813986));
#8933=CARTESIAN_POINT('Ctrl Pts',(-3.42108186692071,-0.74028085835356,-5.24264996662394));
#8934=CARTESIAN_POINT('Ctrl Pts',(-4.90417231937459,-1.98032056677955,-5.33797087510801));
#8935=CARTESIAN_POINT('Ctrl Pts',(-6.74998534567008,-1.40566411256316,-5.43329178359207));
#8936=CARTESIAN_POINT('Ctrl Pts',(-7.26708276567221,0.457093527921204,-5.52861269207616));
#8937=CARTESIAN_POINT('Ctrl Pts',(-5.98161467845008,1.90098672527541,-5.62393360056022));
#8938=CARTESIAN_POINT('Ctrl Pts',(-4.07153885778649,1.6028825041604,-5.7192545090443));
#8939=CARTESIAN_POINT('Ctrl Pts',(-3.28718164896041,-0.164046905907866,
-5.81457541752837));
#8940=CARTESIAN_POINT('Ctrl Pts',(-4.34730043138422,-1.78064949624656,-5.90989632601243));
#8941=CARTESIAN_POINT('Ctrl Pts',(-6.28043961031526,-1.76552747697405,-6.0052172344965));
#8942=CARTESIAN_POINT('Ctrl Pts',(-7.31513839580438,-0.132538128879303,
-6.10053814298058));
#8943=CARTESIAN_POINT('Ctrl Pts',(-6.50323517478802,1.62190449432735,-6.19585905146465));
#8944=CARTESIAN_POINT('Ctrl Pts',(-4.58872954849142,1.89009086068917,-6.29117995994872));
#8945=CARTESIAN_POINT('Ctrl Pts',(-3.32600713098111,0.426264367504341,-6.38650086843279));
#8946=CARTESIAN_POINT('Ctrl Pts',(-3.87218245950876,-1.4281757559825,-6.48182177691686));
#8947=CARTESIAN_POINT('Ctrl Pts',(-5.72675947634505,-1.97388591690399,-6.57714268540094));
#8948=CARTESIAN_POINT('Ctrl Pts',(-7.19026933902811,-0.710796206661367,
-6.672463593885));
#8949=CARTESIAN_POINT('Ctrl Pts',(-6.92160237973374,1.20364179109051,-6.76778450236908));
#8950=CARTESIAN_POINT('Ctrl Pts',(-5.166956834475,2.01510546939539,-6.86310541085315));
#8951=CARTESIAN_POINT('Ctrl Pts',(-3.53422576961518,0.979995963787914,-6.95842631933722));
#8952=CARTESIAN_POINT('Ctrl Pts',(-3.51959120006792,-0.953144803861294,
-7.0537472278213));
#8953=CARTESIAN_POINT('Ctrl Pts',(-5.13645484678033,-2.012862125834,-7.14906813630535));
#8954=CARTESIAN_POINT('Ctrl Pts',(-6.90319665084549,-1.22805389383202,-7.24438904478945));
#8955=CARTESIAN_POINT('Ctrl Pts',(-7.20080415520006,0.682081724918277,-7.33970995327349));
#8956=CARTESIAN_POINT('Ctrl Pts',(-5.75662207880727,1.96721605302583,-7.43503086175759));
#8957=CARTESIAN_POINT('Ctrl Pts',(-3.8939302059188,1.4495970218233,-7.53035177024165));
#8958=CARTESIAN_POINT('Ctrl Pts',(-3.31985895522761,-0.396256343515953,
-7.62567267872573));
#8959=CARTESIAN_POINT('Ctrl Pts',(-4.56003744577463,-1.87923373945537,-7.72099358720979));
#8960=CARTESIAN_POINT('Ctrl Pts',(-6.47882998725257,-1.63969025775349,-7.81631449569387));
#8961=CARTESIAN_POINT('Ctrl Pts',(-7.31635400706551,0.10153379971164,-7.91163540417793));
#8962=CARTESIAN_POINT('Ctrl Pts',(-6.30815095570107,1.7513965174481,-8.00695631266201));
#8963=CARTESIAN_POINT('Ctrl Pts',(-4.37211939118955,1.79302227213131,-8.10227722114608));
#8964=CARTESIAN_POINT('Ctrl Pts',(-3.6544362582322,0.730278046556389,-8.1658244934688));
#8965=CARTESIAN_POINT('Ctrl Pts',(-3.59969179421245,0.164529838726931,-8.19759812963015));
#8966=CARTESIAN_POINT('',(-6.25736293195286,1.41477004457354,-8.));
#8967=CARTESIAN_POINT('Ctrl Pts',(-6.25841463452565,1.41745216229091,-8.));
#8968=CARTESIAN_POINT('Ctrl Pts',(-6.2221223101536,1.43741414748218,-8.));
#8969=CARTESIAN_POINT('Ctrl Pts',(-6.18513465325016,1.45591887320835,-8.));
#8970=CARTESIAN_POINT('Ctrl Pts',(-6.14749284418949,1.47289455942722,-8.));
#8971=CARTESIAN_POINT('Ctrl Pts',(-6.08616018937344,1.50055433267164,-8.));
#8972=CARTESIAN_POINT('Ctrl Pts',(-6.02309119774342,1.52415804045475,-8.));
#8973=CARTESIAN_POINT('Ctrl Pts',(-5.95869181554345,1.54376158030509,-8.));
#8974=CARTESIAN_POINT('Ctrl Pts',(-5.90234235611848,1.56091467767414,-8.));
#8975=CARTESIAN_POINT('Ctrl Pts',(-5.84497338770524,1.57500408454007,-8.));
#8976=CARTESIAN_POINT('Ctrl Pts',(-5.78685584488673,1.58602906374409,-8.));
#8977=CARTESIAN_POINT('Ctrl Pts',(-5.75951399729846,1.59121585049454,-8.));
#8978=CARTESIAN_POINT('Ctrl Pts',(-5.73200652898577,1.59572388684731,-8.));
#8979=CARTESIAN_POINT('Ctrl Pts',(-5.70436231834206,1.59955049049639,-8.));
#8980=CARTESIAN_POINT('Ctrl Pts',(-5.68506596808547,1.60222155552542,-8.));
#8981=CARTESIAN_POINT('Ctrl Pts',(-5.6657030020589,1.60456056557131,-8.));
#8982=CARTESIAN_POINT('Ctrl Pts',(-5.64628345474646,1.60656614144793,-8.));
#8983=CARTESIAN_POINT('Ctrl Pts',(-5.63436782093444,1.60779674210733,-8.));
#8984=CARTESIAN_POINT('Ctrl Pts',(-5.62243837733964,1.60890097264048,-8.));
#8985=CARTESIAN_POINT('Ctrl Pts',(-5.6105051324506,1.60987845924065,-8.));
#8986=CARTESIAN_POINT('Ctrl Pts',(-5.54694410577531,1.61508492675605,-8.));
#8987=CARTESIAN_POINT('Ctrl Pts',(-5.48320638855569,1.61670702373682,-8.));
#8988=CARTESIAN_POINT('Ctrl Pts',(-5.41963397709723,1.61477923805633,-8.));
#8989=CARTESIAN_POINT('Ctrl Pts',(-5.35653721442373,1.61286587606838,-8.));
#8990=CARTESIAN_POINT('Ctrl Pts',(-5.29360219946678,1.60745526377586,-8.));
#8991=CARTESIAN_POINT('Ctrl Pts',(-5.23117648435375,1.59853203578394,-8.));
#8992=CARTESIAN_POINT('Ctrl Pts',(-5.17460689889905,1.59044589199678,-8.));
#8993=CARTESIAN_POINT('Ctrl Pts',(-5.11845513554295,1.57947454367587,-8.));
#8994=CARTESIAN_POINT('Ctrl Pts',(-5.06300034485799,1.56557414127233,-8.));
#8995=CARTESIAN_POINT('Ctrl Pts',(-5.05088177848822,1.56253647857425,-8.));
#8996=CARTESIAN_POINT('Ctrl Pts',(-5.03879659283617,1.55935882479876,-8.));
#8997=CARTESIAN_POINT('Ctrl Pts',(-5.02674787452274,1.55604053618588,-8.));
#8998=CARTESIAN_POINT('Ctrl Pts',(-5.01656950087947,1.55323735160811,-8.));
#8999=CARTESIAN_POINT('Ctrl Pts',(-5.00642051119426,1.55033466235834,-8.));
#9000=CARTESIAN_POINT('Ctrl Pts',(-4.99631202196641,1.54733519426577,-8.));
#9001=CARTESIAN_POINT('Ctrl Pts',(-4.93808514771619,1.53005767163037,-8.));
#9002=CARTESIAN_POINT('Ctrl Pts',(-4.88110749313468,1.50954747204942,-8.));
#9003=CARTESIAN_POINT('Ctrl Pts',(-4.82569261158684,1.48580098294939,-8.));
#9004=CARTESIAN_POINT('Ctrl Pts',(-4.77197890629414,1.46278348509272,-8.));
#9005=CARTESIAN_POINT('Ctrl Pts',(-4.71973278305701,1.43672492814754,-8.));
#9006=CARTESIAN_POINT('Ctrl Pts',(-4.66926871864674,1.40758312392634,-8.));
#9007=CARTESIAN_POINT('Ctrl Pts',(-4.64465416308352,1.39336879997923,-8.));
#9008=CARTESIAN_POINT('Ctrl Pts',(-4.62046409335249,1.378420370256,-8.));
#9009=CARTESIAN_POINT('Ctrl Pts',(-4.59673836474742,1.36272985760416,-8.));
#9010=CARTESIAN_POINT('Ctrl Pts',(-4.57160641154924,1.34610936783185,-8.));
#9011=CARTESIAN_POINT('Ctrl Pts',(-4.54699546930909,1.32865614348968,-8.));
#9012=CARTESIAN_POINT('Ctrl Pts',(-4.52293039635948,1.31040399149586,-8.));
#9013=CARTESIAN_POINT('Ctrl Pts',(-4.51262187028386,1.30258549100103,-8.));
#9014=CARTESIAN_POINT('Ctrl Pts',(-4.50241354322439,1.29462037803351,-8.));
#9015=CARTESIAN_POINT('Ctrl Pts',(-4.49230753519304,1.28651125206947,-8.));
#9016=CARTESIAN_POINT('Ctrl Pts',(-4.48422943363232,1.28002933132462,-8.));
#9017=CARTESIAN_POINT('Ctrl Pts',(-4.47622378841867,1.27346105649896,-8.));
#9018=CARTESIAN_POINT('Ctrl Pts',(-4.468292883698,1.26680953604466,-8.));
#9019=CARTESIAN_POINT('Ctrl Pts',(-4.42301296986889,1.22883401072807,-8.));
#9020=CARTESIAN_POINT('Ctrl Pts',(-4.38014786656246,1.18813335954203,-8.));
#9021=CARTESIAN_POINT('Ctrl Pts',(-4.33983038103046,1.14501021135303,-8.));
#9022=CARTESIAN_POINT('Ctrl Pts',(-4.29940898052286,1.10177591682558,-8.));
#9023=CARTESIAN_POINT('Ctrl Pts',(-4.2615478997514,1.05610550975224,-8.));
#9024=CARTESIAN_POINT('Ctrl Pts',(-4.22642643924918,1.00827807313089,-8.));
#9025=CARTESIAN_POINT('Ctrl Pts',(-4.20332241819996,0.976815654238588,-8.));
#9026=CARTESIAN_POINT('Ctrl Pts',(-4.18140489317008,0.944419301540421,-8.));
#9027=CARTESIAN_POINT('Ctrl Pts',(-4.16073699553293,0.911165865637771,-8.));
#9028=CARTESIAN_POINT('Ctrl Pts',(-4.15222366649632,0.897468418204686,-8.));
#9029=CARTESIAN_POINT('Ctrl Pts',(-4.14392248076893,0.883625540027182,-8.));
#9030=CARTESIAN_POINT('Ctrl Pts',(-4.13583836112262,0.869642597464803,-8.));
#9031=CARTESIAN_POINT('Ctrl Pts',(-4.12791901507564,0.855944660552539,-8.));
#9032=CARTESIAN_POINT('Ctrl Pts',(-4.12020566606769,0.842107668993159,-8.));
#9033=CARTESIAN_POINT('Ctrl Pts',(-4.11271737076238,0.828164036860778,-8.));
#9034=CARTESIAN_POINT('Ctrl Pts',(-4.08402456136118,0.774736392407312,-8.));
#9035=CARTESIAN_POINT('Ctrl Pts',(-4.05859116877612,0.719679551170921,-8.));
#9036=CARTESIAN_POINT('Ctrl Pts',(-4.03662293812711,0.663299107619389,-8.));
#9037=CARTESIAN_POINT('Ctrl Pts',(-4.02014676514036,0.621013774955741,-8.));
#9038=CARTESIAN_POINT('Ctrl Pts',(-4.00562091191246,0.57798340539605,-8.));
#9039=CARTESIAN_POINT('Ctrl Pts',(-3.99315616809888,0.534336603913289,-8.));
#9040=CARTESIAN_POINT('Ctrl Pts',(-3.98981667759879,0.522642975781763,-8.));
#9041=CARTESIAN_POINT('Ctrl Pts',(-3.98662525011958,0.510905116638209,-8.));
#9042=CARTESIAN_POINT('Ctrl Pts',(-3.98358428357566,0.499125545843575,-8.));
#9043=CARTESIAN_POINT('Ctrl Pts',(-3.98044544231543,0.486966844883163,-8.));
#9044=CARTESIAN_POINT('Ctrl Pts',(-3.97746895973304,0.474771511650907,-8.));
#9045=CARTESIAN_POINT('Ctrl Pts',(-3.97465784457778,0.462546818324248,-8.));
#9046=CARTESIAN_POINT('Ctrl Pts',(-3.96217704603332,0.408271583674961,-8.));
#9047=CARTESIAN_POINT('Ctrl Pts',(-3.95294438913663,0.353388833563948,-8.));
#9048=CARTESIAN_POINT('Ctrl Pts',(-3.94715303917599,0.2981424079508,-8.));
#9049=CARTESIAN_POINT('Ctrl Pts',(-3.94136168921535,0.242895982337652,-8.));
#9050=CARTESIAN_POINT('Ctrl Pts',(-3.93901137879503,0.187284961623769,-8.));
#9051=CARTESIAN_POINT('Ctrl Pts',(-3.9403506459208,0.131566082072849,-8.));
#9052=CARTESIAN_POINT('Ctrl Pts',(-7.01070447540924,0.000387695736584094,
-7.90680979980008));
#9053=CARTESIAN_POINT('Ctrl Pts',(-7.01082463327135,0.0290434928592737,
-7.9084183345927));
#9054=CARTESIAN_POINT('Ctrl Pts',(-7.01017292790653,0.0576947136004651,
-7.91002686938532));
#9055=CARTESIAN_POINT('Ctrl Pts',(-7.00873282853595,0.0863069097568618,
-7.91163540417793));
#9056=CARTESIAN_POINT('Ctrl Pts',(-6.982362287385,0.610242348920098,-7.94109026945196));
#9057=CARTESIAN_POINT('Ctrl Pts',(-6.69163129979932,1.12109225396797,-7.97054513472598));
#9058=CARTESIAN_POINT('Ctrl Pts',(-6.25841463452557,1.41745216229096,-8.00000000000001));
#9059=CARTESIAN_POINT('',(-6.09376424639113,1.11170783983524,1.38777878078145E-16));
#9060=CARTESIAN_POINT('Ctrl Pts',(-6.09548168265332,1.11324330164883,-1.10154940724527E-16));
#9061=CARTESIAN_POINT('Ctrl Pts',(-6.12496309513601,1.09736902980512,-9.03092647141496E-17));
#9062=CARTESIAN_POINT('Ctrl Pts',(-6.15376441128264,1.08036966727912,4.18834247427339E-16));
#9063=CARTESIAN_POINT('Ctrl Pts',(-6.18181335870359,1.06225978674166,3.30464822173582E-16));
#9064=CARTESIAN_POINT('Ctrl Pts',(-6.22704966107598,1.03305284290787,1.92019230511305E-16));
#9065=CARTESIAN_POINT('Ctrl Pts',(-6.27033038114058,1.00096025903004,2.30132440576913E-16));
#9066=CARTESIAN_POINT('Ctrl Pts',(-6.31158031460417,0.966291671283647,2.98372437868011E-16));
#9067=CARTESIAN_POINT('Ctrl Pts',(-6.33660012489267,0.945263722495551,3.39762850965709E-16));
#9068=CARTESIAN_POINT('Ctrl Pts',(-6.36087253811313,0.923287062294183,3.67638040391256E-16));
#9069=CARTESIAN_POINT('Ctrl Pts',(-6.38437719876231,0.900422537574958,4.09394740330526E-16));
#9070=CARTESIAN_POINT('Ctrl Pts',(-6.39304702350111,0.891988830532324,4.24796931221416E-16));
#9071=CARTESIAN_POINT('Ctrl Pts',(-6.40161000910461,0.883436433275884,1.61848044303065E-16));
#9072=CARTESIAN_POINT('Ctrl Pts',(-6.41005814885163,0.874776000789671,1.6306400674182E-16));
#9073=CARTESIAN_POINT('Ctrl Pts',(-6.44956799835052,0.834273310922771,1.68750760795393E-16));
#9074=CARTESIAN_POINT('Ctrl Pts',(-6.48661403551638,0.791366945088625,2.39759895192624E-17));
#9075=CARTESIAN_POINT('Ctrl Pts',(-6.52111105473799,0.74639394759341,2.08166817117217E-17));
#9076=CARTESIAN_POINT('Ctrl Pts',(-6.54652326212642,0.713264617436323,1.84893796137236E-17));
#9077=CARTESIAN_POINT('Ctrl Pts',(-6.57055191029374,0.679012614602654,9.56697844870851E-17));
#9078=CARTESIAN_POINT('Ctrl Pts',(-6.59315386208871,0.643757158486065,3.46944695195361E-17));
#9079=CARTESIAN_POINT('Ctrl Pts',(-6.60149662626307,0.630743771018099,1.21874454427549E-17));
#9080=CARTESIAN_POINT('Ctrl Pts',(-6.60964491946778,0.617593552663474,1.15051455504937E-16));
#9081=CARTESIAN_POINT('Ctrl Pts',(-6.61759624521178,0.604312129792217,8.32667268468867E-17));
#9082=CARTESIAN_POINT('Ctrl Pts',(-6.62339243482876,0.594630518470594,6.00969662110396E-17));
#9083=CARTESIAN_POINT('Ctrl Pts',(-6.6290835119893,0.584879732883954,-1.24223293835571E-16));
#9084=CARTESIAN_POINT('Ctrl Pts',(-6.63466213324424,0.57507368082187,-1.17961196366423E-16));
#9085=CARTESIAN_POINT('Ctrl Pts',(-6.66369520437297,0.524039600177294,-8.53710790366994E-17));
#9086=CARTESIAN_POINT('Ctrl Pts',(-6.68973303530255,0.471432424823135,-2.50404144585232E-17));
#9087=CARTESIAN_POINT('Ctrl Pts',(-6.71268715027344,0.417594617918319,2.77555756156289E-17));
#9088=CARTESIAN_POINT('Ctrl Pts',(-6.73609987799011,0.362681156191592,8.16064054866779E-17));
#9089=CARTESIAN_POINT('Ctrl Pts',(-6.75630520373403,0.306486567248085,7.35449663099909E-17));
#9090=CARTESIAN_POINT('Ctrl Pts',(-6.77317436626264,0.249333804390978,4.16333634234434E-17));
#9091=CARTESIAN_POINT('Ctrl Pts',(-6.78360646550297,0.21398982729827,2.1898832579613E-17));
#9092=CARTESIAN_POINT('Ctrl Pts',(-6.7927619730785,0.17827866223467,2.2728853548867E-16));
#9093=CARTESIAN_POINT('Ctrl Pts',(-6.80060197404992,0.142271402205904,2.35922392732846E-16));
#9094=CARTESIAN_POINT('Ctrl Pts',(-6.80578042141995,0.118488024923454,2.41625195003193E-16));
#9095=CARTESIAN_POINT('Ctrl Pts',(-6.81038479993162,0.0945753914411105,
1.65175643629405E-16));
#9096=CARTESIAN_POINT('Ctrl Pts',(-6.8144021002947,0.0705533845851613,1.66533453693773E-16));
#9097=CARTESIAN_POINT('Ctrl Pts',(-6.81644331382484,0.058347664080364,1.67223364834157E-16));
#9098=CARTESIAN_POINT('Ctrl Pts',(-6.81833304795506,0.046111937752214,-1.40741872638182E-17));
#9099=CARTESIAN_POINT('Ctrl Pts',(-6.82006681362257,0.0338702771965458,
0.));
#9100=CARTESIAN_POINT('Ctrl Pts',(-6.82867423522352,-0.0269044488650837,
6.98724549344387E-17));
#9101=CARTESIAN_POINT('Ctrl Pts',(-6.83346173157363,-0.0879390346832239,
1.98044560821069E-16));
#9102=CARTESIAN_POINT('Ctrl Pts',(-6.83430958358908,-0.148890770152062,
1.66533453693773E-16));
#9103=CARTESIAN_POINT('Ctrl Pts',(-6.83448142523391,-0.161244395887853,
1.60146819728772E-16));
#9104=CARTESIAN_POINT('Ctrl Pts',(-6.83449128829078,-0.173594712097426,
2.08728375665057E-16));
#9105=CARTESIAN_POINT('Ctrl Pts',(-6.83433794860997,-0.185938993982908,
1.94289029309402E-16));
#9106=CARTESIAN_POINT('Ctrl Pts',(-6.83360821857049,-0.244684344566113,
1.38790512479333E-16));
#9107=CARTESIAN_POINT('Ctrl Pts',(-6.82918659838941,-0.303292291702559,
-1.38122205127783E-16));
#9108=CARTESIAN_POINT('Ctrl Pts',(-6.82128338504256,-0.361535790697916,
-1.66533453693773E-16));
#9109=CARTESIAN_POINT('Ctrl Pts',(-6.81698908499918,-0.393183052297149,
-1.81971025804618E-16));
#9110=CARTESIAN_POINT('Ctrl Pts',(-6.81166596297577,-0.424722893992142,
3.36644860491233E-16));
#9111=CARTESIAN_POINT('Ctrl Pts',(-6.80534152362343,-0.456119414397999,
3.7470027081099E-16));
#9112=CARTESIAN_POINT('Ctrl Pts',(-6.80161517501182,-0.474618189341655,
3.97122452052526E-16));
#9113=CARTESIAN_POINT('Ctrl Pts',(-6.79754113357539,-0.493067211168922,
1.9666100351952E-16));
#9114=CARTESIAN_POINT('Ctrl Pts',(-6.79312434924577,-0.511459092027321,
2.22044604925031E-16));
#9115=CARTESIAN_POINT('Ctrl Pts',(-6.78937846020409,-0.527057305528779,
2.4357251918282E-16));
#9116=CARTESIAN_POINT('Ctrl Pts',(-6.78538410920153,-0.542620828863836,
1.26219928094434E-16));
#9117=CARTESIAN_POINT('Ctrl Pts',(-6.78115415971269,-0.558109986375153,
1.38777878078145E-16));
#9118=CARTESIAN_POINT('Ctrl Pts',(-6.76496833163206,-0.617378977944288,
1.8683065507175E-16));
#9119=CARTESIAN_POINT('Ctrl Pts',(-6.74532177896461,-0.675635138168152,
3.14625041265642E-16));
#9120=CARTESIAN_POINT('Ctrl Pts',(-6.7224632532908,-0.732632088622603,2.77555756156289E-16));
#9121=CARTESIAN_POINT('Ctrl Pts',(-6.69911697568685,-0.790845231800656,
2.39695491977713E-16));
#9122=CARTESIAN_POINT('Ctrl Pts',(-6.67241999750399,-0.84774576969334,-1.17166268945636E-16));
#9123=CARTESIAN_POINT('Ctrl Pts',(-6.6425822653791,-0.90307302188369,-1.94289029309402E-16));
#9124=CARTESIAN_POINT('Ctrl Pts',(-6.61255214116152,-0.958757021221824,
-2.71909073085951E-16));
#9125=CARTESIAN_POINT('Ctrl Pts',(-6.57934027251829,-1.01284839634856,1.88878088152099E-16));
#9126=CARTESIAN_POINT('Ctrl Pts',(-6.54310986832668,-1.06506853125284,1.38777878078145E-16));
#9127=CARTESIAN_POINT('Ctrl Pts',(-6.53575165160334,-1.07567418356397,1.28602772063326E-16));
#9128=CARTESIAN_POINT('Ctrl Pts',(-6.52826877137248,-1.08620258004629,-1.0629302783591E-16));
#9129=CARTESIAN_POINT('Ctrl Pts',(-6.520662361925,-1.09665126275748,-1.11022302462516E-16));
#9130=CARTESIAN_POINT('Ctrl Pts',(-6.51443230818534,-1.10520928941233,-1.14895829818195E-16));
#9131=CARTESIAN_POINT('Ctrl Pts',(-6.50812500543382,-1.11370610772981,1.45820655088471E-16));
#9132=CARTESIAN_POINT('Ctrl Pts',(-6.50174200692438,-1.12213997419811,1.38777878078145E-16));
#9133=CARTESIAN_POINT('Ctrl Pts',(-6.46231048714408,-1.17424090638185,9.52705201208853E-17));
#9134=CARTESIAN_POINT('Ctrl Pts',(-6.41998890654006,-1.22394785081452,-1.94559351762398E-17));
#9135=CARTESIAN_POINT('Ctrl Pts',(-6.37500797769316,-1.27098912598194,-8.32667268468867E-17));
#9136=CARTESIAN_POINT('Ctrl Pts',(-6.32998120731777,-1.31807834244384,-1.47142550172029E-16));
#9137=CARTESIAN_POINT('Ctrl Pts',(-6.28228919896132,-1.36249748949523,-2.02826535128514E-16));
#9138=CARTESIAN_POINT('Ctrl Pts',(-6.23211472699239,-1.4039558603989,-1.66533453693773E-16));
#9139=CARTESIAN_POINT('Ctrl Pts',(-6.1830990436632,-1.4444567426168,-1.31078567636426E-16));
#9140=CARTESIAN_POINT('Ctrl Pts',(-6.13171364423267,-1.48213289202214,-1.45260522059365E-16));
#9141=CARTESIAN_POINT('Ctrl Pts',(-6.07809063784108,-1.51668208872074,-1.66533453693773E-16));
#9142=CARTESIAN_POINT('Ctrl Pts',(-6.06766002808279,-1.52340250990702,-1.70671409829111E-16));
#9143=CARTESIAN_POINT('Ctrl Pts',(-6.05714465060918,-1.53000449722218,2.65141887750275E-17));
#9144=CARTESIAN_POINT('Ctrl Pts',(-6.04654533313741,-1.53648564199955,2.77555756156289E-17));
#9145=CARTESIAN_POINT('Ctrl Pts',(-6.09548168265333,1.11324330164883,3.99528500560908E-16));
#9146=CARTESIAN_POINT('Ctrl Pts',(-5.7526627044925,1.35540876854912,-0.0294548652740215));
#9147=CARTESIAN_POINT('Ctrl Pts',(-4.78834290596265,1.5125898834259,-0.0906833667094006));
#9148=CARTESIAN_POINT('Ctrl Pts',(-3.74257258948149,0.426839581713529,-0.183685504306137));
#9149=CARTESIAN_POINT('Ctrl Pts',(-4.09753229206872,-1.07813753595824,-0.279006412790209));
#9150=CARTESIAN_POINT('Ctrl Pts',(-5.55458381068875,-1.59461642540771,-0.374327321274279));
#9151=CARTESIAN_POINT('Ctrl Pts',(-6.53965177824441,-0.834281733026055,
-0.451062407067522));
#9152=CARTESIAN_POINT('Ctrl Pts',(-6.66477689818771,-0.189909929942831,
-0.496023856699405));
#9153=CARTESIAN_POINT('Ctrl Pts',(-6.66401453464912,-0.000621721014717296,
-0.509211670169932));
#9154=CARTESIAN_POINT('Origin',(-5.3,0.,1.10921167016992));
#9155=CARTESIAN_POINT('',(-4.50623575360885,1.11170783983522,0.));
#9156=CARTESIAN_POINT('Origin',(-5.3,0.,0.));
#9157=CARTESIAN_POINT('Ctrl Pts',(-4.50623575360885,1.11170783983522,1.66533453693773E-15));
#9158=CARTESIAN_POINT('Ctrl Pts',(-4.13633415819461,0.847596487371977,-0.0317736361613555));
#9159=CARTESIAN_POINT('Ctrl Pts',(-3.68731373016137,-0.074321529026546,
-0.0953209084840703));
#9160=CARTESIAN_POINT('Ctrl Pts',(-4.49021304582188,-1.39841194865897,-0.190641816968141));
#9161=CARTESIAN_POINT('Ctrl Pts',(-6.03587365903268,-1.43695330184012,-0.285962725452213));
#9162=CARTESIAN_POINT('Ctrl Pts',(-6.64546452303965,-0.543747736663201,
-0.352678229739523));
#9163=CARTESIAN_POINT('Ctrl Pts',(-6.66798453222533,-0.046027175580062,
-0.387620097865475));
#9164=CARTESIAN_POINT('Ctrl Pts',(-6.66767777558651,-0.000868175286681252,
-0.39078832983007));
#9165=CARTESIAN_POINT('Ctrl Pts',(-4.30735887708811,1.39024518111167,0.197598129630151));
#9166=CARTESIAN_POINT('Ctrl Pts',(-3.84477878897216,1.05996098063925,0.165824493468794));
#9167=CARTESIAN_POINT('Ctrl Pts',(-3.28325672002061,-0.092942717393517,
0.102277221146079));
#9168=CARTESIAN_POINT('Ctrl Pts',(-4.2873216951136,-1.74878273154953,0.00695631266200776));
#9169=CARTESIAN_POINT('Ctrl Pts',(-6.22024610398429,-1.79698058409108,-0.0883645958220638));
#9170=CARTESIAN_POINT('Ctrl Pts',(-7.30942841465022,-0.201051644171956,
-0.183685504306136));
#9171=CARTESIAN_POINT('Ctrl Pts',(-6.55748286084918,1.58044326271261,-0.279006412790207));
#9172=CARTESIAN_POINT('Ctrl Pts',(-4.65309754739062,1.9129805817676,-0.374327321274278));
#9173=CARTESIAN_POINT('Ctrl Pts',(-3.34157727103369,0.492893659150664,-0.46964822975835));
#9174=CARTESIAN_POINT('Ctrl Pts',(-3.82465197597634,-1.37905434281347,-0.564969138242421));
#9175=CARTESIAN_POINT('Ctrl Pts',(-5.65970197295073,-1.98718552753874,-0.660290046726494));
#9176=CARTESIAN_POINT('Ctrl Pts',(-7.16512417935129,-0.774382076055868,
-0.755610955210563));
#9177=CARTESIAN_POINT('Ctrl Pts',(-6.96141714477448,1.14806531215085,-0.850931863694637));
#9178=CARTESIAN_POINT('Ctrl Pts',(-5.2352432142294,2.01845163417827,-0.946252772178708));
#9179=CARTESIAN_POINT('Ctrl Pts',(-3.56841149896674,1.03920735077356,-1.04157368066278));
#9180=CARTESIAN_POINT('Ctrl Pts',(-3.48834590451854,-0.892333966381038,
-1.13689458914685));
#9181=CARTESIAN_POINT('Ctrl Pts',(-5.06841682365451,-2.00616973438919,-1.23221549763092));
#9182=CARTESIAN_POINT('Ctrl Pts',(-6.86070222840338,-1.28162315367302,-1.32753640611499));
#9183=CARTESIAN_POINT('Ctrl Pts',(-7.22281507037858,0.617358405536299,-1.42285731459907));
#9184=CARTESIAN_POINT('Ctrl Pts',(-5.82292771115037,1.95061412376385,-1.51817822308314));
#9185=CARTESIAN_POINT('Ctrl Pts',(-3.94384780579326,1.49639577526429,-1.61349913156721));
#9186=CARTESIAN_POINT('Ctrl Pts',(-3.30749809001408,-0.329067147645064,
-1.70882004005128));
#9187=CARTESIAN_POINT('Ctrl Pts',(-4.49700709947904,-1.85298445982821,-1.80414094853535));
#9188=CARTESIAN_POINT('Ctrl Pts',(-6.42235057513881,-1.67889196449484,-1.89946185701942));
#9189=CARTESIAN_POINT('Ctrl Pts',(-7.31921143448804,0.0336781287984246,
-1.9947827655035));
#9190=CARTESIAN_POINT('Ctrl Pts',(-6.36573790580591,1.71538676243891,-2.09010367398757));
#9191=CARTESIAN_POINT('Ctrl Pts',(-4.43565961960368,1.82517526296464,-2.18542458247164));
#9192=CARTESIAN_POINT('Ctrl Pts',(-3.29763247767712,0.262437302453849,-2.28074549095571));
#9193=CARTESIAN_POINT('Ctrl Pts',(-3.99450455374703,-1.5407889769417,-2.37606639943978));
#9194=CARTESIAN_POINT('Ctrl Pts',(-5.88768677085884,-1.9320903942959,-2.47138730792385));
#9195=CARTESIAN_POINT('Ctrl Pts',(-7.2423334873342,-0.552892083581292,-2.56670821640793));
#9196=CARTESIAN_POINT('Ctrl Pts',(-6.81709406552629,1.33295709923648,-2.66202912489199));
#9197=CARTESIAN_POINT('Ctrl Pts',(-5.00164296521345,1.99733124742817,-2.75735003337607));
#9198=CARTESIAN_POINT('Ctrl Pts',(-3.45959576485879,0.831421243047243,-2.85267094186013));
#9199=CARTESIAN_POINT('Ctrl Pts',(-3.60403031868803,-1.09637396548071,-2.94799185034422));
#9200=CARTESIAN_POINT('Ctrl Pts',(-5.30259187818201,-2.01949060762716,-3.04331275882828));
#9201=CARTESIAN_POINT('Ctrl Pts',(-6.99877833161081,-1.09201703840622,-3.13863366731236));
#9202=CARTESIAN_POINT('Ctrl Pts',(-7.13826403095773,0.836142562370272,-3.23395457579642));
#9203=CARTESIAN_POINT('Ctrl Pts',(-5.59322918401381,1.9980905079011,-3.3292754842805));
#9204=CARTESIAN_POINT('Ctrl Pts',(-3.77948941931857,1.32905854128275,-3.42459639276457));
#9205=CARTESIAN_POINT('Ctrl Pts',(-3.35909210754431,-0.557875958546448,
-3.51991730124864));
#9206=CARTESIAN_POINT('Ctrl Pts',(-4.71727456899051,-1.93359253830169,-3.61523820973271));
#9207=CARTESIAN_POINT('Ctrl Pts',(-6.6094461336617,-1.53743287826149,-3.71055911821678));
#9208=CARTESIAN_POINT('Ctrl Pts',(-7.3016872861247,0.267576233413553,-3.80588002670086));
#9209=CARTESIAN_POINT('Ctrl Pts',(-6.15965256529542,1.8273878896124,-3.90120093518493));
#9210=CARTESIAN_POINT('Ctrl Pts',(-4.22986244887287,1.71264551317213,-3.996521843669));
#9211=CARTESIAN_POINT('Ctrl Pts',(-3.28070877089064,0.028494984874254,-4.09184275215306));
#9212=CARTESIAN_POINT('Ctrl Pts',(-4.18196260080481,-1.68176734601491,-4.18716366063715));
#9213=CARTESIAN_POINT('Ctrl Pts',(-6.10774660633532,-1.85091719211712,-4.28248456912121));
#9214=CARTESIAN_POINT('Ctrl Pts',(-7.29334001266224,-0.323951579777787,
-4.37780547760529));
#9215=CARTESIAN_POINT('Ctrl Pts',(-6.65230669370646,1.4998718739541,-4.47312638608935));
#9216=CARTESIAN_POINT('Ctrl Pts',(-4.77206705178871,1.94926546019598,-4.56844729457343));
#9217=CARTESIAN_POINT('Ctrl Pts',(-3.37560660771789,0.612420691894726,-4.6637682030575));
#9218=CARTESIAN_POINT('Ctrl Pts',(-3.7425926293618,-1.28562487297369,-4.75908911154157));
#9219=CARTESIAN_POINT('Ctrl Pts',(-5.5367320253904,-2.00556899164999,-4.85441002002564));
#9220=CARTESIAN_POINT('Ctrl Pts',(-7.11393851405039,-0.887680178533063,
-4.94973092850972));
#9221=CARTESIAN_POINT('Ctrl Pts',(-7.02891550512692,1.04364754984208,-5.04505183699379));
#9222=CARTESIAN_POINT('Ctrl Pts',(-5.35957509555657,2.01861334585142,-5.14037274547785));
#9223=CARTESIAN_POINT('Ctrl Pts',(-3.63564216241937,1.14379282240735,-5.23569365396193));
#9224=CARTESIAN_POINT('Ctrl Pts',(-3.43686825236963,-0.779159241326689,
-5.331014562446));
#9225=CARTESIAN_POINT('Ctrl Pts',(-4.94540279027301,-1.9881171621678,-5.42633547093007));
#9226=CARTESIAN_POINT('Ctrl Pts',(-6.77887774741224,-1.37523439470572,-5.52165637941415));
#9227=CARTESIAN_POINT('Ctrl Pts',(-7.2571611172975,0.497864835734079,-5.61697728789821));
#9228=CARTESIAN_POINT('Ctrl Pts',(-5.94197082888506,1.91473822844869,-5.71229819638229));
#9229=CARTESIAN_POINT('Ctrl Pts',(-4.03850103911056,1.57701281072839,-5.80761910486635));
#9230=CARTESIAN_POINT('Ctrl Pts',(-3.29102455365172,-0.205831722359455,
-5.90294001335043));
#9231=CARTESIAN_POINT('Ctrl Pts',(-4.38450256302294,-1.80005929056249,-5.9982609218345));
#9232=CARTESIAN_POINT('Ctrl Pts',(-6.31691023090158,-1.74477581117017,-6.09358183031858));
#9233=CARTESIAN_POINT('Ctrl Pts',(-7.31745713370743,-0.0906410708981978,
-6.18890273880265));
#9234=CARTESIAN_POINT('Ctrl Pts',(-6.46927717581761,1.64655389739538,-6.28422364728672));
#9235=CARTESIAN_POINT('Ctrl Pts',(-4.54961281384579,1.8749048686845,-6.37954455577079));
#9236=CARTESIAN_POINT('Ctrl Pts',(-3.31757670012034,0.385158686606269,-6.47486546425487));
#9237=CARTESIAN_POINT('Ctrl Pts',(-3.90216399079215,-1.45753293688594,-6.57018637273892));
#9238=CARTESIAN_POINT('Ctrl Pts',(-5.76767836076737,-1.9645934490632,-6.665507281223));
#9239=CARTESIAN_POINT('Ctrl Pts',(-7.20463007050537,-0.671367968657431,
-6.76082818970707));
#9240=CARTESIAN_POINT('Ctrl Pts',(-6.89624314842231,1.23707245217694,-6.85614909819115));
#9241=CARTESIAN_POINT('Ctrl Pts',(-5.12512003356825,2.01190901565041,-6.95147000667522));
#9242=CARTESIAN_POINT('Ctrl Pts',(-3.51424137638377,0.943091693472991,-7.04679091515929));
#9243=CARTESIAN_POINT('Ctrl Pts',(-3.53978709073655,-0.989920372689805,
-7.14211182364337));
#9244=CARTESIAN_POINT('Ctrl Pts',(-5.17829581547854,-2.01584492555681,-7.23743273212742));
#9245=CARTESIAN_POINT('Ctrl Pts',(-6.92839531237336,-1.19444231807286,-7.33275364061151));
#9246=CARTESIAN_POINT('Ctrl Pts',(-7.18616587658364,0.721356898784095,-7.42807454909557));
#9247=CARTESIAN_POINT('Ctrl Pts',(-5.71575836878132,1.97641317309196,-7.52339545757965));
#9248=CARTESIAN_POINT('Ctrl Pts',(-3.8639099113429,1.41981321816947,-7.61871636606372));
#9249=CARTESIAN_POINT('Ctrl Pts',(-3.32891388150327,-0.436819899922192,
-7.71403727454779));
#9250=CARTESIAN_POINT('Ctrl Pts',(-4.59847126788504,-1.89515588524285,-7.80935818303186));
#9251=CARTESIAN_POINT('Ctrl Pts',(-6.51426961671588,-1.61289835512943,-7.90467909151594));
#9252=CARTESIAN_POINT('Ctrl Pts',(-7.0444070292993,-0.44523046799858,-7.96822636383865));
#9253=CARTESIAN_POINT('Ctrl Pts',(-7.00390826509035,0.121715597426167,-8.00000000000001));
#9254=CARTESIAN_POINT('Ctrl Pts',(-4.37365116926169,1.29739940068618,0.131732086420101));
#9255=CARTESIAN_POINT('Ctrl Pts',(-3.94196391204631,0.989172816216826,0.0999584502587438));
#9256=CARTESIAN_POINT('Ctrl Pts',(-3.41794239006753,-0.086735654604527,
0.0364111779360294));
#9257=CARTESIAN_POINT('Ctrl Pts',(-4.35495214534969,-1.63199247058601,-0.0589097305480419));
#9258=CARTESIAN_POINT('Ctrl Pts',(-6.15878862233376,-1.67697149000743,-0.154230639032114));
#9259=CARTESIAN_POINT('Ctrl Pts',(-7.17523125870815,-0.187624662325446,
-0.249551547516186));
#9260=CARTESIAN_POINT('Ctrl Pts',(-6.47350344543856,1.47489534200168,-0.344872456000256));
#9261=CARTESIAN_POINT('Ctrl Pts',(-4.69630011618041,1.78522457335549,-0.440193364484329));
#9262=CARTESIAN_POINT('Ctrl Pts',(-3.47236807624151,0.459976374435435,-0.5355142729684));
#9263=CARTESIAN_POINT('Ctrl Pts',(-3.92318124300832,-1.28695592848538,-0.630835181452472));
#9264=CARTESIAN_POINT('Ctrl Pts',(-5.63567972791588,-1.8544738349098,-0.726156089936543));
#9265=CARTESIAN_POINT('Ctrl Pts',(-7.04056420074104,-0.722665940531176,
-0.821476998420614));
#9266=CARTESIAN_POINT('Ctrl Pts',(-6.85046148492782,1.07139321047104,-0.916797906904686));
#9267=CARTESIAN_POINT('Ctrl Pts',(-5.23956791493286,1.88365187383923,-1.01211881538876));
#9268=CARTESIAN_POINT('Ctrl Pts',(-3.68405346481454,0.969805191487295,-1.10743972387283));
#9269=CARTESIAN_POINT('Ctrl Pts',(-3.60933495065319,-0.832740561825917,
-1.2027606323569));
#9270=CARTESIAN_POINT('Ctrl Pts',(-5.0838828155769,-1.87219020532052,-1.29808154084097));
#9271=CARTESIAN_POINT('Ctrl Pts',(-6.75647268790462,-1.19603155908896,-1.39340244932504));
#9272=CARTESIAN_POINT('Ctrl Pts',(-7.09440227798147,0.576128898868707,-1.48872335780912));
#9273=CARTESIAN_POINT('Ctrl Pts',(-5.7880046399486,1.82034480645897,-1.58404426629319));
#9274=CARTESIAN_POINT('Ctrl Pts',(-4.03441672885628,1.39646086056909,-1.67936517477726));
#9275=CARTESIAN_POINT('Ctrl Pts',(-3.4405648305756,-0.307090810988355,-1.77468608326133));
#9276=CARTESIAN_POINT('Ctrl Pts',(-4.55063397302475,-1.7292352171576,-1.8700069917454));
#9277=CARTESIAN_POINT('Ctrl Pts',(-6.34739579991247,-1.56676927073448,-1.96532790022947));
#9278=CARTESIAN_POINT('Ctrl Pts',(-7.18436093183843,0.0314289772142086,
-2.06064880871355));
#9279=CARTESIAN_POINT('Ctrl Pts',(-6.2945639366831,1.60082680937882,-2.15596971719762));
#9280=CARTESIAN_POINT('Ctrl Pts',(-4.49338350763541,1.70328322262127,-2.25129062568169));
#9281=CARTESIAN_POINT('Ctrl Pts',(-3.43135808078264,0.24491075642431,-2.34661153416576));
#9282=CARTESIAN_POINT('Ctrl Pts',(-4.08169042944441,-1.4378893179616,-2.44193244264983));
#9283=CARTESIAN_POINT('Ctrl Pts',(-5.84843884709156,-1.80305816102642,-2.5372533511339));
#9284=CARTESIAN_POINT('Ctrl Pts',(-7.11261718194562,-0.515967879355574,
-2.63257425961797));
#9285=CARTESIAN_POINT('Ctrl Pts',(-6.71577684148094,1.24393723149393,-2.72789516810205));
#9286=CARTESIAN_POINT('Ctrl Pts',(-5.02156836550724,1.86394198562374,-2.82321607658612));
#9287=CARTESIAN_POINT('Ctrl Pts',(-3.58250485300496,0.775895818307895,-2.91853698507019));
#9288=CARTESIAN_POINT('Ctrl Pts',(-3.71729352634284,-1.02315400554399,-3.01385789355426));
#9289=CARTESIAN_POINT('Ctrl Pts',(-5.30241878284903,-1.88462146074967,-3.10917880203834));
#9290=CARTESIAN_POINT('Ctrl Pts',(-6.88532755176911,-1.0190880503786,-3.2044997105224));
#9291=CARTESIAN_POINT('Ctrl Pts',(-7.01549787366317,0.780301830242623,-3.29982061900648));
#9292=CARTESIAN_POINT('Ctrl Pts',(-5.57364624080121,1.86465053983843,-3.39514152749055));
#9293=CARTESIAN_POINT('Ctrl Pts',(-3.88103481104268,1.24029903384257,-3.49046243597462));
#9294=CARTESIAN_POINT('Ctrl Pts',(-3.48871320636727,-0.520618912483231,
-3.58578334445869));
#9295=CARTESIAN_POINT('Ctrl Pts',(-4.75619115589973,-1.80445998622915,-3.68110425294276));
#9296=CARTESIAN_POINT('Ctrl Pts',(-6.5219964162617,-1.43475735212168,-3.77642516142683));
#9297=CARTESIAN_POINT('Ctrl Pts',(-7.16800711174034,0.249706490326429,-3.87174606991091));
#9298=CARTESIAN_POINT('Ctrl Pts',(-6.10224174711457,1.705348081774,-3.96706697839497));
#9299=CARTESIAN_POINT('Ctrl Pts',(-4.30133024278929,1.59826863100555,-4.06238788687905));
#9300=CARTESIAN_POINT('Ctrl Pts',(-3.41556460252393,0.0265919830549914,
-4.15770879536312));
#9301=CARTESIAN_POINT('Ctrl Pts',(-4.25662932598645,-1.56945262350677,-4.25302970384719));
#9302=CARTESIAN_POINT('Ctrl Pts',(-6.05380226251012,-1.7273060093273,-4.34835061233126));
#9303=CARTESIAN_POINT('Ctrl Pts',(-7.16021730046483,-0.302316879903843,
-4.44367152081534));
#9304=CARTESIAN_POINT('Ctrl Pts',(-6.56199458757035,1.39970481236851,-4.5389924292994));
#9305=CARTESIAN_POINT('Ctrl Pts',(-4.80732439146873,1.81908621169565,-4.63431333778348));
#9306=CARTESIAN_POINT('Ctrl Pts',(-3.5041248063634,0.571520944238545,-4.72963424626755));
#9307=CARTESIAN_POINT('Ctrl Pts',(-3.84660212691796,-1.19976602858612,-4.82495515475162));
#9308=CARTESIAN_POINT('Ctrl Pts',(-5.52092217404355,-1.87162958243154,-4.92027606323569));
#9309=CARTESIAN_POINT('Ctrl Pts',(-6.99279690588731,-0.8283975713614,-5.01559697171976));
#9310=CARTESIAN_POINT('Ctrl Pts',(-6.91345205195756,0.973948857431057,-5.11091788020384));
#9311=CARTESIAN_POINT('Ctrl Pts',(-5.35559644753388,1.88380278580115,-5.20623878868791));
#9312=CARTESIAN_POINT('Ctrl Pts',(-3.74679421274611,1.06740605359542,-5.30155969717198));
#9313=CARTESIAN_POINT('Ctrl Pts',(-3.56129516892683,-0.727124068812125,
-5.39688060565606));
#9314=CARTESIAN_POINT('Ctrl Pts',(-4.96908412009966,-1.85534325148885,-5.49220151414012));
#9315=CARTESIAN_POINT('Ctrl Pts',(-6.68011275223163,-1.28339109082005,-5.5875224226242));
#9316=CARTESIAN_POINT('Ctrl Pts',(-7.12645456724236,0.464615557226847,-5.68284333110827));
#9317=CARTESIAN_POINT('Ctrl Pts',(-5.89909761239918,1.78686483780787,-5.77816423959233));
#9318=CARTESIAN_POINT('Ctrl Pts',(-4.12274866472438,1.47169398844988,-5.87348514807641));
#9319=CARTESIAN_POINT('Ctrl Pts',(-3.42519145867396,-0.192085508987588,
-5.96880605656048));
#9320=CARTESIAN_POINT('Ctrl Pts',(-4.44564291090439,-1.67984458892924,-6.06412696504456));
#9321=CARTESIAN_POINT('Ctrl Pts',(-6.24899715679533,-1.62825314735769,-6.15944787352862));
#9322=CARTESIAN_POINT('Ctrl Pts',(-7.18272378983477,-0.0845877206830738,
-6.2547687820127));
#9323=CARTESIAN_POINT('Ctrl Pts',(-6.39118846643206,1.53659086087974,-6.35008969049677));
#9324=CARTESIAN_POINT('Ctrl Pts',(-4.59972648074881,1.74969169900651,-6.44541059898083));
#9325=CARTESIAN_POINT('Ctrl Pts',(-3.44997035334904,0.359436346884127,-6.54073150746492));
#9326=CARTESIAN_POINT('Ctrl Pts',(-3.99551671514972,-1.3601934281003,-6.63605241594898));
#9327=CARTESIAN_POINT('Ctrl Pts',(-5.73644504812332,-1.83339054005458,-6.73137332443305));
#9328=CARTESIAN_POINT('Ctrl Pts',(-7.07743174051259,-0.626531501069148,
-6.82669423291713));
#9329=CARTESIAN_POINT('Ctrl Pts',(-6.78964005216444,1.15445612030563,-6.9220151414012));
#9330=CARTESIAN_POINT('Ctrl Pts',(-5.13679917274795,1.87754619588235,-7.01733604988526));
#9331=CARTESIAN_POINT('Ctrl Pts',(-3.63350102591451,0.880108497787117,-7.11265695836935));
#9332=CARTESIAN_POINT('Ctrl Pts',(-3.6573407017801,-0.923809782406757,-7.2079778668534));
#9333=CARTESIAN_POINT('Ctrl Pts',(-5.18642367676982,-1.88121925098306,-7.30329877533749));
#9334=CARTESIAN_POINT('Ctrl Pts',(-6.81964497417935,-1.11467298623023,-7.39861968382155));
#9335=CARTESIAN_POINT('Ctrl Pts',(-7.06020065461949,0.673181983206005,-7.49394059230563));
#9336=CARTESIAN_POINT('Ctrl Pts',(-5.68799246767093,1.84442089864137,-7.58926150078969));
#9337=CARTESIAN_POINT('Ctrl Pts',(-3.95981738640859,1.32499277348074,-7.68458240927378));
#9338=CARTESIAN_POINT('Ctrl Pts',(-3.46055039529526,-0.407647430875247,
-7.77990331775783));
#9339=CARTESIAN_POINT('Ctrl Pts',(-4.64532198422562,-1.76859027682793,-7.87522422624191));
#9340=CARTESIAN_POINT('Ctrl Pts',(-6.43317614360578,-1.50518296178476,-7.97054513472599));
#9341=CARTESIAN_POINT('Ctrl Pts',(-6.92790899412146,-0.415496309713286,
-8.0340924070487));
#9342=CARTESIAN_POINT('Ctrl Pts',(-6.89011488907646,0.113586973938375,-8.06586604321005));
#9343=CARTESIAN_POINT('Ctrl Pts',(-4.43994346143527,1.2045536202607,0.0658660432100514));
#9344=CARTESIAN_POINT('Ctrl Pts',(-4.03914903512046,0.918384651794401,0.0340924070486943));
#9345=CARTESIAN_POINT('Ctrl Pts',(-3.55262806011445,-0.0805285918155365,
-0.0294548652740204));
#9346=CARTESIAN_POINT('Ctrl Pts',(-4.42258259558578,-1.51520220962249,-0.124775773758092));
#9347=CARTESIAN_POINT('Ctrl Pts',(-6.09733114068323,-1.55696239592377,-0.220096682242164));
#9348=CARTESIAN_POINT('Ctrl Pts',(-7.0410341027661,-0.174197680478935,-0.315417590726235));
#9349=CARTESIAN_POINT('Ctrl Pts',(-6.38952403002792,1.36934742129075,-0.410738499210307));
#9350=CARTESIAN_POINT('Ctrl Pts',(-4.7395026849702,1.65746856494337,-0.506059407694378));
#9351=CARTESIAN_POINT('Ctrl Pts',(-3.60315888144931,0.427059089720207,-0.601380316178451));
#9352=CARTESIAN_POINT('Ctrl Pts',(-4.0217105100403,-1.19485751415729,-0.69670122466252));
#9353=CARTESIAN_POINT('Ctrl Pts',(-5.61165748288103,-1.72176214228086,-0.792022133146594));
#9354=CARTESIAN_POINT('Ctrl Pts',(-6.91600422213076,-0.670949805006481,
-0.887343041630663));
#9355=CARTESIAN_POINT('Ctrl Pts',(-6.73950582508118,0.994721108791236,-0.982663950114737));
#9356=CARTESIAN_POINT('Ctrl Pts',(-5.24389261563628,1.74885211350018,-1.07798485859881));
#9357=CARTESIAN_POINT('Ctrl Pts',(-3.79969543066237,0.900403032201027,-1.17330576708288));
#9358=CARTESIAN_POINT('Ctrl Pts',(-3.73032399678784,-0.773147157270793,
-1.26862667556695));
#9359=CARTESIAN_POINT('Ctrl Pts',(-5.0993488074993,-1.73821067625184,-1.36394758405102));
#9360=CARTESIAN_POINT('Ctrl Pts',(-6.65224314740587,-1.11043996450491,-1.45926849253509));
#9361=CARTESIAN_POINT('Ctrl Pts',(-6.96598948558435,0.534899392201112,-1.55458940101916));
#9362=CARTESIAN_POINT('Ctrl Pts',(-5.75308156874683,1.69007548915409,-1.64991030950324));
#9363=CARTESIAN_POINT('Ctrl Pts',(-4.12498565191931,1.29652594587388,-1.74523121798731));
#9364=CARTESIAN_POINT('Ctrl Pts',(-3.57363157113713,-0.285114474331644,
-1.84055212647138));
#9365=CARTESIAN_POINT('Ctrl Pts',(-4.60426084657046,-1.605485974487,-1.93587303495545));
#9366=CARTESIAN_POINT('Ctrl Pts',(-6.27244102468611,-1.45464657697412,-2.03119394343952));
#9367=CARTESIAN_POINT('Ctrl Pts',(-7.04951042918885,0.029179825629993,-2.1265148519236));
#9368=CARTESIAN_POINT('Ctrl Pts',(-6.22338996756028,1.48626685631873,-2.22183576040766));
#9369=CARTESIAN_POINT('Ctrl Pts',(-4.55110739566714,1.5813911822779,-2.31715666889174));
#9370=CARTESIAN_POINT('Ctrl Pts',(-3.56508368388815,0.22738421039477,-2.41247757737581));
#9371=CARTESIAN_POINT('Ctrl Pts',(-4.16887630514178,-1.3349896589815,-2.50779848585988));
#9372=CARTESIAN_POINT('Ctrl Pts',(-5.80919092332427,-1.67402592775693,-2.60311939434395));
#9373=CARTESIAN_POINT('Ctrl Pts',(-6.98290087655704,-0.479043675129857,
-2.69844030282803));
#9374=CARTESIAN_POINT('Ctrl Pts',(-6.61445961743559,1.15491736375138,-2.7937612113121));
#9375=CARTESIAN_POINT('Ctrl Pts',(-5.04149376580104,1.7305527238193,-2.88908211979617));
#9376=CARTESIAN_POINT('Ctrl Pts',(-3.70541394115112,0.72037039356855,-2.98440302828024));
#9377=CARTESIAN_POINT('Ctrl Pts',(-3.83055673399767,-0.949934045607261,
-3.07972393676431));
#9378=CARTESIAN_POINT('Ctrl Pts',(-5.30224568751603,-1.74975231387219,-3.17504484524839));
#9379=CARTESIAN_POINT('Ctrl Pts',(-6.7718767719274,-0.94615906235097,-3.27036575373245));
#9380=CARTESIAN_POINT('Ctrl Pts',(-6.8927317163686,0.72446109811497,-3.36568666221653));
#9381=CARTESIAN_POINT('Ctrl Pts',(-5.55406329758861,1.73121057177577,-3.46100757070059));
#9382=CARTESIAN_POINT('Ctrl Pts',(-3.9825802027668,1.15153952640239,-3.55632847918467));
#9383=CARTESIAN_POINT('Ctrl Pts',(-3.61833430519024,-0.483361866420013,
-3.65164938766874));
#9384=CARTESIAN_POINT('Ctrl Pts',(-4.79510774280895,-1.67532743415661,-3.74697029615281));
#9385=CARTESIAN_POINT('Ctrl Pts',(-6.43454669886169,-1.33208182598186,-3.84229120463688));
#9386=CARTESIAN_POINT('Ctrl Pts',(-7.034326937356,0.231836747239305,-3.93761211312096));
#9387=CARTESIAN_POINT('Ctrl Pts',(-6.0448309289337,1.58330827393561,-4.03293302160502));
#9388=CARTESIAN_POINT('Ctrl Pts',(-4.37279803670572,1.48389174883897,-4.1282539300891));
#9389=CARTESIAN_POINT('Ctrl Pts',(-3.55042043415721,0.0246889812357271,
-4.22357483857316));
#9390=CARTESIAN_POINT('Ctrl Pts',(-4.33129605116809,-1.45713790099863,-4.31889574705724));
#9391=CARTESIAN_POINT('Ctrl Pts',(-5.99985791868491,-1.60369482653749,-4.41421665554131));
#9392=CARTESIAN_POINT('Ctrl Pts',(-7.02709458826743,-0.280682180029896,
-4.50953756402539));
#9393=CARTESIAN_POINT('Ctrl Pts',(-6.47168248143423,1.29953775078292,-4.60485847250945));
#9394=CARTESIAN_POINT('Ctrl Pts',(-4.84258173114877,1.68890696319531,-4.70017938099353));
#9395=CARTESIAN_POINT('Ctrl Pts',(-3.6326430050089,0.530621196582362,-4.79550028947759));
#9396=CARTESIAN_POINT('Ctrl Pts',(-3.95061162447413,-1.11390718419855,-4.89082119796167));
#9397=CARTESIAN_POINT('Ctrl Pts',(-5.50511232269668,-1.7376901732131,-4.98614210644574));
#9398=CARTESIAN_POINT('Ctrl Pts',(-6.87165529772425,-0.769114964189735,
-5.08146301492982));
#9399=CARTESIAN_POINT('Ctrl Pts',(-6.79798859878817,0.90425016502003,-5.17678392341388));
#9400=CARTESIAN_POINT('Ctrl Pts',(-5.35161779951119,1.74899222575087,-5.27210483189796));
#9401=CARTESIAN_POINT('Ctrl Pts',(-3.85794626307284,0.991019284783487,-5.36742574038202));
#9402=CARTESIAN_POINT('Ctrl Pts',(-3.68572208548403,-0.675088896297562,
-5.46274664886611));
#9403=CARTESIAN_POINT('Ctrl Pts',(-4.99276544992631,-1.72256934080991,-5.55806755735017));
#9404=CARTESIAN_POINT('Ctrl Pts',(-6.58134775705103,-1.19154778693439,-5.65338846583425));
#9405=CARTESIAN_POINT('Ctrl Pts',(-6.99574801718722,0.431366278719614,-5.74870937431831));
#9406=CARTESIAN_POINT('Ctrl Pts',(-5.85622439591332,1.65899144716705,-5.84403028280239));
#9407=CARTESIAN_POINT('Ctrl Pts',(-4.20699629033818,1.36637516617136,-5.93935119128645));
#9408=CARTESIAN_POINT('Ctrl Pts',(-3.5593583636962,-0.178339295615721,-6.03467209977053));
#9409=CARTESIAN_POINT('Ctrl Pts',(-4.50678325878583,-1.55962988729599,-6.1299930082546));
#9410=CARTESIAN_POINT('Ctrl Pts',(-6.18108408268908,-1.51173048354521,-6.22531391673867));
#9411=CARTESIAN_POINT('Ctrl Pts',(-7.04799044596213,-0.0785343704679507,
-6.32063482522275));
#9412=CARTESIAN_POINT('Ctrl Pts',(-6.3130997570465,1.4266278243641,-6.41595573370681));
#9413=CARTESIAN_POINT('Ctrl Pts',(-4.64984014765182,1.62447852932852,-6.51127664219089));
#9414=CARTESIAN_POINT('Ctrl Pts',(-3.58236400657775,0.333714007161987,-6.60659755067496));
#9415=CARTESIAN_POINT('Ctrl Pts',(-4.08886943950728,-1.26285391931467,-6.70191845915903));
#9416=CARTESIAN_POINT('Ctrl Pts',(-5.70521173547927,-1.70218763104597,-6.7972393676431));
#9417=CARTESIAN_POINT('Ctrl Pts',(-6.95023341051983,-0.581695033480865,
-6.89256027612717));
#9418=CARTESIAN_POINT('Ctrl Pts',(-6.68303695590655,1.07183978843431,-6.98788118461125));
#9419=CARTESIAN_POINT('Ctrl Pts',(-5.14847831192766,1.74318337611429,-7.08320209309531));
#9420=CARTESIAN_POINT('Ctrl Pts',(-3.75276067544525,0.817125302101243,-7.17852300157939));
#9421=CARTESIAN_POINT('Ctrl Pts',(-3.77489431282365,-0.857699192123709,
-7.27384391006346));
#9422=CARTESIAN_POINT('Ctrl Pts',(-5.19455153806112,-1.74659357640932,-7.36916481854753));
#9423=CARTESIAN_POINT('Ctrl Pts',(-6.71089463598533,-1.03490365438761,-7.4644857270316));
#9424=CARTESIAN_POINT('Ctrl Pts',(-6.93423543265535,0.625007067627916,-7.55980663551568));
#9425=CARTESIAN_POINT('Ctrl Pts',(-5.66022656656054,1.71242862419076,-7.65512754399974));
#9426=CARTESIAN_POINT('Ctrl Pts',(-4.05572486147427,1.23017232879202,-7.75044845248382));
#9427=CARTESIAN_POINT('Ctrl Pts',(-3.59218690908725,-0.378474961828306,
-7.84576936096789));
#9428=CARTESIAN_POINT('Ctrl Pts',(-4.6921727005662,-1.64202466841301,-7.94109026945196));
#9429=CARTESIAN_POINT('Ctrl Pts',(-6.35208267049569,-1.3974675684401,-8.03641117793604));
#9430=CARTESIAN_POINT('Ctrl Pts',(-6.81141095894361,-0.385762151427994,
-8.09995845025875));
#9431=CARTESIAN_POINT('Ctrl Pts',(-6.77632151306257,0.105458350450583,-8.1317320864201));
#9432=CARTESIAN_POINT('Ctrl Pts',(-4.50623575360885,1.11170783983522,1.66533453693773E-15));
#9433=CARTESIAN_POINT('Ctrl Pts',(-4.13633415819461,0.847596487371977,-0.0317736361613555));
#9434=CARTESIAN_POINT('Ctrl Pts',(-3.68731373016137,-0.074321529026546,
-0.0953209084840703));
#9435=CARTESIAN_POINT('Ctrl Pts',(-4.49021304582188,-1.39841194865897,-0.190641816968141));
#9436=CARTESIAN_POINT('Ctrl Pts',(-6.03587365903268,-1.43695330184012,-0.285962725452213));
#9437=CARTESIAN_POINT('Ctrl Pts',(-6.90683694682406,-0.160770698632425,
-0.381283633936285));
#9438=CARTESIAN_POINT('Ctrl Pts',(-6.30554461461727,1.26379950057981,-0.476604542420357));
#9439=CARTESIAN_POINT('Ctrl Pts',(-4.78270525376,1.52971255653126,-0.571925450904428));
#9440=CARTESIAN_POINT('Ctrl Pts',(-3.73394968665712,0.394141805004979,-0.6672463593885));
#9441=CARTESIAN_POINT('Ctrl Pts',(-4.12023977707227,-1.1027590998292,-0.76256726787257));
#9442=CARTESIAN_POINT('Ctrl Pts',(-5.58763523784619,-1.58905044965193,-0.857888176356644));
#9443=CARTESIAN_POINT('Ctrl Pts',(-6.79144424352049,-0.619233669481789,
-0.953209084840713));
#9444=CARTESIAN_POINT('Ctrl Pts',(-6.62855016523455,0.918049007111431,-1.04852999332479));
#9445=CARTESIAN_POINT('Ctrl Pts',(-5.24821731633971,1.61405235316114,-1.14385090180886));
#9446=CARTESIAN_POINT('Ctrl Pts',(-3.91533739651019,0.831000872914761,-1.23917181029293));
#9447=CARTESIAN_POINT('Ctrl Pts',(-3.85131304292249,-0.713553752715671,
-1.334492718777));
#9448=CARTESIAN_POINT('Ctrl Pts',(-5.1148147994217,-1.60423114718317,-1.42981362726107));
#9449=CARTESIAN_POINT('Ctrl Pts',(-6.54801360690709,-1.02484836992085,-1.52513453574514));
#9450=CARTESIAN_POINT('Ctrl Pts',(-6.83757669318726,0.493669885533519,-1.62045544422922));
#9451=CARTESIAN_POINT('Ctrl Pts',(-5.71815849754506,1.55980617184922,-1.71577635271329));
#9452=CARTESIAN_POINT('Ctrl Pts',(-4.21555457498233,1.19659103117868,-1.81109726119736));
#9453=CARTESIAN_POINT('Ctrl Pts',(-3.70669831169865,-0.263138137674936,
-1.90641816968143));
#9454=CARTESIAN_POINT('Ctrl Pts',(-4.65788772011617,-1.48173673181639,-2.0017390781655));
#9455=CARTESIAN_POINT('Ctrl Pts',(-6.19748624945976,-1.34252388321377,-2.09705998664957));
#9456=CARTESIAN_POINT('Ctrl Pts',(-6.91465992653925,0.026930674045778,-2.19238089513365));
#9457=CARTESIAN_POINT('Ctrl Pts',(-6.15221599843748,1.37170690325864,-2.28770180361771));
#9458=CARTESIAN_POINT('Ctrl Pts',(-4.60883128369887,1.45949914193454,-2.38302271210179));
#9459=CARTESIAN_POINT('Ctrl Pts',(-3.69880928699367,0.209857664365232,-2.47834362058586));
#9460=CARTESIAN_POINT('Ctrl Pts',(-4.25606218083916,-1.2320900000014,-2.57366452906993));
#9461=CARTESIAN_POINT('Ctrl Pts',(-5.76994299955699,-1.54499369448745,-2.668985437554));
#9462=CARTESIAN_POINT('Ctrl Pts',(-6.85318457116847,-0.442119470904139,
-2.76430634603808));
#9463=CARTESIAN_POINT('Ctrl Pts',(-6.51314239339024,1.06589749600883,-2.85962725452215));
#9464=CARTESIAN_POINT('Ctrl Pts',(-5.06141916609483,1.59716346201486,-2.95494816300622));
#9465=CARTESIAN_POINT('Ctrl Pts',(-3.8283230292973,0.664844968829205,-3.05026907149029));
#9466=CARTESIAN_POINT('Ctrl Pts',(-3.94381994165248,-0.876714085670539,
-3.14558997997436));
#9467=CARTESIAN_POINT('Ctrl Pts',(-5.30207259218306,-1.6148831669947,-3.24091088845843));
#9468=CARTESIAN_POINT('Ctrl Pts',(-6.65842599208568,-0.873230074323347,
-3.3362317969425));
#9469=CARTESIAN_POINT('Ctrl Pts',(-6.76996555907406,0.66862036598732,-3.43155270542658));
#9470=CARTESIAN_POINT('Ctrl Pts',(-5.53448035437599,1.59777060371311,-3.52687361391065));
#9471=CARTESIAN_POINT('Ctrl Pts',(-4.08412559449093,1.06278001896221,-3.62219452239472));
#9472=CARTESIAN_POINT('Ctrl Pts',(-3.74795540401319,-0.446104820356796,
-3.71751543087879));
#9473=CARTESIAN_POINT('Ctrl Pts',(-4.83402432971818,-1.54619488208408,-3.81283633936286));
#9474=CARTESIAN_POINT('Ctrl Pts',(-6.34709698146169,-1.22940629984204,-3.90815724784694));
#9475=CARTESIAN_POINT('Ctrl Pts',(-6.90064676297165,0.213967004152181,-4.003478156331));
#9476=CARTESIAN_POINT('Ctrl Pts',(-5.98742011075282,1.46126846609721,-4.09879906481508));
#9477=CARTESIAN_POINT('Ctrl Pts',(-4.44426583062215,1.36951486667239,-4.19411997329914));
#9478=CARTESIAN_POINT('Ctrl Pts',(-3.6852762657905,0.0227859794164662,-4.28944088178322));
#9479=CARTESIAN_POINT('Ctrl Pts',(-4.40596277634972,-1.3448231784905,-4.38476179026729));
#9480=CARTESIAN_POINT('Ctrl Pts',(-5.94591357485971,-1.48008364374767,-4.48008269875136));
#9481=CARTESIAN_POINT('Ctrl Pts',(-6.89397187607003,-0.259047480155951,
-4.57540360723544));
#9482=CARTESIAN_POINT('Ctrl Pts',(-6.3813703752981,1.19937068919732,-4.6707245157195));
#9483=CARTESIAN_POINT('Ctrl Pts',(-4.87783907082881,1.55872771469498,-4.76604542420358));
#9484=CARTESIAN_POINT('Ctrl Pts',(-3.7611612036544,0.489721448926179,-4.86136633268765));
#9485=CARTESIAN_POINT('Ctrl Pts',(-4.05462112203029,-1.02804833981098,-4.95668724117172));
#9486=CARTESIAN_POINT('Ctrl Pts',(-5.48930247134983,-1.60375076399466,-5.05200814965579));
#9487=CARTESIAN_POINT('Ctrl Pts',(-6.75051368956117,-0.70983235701807,-5.14732905813987));
#9488=CARTESIAN_POINT('Ctrl Pts',(-6.68252514561882,0.834551472609003,-5.24264996662393));
#9489=CARTESIAN_POINT('Ctrl Pts',(-5.34763915148849,1.6141816657006,-5.33797087510801));
#9490=CARTESIAN_POINT('Ctrl Pts',(-3.96909831339958,0.914632515971552,-5.43329178359208));
#9491=CARTESIAN_POINT('Ctrl Pts',(-3.81014900204123,-0.623053723782998,
-5.52861269207615));
#9492=CARTESIAN_POINT('Ctrl Pts',(-5.01644677975296,-1.58979543013096,-5.62393360056023));
#9493=CARTESIAN_POINT('Ctrl Pts',(-6.48258276187043,-1.09970448304872,-5.71925450904429));
#9494=CARTESIAN_POINT('Ctrl Pts',(-6.86504146713207,0.398117000212383,-5.81457541752837));
#9495=CARTESIAN_POINT('Ctrl Pts',(-5.81335117942745,1.53111805652623,-5.90989632601244));
#9496=CARTESIAN_POINT('Ctrl Pts',(-4.29124391595199,1.26105634389284,-6.00521723449651));
#9497=CARTESIAN_POINT('Ctrl Pts',(-3.69352526871844,-0.164593082243855,
-6.10053814298058));
#9498=CARTESIAN_POINT('Ctrl Pts',(-4.56792360666727,-1.43941518566274,-6.19585905146466));
#9499=CARTESIAN_POINT('Ctrl Pts',(-6.11317100858283,-1.39520781973273,-6.29117995994871));
#9500=CARTESIAN_POINT('Ctrl Pts',(-6.91325710208948,-0.0724810202528251,
-6.3865008684328));
#9501=CARTESIAN_POINT('Ctrl Pts',(-6.23501104766095,1.31666478784846,-6.48182177691686));
#9502=CARTESIAN_POINT('Ctrl Pts',(-4.69995381455483,1.49926535965053,-6.57714268540094));
#9503=CARTESIAN_POINT('Ctrl Pts',(-3.71475765980645,0.307991667439844,-6.67246359388501));
#9504=CARTESIAN_POINT('Ctrl Pts',(-4.18222216386485,-1.16551441052904,-6.76778450236909));
#9505=CARTESIAN_POINT('Ctrl Pts',(-5.67397842283522,-1.57098472203736,-6.86310541085314));
#9506=CARTESIAN_POINT('Ctrl Pts',(-6.82303508052707,-0.536858565892581,
-6.95842631933723));
#9507=CARTESIAN_POINT('Ctrl Pts',(-6.57643385964867,0.989223456562998,-7.05374722782129));
#9508=CARTESIAN_POINT('Ctrl Pts',(-5.16015745110737,1.60882055634623,-7.14906813630537));
#9509=CARTESIAN_POINT('Ctrl Pts',(-3.87202032497598,0.754142106415371,-7.24438904478944));
#9510=CARTESIAN_POINT('Ctrl Pts',(-3.89244792386721,-0.791588601840665,
-7.33970995327351));
#9511=CARTESIAN_POINT('Ctrl Pts',(-5.2026793993524,-1.61196790183557,-7.43503086175758));
#9512=CARTESIAN_POINT('Ctrl Pts',(-6.60214429779134,-0.95513432254499,-7.53035177024166));
#9513=CARTESIAN_POINT('Ctrl Pts',(-6.80827021069119,0.576832152049829,-7.62567267872572));
#9514=CARTESIAN_POINT('Ctrl Pts',(-5.63246066545016,1.58043634974016,-7.72099358720979));
#9515=CARTESIAN_POINT('Ctrl Pts',(-4.15163233653995,1.1353518841033,-7.81631449569387));
#9516=CARTESIAN_POINT('Ctrl Pts',(-3.72382342287925,-0.349302492781363,
-7.91163540417794));
#9517=CARTESIAN_POINT('Ctrl Pts',(-4.73902341690678,-1.5154590599981,-8.00695631266201));
#9518=CARTESIAN_POINT('Ctrl Pts',(-6.2709891973856,-1.28975217509543,-8.10227722114609));
#9519=CARTESIAN_POINT('Ctrl Pts',(-6.69491292376576,-0.356027993142699,
-8.1658244934688));
#9520=CARTESIAN_POINT('Ctrl Pts',(-6.66252813704868,0.0973297269627908,
-8.19759812963015));
#9521=CARTESIAN_POINT('',(-7.00390826509035,0.121715597426142,-8.));
#9522=CARTESIAN_POINT('Ctrl Pts',(-4.73364382320863,-1.2455289934255,-8.));
#9523=CARTESIAN_POINT('Ctrl Pts',(-4.76214595759958,-1.26313209745449,-8.));
#9524=CARTESIAN_POINT('Ctrl Pts',(-4.79126935064414,-1.27957406920235,-8.));
#9525=CARTESIAN_POINT('Ctrl Pts',(-4.82096268313714,-1.29480266032717,-8.));
#9526=CARTESIAN_POINT('Ctrl Pts',(-4.86853829544814,-1.31920239880611,-8.));
#9527=CARTESIAN_POINT('Ctrl Pts',(-4.91757510811489,-1.34048975184587,-8.));
#9528=CARTESIAN_POINT('Ctrl Pts',(-4.96776492545391,-1.3587666280787,-8.));
#9529=CARTESIAN_POINT('Ctrl Pts',(-5.01859319983917,-1.37727600167919,-8.));
#9530=CARTESIAN_POINT('Ctrl Pts',(-5.07060476720433,-1.39269802663972,-8.));
#9531=CARTESIAN_POINT('Ctrl Pts',(-5.12351180154224,-1.40509840914292,-8.));
#9532=CARTESIAN_POINT('Ctrl Pts',(-5.14665862906508,-1.41052357648807,-8.));
#9533=CARTESIAN_POINT('Ctrl Pts',(-5.16997719779082,-1.41536985048645,-8.));
#9534=CARTESIAN_POINT('Ctrl Pts',(-5.19344471519503,-1.41964020857385,-8.));
#9535=CARTESIAN_POINT('Ctrl Pts',(-5.20572584563677,-1.4218749922453,-8.));
#9536=CARTESIAN_POINT('Ctrl Pts',(-5.21804777902266,-1.42395202473099,-8.));
#9537=CARTESIAN_POINT('Ctrl Pts',(-5.23040730670726,-1.4258715608574,-8.));
#9538=CARTESIAN_POINT('Ctrl Pts',(-5.24026170323439,-1.42740202954686,-8.));
#9539=CARTESIAN_POINT('Ctrl Pts',(-5.25013755730004,-1.42883191960712,-8.));
#9540=CARTESIAN_POINT('Ctrl Pts',(-5.26002229247585,-1.43016021296849,-8.));
#9541=CARTESIAN_POINT('Ctrl Pts',(-5.31689165994734,-1.4378022187414,-8.));
#9542=CARTESIAN_POINT('Ctrl Pts',(-5.37415298671409,-1.44210092756171,-8.));
#9543=CARTESIAN_POINT('Ctrl Pts',(-5.43146904280137,-1.44315958314039,-8.));
#9544=CARTESIAN_POINT('Ctrl Pts',(-5.49006292120304,-1.44424184072196,-8.));
#9545=CARTESIAN_POINT('Ctrl Pts',(-5.54871499343368,-1.44193824012665,-8.));
#9546=CARTESIAN_POINT('Ctrl Pts',(-5.60708997225452,-1.4363106925939,-8.));
#9547=CARTESIAN_POINT('Ctrl Pts',(-5.66182830802157,-1.43103372988462,-8.));
#9548=CARTESIAN_POINT('Ctrl Pts',(-5.71632400445874,-1.4228337084935,-8.));
#9549=CARTESIAN_POINT('Ctrl Pts',(-5.77030747577709,-1.41172138228674,-8.));
#9550=CARTESIAN_POINT('Ctrl Pts',(-5.78126161827009,-1.40946650682718,-8.));
#9551=CARTESIAN_POINT('Ctrl Pts',(-5.79219621075201,-1.40709123159928,-8.));
#9552=CARTESIAN_POINT('Ctrl Pts',(-5.8031041650227,-1.40459655222748,-8.));
#9553=CARTESIAN_POINT('Ctrl Pts',(-5.86232785796591,-1.39105192951997,-8.));
#9554=CARTESIAN_POINT('Ctrl Pts',(-5.92050593251477,-1.37405180762692,-8.));
#9555=CARTESIAN_POINT('Ctrl Pts',(-5.97728428517072,-1.35368089593634,-8.));
#9556=CARTESIAN_POINT('Ctrl Pts',(-6.03399857048471,-1.33333297029774,-8.));
#9557=CARTESIAN_POINT('Ctrl Pts',(-6.08931750419867,-1.30962190655196,-8.));
#9558=CARTESIAN_POINT('Ctrl Pts',(-6.14289385013392,-1.2825813618233,-8.));
#9559=CARTESIAN_POINT('Ctrl Pts',(-6.17185616615275,-1.26796377661696,-8.));
#9560=CARTESIAN_POINT('Ctrl Pts',(-6.20030924145252,-1.25237234754514,-8.));
#9561=CARTESIAN_POINT('Ctrl Pts',(-6.22819698591191,-1.23580612215891,-8.));
#9562=CARTESIAN_POINT('Ctrl Pts',(-6.25824861859217,-1.21795447693424,-8.));
#9563=CARTESIAN_POINT('Ctrl Pts',(-6.28764387783251,-1.19897094680805,-8.));
#9564=CARTESIAN_POINT('Ctrl Pts',(-6.3163601877817,-1.17891040420625,-8.));
#9565=CARTESIAN_POINT('Ctrl Pts',(-6.32838398272307,-1.17051086223573,-8.));
#9566=CARTESIAN_POINT('Ctrl Pts',(-6.34029275018478,-1.16191922783999,-8.));
#9567=CARTESIAN_POINT('Ctrl Pts',(-6.35205999396141,-1.15315819585301,-8.));
#9568=CARTESIAN_POINT('Ctrl Pts',(-6.40127388540639,-1.11651711954515,-8.));
#9569=CARTESIAN_POINT('Ctrl Pts',(-6.44808892009138,-1.07686834936376,-8.));
#9570=CARTESIAN_POINT('Ctrl Pts',(-6.49241840423969,-1.0345759030298,-8.));
#9571=CARTESIAN_POINT('Ctrl Pts',(-6.53685109409014,-0.992184993523911,
-8.));
#9572=CARTESIAN_POINT('Ctrl Pts',(-6.57878725425105,-0.947137347233641,
-8.));
#9573=CARTESIAN_POINT('Ctrl Pts',(-6.6181183786818,-0.899746367385744,-8.));
#9574=CARTESIAN_POINT('Ctrl Pts',(-6.64753678543596,-0.864299449917152,
-8.));
#9575=CARTESIAN_POINT('Ctrl Pts',(-6.67549741221673,-0.827540376659131,
-8.));
#9576=CARTESIAN_POINT('Ctrl Pts',(-6.70194400318916,-0.789584716262236,
-8.));
#9577=CARTESIAN_POINT('Ctrl Pts',(-6.71676400623204,-0.76831532077899,-8.));
#9578=CARTESIAN_POINT('Ctrl Pts',(-6.73110838916859,-0.746669953983568,
-8.));
#9579=CARTESIAN_POINT('Ctrl Pts',(-6.7449656841895,-0.724667489325607,-8.));
#9580=CARTESIAN_POINT('Ctrl Pts',(-6.75059611798665,-0.715727546830066,
-8.));
#9581=CARTESIAN_POINT('Ctrl Pts',(-6.75614461116145,-0.706730939229126,
-8.));
#9582=CARTESIAN_POINT('Ctrl Pts',(-6.76160614353712,-0.697686445567735,
-8.));
#9583=CARTESIAN_POINT('Ctrl Pts',(-6.79468026017181,-0.642914521191485,
-8.));
#9584=CARTESIAN_POINT('Ctrl Pts',(-6.8246164144339,-0.58631316994542,-8.));
#9585=CARTESIAN_POINT('Ctrl Pts',(-6.85129366258749,-0.528208902099707,
-8.));
#9586=CARTESIAN_POINT('Ctrl Pts',(-6.87467074038566,-0.477292556380141,
-8.));
#9587=CARTESIAN_POINT('Ctrl Pts',(-6.8955452057243,-0.425221061390322,-8.));
#9588=CARTESIAN_POINT('Ctrl Pts',(-6.91381268933318,-0.372191708066566,
-8.));
#9589=CARTESIAN_POINT('Ctrl Pts',(-6.91888231176359,-0.357474913743041,
-8.));
#9590=CARTESIAN_POINT('Ctrl Pts',(-6.92375100401676,-0.342684246721734,
-8.));
#9591=CARTESIAN_POINT('Ctrl Pts',(-6.928416185424,-0.327823714343657,-8.));
#9592=CARTESIAN_POINT('Ctrl Pts',(-6.93203499895834,-0.316296296435788,
-8.));
#9593=CARTESIAN_POINT('Ctrl Pts',(-6.93553043244436,-0.304729564586134,
-8.));
#9594=CARTESIAN_POINT('Ctrl Pts',(-6.93889919280788,-0.293133631685368,
-8.));
#9595=CARTESIAN_POINT('Ctrl Pts',(-6.95726142260165,-0.229927240722475,
-8.));
#9596=CARTESIAN_POINT('Ctrl Pts',(-6.97188548223494,-0.16578639139201,-8.));
#9597=CARTESIAN_POINT('Ctrl Pts',(-6.98262500058682,-0.101033314906575,
-8.));
#9598=CARTESIAN_POINT('Ctrl Pts',(-6.9932120036816,-0.0371998171010279,
-8.00000000000001));
#9599=CARTESIAN_POINT('Ctrl Pts',(-7.00002455080026,0.0272296088097447,
-8.));
#9600=CARTESIAN_POINT('Ctrl Pts',(-7.00287757597108,0.0919687151029567,
-8.));
#9601=CARTESIAN_POINT('Ctrl Pts',(-7.00331424730032,0.101877394454288,-8.));
#9602=CARTESIAN_POINT('Ctrl Pts',(-7.00365806717181,0.111793355635701,-8.00000000000001));
#9603=CARTESIAN_POINT('Ctrl Pts',(-7.00390826509035,0.121715597426167,-8.00000000000001));
#9604=CARTESIAN_POINT('Ctrl Pts',(-4.55165776932455,-1.5387375366485,1.37043154602168E-16));
#9605=CARTESIAN_POINT('Ctrl Pts',(-4.51624693183167,-1.51730232273679,1.36583557513517E-16));
#9606=CARTESIAN_POINT('Ctrl Pts',(-4.48172601028026,-1.49452394384168,3.09140279317046E-17));
#9607=CARTESIAN_POINT('Ctrl Pts',(-4.44818234729606,-1.47039764353306,3.64291929955129E-17));
#9608=CARTESIAN_POINT('Ctrl Pts',(-4.39357487669037,-1.43112118658953,4.88770635098915E-17));
#9609=CARTESIAN_POINT('Ctrl Pts',(-4.34155469324576,-1.38827385052234,2.23851886036112E-17));
#9610=CARTESIAN_POINT('Ctrl Pts',(-4.29229732180231,-1.34222007736154,4.85722573273506E-17));
#9611=CARTESIAN_POINT('Ctrl Pts',(-4.26767819117609,-1.31920212443286,6.16607118415682E-17));
#9612=CARTESIAN_POINT('Ctrl Pts',(-4.2437499891121,-1.29538262685946,-7.73872777172564E-17));
#9613=CARTESIAN_POINT('Ctrl Pts',(-4.22053951217859,-1.27080457809098,-8.67361737988404E-17));
#9614=CARTESIAN_POINT('Ctrl Pts',(-4.20917779789905,-1.25877342644959,-9.13125332770323E-17));
#9615=CARTESIAN_POINT('Ctrl Pts',(-4.19798639280563,-1.24655831520277,7.26495728574815E-17));
#9616=CARTESIAN_POINT('Ctrl Pts',(-4.18698453833566,-1.23418268659993,8.32667268468867E-17));
#9617=CARTESIAN_POINT('Ctrl Pts',(-4.14407177503516,-1.18591151355558,1.2467896487604E-16));
#9618=CARTESIAN_POINT('Ctrl Pts',(-4.10398513671569,-1.13514500012323,-1.20304355813878E-16));
#9619=CARTESIAN_POINT('Ctrl Pts',(-4.06688120604194,-1.08220753851446,-1.11022302462516E-16));
#9620=CARTESIAN_POINT('Ctrl Pts',(-4.04111647159738,-1.04544810047779,-1.04576903407606E-16));
#9621=CARTESIAN_POINT('Ctrl Pts',(-4.01679085918374,-1.0076411964262,-1.23419605723337E-16));
#9622=CARTESIAN_POINT('Ctrl Pts',(-3.99397082687523,-0.968890769717609,
-1.04083408558608E-16));
#9623=CARTESIAN_POINT('Ctrl Pts',(-3.98100901303626,-0.946880467085819,
-9.31004184990625E-17));
#9624=CARTESIAN_POINT('Ctrl Pts',(-3.96853315517893,-0.924565711591347,
-3.04826747963403E-16));
#9625=CARTESIAN_POINT('Ctrl Pts',(-3.95655722244621,-0.901965389943804,
-3.19189119579733E-16));
#9626=CARTESIAN_POINT('Ctrl Pts',(-3.95160224191347,-0.892614623177115,
-3.25131476918501E-16));
#9627=CARTESIAN_POINT('Ctrl Pts',(-3.94673422845464,-0.883217449470661,
6.88461823655033E-17));
#9628=CARTESIAN_POINT('Ctrl Pts',(-3.94195772963632,-0.873782798178264,
4.85722573273506E-17));
#9629=CARTESIAN_POINT('Ctrl Pts',(-3.91347757599314,-0.817528137893134,
-7.23122067955116E-17));
#9630=CARTESIAN_POINT('Ctrl Pts',(-3.88820563519698,-0.759864882609608,
-2.09726075549521E-16));
#9631=CARTESIAN_POINT('Ctrl Pts',(-3.86629076094556,-0.701092064143435,
-6.93889390390723E-17));
#9632=CARTESIAN_POINT('Ctrl Pts',(-3.84491361146115,-0.643761352976311,
6.75047483707368E-17));
#9633=CARTESIAN_POINT('Ctrl Pts',(-3.82673069612882,-0.58537385538757,-2.67714340700028E-16));
#9634=CARTESIAN_POINT('Ctrl Pts',(-3.81192849144881,-0.526201619287866,
-2.91433543964104E-16));
#9635=CARTESIAN_POINT('Ctrl Pts',(-3.80264539374728,-0.48909217101264,-3.06308874096544E-16));
#9636=CARTESIAN_POINT('Ctrl Pts',(-3.79469292310474,-0.451674024821468,
-9.17669154939953E-17));
#9637=CARTESIAN_POINT('Ctrl Pts',(-3.78812745401183,-0.414015708827517,
-8.32667268468867E-17));
#9638=CARTESIAN_POINT('Ctrl Pts',(-3.78500190474187,-0.396088136494564,
-7.92201373276087E-17));
#9639=CARTESIAN_POINT('Ctrl Pts',(-3.782190815015,-0.378106161871894,-4.8512565606216E-17));
#9640=CARTESIAN_POINT('Ctrl Pts',(-3.77970093890869,-0.360077374223922,
-4.16333634234434E-17));
#9641=CARTESIAN_POINT('Ctrl Pts',(-3.77791838675291,-0.347170204181837,
-3.67084048482661E-17));
#9642=CARTESIAN_POINT('Ctrl Pts',(-3.77630047896926,-0.334239043293229,
-1.82513170727157E-17));
#9643=CARTESIAN_POINT('Ctrl Pts',(-3.77484983438449,-0.321286728770702,
0.));
#9644=CARTESIAN_POINT('Ctrl Pts',(-3.77366960541929,-0.310748863792292,
1.48490769472832E-17));
#9645=CARTESIAN_POINT('Ctrl Pts',(-3.77260021647659,-0.300197193727086,
-1.56634069062251E-16));
#9646=CARTESIAN_POINT('Ctrl Pts',(-3.77164408902985,-0.289647226508054,
-1.66533453693773E-16));
#9647=CARTESIAN_POINT('Ctrl Pts',(-3.76631598000587,-0.230856554057596,
-2.21698694234334E-16));
#9648=CARTESIAN_POINT('Ctrl Pts',(-3.76448784099972,-0.172007878997586,
7.64400032883209E-17));
#9649=CARTESIAN_POINT('Ctrl Pts',(-3.76632344879651,-0.113353637847337,
4.16333634234434E-17));
#9650=CARTESIAN_POINT('Ctrl Pts',(-3.76675184518179,-0.0996648395464817,
3.35101473814812E-17));
#9651=CARTESIAN_POINT('Ctrl Pts',(-3.76738001495406,-0.0859866602320551,
-2.57630886619401E-16));
#9652=CARTESIAN_POINT('Ctrl Pts',(-3.76821044881747,-0.0723223818763817,
-2.77555756156289E-16));
#9653=CARTESIAN_POINT('Ctrl Pts',(-3.77186528635411,-0.0121842785952453,
-3.65922012399065E-16));
#9654=CARTESIAN_POINT('Ctrl Pts',(-3.77943417959809,0.0476864251142942,
-8.65496115974705E-17));
#9655=CARTESIAN_POINT('Ctrl Pts',(-3.79074704380055,0.106993230222565,-1.52655665885959E-16));
#9656=CARTESIAN_POINT('Ctrl Pts',(-3.79600699847498,0.134568130899575,-1.83391900586619E-16));
#9657=CARTESIAN_POINT('Ctrl Pts',(-3.80207700634633,0.162020792130505,-1.85665191619695E-16));
#9658=CARTESIAN_POINT('Ctrl Pts',(-3.80894316044235,0.189319233746316,-1.66533453693773E-16));
#9659=CARTESIAN_POINT('Ctrl Pts',(-3.81422719490362,0.210327487307133,-1.51810107685111E-16));
#9660=CARTESIAN_POINT('Ctrl Pts',(-3.81998278711275,0.23124437714517,-1.74861368062958E-16));
#9661=CARTESIAN_POINT('Ctrl Pts',(-3.82620428987144,0.252054607263709,-1.52655665885959E-16));
#9662=CARTESIAN_POINT('Ctrl Pts',(-3.830007243541,0.264775061479237,-1.39082215892508E-16));
#9663=CARTESIAN_POINT('Ctrl Pts',(-3.83398547515829,0.27745880836709,-2.28978867421685E-16));
#9664=CARTESIAN_POINT('Ctrl Pts',(-3.83812932707421,0.290077789767417,-2.22044604925031E-16));
#9665=CARTESIAN_POINT('Ctrl Pts',(-3.8564584910391,0.345894306344268,-1.91372844240549E-16));
#9666=CARTESIAN_POINT('Ctrl Pts',(-3.87805126383793,0.400542479769225,-4.31649041707652E-16));
#9667=CARTESIAN_POINT('Ctrl Pts',(-3.90272654650255,0.453756777159946,-3.88578058618805E-16));
#9668=CARTESIAN_POINT('Ctrl Pts',(-3.92731103109431,0.506775260961926,-3.45665564586148E-16));
#9669=CARTESIAN_POINT('Ctrl Pts',(-3.95495615335342,0.558371271679536,-1.20124952711867E-16));
#9670=CARTESIAN_POINT('Ctrl Pts',(-3.98552264902103,0.608249997892795,-1.11022302462516E-16));
#9671=CARTESIAN_POINT('Ctrl Pts',(-4.01542997207097,0.657053079358231,-1.02115952693857E-16));
#9672=CARTESIAN_POINT('Ctrl Pts',(-4.04813479104925,0.704212784717959,9.55184649160865E-17));
#9673=CARTESIAN_POINT('Ctrl Pts',(-4.08353342498968,0.749411163904256,1.38777878078145E-16));
#9674=CARTESIAN_POINT('Ctrl Pts',(-4.09206091596939,0.760299402457677,1.49199021903857E-16));
#9675=CARTESIAN_POINT('Ctrl Pts',(-4.1007479637985,0.771077155638876,1.9229675181331E-16));
#9676=CARTESIAN_POINT('Ctrl Pts',(-4.10957417303535,0.781717176736142,1.94289029309402E-16));
#9677=CARTESIAN_POINT('Ctrl Pts',(-4.14554483756588,0.825079918227636,2.02408431823046E-16));
#9678=CARTESIAN_POINT('Ctrl Pts',(-4.18387529235369,0.866226795188122,1.8429591852338E-16));
#9679=CARTESIAN_POINT('Ctrl Pts',(-4.22443067228124,0.904898221675146,1.94289029309402E-16));
#9680=CARTESIAN_POINT('Ctrl Pts',(-4.26423476627177,0.942853262347604,2.04097018328249E-16));
#9681=CARTESIAN_POINT('Ctrl Pts',(-4.30618284155113,0.978424280064384,1.15755690471816E-16));
#9682=CARTESIAN_POINT('Ctrl Pts',(-4.35017110886032,1.01132211038072,8.32667268468867E-17));
#9683=CARTESIAN_POINT('Ctrl Pts',(-4.39272790528757,1.04314937599747,5.18350225380981E-17));
#9684=CARTESIAN_POINT('Ctrl Pts',(-4.43719488949725,1.07247492106933,1.46487541399168E-16));
#9685=CARTESIAN_POINT('Ctrl Pts',(-4.48349071191657,1.09898944187389,1.38777878078145E-16));
#9686=CARTESIAN_POINT('Ctrl Pts',(-4.49102406239294,1.10330393867934,1.37523345966671E-16));
#9687=CARTESIAN_POINT('Ctrl Pts',(-4.49860585436073,1.10754389305907,1.6585793640298E-16));
#9688=CARTESIAN_POINT('Ctrl Pts',(-4.50623575360883,1.11170783983521,1.66533453693773E-16));
#9689=CARTESIAN_POINT('Ctrl Pts',(-7.00390826509035,0.121715597426166,-8.00000000000001));
#9690=CARTESIAN_POINT('Ctrl Pts',(-7.00680152828727,0.081212529795078,-7.99773006673331));
#9691=CARTESIAN_POINT('Ctrl Pts',(-7.00813524091296,0.0406232700704468,
-7.99546013346662));
#9692=CARTESIAN_POINT('Ctrl Pts',(-7.00795272039201,4.32614531165054E-5,
-7.99319020019992));
#9693=CARTESIAN_POINT('Origin',(-5.3,0.,0.));
#9694=CARTESIAN_POINT('Origin',(-5.3,0.,-8.));
#9695=CARTESIAN_POINT('Origin',(-5.3,0.,0.));
#9696=CARTESIAN_POINT('Origin',(-5.3,0.,-8.));
#9697=CARTESIAN_POINT('',(0.,0.,0.));
#9698=CARTESIAN_POINT('Origin',(0.,0.,-3.88));
#9699=CARTESIAN_POINT('',(4.,-4.89858719658941E-16,-4.38));
#9700=CARTESIAN_POINT('Origin',(0.,0.,-4.38));
#9701=CARTESIAN_POINT('',(4.,-4.89858719658941E-16,-3.88));
#9702=CARTESIAN_POINT('',(4.,-4.89858719658941E-16,-3.88));
#9703=CARTESIAN_POINT('Origin',(0.,0.,-3.88));
#9704=CARTESIAN_POINT('Origin',(0.,0.,-3.88));
#9705=CARTESIAN_POINT('',(2.18313109448716,2.16554003063515,-4.38));
#9706=CARTESIAN_POINT('',(2.6381776032128,1.5797607204594,-4.37497813189355));
#9707=CARTESIAN_POINT('Ctrl Pts',(2.18313109448717,2.16554003063515,-4.37999999993614));
#9708=CARTESIAN_POINT('Ctrl Pts',(2.27032885013789,2.07763395222626,-4.37999999734219));
#9709=CARTESIAN_POINT('Ctrl Pts',(2.35208548422963,1.98459509421566,-4.38010294601153));
#9710=CARTESIAN_POINT('Ctrl Pts',(2.50457868929065,1.78837646467904,-4.37950154311971));
#9711=CARTESIAN_POINT('Ctrl Pts',(2.57479586629157,1.6856073063586,-4.37892380865377));
#9712=CARTESIAN_POINT('Ctrl Pts',(2.6381776032128,1.5797607204594,-4.37497813189355));
#9713=CARTESIAN_POINT('',(2.98326062993845,0.74550721918654,-4.38));
#9714=CARTESIAN_POINT('Origin',(0.,0.,-4.38));
#9715=CARTESIAN_POINT('',(2.98253279129564,0.748413755117339,-3.8850218681064));
#9716=CARTESIAN_POINT('Ctrl Pts',(2.98253279129564,0.74841375511734,-3.8850218681064));
#9717=CARTESIAN_POINT('Ctrl Pts',(2.9825971991181,0.748157080994907,-3.92654003837993));
#9718=CARTESIAN_POINT('Ctrl Pts',(2.98266072142549,0.747903795485065,-3.96805823111406));
#9719=CARTESIAN_POINT('Ctrl Pts',(2.98272338972658,0.747653783766389,-4.0095764446082));
#9720=CARTESIAN_POINT('Ctrl Pts',(2.9828173921839,0.747278766165671,-4.07185376861966));
#9721=CARTESIAN_POINT('Ctrl Pts',(2.98290947344938,0.746911113472939,-4.13413114020483));
#9722=CARTESIAN_POINT('Ctrl Pts',(2.98299973362262,0.746550459924146,-4.19640855451134));
#9723=CARTESIAN_POINT('Ctrl Pts',(2.98308842808141,0.746196062517496,-4.25760566236448));
#9724=CARTESIAN_POINT('Ctrl Pts',(2.9831753640216,0.745848423733266,-4.31880281228089));
#9725=CARTESIAN_POINT('Ctrl Pts',(2.98326062993845,0.74550721918654,-4.38));
#9726=CARTESIAN_POINT('',(3.0749999999993,2.07814843969595E-6,-3.88));
#9727=CARTESIAN_POINT('Ctrl Pts',(3.0749999999993,2.07814843972143E-6,-3.88));
#9728=CARTESIAN_POINT('Ctrl Pts',(3.07499991492478,0.125885356079852,-3.88));
#9729=CARTESIAN_POINT('Ctrl Pts',(3.0672705995097,0.251576939036384,-3.87989562426955));
#9730=CARTESIAN_POINT('Ctrl Pts',(3.03633961989568,0.50237510925716,-3.88047054601623));
#9731=CARTESIAN_POINT('Ctrl Pts',(3.01305715490044,0.626769925399427,-3.88101086003408));
#9732=CARTESIAN_POINT('Ctrl Pts',(2.98253279129523,0.748413755117236,-3.88502186810645));
#9733=CARTESIAN_POINT('',(2.63663703158662,1.58233061136606,-3.88));
#9734=CARTESIAN_POINT('Origin',(0.,0.,-3.88));
#9735=CARTESIAN_POINT('Ctrl Pts',(2.6381776032128,1.5797607204594,-4.37497813189355));
#9736=CARTESIAN_POINT('Ctrl Pts',(2.63804165040802,1.5799877596797,-4.33345996161991));
#9737=CARTESIAN_POINT('Ctrl Pts',(2.63790746756134,1.58021177663614,-4.2919417688858));
#9738=CARTESIAN_POINT('Ctrl Pts',(2.63777499576035,1.58043287479846,-4.2504235553917));
#9739=CARTESIAN_POINT('Ctrl Pts',(2.63757628804684,1.58076452206201,-4.18814623138024));
#9740=CARTESIAN_POINT('Ctrl Pts',(2.63738142962193,1.5810896030614,-4.12586885979509));
#9741=CARTESIAN_POINT('Ctrl Pts',(2.63719023263248,1.58140844721198,-4.0635914454886));
#9742=CARTESIAN_POINT('Ctrl Pts',(2.63700235227627,1.58172176047472,-4.00239433763548));
#9743=CARTESIAN_POINT('Ctrl Pts',(2.63681800752738,1.58202905120929,-3.94119718771909));
#9744=CARTESIAN_POINT('Ctrl Pts',(2.63663703158662,1.58233061136606,-3.88));
#9745=CARTESIAN_POINT('Origin',(0.,0.,-3.88));
#9746=CARTESIAN_POINT('',(3.07499999997545,-9.66243246938519E-6,-4.38));
#9747=CARTESIAN_POINT('',(2.98253279129522,-0.748413755117262,-4.37497813189355));
#9748=CARTESIAN_POINT('Ctrl Pts',(3.07499999998482,-9.66243247434162E-6,
-4.38));
#9749=CARTESIAN_POINT('Ctrl Pts',(3.07499960443148,-0.125891680866185,-4.38));
#9750=CARTESIAN_POINT('Ctrl Pts',(3.06727013368401,-0.251581987647723,-4.38010437505987));
#9751=CARTESIAN_POINT('Ctrl Pts',(3.03633915656275,-0.502377582549694,-4.37952943730842));
#9752=CARTESIAN_POINT('Ctrl Pts',(3.0130568518173,-0.626771133227828,-4.37898910013974));
#9753=CARTESIAN_POINT('Ctrl Pts',(2.98253279129522,-0.748413755117262,-4.37497813189355));
#9754=CARTESIAN_POINT('',(2.63663703158665,-1.582330611366,-4.38));
#9755=CARTESIAN_POINT('Origin',(0.,0.,-4.38));
#9756=CARTESIAN_POINT('',(2.63817760321283,-1.57976072045934,-3.88502186810645));
#9757=CARTESIAN_POINT('Ctrl Pts',(2.63817760321283,-1.57976072045934,-3.88502186810645));
#9758=CARTESIAN_POINT('Ctrl Pts',(2.63804165040864,-1.57998775968019,-3.92654003837993));
#9759=CARTESIAN_POINT('Ctrl Pts',(2.63790746756137,-1.58021177663608,-3.96805823111406));
#9760=CARTESIAN_POINT('Ctrl Pts',(2.63777499576038,-1.5804328747984,-4.00957644460821));
#9761=CARTESIAN_POINT('Ctrl Pts',(2.63757628804687,-1.58076452206195,-4.07185376861966));
#9762=CARTESIAN_POINT('Ctrl Pts',(2.63738142962196,-1.58108960306135,-4.13413114020483));
#9763=CARTESIAN_POINT('Ctrl Pts',(2.63719023263252,-1.58140844721193,-4.19640855451134));
#9764=CARTESIAN_POINT('Ctrl Pts',(2.6370023522763,-1.58172176047466,-4.25760566236448));
#9765=CARTESIAN_POINT('Ctrl Pts',(2.63681800752741,-1.58202905120924,-4.31880281228089));
#9766=CARTESIAN_POINT('Ctrl Pts',(2.63663703158665,-1.582330611366,-4.38));
#9767=CARTESIAN_POINT('',(2.18313109421816,-2.16554003090634,-3.88000000006387));
#9768=CARTESIAN_POINT('Ctrl Pts',(2.18313109421816,-2.16554003090634,-3.88000000006387));
#9769=CARTESIAN_POINT('Ctrl Pts',(2.27032884992447,-2.07763395246325,-3.88000000265781));
#9770=CARTESIAN_POINT('Ctrl Pts',(2.35208548406692,-1.98459509441246,-3.87989705398841));
#9771=CARTESIAN_POINT('Ctrl Pts',(2.50457868921915,-1.78837646478371,-3.88049845687942));
#9772=CARTESIAN_POINT('Ctrl Pts',(2.57479586625936,-1.68560730641241,-3.88107619134422));
#9773=CARTESIAN_POINT('Ctrl Pts',(2.63817760321283,-1.57976072045934,-3.88502186810645));
#9774=CARTESIAN_POINT('',(2.98326062993846,-0.745507219186478,-3.88));
#9775=CARTESIAN_POINT('Origin',(0.,0.,-3.88));
#9776=CARTESIAN_POINT('Ctrl Pts',(2.98253279129522,-0.748413755117262,-4.37497813189355));
#9777=CARTESIAN_POINT('Ctrl Pts',(2.98259719911812,-0.748157080994842,-4.33345996162007));
#9778=CARTESIAN_POINT('Ctrl Pts',(2.98266072142551,-0.747903795485002,-4.29194176888594));
#9779=CARTESIAN_POINT('Ctrl Pts',(2.9827233897266,-0.747653783766326,-4.25042355539179));
#9780=CARTESIAN_POINT('Ctrl Pts',(2.98281739218392,-0.747278766165609,-4.18814623138034));
#9781=CARTESIAN_POINT('Ctrl Pts',(2.9829094734494,-0.746911113472876,-4.12586885979517));
#9782=CARTESIAN_POINT('Ctrl Pts',(2.98299973362264,-0.746550459924084,-4.06359144548866));
#9783=CARTESIAN_POINT('Ctrl Pts',(2.98308842808142,-0.746196062517434,-4.00239433763552));
#9784=CARTESIAN_POINT('Ctrl Pts',(2.98317536402162,-0.745848423733203,-3.94119718771911));
#9785=CARTESIAN_POINT('Ctrl Pts',(2.98326062993846,-0.745507219186478,-3.88));
#9786=CARTESIAN_POINT('Origin',(0.,0.,-3.88));
#9787=CARTESIAN_POINT('',(2.16554003060417,-2.1831310945179,-4.38));
#9788=CARTESIAN_POINT('',(1.57976072045939,-2.6381776032128,-4.37497813189355));
#9789=CARTESIAN_POINT('Ctrl Pts',(2.16554003060416,-2.1831310945179,-4.37999999993614));
#9790=CARTESIAN_POINT('Ctrl Pts',(2.07763395219918,-2.27032885016228,-4.37999999734219));
#9791=CARTESIAN_POINT('Ctrl Pts',(1.98459509419317,-2.35208548424822,-4.38010294601153));
#9792=CARTESIAN_POINT('Ctrl Pts',(1.78837646466706,-2.50457868929883,-4.37950154311961));
#9793=CARTESIAN_POINT('Ctrl Pts',(1.68560730635244,-2.57479586629526,-4.37892380865354));
#9794=CARTESIAN_POINT('Ctrl Pts',(1.57976072045939,-2.6381776032128,-4.37497813189355));
#9795=CARTESIAN_POINT('',(0.74550721918653,-2.98326062993845,-4.38));
#9796=CARTESIAN_POINT('Origin',(0.,0.,-4.38));
#9797=CARTESIAN_POINT('',(0.748413755117321,-2.98253279129541,-3.88502186810643));
#9798=CARTESIAN_POINT('Ctrl Pts',(0.748413755117321,-2.98253279129541,-3.88502186810643));
#9799=CARTESIAN_POINT('Ctrl Pts',(0.748157080994895,-2.98259719911811,-3.92654003837993));
#9800=CARTESIAN_POINT('Ctrl Pts',(0.747903795485054,-2.9826607214255,-3.96805823111406));
#9801=CARTESIAN_POINT('Ctrl Pts',(0.747653783766378,-2.98272338972658,-4.00957644460821));
#9802=CARTESIAN_POINT('Ctrl Pts',(0.747278766165661,-2.9828173921839,-4.07185376861966));
#9803=CARTESIAN_POINT('Ctrl Pts',(0.746911113472929,-2.98290947344939,-4.13413114020483));
#9804=CARTESIAN_POINT('Ctrl Pts',(0.746550459924136,-2.98299973362262,-4.19640855451134));
#9805=CARTESIAN_POINT('Ctrl Pts',(0.746196062517486,-2.98308842808141,-4.25760566236448));
#9806=CARTESIAN_POINT('Ctrl Pts',(0.745848423733256,-2.98317536402161,-4.31880281228089));
#9807=CARTESIAN_POINT('Ctrl Pts',(0.74550721918653,-2.98326062993845,-4.38));
#9808=CARTESIAN_POINT('',(6.81794167065451E-6,-3.07499999999244,-3.88));
#9809=CARTESIAN_POINT('Ctrl Pts',(6.81794167557009E-6,-3.07499999999244,
-3.88));
#9810=CARTESIAN_POINT('Ctrl Pts',(0.125889308750903,-3.07499972088367,-3.88));
#9811=CARTESIAN_POINT('Ctrl Pts',(0.251580094162671,-3.06727030839316,-3.8798956246886));
#9812=CARTESIAN_POINT('Ctrl Pts',(0.502376654939064,-3.03633933033634,-3.88047055643743));
#9813=CARTESIAN_POINT('Ctrl Pts',(0.626770680230677,-3.01305696548891,-3.88101088492341));
#9814=CARTESIAN_POINT('Ctrl Pts',(0.748413755117274,-2.98253279129522,-3.88502186810645));
#9815=CARTESIAN_POINT('',(1.58233061136605,-2.63663703158663,-3.88));
#9816=CARTESIAN_POINT('Origin',(0.,0.,-3.88));
#9817=CARTESIAN_POINT('Ctrl Pts',(1.57976072045939,-2.6381776032128,-4.37497813189355));
#9818=CARTESIAN_POINT('Ctrl Pts',(1.57998775968024,-2.63804165040861,-4.33345996162007));
#9819=CARTESIAN_POINT('Ctrl Pts',(1.58021177663613,-2.63790746756134,-4.29194176888594));
#9820=CARTESIAN_POINT('Ctrl Pts',(1.58043287479845,-2.63777499576035,-4.25042355539179));
#9821=CARTESIAN_POINT('Ctrl Pts',(1.580764522062,-2.63757628804684,-4.18814623138034));
#9822=CARTESIAN_POINT('Ctrl Pts',(1.58108960306139,-2.63738142962193,-4.12586885979517));
#9823=CARTESIAN_POINT('Ctrl Pts',(1.58140844721197,-2.63719023263249,-4.06359144548866));
#9824=CARTESIAN_POINT('Ctrl Pts',(1.58172176047471,-2.63700235227627,-4.00239433763552));
#9825=CARTESIAN_POINT('Ctrl Pts',(1.58202905120928,-2.63681800752738,-3.94119718771911));
#9826=CARTESIAN_POINT('Ctrl Pts',(1.58233061136605,-2.63663703158663,-3.88));
#9827=CARTESIAN_POINT('Origin',(0.,0.,-3.88));
#9828=CARTESIAN_POINT('',(-1.84760297949134E-7,-3.07499999999999,-4.38));
#9829=CARTESIAN_POINT('',(-0.748413755117273,-2.98253279129522,-4.37497813189355));
#9830=CARTESIAN_POINT('Ctrl Pts',(-1.84760302994469E-7,-3.07499999999999,
-4.38));
#9831=CARTESIAN_POINT('Ctrl Pts',(-0.125883777120505,-3.07499999243632,
-4.38));
#9832=CARTESIAN_POINT('Ctrl Pts',(-0.251575678669358,-3.06727071580012,
-4.38010437589782));
#9833=CARTESIAN_POINT('Ctrl Pts',(-0.50237449181664,-3.03633973556383,-4.37952945814663));
#9834=CARTESIAN_POINT('Ctrl Pts',(-0.626769623873064,-3.01305723056314,
-4.37898914990827));
#9835=CARTESIAN_POINT('Ctrl Pts',(-0.748413755117272,-2.98253279129522,
-4.37497813189355));
#9836=CARTESIAN_POINT('',(-1.58233061136601,-2.63663703158665,-4.38));
#9837=CARTESIAN_POINT('Origin',(0.,0.,-4.38));
#9838=CARTESIAN_POINT('',(-1.57976072045935,-2.63817760321282,-3.88502186810645));
#9839=CARTESIAN_POINT('Ctrl Pts',(-1.57976072045935,-2.63817760321282,-3.88502186810645));
#9840=CARTESIAN_POINT('Ctrl Pts',(-1.57998775967965,-2.63804165040805,-3.92654003838009));
#9841=CARTESIAN_POINT('Ctrl Pts',(-1.5802117766361,-2.63790746756136,-3.9680582311142));
#9842=CARTESIAN_POINT('Ctrl Pts',(-1.58043287479841,-2.63777499576038,-4.0095764446083));
#9843=CARTESIAN_POINT('Ctrl Pts',(-1.58076452206196,-2.63757628804686,-4.07185376861976));
#9844=CARTESIAN_POINT('Ctrl Pts',(-1.58108960306136,-2.63738142962195,-4.13413114020491));
#9845=CARTESIAN_POINT('Ctrl Pts',(-1.58140844721194,-2.63719023263251,-4.1964085545114));
#9846=CARTESIAN_POINT('Ctrl Pts',(-1.58172176047467,-2.6370023522763,-4.25760566236453));
#9847=CARTESIAN_POINT('Ctrl Pts',(-1.58202905120925,-2.6368180075274,-4.31880281228091));
#9848=CARTESIAN_POINT('Ctrl Pts',(-1.58233061136601,-2.63663703158665,-4.38));
#9849=CARTESIAN_POINT('',(-2.16554003041644,-2.18313109470411,-3.88000000006387));
#9850=CARTESIAN_POINT('Ctrl Pts',(-2.16554003041644,-2.18313109470411,-3.88000000006387));
#9851=CARTESIAN_POINT('Ctrl Pts',(-2.07763395203513,-2.27032885031002,-3.88000000265781));
#9852=CARTESIAN_POINT('Ctrl Pts',(-1.98459509405692,-2.35208548436087,-3.87989705398851));
#9853=CARTESIAN_POINT('Ctrl Pts',(-1.78837646459456,-2.50457868934835,-3.880498456881));
#9854=CARTESIAN_POINT('Ctrl Pts',(-1.68560730631514,-2.5747958663176,-3.88107619134785));
#9855=CARTESIAN_POINT('Ctrl Pts',(-1.57976072045935,-2.63817760321282,-3.88502186810645));
#9856=CARTESIAN_POINT('',(-0.745507219186488,-2.98326062993846,-3.88));
#9857=CARTESIAN_POINT('Origin',(0.,0.,-3.88));
#9858=CARTESIAN_POINT('Ctrl Pts',(-0.748413755117272,-2.98253279129522,
-4.37497813189355));
#9859=CARTESIAN_POINT('Ctrl Pts',(-0.748157080994825,-2.98259719911732,
-4.33345996161991));
#9860=CARTESIAN_POINT('Ctrl Pts',(-0.747903795485012,-2.98266072142551,
-4.2919417688858));
#9861=CARTESIAN_POINT('Ctrl Pts',(-0.747653783766336,-2.98272338972659,
-4.2504235553917));
#9862=CARTESIAN_POINT('Ctrl Pts',(-0.747278766165619,-2.98281739218392,
-4.18814623138024));
#9863=CARTESIAN_POINT('Ctrl Pts',(-0.746911113472886,-2.9829094734494,-4.12586885979509));
#9864=CARTESIAN_POINT('Ctrl Pts',(-0.746550459924094,-2.98299973362264,
-4.0635914454886));
#9865=CARTESIAN_POINT('Ctrl Pts',(-0.746196062517444,-2.98308842808142,
-4.00239433763548));
#9866=CARTESIAN_POINT('Ctrl Pts',(-0.745848423733214,-2.98317536402162,
-3.94119718771909));
#9867=CARTESIAN_POINT('Ctrl Pts',(-0.745507219186488,-2.98326062993846,
-3.88));
#9868=CARTESIAN_POINT('Origin',(0.,0.,-3.88));
#9869=CARTESIAN_POINT('',(-2.18313109429976,-2.16554003082408,-4.38));
#9870=CARTESIAN_POINT('',(-2.63817760321281,-1.57976072045938,-4.37497813189355));
#9871=CARTESIAN_POINT('Ctrl Pts',(-2.18313109429976,-2.16554003082407,-4.37999999993614));
#9872=CARTESIAN_POINT('Ctrl Pts',(-2.27032884998921,-2.07763395239136,-4.37999999734219));
#9873=CARTESIAN_POINT('Ctrl Pts',(-2.35208548411627,-1.98459509435276,-4.38010294601157));
#9874=CARTESIAN_POINT('Ctrl Pts',(-2.50457868924084,-1.78837646475196,-4.37950154312032));
#9875=CARTESIAN_POINT('Ctrl Pts',(-2.57479586626912,-1.6856073063961,-4.37892380865517));
#9876=CARTESIAN_POINT('Ctrl Pts',(-2.63817760321281,-1.57976072045938,-4.37497813189355));
#9877=CARTESIAN_POINT('',(-2.98326062993845,-0.74550721918652,-4.38));
#9878=CARTESIAN_POINT('Origin',(0.,0.,-4.38));
#9879=CARTESIAN_POINT('',(-2.98253279129541,-0.748413755117311,-3.88502186810643));
#9880=CARTESIAN_POINT('Ctrl Pts',(-2.98253279129541,-0.748413755117311,
-3.88502186810643));
#9881=CARTESIAN_POINT('Ctrl Pts',(-2.98259719911731,-0.748157080994857,
-3.92654003838009));
#9882=CARTESIAN_POINT('Ctrl Pts',(-2.9826607214255,-0.747903795485043,-3.9680582311142));
#9883=CARTESIAN_POINT('Ctrl Pts',(-2.98272338972659,-0.747653783766368,
-4.0095764446083));
#9884=CARTESIAN_POINT('Ctrl Pts',(-2.98281739218391,-0.74727876616565,-4.07185376861976));
#9885=CARTESIAN_POINT('Ctrl Pts',(-2.98290947344939,-0.746911113472918,
-4.13413114020491));
#9886=CARTESIAN_POINT('Ctrl Pts',(-2.98299973362263,-0.746550459924125,
-4.1964085545114));
#9887=CARTESIAN_POINT('Ctrl Pts',(-2.98308842808141,-0.746196062517475,
-4.25760566236453));
#9888=CARTESIAN_POINT('Ctrl Pts',(-2.98317536402161,-0.745848423733245,
-4.31880281228091));
#9889=CARTESIAN_POINT('Ctrl Pts',(-2.98326062993845,-0.74550721918652,-4.38));
#9890=CARTESIAN_POINT('',(-3.07499999998481,-9.66489363462219E-6,-3.88));
#9891=CARTESIAN_POINT('Ctrl Pts',(-3.07499999998481,-9.66489363964096E-6,
-3.88));
#9892=CARTESIAN_POINT('Ctrl Pts',(-3.07499960433073,-0.125891682918612,
-3.88));
#9893=CARTESIAN_POINT('Ctrl Pts',(-3.06727013353284,-0.251581989286001,
-3.87989562494035));
#9894=CARTESIAN_POINT('Ctrl Pts',(-3.03633915641275,-0.502377583349492,
-3.88047056269699));
#9895=CARTESIAN_POINT('Ctrl Pts',(-3.01305685171926,-0.626771133618538,
-3.88101089987314));
#9896=CARTESIAN_POINT('Ctrl Pts',(-2.98253279129522,-0.748413755117264,
-3.88502186810645));
#9897=CARTESIAN_POINT('',(-2.63663703158663,-1.58233061136604,-3.88));
#9898=CARTESIAN_POINT('Origin',(0.,0.,-3.88));
#9899=CARTESIAN_POINT('Ctrl Pts',(-2.63817760321281,-1.57976072045938,-4.37497813189355));
#9900=CARTESIAN_POINT('Ctrl Pts',(-2.63804165040862,-1.57998775968023,-4.33345996162007));
#9901=CARTESIAN_POINT('Ctrl Pts',(-2.63790746756135,-1.58021177663612,-4.29194176888594));
#9902=CARTESIAN_POINT('Ctrl Pts',(-2.63777499576036,-1.58043287479844,-4.25042355539179));
#9903=CARTESIAN_POINT('Ctrl Pts',(-2.63757628804685,-1.58076452206199,-4.18814623138034));
#9904=CARTESIAN_POINT('Ctrl Pts',(-2.63738142962194,-1.58108960306139,-4.12586885979517));
#9905=CARTESIAN_POINT('Ctrl Pts',(-2.6371902326325,-1.58140844721196,-4.06359144548866));
#9906=CARTESIAN_POINT('Ctrl Pts',(-2.63700235227628,-1.5817217604747,-4.00239433763552));
#9907=CARTESIAN_POINT('Ctrl Pts',(-2.63681800752739,-1.58202905120927,-3.94119718771911));
#9908=CARTESIAN_POINT('Ctrl Pts',(-2.63663703158663,-1.58233061136604,-3.88));
#9909=CARTESIAN_POINT('Origin',(0.,0.,-3.88));
#9910=CARTESIAN_POINT('',(-3.075,1.75271429192643E-7,-4.38));
#9911=CARTESIAN_POINT('',(-2.98253279129522,0.748413755117283,-4.37497813189355));
#9912=CARTESIAN_POINT('Ctrl Pts',(-3.075,1.75271434067759E-7,-4.38));
#9913=CARTESIAN_POINT('Ctrl Pts',(-3.07499999282478,0.125883769207414,-4.38));
#9914=CARTESIAN_POINT('Ctrl Pts',(-3.06727071638292,0.251575672352925,-4.38010437589866));
#9915=CARTESIAN_POINT('Ctrl Pts',(-3.03633973614351,0.502374488722254,-4.37952945816749));
#9916=CARTESIAN_POINT('Ctrl Pts',(-3.01305723094233,0.626769622361932,-4.37898914995809));
#9917=CARTESIAN_POINT('Ctrl Pts',(-2.98253279129522,0.748413755117283,-4.37497813189355));
#9918=CARTESIAN_POINT('',(-2.63663703158664,1.58233061136602,-4.38));
#9919=CARTESIAN_POINT('Origin',(0.,0.,-4.38));
#9920=CARTESIAN_POINT('',(-2.63817760321282,1.57976072045936,-3.88502186810645));
#9921=CARTESIAN_POINT('Ctrl Pts',(-2.63817760321282,1.57976072045936,-3.88502186810645));
#9922=CARTESIAN_POINT('Ctrl Pts',(-2.63804165040805,1.57998775967966,-3.92654003838009));
#9923=CARTESIAN_POINT('Ctrl Pts',(-2.63790746756136,1.5802117766361,-3.9680582311142));
#9924=CARTESIAN_POINT('Ctrl Pts',(-2.63777499576037,1.58043287479842,-4.0095764446083));
#9925=CARTESIAN_POINT('Ctrl Pts',(-2.63757628804686,1.58076452206197,-4.07185376861976));
#9926=CARTESIAN_POINT('Ctrl Pts',(-2.63738142962195,1.58108960306137,-4.13413114020491));
#9927=CARTESIAN_POINT('Ctrl Pts',(-2.63719023263251,1.58140844721194,-4.1964085545114));
#9928=CARTESIAN_POINT('Ctrl Pts',(-2.63700235227629,1.58172176047468,-4.25760566236453));
#9929=CARTESIAN_POINT('Ctrl Pts',(-2.6368180075274,1.58202905120926,-4.31880281228091));
#9930=CARTESIAN_POINT('Ctrl Pts',(-2.63663703158664,1.58233061136602,-4.38));
#9931=CARTESIAN_POINT('',(-2.18313109356989,2.16554003155987,-3.88000000006387));
#9932=CARTESIAN_POINT('Ctrl Pts',(-2.18313109356989,2.16554003155987,-3.88000000006387));
#9933=CARTESIAN_POINT('Ctrl Pts',(-2.27032884941016,2.07763395303437,-3.88000000265781));
#9934=CARTESIAN_POINT('Ctrl Pts',(-2.35208548367478,1.98459509488675,-3.87989705398828));
#9935=CARTESIAN_POINT('Ctrl Pts',(-2.50457868904681,1.78837646503604,-3.88049845687731));
#9936=CARTESIAN_POINT('Ctrl Pts',(-2.57479586618164,1.68560730654219,-3.88107619133938));
#9937=CARTESIAN_POINT('Ctrl Pts',(-2.63817760321282,1.57976072045936,-3.88502186810645));
#9938=CARTESIAN_POINT('',(-2.98326062993846,0.745507219186499,-3.88));
#9939=CARTESIAN_POINT('Origin',(0.,0.,-3.88));
#9940=CARTESIAN_POINT('Ctrl Pts',(-2.98253279129522,0.748413755117283,-4.37497813189355));
#9941=CARTESIAN_POINT('Ctrl Pts',(-2.98259719911731,0.748157080994835,-4.33345996161991));
#9942=CARTESIAN_POINT('Ctrl Pts',(-2.9826607214255,0.747903795485022,-4.2919417688858));
#9943=CARTESIAN_POINT('Ctrl Pts',(-2.98272338972659,0.747653783766346,-4.2504235553917));
#9944=CARTESIAN_POINT('Ctrl Pts',(-2.98281739218391,0.747278766165629,-4.18814623138024));
#9945=CARTESIAN_POINT('Ctrl Pts',(-2.9829094734494,0.746911113472897,-4.12586885979509));
#9946=CARTESIAN_POINT('Ctrl Pts',(-2.98299973362263,0.746550459924104,-4.0635914454886));
#9947=CARTESIAN_POINT('Ctrl Pts',(-2.98308842808142,0.746196062517454,-4.00239433763548));
#9948=CARTESIAN_POINT('Ctrl Pts',(-2.98317536402161,0.745848423733224,-3.94119718771909));
#9949=CARTESIAN_POINT('Ctrl Pts',(-2.98326062993846,0.745507219186499,-3.88));
#9950=CARTESIAN_POINT('Origin',(0.,0.,-3.88));
#9951=CARTESIAN_POINT('',(-2.16554003037126,2.18313109474893,-4.38));
#9952=CARTESIAN_POINT('',(-1.57976072045937,2.63817760321281,-4.37497813189355));
#9953=CARTESIAN_POINT('Ctrl Pts',(-2.16554003037125,2.18313109474893,-4.37999999993614));
#9954=CARTESIAN_POINT('Ctrl Pts',(-2.07763395199564,2.27032885034558,-4.37999999734219));
#9955=CARTESIAN_POINT('Ctrl Pts',(-1.98459509402413,2.35208548438798,-4.38010294601148));
#9956=CARTESIAN_POINT('Ctrl Pts',(-1.78837646457714,2.50457868936025,-4.37950154311886));
#9957=CARTESIAN_POINT('Ctrl Pts',(-1.68560730630618,2.57479586632296,-4.37892380865182));
#9958=CARTESIAN_POINT('Ctrl Pts',(-1.57976072045937,2.63817760321281,-4.37497813189355));
#9959=CARTESIAN_POINT('',(-0.745507219186509,2.98326062993846,-4.38));
#9960=CARTESIAN_POINT('Origin',(0.,0.,-4.38));
#9961=CARTESIAN_POINT('',(-0.748413755117488,2.98253279129401,-3.8850218681067));
#9962=CARTESIAN_POINT('Ctrl Pts',(-0.748413755117252,2.98253279129402,-3.88502186810669));
#9963=CARTESIAN_POINT('Ctrl Pts',(-0.748157080994867,2.98259719911811,-3.92654003837993));
#9964=CARTESIAN_POINT('Ctrl Pts',(-0.747903795485034,2.9826607214255,-3.96805823111406));
#9965=CARTESIAN_POINT('Ctrl Pts',(-0.747653783766358,2.98272338972659,-4.00957644460816));
#9966=CARTESIAN_POINT('Ctrl Pts',(-0.74727876616564,2.98281739218391,-4.07185376861966));
#9967=CARTESIAN_POINT('Ctrl Pts',(-0.746911113472908,2.98290947344939,-4.13413114020483));
#9968=CARTESIAN_POINT('Ctrl Pts',(-0.746550459924115,2.98299973362263,-4.19640855451134));
#9969=CARTESIAN_POINT('Ctrl Pts',(-0.746196062517465,2.98308842808142,-4.25760566236448));
#9970=CARTESIAN_POINT('Ctrl Pts',(-0.745848423733235,2.98317536402161,-4.31880281228089));
#9971=CARTESIAN_POINT('Ctrl Pts',(-0.745507219186509,2.98326062993846,-4.38));
#9972=CARTESIAN_POINT('',(-9.66001426175615E-6,3.07499999998483,-3.88));
#9973=CARTESIAN_POINT('Ctrl Pts',(-9.66001426183638E-6,3.07499999998483,
-3.88));
#9974=CARTESIAN_POINT('Ctrl Pts',(-0.125891678849528,3.07499960453049,-3.88));
#9975=CARTESIAN_POINT('Ctrl Pts',(-0.251581986037961,3.06727013383254,-3.87989562493992));
#9976=CARTESIAN_POINT('Ctrl Pts',(-0.502377581778499,3.03633915670834,-3.8804705626863));
#9977=CARTESIAN_POINT('Ctrl Pts',(-0.626771132850551,3.01305685191199,-3.88101089984781));
#9978=CARTESIAN_POINT('Ctrl Pts',(-0.748413755117546,2.98253279129515,-3.88502186810646));
#9979=CARTESIAN_POINT('',(-1.58233061136603,2.63663703158664,-3.88));
#9980=CARTESIAN_POINT('Origin',(0.,0.,-3.88));
#9981=CARTESIAN_POINT('Ctrl Pts',(-1.57976072045937,2.63817760321281,-4.37497813189355));
#9982=CARTESIAN_POINT('Ctrl Pts',(-1.57998775968022,2.63804165040863,-4.33345996162007));
#9983=CARTESIAN_POINT('Ctrl Pts',(-1.58021177663611,2.63790746756135,-4.29194176888594));
#9984=CARTESIAN_POINT('Ctrl Pts',(-1.58043287479843,2.63777499576036,-4.25042355539179));
#9985=CARTESIAN_POINT('Ctrl Pts',(-1.58076452206198,2.63757628804685,-4.18814623138034));
#9986=CARTESIAN_POINT('Ctrl Pts',(-1.58108960306138,2.63738142962195,-4.12586885979517));
#9987=CARTESIAN_POINT('Ctrl Pts',(-1.58140844721195,2.6371902326325,-4.06359144548866));
#9988=CARTESIAN_POINT('Ctrl Pts',(-1.58172176047469,2.63700235227629,-4.00239433763552));
#9989=CARTESIAN_POINT('Ctrl Pts',(-1.58202905120926,2.63681800752739,-3.94119718771911));
#9990=CARTESIAN_POINT('Ctrl Pts',(-1.58233061136603,2.63663703158664,-3.88));
#9991=CARTESIAN_POINT('Origin',(0.,0.,-4.65855507177565));
#9992=CARTESIAN_POINT('',(-0.745489155395209,2.98326514396358,-4.38324093380884));
#9993=CARTESIAN_POINT('',(-0.745507219186509,2.98326062993846,-4.38));
#9994=CARTESIAN_POINT('',(-0.114516387951923,3.07286690191925,-4.37999995806202));
#9995=CARTESIAN_POINT('Origin',(0.,0.,-4.38));
#9996=CARTESIAN_POINT('Ctrl Pts',(-0.745489155395211,2.9832651439636,-4.38324093380884));
#9997=CARTESIAN_POINT('Ctrl Pts',(-0.642440499945995,3.00901600800292,-4.38086549896003));
#9998=CARTESIAN_POINT('Ctrl Pts',(-0.537661398124757,3.02951672256741,-4.38040390063135));
#9999=CARTESIAN_POINT('Ctrl Pts',(-0.326651278974324,3.05944575391142,-4.37994131967426));
#10000=CARTESIAN_POINT('Ctrl Pts',(-0.220745770709319,3.06890805644816,
-4.37999991577744));
#10001=CARTESIAN_POINT('Ctrl Pts',(-0.114516387951798,3.07286690191594,
-4.37999991577744));
#10002=CARTESIAN_POINT('Ctrl Pts',(-0.75,3.07500001385729,-4.38));
#10003=CARTESIAN_POINT('Ctrl Pts',(-0.750000005159805,2.72805017598453,
-4.3799999962928));
#10004=CARTESIAN_POINT('Ctrl Pts',(-0.556218266777109,2.43902508799227,
-4.51922753403423));
#10005=CARTESIAN_POINT('Ctrl Pts',(-0.362436528394413,2.15,-4.65845507177565));
#10006=CARTESIAN_POINT('Ctrl Pts',(-0.25,3.07500001376466,-4.38));
#10007=CARTESIAN_POINT('Ctrl Pts',(-0.250000002865377,2.73036954049761,
-4.37999999934732));
#10008=CARTESIAN_POINT('Ctrl Pts',(-0.142387856772096,2.44018477024881,
-4.40451224829127));
#10009=CARTESIAN_POINT('Ctrl Pts',(-0.0347757106788151,2.15,-4.42902449723523));
#10010=CARTESIAN_POINT('Ctrl Pts',(0.25,3.07500001367202,-4.38));
#10011=CARTESIAN_POINT('Ctrl Pts',(0.249999999429051,2.7326889050107,-4.38000000240183));
#10012=CARTESIAN_POINT('Ctrl Pts',(0.271442553232917,2.44134445250535,-4.28979696254832));
#10013=CARTESIAN_POINT('Ctrl Pts',(0.292885107036783,2.15,-4.19959392269482));
#10014=CARTESIAN_POINT('Ctrl Pts',(0.75,3.07500001357938,-4.38));
#10015=CARTESIAN_POINT('Ctrl Pts',(0.75000000172348,2.73500826952378,-4.38000000545634));
#10016=CARTESIAN_POINT('Ctrl Pts',(0.68527296323793,2.44250413476189,-4.17508167680537));
#10017=CARTESIAN_POINT('Ctrl Pts',(0.620545924752381,2.15,-3.9701633481544));
#10018=CARTESIAN_POINT('',(-0.362436528394413,2.15,-4.65845507177565));
#10019=CARTESIAN_POINT('Ctrl Pts',(-0.362436528394413,2.15,-4.65845507177565));
#10020=CARTESIAN_POINT('Ctrl Pts',(-0.538888353143615,2.41317755532679,
-4.53167866190933));
#10021=CARTESIAN_POINT('Ctrl Pts',(-0.715340177892817,2.67635511065358,
-4.40490225204301));
#10022=CARTESIAN_POINT('Ctrl Pts',(-0.745489155395209,2.98326514396358,
-4.38324093380884));
#10023=CARTESIAN_POINT('',(9.66489298331484E-6,3.07499999998481,-4.38));
#10024=CARTESIAN_POINT('Origin',(0.,0.,-4.38));
#10025=CARTESIAN_POINT('',(0.748413755117294,2.98253279129522,-4.37497813189355));
#10026=CARTESIAN_POINT('Ctrl Pts',(9.66489298336037E-6,3.07499999998481,
-4.38));
#10027=CARTESIAN_POINT('Ctrl Pts',(0.125891682918038,3.07499960433075,-4.38));
#10028=CARTESIAN_POINT('Ctrl Pts',(0.251581989285551,3.06727013353288,-4.38010437505965));
#10029=CARTESIAN_POINT('Ctrl Pts',(0.502377583352067,3.03633915641244,-4.37952943730301));
#10030=CARTESIAN_POINT('Ctrl Pts',(0.626771133619681,3.01305685171898,-4.37898910012682));
#10031=CARTESIAN_POINT('Ctrl Pts',(0.748413755117294,2.98253279129522,-4.37497813189355));
#10032=CARTESIAN_POINT('',(0.620545924752381,2.15,-3.9701633481544));
#10033=CARTESIAN_POINT('Ctrl Pts',(0.748413755117294,2.98253279129522,-4.37497813189355));
#10034=CARTESIAN_POINT('Ctrl Pts',(0.738116465217731,2.68130608192406,-4.34237810128465));
#10035=CARTESIAN_POINT('Ctrl Pts',(0.679331194985056,2.41565304096203,-4.15627072471952));
#10036=CARTESIAN_POINT('Ctrl Pts',(0.620545924752381,2.15,-3.9701633481544));
#10037=CARTESIAN_POINT('',(0.620545924752381,2.15,-3.9701633481544));
#10038=CARTESIAN_POINT('Ctrl Pts',(0.75,3.075,-4.38));
#10039=CARTESIAN_POINT('Ctrl Pts',(0.75,2.73500826173531,-4.38));
#10040=CARTESIAN_POINT('Ctrl Pts',(0.68527296237619,2.44250413086765,-4.1750816740772));
#10041=CARTESIAN_POINT('Ctrl Pts',(0.620545924752381,2.15,-3.9701633481544));
#10042=CARTESIAN_POINT('Ctrl Pts',(0.75,3.075,-4.21333333333333));
#10043=CARTESIAN_POINT('Ctrl Pts',(0.75,2.7326888972531,-4.21333333333333));
#10044=CARTESIAN_POINT('Ctrl Pts',(0.642254729649862,2.44134444862655,-4.03031193742219));
#10045=CARTESIAN_POINT('Ctrl Pts',(0.534509459299724,2.15,-3.84729054151105));
#10046=CARTESIAN_POINT('Ctrl Pts',(0.75,3.075,-4.04666666666667));
#10047=CARTESIAN_POINT('Ctrl Pts',(0.75,2.7303695327709,-4.04666666666667));
#10048=CARTESIAN_POINT('Ctrl Pts',(0.599236496923534,2.44018476638545,-3.88554220076718));
#10049=CARTESIAN_POINT('Ctrl Pts',(0.448472993847068,2.15,-3.7244177348677));
#10050=CARTESIAN_POINT('Ctrl Pts',(0.75,3.075,-3.88));
#10051=CARTESIAN_POINT('Ctrl Pts',(0.75,2.72805016828869,-3.88));
#10052=CARTESIAN_POINT('Ctrl Pts',(0.556218264197206,2.43902508414435,-3.74077246411218));
#10053=CARTESIAN_POINT('Ctrl Pts',(0.362436528394412,2.15,-3.60154492822435));
#10054=CARTESIAN_POINT('',(0.745507219186509,2.98326062993846,-3.88));
#10055=CARTESIAN_POINT('Ctrl Pts',(0.748413755117293,2.98253279129522,-4.37497813189355));
#10056=CARTESIAN_POINT('Ctrl Pts',(0.748157080994873,2.98259719911811,-4.33345996162007));
#10057=CARTESIAN_POINT('Ctrl Pts',(0.747903795485033,2.9826607214255,-4.29194176888594));
#10058=CARTESIAN_POINT('Ctrl Pts',(0.747653783766357,2.98272338972659,-4.25042355539179));
#10059=CARTESIAN_POINT('Ctrl Pts',(0.74727876616564,2.98281739218391,-4.18814623138034));
#10060=CARTESIAN_POINT('Ctrl Pts',(0.746911113472908,2.98290947344939,-4.12586885979517));
#10061=CARTESIAN_POINT('Ctrl Pts',(0.746550459924115,2.98299973362263,-4.06359144548866));
#10062=CARTESIAN_POINT('Ctrl Pts',(0.746196062517465,2.98308842808142,-4.00239433763552));
#10063=CARTESIAN_POINT('Ctrl Pts',(0.745848423733235,2.98317536402161,-3.94119718771911));
#10064=CARTESIAN_POINT('Ctrl Pts',(0.745507219186509,2.98326062993846,-3.88));
#10065=CARTESIAN_POINT('',(0.745489155395209,2.98326514396359,-3.87675906619116));
#10066=CARTESIAN_POINT('',(0.745507219186509,2.98326062993846,-3.88));
#10067=CARTESIAN_POINT('',(0.362436528394412,2.15,-3.60154492822435));
#10068=CARTESIAN_POINT('Ctrl Pts',(0.745489155395209,2.98326514396359,-3.87675906619116));
#10069=CARTESIAN_POINT('Ctrl Pts',(0.715340177892285,2.67635511065279,-3.85509774795661));
#10070=CARTESIAN_POINT('Ctrl Pts',(0.538888353143348,2.41317755532639,-3.72832133809048));
#10071=CARTESIAN_POINT('Ctrl Pts',(0.362436528394412,2.15,-3.60154492822435));
#10072=CARTESIAN_POINT('',(0.362436528394412,2.15,-3.60154492822435));
#10073=CARTESIAN_POINT('Ctrl Pts',(-0.75,3.075,-3.88));
#10074=CARTESIAN_POINT('Ctrl Pts',(-0.75,2.73500826173531,-3.88));
#10075=CARTESIAN_POINT('Ctrl Pts',(-0.685272962376191,2.44250413086765,
-4.0849183259228));
#10076=CARTESIAN_POINT('Ctrl Pts',(-0.620545924752382,2.15,-4.2898366518456));
#10077=CARTESIAN_POINT('Ctrl Pts',(-0.75,3.075,-4.04666666666667));
#10078=CARTESIAN_POINT('Ctrl Pts',(-0.75,2.7326888972531,-4.04666666666667));
#10079=CARTESIAN_POINT('Ctrl Pts',(-0.642254729649863,2.44134444862655,
-4.22968806257781));
#10080=CARTESIAN_POINT('Ctrl Pts',(-0.534509459299725,2.15,-4.41270945848895));
#10081=CARTESIAN_POINT('Ctrl Pts',(-0.75,3.075,-4.21333333333333));
#10082=CARTESIAN_POINT('Ctrl Pts',(-0.75,2.7303695327709,-4.21333333333333));
#10083=CARTESIAN_POINT('Ctrl Pts',(-0.599236496923535,2.44018476638545,
-4.37445779923282));
#10084=CARTESIAN_POINT('Ctrl Pts',(-0.448472993847069,2.15,-4.5355822651323));
#10085=CARTESIAN_POINT('Ctrl Pts',(-0.75,3.075,-4.38));
#10086=CARTESIAN_POINT('Ctrl Pts',(-0.75,2.72805016828869,-4.38));
#10087=CARTESIAN_POINT('Ctrl Pts',(-0.556218264197207,2.43902508414435,
-4.51922753588783));
#10088=CARTESIAN_POINT('Ctrl Pts',(-0.362436528394413,2.15,-4.65845507177565));
#10089=CARTESIAN_POINT('',(-0.620545924752382,2.15,-4.2898366518456));
#10090=CARTESIAN_POINT('Ctrl Pts',(-0.748413755117488,2.98253279129401,
-3.8850218681067));
#10091=CARTESIAN_POINT('Ctrl Pts',(-0.738116465217757,2.68130608192418,
-3.91762189871527));
#10092=CARTESIAN_POINT('Ctrl Pts',(-0.679331194985069,2.41565304096209,
-4.10372927528044));
#10093=CARTESIAN_POINT('Ctrl Pts',(-0.620545924752382,2.15,-4.2898366518456));
#10094=CARTESIAN_POINT('',(-0.620545924752382,2.15,-4.2898366518456));
#10095=CARTESIAN_POINT('Ctrl Pts',(0.75,3.07500001405904,-3.88));
#10096=CARTESIAN_POINT('Ctrl Pts',(0.750000005234925,2.72805017609657,-3.88000000376117));
#10097=CARTESIAN_POINT('Ctrl Pts',(0.556218266814669,2.43902508804829,-3.74077246599276));
#10098=CARTESIAN_POINT('Ctrl Pts',(0.362436528394412,2.15,-3.60154492822435));
#10099=CARTESIAN_POINT('Ctrl Pts',(0.25,3.07500001396505,-3.88));
#10100=CARTESIAN_POINT('Ctrl Pts',(0.250000002907093,2.7303695406101,-3.88000000066219));
#10101=CARTESIAN_POINT('Ctrl Pts',(0.142387856792953,2.44018477030505,-3.85548775171348));
#10102=CARTESIAN_POINT('Ctrl Pts',(0.0347757106788141,2.15,-3.83097550276477));
#10103=CARTESIAN_POINT('Ctrl Pts',(-0.25,3.07500001387107,-3.88));
#10104=CARTESIAN_POINT('Ctrl Pts',(-0.249999999420739,2.73268890512364,
-3.87999999756321));
#10105=CARTESIAN_POINT('Ctrl Pts',(-0.271442553228762,2.44134445256182,
-3.9702030374342));
#10106=CARTESIAN_POINT('Ctrl Pts',(-0.292885107036784,2.15,-4.06040607730519));
#10107=CARTESIAN_POINT('Ctrl Pts',(-0.75,3.07500001377708,-3.88));
#10108=CARTESIAN_POINT('Ctrl Pts',(-0.750000001748572,2.73500826963717,
-3.87999999446423));
#10109=CARTESIAN_POINT('Ctrl Pts',(-0.685272963250477,2.44250413481859,
-4.08491832315491));
#10110=CARTESIAN_POINT('Ctrl Pts',(-0.620545924752382,2.15,-4.2898366518456));
#10111=CARTESIAN_POINT('',(0.114516387951772,3.07286690191926,-3.88000004193798));
#10112=CARTESIAN_POINT('Ctrl Pts',(0.745489155395209,2.9832651439636,-3.87675906619116));
#10113=CARTESIAN_POINT('Ctrl Pts',(0.642440499945247,3.0090160080031,-3.87913450103999));
#10114=CARTESIAN_POINT('Ctrl Pts',(0.537661398123226,3.0295167225677,-3.87959609936866));
#10115=CARTESIAN_POINT('Ctrl Pts',(0.326651278972869,3.05944575391156,-3.88005868032574));
#10116=CARTESIAN_POINT('Ctrl Pts',(0.220745770708498,3.0689080564482,-3.88000008422256));
#10117=CARTESIAN_POINT('Ctrl Pts',(0.11451638795165,3.07286690191595,-3.88000008422256));
#10118=CARTESIAN_POINT('Ctrl Pts',(0.114516387951648,3.07286690191595,-3.88));
#10119=CARTESIAN_POINT('Ctrl Pts',(0.0763406050644484,3.07428959704213,
-3.88000008422256));
#10120=CARTESIAN_POINT('Ctrl Pts',(0.0381652560495229,3.07500011991011,
-3.88));
#10121=CARTESIAN_POINT('Ctrl Pts',(-9.66001426175615E-6,3.07499999998483,
-3.88));
#10122=CARTESIAN_POINT('',(0.362436528394412,2.15,-3.60154492822435));
#10123=CARTESIAN_POINT('Origin',(0.362436528394412,2.15,-3.60154492822435));
#10124=CARTESIAN_POINT('Origin',(0.,0.,-4.65855507177565));
#10125=CARTESIAN_POINT('Origin',(0.,0.,-3.88));
#10126=CARTESIAN_POINT('Origin',(0.,0.,-3.88));
#10127=CARTESIAN_POINT('',(2.16554002989593,2.18313109522042,-3.88000000006387));
#10128=CARTESIAN_POINT('Origin',(0.,0.,-3.88));
#10129=CARTESIAN_POINT('',(2.27320471713626,2.07078857298118,-3.88));
#10130=CARTESIAN_POINT('Origin',(0.,0.,-3.88));
#10131=CARTESIAN_POINT('Origin',(0.,0.,-3.88));
#10132=CARTESIAN_POINT('',(3.07286690191616,-0.114516387951851,-3.88000004228458));
#10133=CARTESIAN_POINT('Origin',(0.,0.,-3.88));
#10134=CARTESIAN_POINT('Origin',(0.,0.,-3.88));
#10135=CARTESIAN_POINT('',(2.0707885729812,-2.27320471713625,-3.88));
#10136=CARTESIAN_POINT('Origin',(0.,0.,-3.88));
#10137=CARTESIAN_POINT('Origin',(0.,0.,-3.88));
#10138=CARTESIAN_POINT('',(-0.114516387951618,-3.07286690191926,-3.88000004193798));
#10139=CARTESIAN_POINT('Origin',(0.,0.,-3.88));
#10140=CARTESIAN_POINT('Origin',(0.,0.,-3.88));
#10141=CARTESIAN_POINT('',(-2.27320471713628,-2.07078857298117,-3.88));
#10142=CARTESIAN_POINT('Origin',(0.,0.,-3.88));
#10143=CARTESIAN_POINT('Origin',(0.,0.,-3.88));
#10144=CARTESIAN_POINT('',(-3.07286690191617,0.114516387951776,-3.88000004228458));
#10145=CARTESIAN_POINT('Origin',(0.,0.,-3.88));
#10146=CARTESIAN_POINT('Origin',(0.,0.,-3.88));
#10147=CARTESIAN_POINT('',(-2.07078857298121,2.27320471713624,-3.88));
#10148=CARTESIAN_POINT('Origin',(0.,0.,-3.88));
#10149=CARTESIAN_POINT('Origin',(0.,0.,-3.88));
#10150=CARTESIAN_POINT('Origin',(0.,0.,-4.38));
#10151=CARTESIAN_POINT('',(-2.2732047171358,2.07078857298169,-4.38));
#10152=CARTESIAN_POINT('Origin',(0.,0.,-4.38));
#10153=CARTESIAN_POINT('Origin',(0.,0.,-4.38));
#10154=CARTESIAN_POINT('',(-3.07286690191595,-0.114516387951593,-4.37999995771542));
#10155=CARTESIAN_POINT('Origin',(0.,0.,-4.38));
#10156=CARTESIAN_POINT('Origin',(0.,0.,-4.38));
#10157=CARTESIAN_POINT('',(-2.07078857298169,-2.2732047171358,-4.38));
#10158=CARTESIAN_POINT('Origin',(0.,0.,-4.38));
#10159=CARTESIAN_POINT('Origin',(0.,0.,-4.38));
#10160=CARTESIAN_POINT('',(0.11451638795182,-3.07286690191616,-4.37999995771542));
#10161=CARTESIAN_POINT('Origin',(0.,0.,-4.38));
#10162=CARTESIAN_POINT('Origin',(0.,0.,-4.38));
#10163=CARTESIAN_POINT('',(2.27320471713581,-2.07078857298168,-4.38));
#10164=CARTESIAN_POINT('Origin',(0.,0.,-4.38));
#10165=CARTESIAN_POINT('Origin',(0.,0.,-4.38));
#10166=CARTESIAN_POINT('',(3.07286690191616,0.114516387951877,-4.37999995771542));
#10167=CARTESIAN_POINT('Origin',(0.,0.,-4.38));
#10168=CARTESIAN_POINT('Origin',(0.,0.,-4.38));
#10169=CARTESIAN_POINT('',(2.07078857298167,2.27320471713582,-4.38));
#10170=CARTESIAN_POINT('Origin',(0.,0.,-4.38));
#10171=CARTESIAN_POINT('',(1.582330611366,2.63663703158666,-4.38));
#10172=CARTESIAN_POINT('Origin',(0.,0.,-4.38));
#10173=CARTESIAN_POINT('Origin',(0.,0.,-4.38));
#10174=CARTESIAN_POINT('Origin',(0.,0.,-3.88));
#10175=CARTESIAN_POINT('',(1.57976072045933,2.63817760321284,-3.88502186810645));
#10176=CARTESIAN_POINT('Ctrl Pts',(1.57976072045933,2.63817760321284,-3.88502186810645));
#10177=CARTESIAN_POINT('Ctrl Pts',(1.57998775967963,2.63804165040806,-3.92654003838009));
#10178=CARTESIAN_POINT('Ctrl Pts',(1.58021177663608,2.63790746756137,-3.9680582311142));
#10179=CARTESIAN_POINT('Ctrl Pts',(1.58043287479839,2.63777499576039,-4.0095764446083));
#10180=CARTESIAN_POINT('Ctrl Pts',(1.58076452206194,2.63757628804687,-4.07185376861976));
#10181=CARTESIAN_POINT('Ctrl Pts',(1.58108960306134,2.63738142962197,-4.13413114020491));
#10182=CARTESIAN_POINT('Ctrl Pts',(1.58140844721192,2.63719023263252,-4.1964085545114));
#10183=CARTESIAN_POINT('Ctrl Pts',(1.58172176047466,2.63700235227631,-4.25760566236453));
#10184=CARTESIAN_POINT('Ctrl Pts',(1.58202905120923,2.63681800752741,-4.31880281228091));
#10185=CARTESIAN_POINT('Ctrl Pts',(1.582330611366,2.63663703158666,-4.38));
#10186=CARTESIAN_POINT('Ctrl Pts',(2.16554002989593,2.18313109522042,-3.88000000006387));
#10187=CARTESIAN_POINT('Ctrl Pts',(2.07763395158025,2.27032885071964,-3.88000000265781));
#10188=CARTESIAN_POINT('Ctrl Pts',(1.98459509367917,2.35208548467319,-3.87989705398862));
#10189=CARTESIAN_POINT('Ctrl Pts',(1.78837646439359,2.50457868948562,-3.88049845688268));
#10190=CARTESIAN_POINT('Ctrl Pts',(1.68560730621177,2.5747958663795,-3.8810761913517));
#10191=CARTESIAN_POINT('Ctrl Pts',(1.57976072045933,2.63817760321284,-3.88502186810645));
#10192=CARTESIAN_POINT('Origin',(0.,0.,-4.65855507177565));
#10193=CARTESIAN_POINT('',(-2.6366274504551,1.58234657629312,-4.38324093380884));
#10194=CARTESIAN_POINT('Ctrl Pts',(-2.63662745045511,1.58234657629313,-4.38324093380884));
#10195=CARTESIAN_POINT('Ctrl Pts',(-2.58441737534627,1.66934301517997,-4.38097187707872));
#10196=CARTESIAN_POINT('Ctrl Pts',(-2.5277060116599,1.75406390943023,-4.3804606052398));
#10197=CARTESIAN_POINT('Ctrl Pts',(-2.40619324342251,1.9173307110687,-4.3799517754325));
#10198=CARTESIAN_POINT('Ctrl Pts',(-2.34159535161121,1.99571286755921,-4.38000072693775));
#10199=CARTESIAN_POINT('Ctrl Pts',(-2.2732047171358,2.07078857298169,-4.37999999980002));
#10200=CARTESIAN_POINT('',(-2.63663703158664,1.58233061136602,-4.38));
#10201=CARTESIAN_POINT('Ctrl Pts',(-2.70469488628688,1.64403471470597,-4.38000000010106));
#10202=CARTESIAN_POINT('Ctrl Pts',(-2.45936348010179,1.39869478268994,-4.37999566864399));
#10203=CARTESIAN_POINT('Ctrl Pts',(-2.11796219331513,1.33134651763181,-4.51922537020982));
#10204=CARTESIAN_POINT('Ctrl Pts',(-1.77656090652848,1.26399825257367,-4.65845507177565));
#10205=CARTESIAN_POINT('Ctrl Pts',(-2.35114141920388,1.99758802872107,-4.38000000001779));
#10206=CARTESIAN_POINT('Ctrl Pts',(-2.10744825781159,1.75389013270841,-4.37999923742617));
#10207=CARTESIAN_POINT('Ctrl Pts',(-1.82615898910212,1.62478978570896,-4.4045118673307));
#10208=CARTESIAN_POINT('Ctrl Pts',(-1.54486972039265,1.4956894387095,-4.42902449723523));
#10209=CARTESIAN_POINT('Ctrl Pts',(-1.99758795212088,2.35114134273616,-4.37999999993452));
#10210=CARTESIAN_POINT('Ctrl Pts',(-1.75553303552139,2.10908548272688,-4.38000280620835));
#10211=CARTESIAN_POINT('Ctrl Pts',(-1.53435578488911,1.91823305378611,-4.28979836445158));
#10212=CARTESIAN_POINT('Ctrl Pts',(-1.31317853425682,1.72738062484533,-4.19959392269482));
#10213=CARTESIAN_POINT('Ctrl Pts',(-1.64403448503788,2.70469465675125,-4.37999999985126));
#10214=CARTESIAN_POINT('Ctrl Pts',(-1.40361781323119,2.46428083274535,-4.38000637499052));
#10215=CARTESIAN_POINT('Ctrl Pts',(-1.24255258067609,2.21167632186325,-4.17508486157246));
#10216=CARTESIAN_POINT('Ctrl Pts',(-1.081487348121,1.95907181098116,-3.9701633481544));
#10217=CARTESIAN_POINT('',(-1.77656090652848,1.26399825257367,-4.65845507177565));
#10218=CARTESIAN_POINT('Ctrl Pts',(-1.77656090652848,1.26399825257367,-4.65845507177565));
#10219=CARTESIAN_POINT('Ctrl Pts',(-2.08742582238905,1.32532260476844,-4.53167866190933));
#10220=CARTESIAN_POINT('Ctrl Pts',(-2.39829073824962,1.38664695696321,-4.40490225204301));
#10221=CARTESIAN_POINT('Ctrl Pts',(-2.6366274504551,1.58234657629312,-4.38324093380884));
#10222=CARTESIAN_POINT('',(-1.081487348121,1.95907181098116,-3.9701633481544));
#10223=CARTESIAN_POINT('Ctrl Pts',(-1.57976072045937,2.63817760321281,-4.37497813189355));
#10224=CARTESIAN_POINT('Ctrl Pts',(-1.37404255510193,2.41789687082236,-4.34237810128158));
#10225=CARTESIAN_POINT('Ctrl Pts',(-1.22776495161146,2.18848434090176,-4.15627072471799));
#10226=CARTESIAN_POINT('Ctrl Pts',(-1.081487348121,1.95907181098116,-3.9701633481544));
#10227=CARTESIAN_POINT('',(-1.081487348121,1.95907181098116,-3.9701633481544));
#10228=CARTESIAN_POINT('Ctrl Pts',(-1.64402326625873,2.70468343803854,-4.38));
#10229=CARTESIAN_POINT('Ctrl Pts',(-1.40361280258436,2.46427297436418,-4.38));
#10230=CARTESIAN_POINT('Ctrl Pts',(-1.24255007535268,2.21167239267267,-4.1750816740772));
#10231=CARTESIAN_POINT('Ctrl Pts',(-1.081487348121,1.95907181098116,-3.9701633481544));
#10232=CARTESIAN_POINT('Ctrl Pts',(-1.64402326625873,2.70468343803854,-4.21333333333333));
#10233=CARTESIAN_POINT('Ctrl Pts',(-1.40197276423095,2.46263293601077,-4.21333333333333));
#10234=CARTESIAN_POINT('Ctrl Pts',(-1.27214854025142,2.18043388942051,-4.03031193742219));
#10235=CARTESIAN_POINT('Ctrl Pts',(-1.14232431627189,1.89823484283027,-3.84729054151105));
#10236=CARTESIAN_POINT('Ctrl Pts',(-1.64402326625873,2.70468343803854,-4.04666666666667));
#10237=CARTESIAN_POINT('Ctrl Pts',(-1.40033272587754,2.46099289765735,-4.04666666666667));
#10238=CARTESIAN_POINT('Ctrl Pts',(-1.30174700515016,2.14919538616836,-3.88554220076718));
#10239=CARTESIAN_POINT('Ctrl Pts',(-1.20316128442279,1.83739787467937,-3.7244177348677));
#10240=CARTESIAN_POINT('Ctrl Pts',(-1.64402326625873,2.70468343803854,-3.88));
#10241=CARTESIAN_POINT('Ctrl Pts',(-1.39869268752413,2.45935285930394,-3.88));
#10242=CARTESIAN_POINT('Ctrl Pts',(-1.3313454700489,2.11795688291621,-3.74077246411218));
#10243=CARTESIAN_POINT('Ctrl Pts',(-1.26399825257368,1.77656090652847,-3.60154492822435));
#10244=CARTESIAN_POINT('',(-1.58234657629314,2.6366274504551,-3.87675906619116));
#10245=CARTESIAN_POINT('',(-1.58233061136603,2.63663703158664,-3.88));
#10246=CARTESIAN_POINT('',(-1.26399825257368,1.77656090652847,-3.60154492822435));
#10247=CARTESIAN_POINT('Ctrl Pts',(-1.58234657629314,2.6366274504551,-3.87675906619116));
#10248=CARTESIAN_POINT('Ctrl Pts',(-1.38664695696304,2.39829073824868,-3.85509774795661));
#10249=CARTESIAN_POINT('Ctrl Pts',(-1.32532260476836,2.08742582238858,-3.72832133809048));
#10250=CARTESIAN_POINT('Ctrl Pts',(-1.26399825257368,1.77656090652847,-3.60154492822435));
#10251=CARTESIAN_POINT('',(-1.26399825257368,1.77656090652847,-3.60154492822435));
#10252=CARTESIAN_POINT('Ctrl Pts',(-2.70468343803855,1.64402326625872,-3.88));
#10253=CARTESIAN_POINT('Ctrl Pts',(-2.46427297436418,1.40361280258435,-3.88));
#10254=CARTESIAN_POINT('Ctrl Pts',(-2.21167239267267,1.24255007535267,-4.0849183259228));
#10255=CARTESIAN_POINT('Ctrl Pts',(-1.95907181098117,1.08148734812099,-4.2898366518456));
#10256=CARTESIAN_POINT('Ctrl Pts',(-2.70468343803855,1.64402326625872,-4.04666666666667));
#10257=CARTESIAN_POINT('Ctrl Pts',(-2.46263293601077,1.40197276423094,-4.04666666666667));
#10258=CARTESIAN_POINT('Ctrl Pts',(-2.18043388942052,1.27214854025141,-4.22968806257781));
#10259=CARTESIAN_POINT('Ctrl Pts',(-1.89823484283027,1.14232431627188,-4.41270945848895));
#10260=CARTESIAN_POINT('Ctrl Pts',(-2.70468343803855,1.64402326625872,-4.21333333333333));
#10261=CARTESIAN_POINT('Ctrl Pts',(-2.46099289765736,1.40033272587753,-4.21333333333333));
#10262=CARTESIAN_POINT('Ctrl Pts',(-2.14919538616837,1.30174700515015,-4.37445779923282));
#10263=CARTESIAN_POINT('Ctrl Pts',(-1.83739787467938,1.20316128442278,-4.5355822651323));
#10264=CARTESIAN_POINT('Ctrl Pts',(-2.70468343803855,1.64402326625872,-4.38));
#10265=CARTESIAN_POINT('Ctrl Pts',(-2.45935285930395,1.39869268752412,-4.38));
#10266=CARTESIAN_POINT('Ctrl Pts',(-2.11795688291621,1.3313454700489,-4.51922753588783));
#10267=CARTESIAN_POINT('Ctrl Pts',(-1.77656090652848,1.26399825257367,-4.65845507177565));
#10268=CARTESIAN_POINT('',(-1.95907181098117,1.08148734812099,-4.2898366518456));
#10269=CARTESIAN_POINT('Ctrl Pts',(-2.63817760321282,1.57976072045936,-3.88502186810645));
#10270=CARTESIAN_POINT('Ctrl Pts',(-2.41789687082636,1.37404255510447,-3.91762189871518));
#10271=CARTESIAN_POINT('Ctrl Pts',(-2.18848434090376,1.22776495161273,-4.10372927528039));
#10272=CARTESIAN_POINT('Ctrl Pts',(-1.95907181098117,1.08148734812099,-4.2898366518456));
#10273=CARTESIAN_POINT('',(-1.95907181098117,1.08148734812099,-4.2898366518456));
#10274=CARTESIAN_POINT('Ctrl Pts',(-1.6440347147015,2.70469488628239,-3.87999999989894));
#10275=CARTESIAN_POINT('Ctrl Pts',(-1.39869478268913,2.45936348009763,-3.88000433135431));
#10276=CARTESIAN_POINT('Ctrl Pts',(-1.33134651763141,2.11796219331305,-3.74077462978933));
#10277=CARTESIAN_POINT('Ctrl Pts',(-1.26399825257368,1.77656090652847,-3.60154492822435));
#10278=CARTESIAN_POINT('Ctrl Pts',(-1.99758802871662,2.35114141919942,-3.87999999998221));
#10279=CARTESIAN_POINT('Ctrl Pts',(-1.75389013270685,2.10744825780816,-3.88000076257353));
#10280=CARTESIAN_POINT('Ctrl Pts',(-1.62478978570818,1.8261589891004,-3.85548813266915));
#10281=CARTESIAN_POINT('Ctrl Pts',(-1.49568943870951,1.54486972039265,-3.83097550276477));
#10282=CARTESIAN_POINT('Ctrl Pts',(-2.35114134273174,1.99758795211645,-3.88000000006548));
#10283=CARTESIAN_POINT('Ctrl Pts',(-2.10908548272456,1.75553303551869,-3.87999719379275));
#10284=CARTESIAN_POINT('Ctrl Pts',(-1.91823305378495,1.53435578488775,-3.97020163554897));
#10285=CARTESIAN_POINT('Ctrl Pts',(-1.72738062484534,1.31317853425682,-4.06040607730519));
#10286=CARTESIAN_POINT('Ctrl Pts',(-2.70469465674687,1.64403448503348,-3.88000000014874));
#10287=CARTESIAN_POINT('Ctrl Pts',(-2.46428083274228,1.40361781322922,-3.87999362501197));
#10288=CARTESIAN_POINT('Ctrl Pts',(-2.21167632186172,1.2425525806751,-4.08491513842879));
#10289=CARTESIAN_POINT('Ctrl Pts',(-1.95907181098117,1.08148734812099,-4.2898366518456));
#10290=CARTESIAN_POINT('Ctrl Pts',(-1.58234657629314,2.6366274504551,-3.87675906619116));
#10291=CARTESIAN_POINT('Ctrl Pts',(-1.66934301517995,2.58441737534628,-3.87902812292128));
#10292=CARTESIAN_POINT('Ctrl Pts',(-1.75406390943018,2.52770601165992,-3.8795393947602));
#10293=CARTESIAN_POINT('Ctrl Pts',(-1.91733071106836,2.40619324342278,-3.8800482245675));
#10294=CARTESIAN_POINT('Ctrl Pts',(-1.99571286755879,2.34159535161156,-3.87999927306225));
#10295=CARTESIAN_POINT('Ctrl Pts',(-2.0707885729812,2.27320471713625,-3.88000000019998));
#10296=CARTESIAN_POINT('',(-1.26399825257368,1.77656090652847,-3.60154492822435));
#10297=CARTESIAN_POINT('Origin',(-1.26399825257368,1.77656090652847,-3.60154492822435));
#10298=CARTESIAN_POINT('Origin',(0.,0.,-4.65855507177565));
#10299=CARTESIAN_POINT('Origin',(0.,0.,-4.65855507177565));
#10300=CARTESIAN_POINT('',(-2.98326514396358,-0.745489155395219,-4.38324093380884));
#10301=CARTESIAN_POINT('Ctrl Pts',(-2.98326514396359,-0.745489155395221,
-4.38324093380884));
#10302=CARTESIAN_POINT('Ctrl Pts',(-3.00901600800323,-0.642440499944749,
-4.38086549896));
#10303=CARTESIAN_POINT('Ctrl Pts',(-3.02951672256791,-0.537661398122211,
-4.38040390063134));
#10304=CARTESIAN_POINT('Ctrl Pts',(-3.05944575391167,-0.326651278971636,
-4.37994131967426));
#10305=CARTESIAN_POINT('Ctrl Pts',(-3.06890805644822,-0.220745770707856,
-4.37999991577744));
#10306=CARTESIAN_POINT('Ctrl Pts',(-3.07286690191595,-0.114516387951592,
-4.37999991577744));
#10307=CARTESIAN_POINT('',(-2.98326062993845,-0.74550721918652,-4.38));
#10308=CARTESIAN_POINT('Ctrl Pts',(-3.07500040626035,-0.749999999999922,
-4.38000000000006));
#10309=CARTESIAN_POINT('Ctrl Pts',(-2.72805039391098,-0.750000151272278,
-4.3799998913145));
#10310=CARTESIAN_POINT('Ctrl Pts',(-2.43902519695549,-0.556218339833349,
-4.51922748154507));
#10311=CARTESIAN_POINT('Ctrl Pts',(-2.15,-0.36243652839442,-4.65845507177565));
#10312=CARTESIAN_POINT('Ctrl Pts',(-3.0750004035445,-0.249999999999962,
-4.38000000000001));
#10313=CARTESIAN_POINT('Ctrl Pts',(-2.73036975929848,-0.250000084005518,
-4.37999998086495));
#10314=CARTESIAN_POINT('Ctrl Pts',(-2.44018487964924,-0.14238789734217,
-4.40451223905009));
#10315=CARTESIAN_POINT('Ctrl Pts',(-2.15,-0.0347757106788226,-4.42902449723523));
#10316=CARTESIAN_POINT('Ctrl Pts',(-3.07500040082864,0.249999999999999,
-4.37999999999996));
#10317=CARTESIAN_POINT('Ctrl Pts',(-2.73268912468597,0.249999983261242,
-4.3800000704154));
#10318=CARTESIAN_POINT('Ctrl Pts',(-2.44134456234298,0.271442545149009,
-4.28979699655511));
#10319=CARTESIAN_POINT('Ctrl Pts',(-2.15,0.292885107036775,-4.19959392269482));
#10320=CARTESIAN_POINT('Ctrl Pts',(-3.07500039811279,0.74999999999996,-4.37999999999991));
#10321=CARTESIAN_POINT('Ctrl Pts',(-2.73500849007346,0.750000050528002,
-4.38000015996585));
#10322=CARTESIAN_POINT('Ctrl Pts',(-2.44250424503673,0.685272987640188,
-4.17508175406013));
#10323=CARTESIAN_POINT('Ctrl Pts',(-2.15,0.620545924752373,-3.9701633481544));
#10324=CARTESIAN_POINT('',(-2.15,-0.36243652839442,-4.65845507177565));
#10325=CARTESIAN_POINT('Ctrl Pts',(-2.15,-0.36243652839442,-4.65845507177565));
#10326=CARTESIAN_POINT('Ctrl Pts',(-2.41317755532679,-0.538888353143624,
-4.53167866190933));
#10327=CARTESIAN_POINT('Ctrl Pts',(-2.67635511065358,-0.715340177892827,
-4.40490225204301));
#10328=CARTESIAN_POINT('Ctrl Pts',(-2.98326514396358,-0.745489155395219,
-4.38324093380884));
#10329=CARTESIAN_POINT('',(-2.15,0.620545924752373,-3.9701633481544));
#10330=CARTESIAN_POINT('Ctrl Pts',(-2.98253279129522,0.748413755117283,
-4.37497813189355));
#10331=CARTESIAN_POINT('Ctrl Pts',(-2.68130608192406,0.738116465217722,
-4.34237810128465));
#10332=CARTESIAN_POINT('Ctrl Pts',(-2.41565304096203,0.679331194985048,
-4.15627072471952));
#10333=CARTESIAN_POINT('Ctrl Pts',(-2.15,0.620545924752373,-3.9701633481544));
#10334=CARTESIAN_POINT('',(-2.15,0.620545924752373,-3.9701633481544));
#10335=CARTESIAN_POINT('Ctrl Pts',(-3.075,0.749999999999989,-4.38));
#10336=CARTESIAN_POINT('Ctrl Pts',(-2.73500826173531,0.74999999999999,-4.38));
#10337=CARTESIAN_POINT('Ctrl Pts',(-2.44250413086766,0.685272962376182,
-4.1750816740772));
#10338=CARTESIAN_POINT('Ctrl Pts',(-2.15,0.620545924752373,-3.9701633481544));
#10339=CARTESIAN_POINT('Ctrl Pts',(-3.075,0.749999999999989,-4.21333333333333));
#10340=CARTESIAN_POINT('Ctrl Pts',(-2.7326888972531,0.74999999999999,-4.21333333333333));
#10341=CARTESIAN_POINT('Ctrl Pts',(-2.44134444862655,0.642254729649854,
-4.03031193742219));
#10342=CARTESIAN_POINT('Ctrl Pts',(-2.15,0.534509459299717,-3.84729054151105));
#10343=CARTESIAN_POINT('Ctrl Pts',(-3.075,0.749999999999989,-4.04666666666667));
#10344=CARTESIAN_POINT('Ctrl Pts',(-2.7303695327709,0.74999999999999,-4.04666666666667));
#10345=CARTESIAN_POINT('Ctrl Pts',(-2.44018476638545,0.599236496923526,
-3.88554220076718));
#10346=CARTESIAN_POINT('Ctrl Pts',(-2.15,0.448472993847061,-3.7244177348677));
#10347=CARTESIAN_POINT('Ctrl Pts',(-3.075,0.749999999999989,-3.88));
#10348=CARTESIAN_POINT('Ctrl Pts',(-2.72805016828869,0.74999999999999,-3.88));
#10349=CARTESIAN_POINT('Ctrl Pts',(-2.43902508414435,0.556218264197197,
-3.74077246411218));
#10350=CARTESIAN_POINT('Ctrl Pts',(-2.15,0.362436528394405,-3.60154492822435));
#10351=CARTESIAN_POINT('',(-2.98326514396359,0.745489155395198,-3.87675906619116));
#10352=CARTESIAN_POINT('',(-2.98326062993846,0.745507219186499,-3.88));
#10353=CARTESIAN_POINT('',(-2.15,0.362436528394405,-3.60154492822435));
#10354=CARTESIAN_POINT('Ctrl Pts',(-2.98326514396359,0.745489155395198,
-3.87675906619116));
#10355=CARTESIAN_POINT('Ctrl Pts',(-2.67635511065279,0.715340177892276,
-3.85509774795661));
#10356=CARTESIAN_POINT('Ctrl Pts',(-2.4131775553264,0.53888835314334,-3.72832133809048));
#10357=CARTESIAN_POINT('Ctrl Pts',(-2.15,0.362436528394405,-3.60154492822435));
#10358=CARTESIAN_POINT('',(-2.15,0.362436528394405,-3.60154492822435));
#10359=CARTESIAN_POINT('Ctrl Pts',(-3.075,-0.750000000000011,-3.88));
#10360=CARTESIAN_POINT('Ctrl Pts',(-2.73500826173531,-0.75000000000001,
-3.88));
#10361=CARTESIAN_POINT('Ctrl Pts',(-2.44250413086765,-0.6852729623762,-4.0849183259228));
#10362=CARTESIAN_POINT('Ctrl Pts',(-2.15,-0.620545924752389,-4.2898366518456));
#10363=CARTESIAN_POINT('Ctrl Pts',(-3.075,-0.750000000000011,-4.04666666666667));
#10364=CARTESIAN_POINT('Ctrl Pts',(-2.7326888972531,-0.75000000000001,-4.04666666666667));
#10365=CARTESIAN_POINT('Ctrl Pts',(-2.44134444862655,-0.642254729649871,
-4.22968806257781));
#10366=CARTESIAN_POINT('Ctrl Pts',(-2.15,-0.534509459299733,-4.41270945848895));
#10367=CARTESIAN_POINT('Ctrl Pts',(-3.075,-0.750000000000011,-4.21333333333333));
#10368=CARTESIAN_POINT('Ctrl Pts',(-2.73036953277089,-0.75000000000001,
-4.21333333333333));
#10369=CARTESIAN_POINT('Ctrl Pts',(-2.44018476638545,-0.599236496923543,
-4.37445779923282));
#10370=CARTESIAN_POINT('Ctrl Pts',(-2.15,-0.448472993847077,-4.5355822651323));
#10371=CARTESIAN_POINT('Ctrl Pts',(-3.075,-0.750000000000011,-4.38));
#10372=CARTESIAN_POINT('Ctrl Pts',(-2.72805016828869,-0.75000000000001,
-4.38));
#10373=CARTESIAN_POINT('Ctrl Pts',(-2.43902508414434,-0.556218264197215,
-4.51922753588783));
#10374=CARTESIAN_POINT('Ctrl Pts',(-2.15,-0.36243652839442,-4.65845507177565));
#10375=CARTESIAN_POINT('',(-2.15,-0.62054592475239,-4.2898366518456));
#10376=CARTESIAN_POINT('Ctrl Pts',(-2.98253279129541,-0.748413755117311,
-3.88502186810643));
#10377=CARTESIAN_POINT('Ctrl Pts',(-2.68130608192417,-0.738116465217766,
-3.91762189871527));
#10378=CARTESIAN_POINT('Ctrl Pts',(-2.41565304096209,-0.679331194985078,
-4.10372927528044));
#10379=CARTESIAN_POINT('Ctrl Pts',(-2.15,-0.62054592475239,-4.2898366518456));
#10380=CARTESIAN_POINT('',(-2.15,-0.620545924752389,-4.2898366518456));
#10381=CARTESIAN_POINT('Ctrl Pts',(-3.07500001385727,0.749999999999989,
-3.88));
#10382=CARTESIAN_POINT('Ctrl Pts',(-2.72805017598452,0.750000005159786,
-3.88000000370719));
#10383=CARTESIAN_POINT('Ctrl Pts',(-2.43902508799226,0.556218266777095,
-3.74077246596577));
#10384=CARTESIAN_POINT('Ctrl Pts',(-2.15,0.362436528394405,-3.60154492822435));
#10385=CARTESIAN_POINT('Ctrl Pts',(-3.07500001376463,0.249999999999989,
-3.88));
#10386=CARTESIAN_POINT('Ctrl Pts',(-2.7303695404976,0.250000002865362,-3.88000000065268));
#10387=CARTESIAN_POINT('Ctrl Pts',(-2.4401847702488,0.142387856772084,-3.85548775170873));
#10388=CARTESIAN_POINT('Ctrl Pts',(-2.15,0.0347757106788066,-3.83097550276477));
#10389=CARTESIAN_POINT('Ctrl Pts',(-3.07500001367199,-0.250000000000011,
-3.88));
#10390=CARTESIAN_POINT('Ctrl Pts',(-2.73268890501068,-0.249999999429062,
-3.87999999759818));
#10391=CARTESIAN_POINT('Ctrl Pts',(-2.44134445250534,-0.271442553232927,
-3.97020303745168));
#10392=CARTESIAN_POINT('Ctrl Pts',(-2.15,-0.292885107036791,-4.06040607730519));
#10393=CARTESIAN_POINT('Ctrl Pts',(-3.07500001357936,-0.750000000000011,
-3.88));
#10394=CARTESIAN_POINT('Ctrl Pts',(-2.73500826952377,-0.750000001723486,
-3.87999999454367));
#10395=CARTESIAN_POINT('Ctrl Pts',(-2.44250413476188,-0.685272963237938,
-4.08491832319464));
#10396=CARTESIAN_POINT('Ctrl Pts',(-2.15,-0.62054592475239,-4.2898366518456));
#10397=CARTESIAN_POINT('Ctrl Pts',(-2.9832651439636,0.745489155395199,-3.87675906619116));
#10398=CARTESIAN_POINT('Ctrl Pts',(-3.00901600800325,0.642440499944668,
-3.87913450104));
#10399=CARTESIAN_POINT('Ctrl Pts',(-3.02951672256793,0.537661398122058,
-3.87959609936867));
#10400=CARTESIAN_POINT('Ctrl Pts',(-3.05944575391166,0.32665127897175,-3.88005868032574));
#10401=CARTESIAN_POINT('Ctrl Pts',(-3.06890805644821,0.22074577070801,-3.88000008422256));
#10402=CARTESIAN_POINT('Ctrl Pts',(-3.07286690191594,0.114516387951769,
-3.88000008422256));
#10403=CARTESIAN_POINT('',(-2.15,0.362436528394405,-3.60154492822435));
#10404=CARTESIAN_POINT('Origin',(-2.15,0.362436528394405,-3.60154492822435));
#10405=CARTESIAN_POINT('Origin',(0.,0.,-4.65855507177565));
#10406=CARTESIAN_POINT('Origin',(0.,0.,-4.65855507177565));
#10407=CARTESIAN_POINT('',(-1.58234657629311,-2.6366274504551,-4.38324093380884));
#10408=CARTESIAN_POINT('Ctrl Pts',(-1.58234657629312,-2.63662745045512,
-4.38324093380884));
#10409=CARTESIAN_POINT('Ctrl Pts',(-1.66934301517996,-2.58441737534628,
-4.38097187707872));
#10410=CARTESIAN_POINT('Ctrl Pts',(-1.75406390943023,-2.5277060116599,-4.3804606052398));
#10411=CARTESIAN_POINT('Ctrl Pts',(-1.9173307110687,-2.40619324342251,-4.3799517754325));
#10412=CARTESIAN_POINT('Ctrl Pts',(-1.99571286755921,-2.34159535161121,
-4.38000072693775));
#10413=CARTESIAN_POINT('Ctrl Pts',(-2.07078857298169,-2.2732047171358,-4.37999999980002));
#10414=CARTESIAN_POINT('',(-1.58233061136601,-2.63663703158665,-4.38));
#10415=CARTESIAN_POINT('Ctrl Pts',(-1.64403471470425,-2.70469488628517,
-4.38000000010106));
#10416=CARTESIAN_POINT('Ctrl Pts',(-1.39869478268962,-2.45936348010021,
-4.37999566864464));
#10417=CARTESIAN_POINT('Ctrl Pts',(-1.33134651763165,-2.11796219331435,
-4.51922537021015));
#10418=CARTESIAN_POINT('Ctrl Pts',(-1.26399825257367,-1.77656090652848,
-4.65845507177565));
#10419=CARTESIAN_POINT('Ctrl Pts',(-1.99758802871936,-2.35114141920219,
-4.38000000001779));
#10420=CARTESIAN_POINT('Ctrl Pts',(-1.75389013270781,-2.10744825781029,
-4.37999923742628));
#10421=CARTESIAN_POINT('Ctrl Pts',(-1.62478978570865,-1.82615898910147,
-4.40451186733076));
#10422=CARTESIAN_POINT('Ctrl Pts',(-1.4956894387095,-1.54486972039266,-4.42902449723523));
#10423=CARTESIAN_POINT('Ctrl Pts',(-2.35114134273447,-1.99758795211921,
-4.37999999993452));
#10424=CARTESIAN_POINT('Ctrl Pts',(-2.10908548272599,-1.75553303552037,
-4.38000280620793));
#10425=CARTESIAN_POINT('Ctrl Pts',(-1.91823305378566,-1.5343557848886,-4.28979836445137));
#10426=CARTESIAN_POINT('Ctrl Pts',(-1.72738062484533,-1.31317853425683,
-4.19959392269482));
#10427=CARTESIAN_POINT('Ctrl Pts',(-2.70469465674957,-1.64403448503622,
-4.37999999985126));
#10428=CARTESIAN_POINT('Ctrl Pts',(-2.46428083274417,-1.40361781323045,
-4.38000637498957));
#10429=CARTESIAN_POINT('Ctrl Pts',(-2.21167632186266,-1.24255258067573,
-4.17508486157199));
#10430=CARTESIAN_POINT('Ctrl Pts',(-1.95907181098116,-1.081487348121,-3.9701633481544));
#10431=CARTESIAN_POINT('',(-1.26399825257367,-1.77656090652848,-4.65845507177565));
#10432=CARTESIAN_POINT('Ctrl Pts',(-1.26399825257367,-1.77656090652848,
-4.65845507177565));
#10433=CARTESIAN_POINT('Ctrl Pts',(-1.32532260476844,-2.08742582238906,
-4.53167866190933));
#10434=CARTESIAN_POINT('Ctrl Pts',(-1.38664695696321,-2.39829073824963,
-4.40490225204301));
#10435=CARTESIAN_POINT('Ctrl Pts',(-1.58234657629311,-2.6366274504551,-4.38324093380884));
#10436=CARTESIAN_POINT('',(-1.95907181098116,-1.081487348121,-3.9701633481544));
#10437=CARTESIAN_POINT('Ctrl Pts',(-2.63817760321281,-1.57976072045938,
-4.37497813189355));
#10438=CARTESIAN_POINT('Ctrl Pts',(-2.41789687082236,-1.37404255510194,
-4.34237810128158));
#10439=CARTESIAN_POINT('Ctrl Pts',(-2.18848434090176,-1.22776495161147,
-4.15627072471799));
#10440=CARTESIAN_POINT('Ctrl Pts',(-1.95907181098116,-1.081487348121,-3.9701633481544));
#10441=CARTESIAN_POINT('',(-1.95907181098116,-1.081487348121,-3.9701633481544));
#10442=CARTESIAN_POINT('Ctrl Pts',(-2.70468343803854,-1.64402326625874,
-4.38));
#10443=CARTESIAN_POINT('Ctrl Pts',(-2.46427297436417,-1.40361280258437,
-4.38));
#10444=CARTESIAN_POINT('Ctrl Pts',(-2.21167239267266,-1.24255007535269,
-4.1750816740772));
#10445=CARTESIAN_POINT('Ctrl Pts',(-1.95907181098116,-1.081487348121,-3.9701633481544));
#10446=CARTESIAN_POINT('Ctrl Pts',(-2.70468343803854,-1.64402326625874,
-4.21333333333333));
#10447=CARTESIAN_POINT('Ctrl Pts',(-2.46263293601076,-1.40197276423096,
-4.21333333333333));
#10448=CARTESIAN_POINT('Ctrl Pts',(-2.18043388942051,-1.27214854025143,
-4.03031193742219));
#10449=CARTESIAN_POINT('Ctrl Pts',(-1.89823484283026,-1.1423243162719,-3.84729054151105));
#10450=CARTESIAN_POINT('Ctrl Pts',(-2.70468343803854,-1.64402326625874,
-4.04666666666667));
#10451=CARTESIAN_POINT('Ctrl Pts',(-2.46099289765735,-1.40033272587755,
-4.04666666666667));
#10452=CARTESIAN_POINT('Ctrl Pts',(-2.14919538616836,-1.30174700515017,
-3.88554220076718));
#10453=CARTESIAN_POINT('Ctrl Pts',(-1.83739787467937,-1.20316128442279,
-3.7244177348677));
#10454=CARTESIAN_POINT('Ctrl Pts',(-2.70468343803854,-1.64402326625874,
-3.88));
#10455=CARTESIAN_POINT('Ctrl Pts',(-2.45935285930394,-1.39869268752414,
-3.88));
#10456=CARTESIAN_POINT('Ctrl Pts',(-2.1179568829162,-1.33134547004891,-3.74077246411218));
#10457=CARTESIAN_POINT('Ctrl Pts',(-1.77656090652847,-1.26399825257369,
-3.60154492822435));
#10458=CARTESIAN_POINT('',(-2.63662745045509,-1.58234657629315,-3.87675906619116));
#10459=CARTESIAN_POINT('',(-2.63663703158663,-1.58233061136604,-3.88));
#10460=CARTESIAN_POINT('',(-1.77656090652847,-1.26399825257369,-3.60154492822435));
#10461=CARTESIAN_POINT('Ctrl Pts',(-2.63662745045509,-1.58234657629315,
-3.87675906619116));
#10462=CARTESIAN_POINT('Ctrl Pts',(-2.39829073824868,-1.38664695696305,
-3.85509774795661));
#10463=CARTESIAN_POINT('Ctrl Pts',(-2.08742582238857,-1.32532260476837,
-3.72832133809048));
#10464=CARTESIAN_POINT('Ctrl Pts',(-1.77656090652847,-1.26399825257369,
-3.60154492822435));
#10465=CARTESIAN_POINT('',(-1.77656090652847,-1.26399825257369,-3.60154492822435));
#10466=CARTESIAN_POINT('Ctrl Pts',(-1.64402326625871,-2.70468343803855,
-3.88));
#10467=CARTESIAN_POINT('Ctrl Pts',(-1.40361280258434,-2.46427297436419,
-3.88));
#10468=CARTESIAN_POINT('Ctrl Pts',(-1.24255007535266,-2.21167239267268,
-4.0849183259228));
#10469=CARTESIAN_POINT('Ctrl Pts',(-1.08148734812098,-1.95907181098117,
-4.2898366518456));
#10470=CARTESIAN_POINT('Ctrl Pts',(-1.64402326625871,-2.70468343803855,
-4.04666666666667));
#10471=CARTESIAN_POINT('Ctrl Pts',(-1.40197276423093,-2.46263293601078,
-4.04666666666667));
#10472=CARTESIAN_POINT('Ctrl Pts',(-1.2721485402514,-2.18043388942052,-4.22968806257781));
#10473=CARTESIAN_POINT('Ctrl Pts',(-1.14232431627188,-1.89823484283027,
-4.41270945848895));
#10474=CARTESIAN_POINT('Ctrl Pts',(-1.64402326625871,-2.70468343803855,
-4.21333333333333));
#10475=CARTESIAN_POINT('Ctrl Pts',(-1.40033272587752,-2.46099289765736,
-4.21333333333333));
#10476=CARTESIAN_POINT('Ctrl Pts',(-1.30174700515015,-2.14919538616837,
-4.37445779923282));
#10477=CARTESIAN_POINT('Ctrl Pts',(-1.20316128442277,-1.83739787467938,
-4.5355822651323));
#10478=CARTESIAN_POINT('Ctrl Pts',(-1.64402326625871,-2.70468343803855,
-4.38));
#10479=CARTESIAN_POINT('Ctrl Pts',(-1.39869268752411,-2.45935285930395,
-4.38));
#10480=CARTESIAN_POINT('Ctrl Pts',(-1.33134547004889,-2.11795688291622,
-4.51922753588783));
#10481=CARTESIAN_POINT('Ctrl Pts',(-1.26399825257367,-1.77656090652848,
-4.65845507177565));
#10482=CARTESIAN_POINT('',(-1.08148734812098,-1.95907181098117,-4.2898366518456));
#10483=CARTESIAN_POINT('Ctrl Pts',(-1.57976072045935,-2.63817760321282,
-3.88502186810645));
#10484=CARTESIAN_POINT('Ctrl Pts',(-1.37404255510439,-2.41789687082625,
-3.91762189871527));
#10485=CARTESIAN_POINT('Ctrl Pts',(-1.22776495161268,-2.18848434090371,
-4.10372927528044));
#10486=CARTESIAN_POINT('Ctrl Pts',(-1.08148734812098,-1.95907181098117,
-4.2898366518456));
#10487=CARTESIAN_POINT('',(-1.08148734812098,-1.95907181098117,-4.2898366518456));
#10488=CARTESIAN_POINT('Ctrl Pts',(-2.70469488628669,-1.64403471470582,
-3.87999999989894));
#10489=CARTESIAN_POINT('Ctrl Pts',(-2.45936348010162,-1.39869478268993,
-3.88000433135594));
#10490=CARTESIAN_POINT('Ctrl Pts',(-2.11796219331505,-1.33134651763181,
-3.74077462979015));
#10491=CARTESIAN_POINT('Ctrl Pts',(-1.77656090652847,-1.26399825257369,
-3.60154492822435));
#10492=CARTESIAN_POINT('Ctrl Pts',(-2.35114141920369,-1.99758802872091,
-3.87999999998221));
#10493=CARTESIAN_POINT('Ctrl Pts',(-2.10744825781145,-1.75389013270837,
-3.88000076257382));
#10494=CARTESIAN_POINT('Ctrl Pts',(-1.82615898910204,-1.62478978570894,
-3.85548813266929));
#10495=CARTESIAN_POINT('Ctrl Pts',(-1.54486972039264,-1.49568943870951,
-3.83097550276477));
#10496=CARTESIAN_POINT('Ctrl Pts',(-1.9975879521207,-2.351141342736,-3.88000000006548));
#10497=CARTESIAN_POINT('Ctrl Pts',(-1.75553303552127,-2.1090854827268,-3.8799971937917));
#10498=CARTESIAN_POINT('Ctrl Pts',(-1.53435578488904,-1.91823305378607,
-3.97020163554844));
#10499=CARTESIAN_POINT('Ctrl Pts',(-1.31317853425681,-1.72738062484534,
-4.06040607730519));
#10500=CARTESIAN_POINT('Ctrl Pts',(-1.6440344850377,-2.7046946567511,-3.88000000014874));
#10501=CARTESIAN_POINT('Ctrl Pts',(-1.4036178132311,-2.46428083274524,-3.87999362500957));
#10502=CARTESIAN_POINT('Ctrl Pts',(-1.24255258067604,-2.2116763218632,-4.08491513842759));
#10503=CARTESIAN_POINT('Ctrl Pts',(-1.08148734812098,-1.95907181098117,
-4.2898366518456));
#10504=CARTESIAN_POINT('Ctrl Pts',(-2.6366274504551,-1.58234657629315,-3.87675906619117));
#10505=CARTESIAN_POINT('Ctrl Pts',(-2.58441737534628,-1.66934301517995,
-3.87902812292128));
#10506=CARTESIAN_POINT('Ctrl Pts',(-2.52770601165992,-1.75406390943018,
-3.8795393947602));
#10507=CARTESIAN_POINT('Ctrl Pts',(-2.4061932434228,-1.91733071106834,-3.8800482245675));
#10508=CARTESIAN_POINT('Ctrl Pts',(-2.34159535161159,-1.99571286755876,
-3.87999927306225));
#10509=CARTESIAN_POINT('Ctrl Pts',(-2.27320471713628,-2.07078857298117,
-3.88000000019998));
#10510=CARTESIAN_POINT('',(-1.77656090652847,-1.26399825257369,-3.60154492822435));
#10511=CARTESIAN_POINT('Origin',(-1.77656090652847,-1.26399825257369,-3.60154492822435));
#10512=CARTESIAN_POINT('Origin',(0.,0.,-4.65855507177565));
#10513=CARTESIAN_POINT('Origin',(0.,0.,-4.65855507177565));
#10514=CARTESIAN_POINT('',(0.74548915539523,-2.98326514396357,-4.38324093380884));
#10515=CARTESIAN_POINT('Ctrl Pts',(0.745489155395232,-2.98326514396359,
-4.38324093380884));
#10516=CARTESIAN_POINT('Ctrl Pts',(0.642440499944793,-3.00901600800322,
-4.38086549896));
#10517=CARTESIAN_POINT('Ctrl Pts',(0.537661398122289,-3.0295167225679,-4.38040390063134));
#10518=CARTESIAN_POINT('Ctrl Pts',(0.326651278971792,-3.05944575391165,
-4.37994131967426));
#10519=CARTESIAN_POINT('Ctrl Pts',(0.220745770708051,-3.06890805644821,
-4.37999991577744));
#10520=CARTESIAN_POINT('Ctrl Pts',(0.11451638795181,-3.07286690191594,-4.37999991577744));
#10521=CARTESIAN_POINT('',(0.74550721918653,-2.98326062993845,-4.38));
#10522=CARTESIAN_POINT('Ctrl Pts',(0.749999999999933,-3.07500040586799,
-4.38000000000006));
#10523=CARTESIAN_POINT('Ctrl Pts',(0.75000015112619,-2.72805039369308,-4.37999989141947));
#10524=CARTESIAN_POINT('Ctrl Pts',(0.556218339760309,-2.43902519684654,
-4.51922748159756));
#10525=CARTESIAN_POINT('Ctrl Pts',(0.362436528394428,-2.15,-4.65845507177565));
#10526=CARTESIAN_POINT('Ctrl Pts',(0.249999999999972,-3.07500040315476,
-4.38000000000001));
#10527=CARTESIAN_POINT('Ctrl Pts',(0.250000083924396,-2.7303697590797,-4.37999998088343));
#10528=CARTESIAN_POINT('Ctrl Pts',(0.142387897301613,-2.44018487953985,
-4.40451223905933));
#10529=CARTESIAN_POINT('Ctrl Pts',(0.0347757106788301,-2.15,-4.42902449723523));
#10530=CARTESIAN_POINT('Ctrl Pts',(-0.249999999999988,-3.07500040044153,
-4.37999999999996));
#10531=CARTESIAN_POINT('Ctrl Pts',(-0.249999983277398,-2.73268912446632,
-4.38000007034739));
#10532=CARTESIAN_POINT('Ctrl Pts',(-0.271442545157083,-2.44134456223316,
-4.2897969965211));
#10533=CARTESIAN_POINT('Ctrl Pts',(-0.292885107036768,-2.15,-4.19959392269482));
#10534=CARTESIAN_POINT('Ctrl Pts',(-0.749999999999948,-3.0750003977283,
-4.37999999999991));
#10535=CARTESIAN_POINT('Ctrl Pts',(-0.750000050479193,-2.73500848985294,
-4.38000015981136));
#10536=CARTESIAN_POINT('Ctrl Pts',(-0.685272987615779,-2.44250424492647,
-4.17508175398288));
#10537=CARTESIAN_POINT('Ctrl Pts',(-0.620545924752366,-2.15,-3.9701633481544));
#10538=CARTESIAN_POINT('',(0.362436528394428,-2.15,-4.65845507177565));
#10539=CARTESIAN_POINT('Ctrl Pts',(0.362436528394428,-2.15,-4.65845507177565));
#10540=CARTESIAN_POINT('Ctrl Pts',(0.538888353143632,-2.41317755532679,
-4.53167866190933));
#10541=CARTESIAN_POINT('Ctrl Pts',(0.715340177892836,-2.67635511065358,
-4.40490225204301));
#10542=CARTESIAN_POINT('Ctrl Pts',(0.74548915539523,-2.98326514396357,-4.38324093380884));
#10543=CARTESIAN_POINT('',(-0.620545924752366,-2.15,-3.9701633481544));
#10544=CARTESIAN_POINT('Ctrl Pts',(-0.748413755117273,-2.98253279129522,
-4.37497813189355));
#10545=CARTESIAN_POINT('Ctrl Pts',(-0.738116465217712,-2.68130608192407,
-4.34237810128465));
#10546=CARTESIAN_POINT('Ctrl Pts',(-0.679331194985039,-2.41565304096204,
-4.15627072471952));
#10547=CARTESIAN_POINT('Ctrl Pts',(-0.620545924752366,-2.15,-3.9701633481544));
#10548=CARTESIAN_POINT('',(-0.620545924752366,-2.15,-3.9701633481544));
#10549=CARTESIAN_POINT('Ctrl Pts',(-0.749999999999978,-3.07500000000001,
-4.38));
#10550=CARTESIAN_POINT('Ctrl Pts',(-0.749999999999981,-2.73500826173531,
-4.38));
#10551=CARTESIAN_POINT('Ctrl Pts',(-0.685272962376173,-2.44250413086766,
-4.1750816740772));
#10552=CARTESIAN_POINT('Ctrl Pts',(-0.620545924752366,-2.15,-3.9701633481544));
#10553=CARTESIAN_POINT('Ctrl Pts',(-0.749999999999978,-3.07500000000001,
-4.21333333333333));
#10554=CARTESIAN_POINT('Ctrl Pts',(-0.749999999999981,-2.73268889725311,
-4.21333333333333));
#10555=CARTESIAN_POINT('Ctrl Pts',(-0.642254729649845,-2.44134444862655,
-4.03031193742219));
#10556=CARTESIAN_POINT('Ctrl Pts',(-0.534509459299709,-2.15,-3.84729054151105));
#10557=CARTESIAN_POINT('Ctrl Pts',(-0.749999999999978,-3.07500000000001,
-4.04666666666667));
#10558=CARTESIAN_POINT('Ctrl Pts',(-0.749999999999981,-2.7303695327709,
-4.04666666666667));
#10559=CARTESIAN_POINT('Ctrl Pts',(-0.599236496923517,-2.44018476638545,
-3.88554220076718));
#10560=CARTESIAN_POINT('Ctrl Pts',(-0.448472993847053,-2.15,-3.7244177348677));
#10561=CARTESIAN_POINT('Ctrl Pts',(-0.749999999999978,-3.07500000000001,
-3.88));
#10562=CARTESIAN_POINT('Ctrl Pts',(-0.749999999999981,-2.7280501682887,
-3.88));
#10563=CARTESIAN_POINT('Ctrl Pts',(-0.556218264197189,-2.43902508414435,
-3.74077246411218));
#10564=CARTESIAN_POINT('Ctrl Pts',(-0.362436528394397,-2.15,-3.60154492822435));
#10565=CARTESIAN_POINT('',(-0.745489155395187,-2.98326514396359,-3.87675906619116));
#10566=CARTESIAN_POINT('',(-0.745507219186488,-2.98326062993846,-3.88));
#10567=CARTESIAN_POINT('',(-0.362436528394397,-2.15,-3.60154492822435));
#10568=CARTESIAN_POINT('Ctrl Pts',(-0.745489155395187,-2.98326514396359,
-3.87675906619116));
#10569=CARTESIAN_POINT('Ctrl Pts',(-0.715340177892267,-2.67635511065279,
-3.85509774795661));
#10570=CARTESIAN_POINT('Ctrl Pts',(-0.538888353143332,-2.4131775553264,
-3.72832133809048));
#10571=CARTESIAN_POINT('Ctrl Pts',(-0.362436528394397,-2.15,-3.60154492822435));
#10572=CARTESIAN_POINT('',(-0.362436528394397,-2.15,-3.60154492822435));
#10573=CARTESIAN_POINT('Ctrl Pts',(0.750000000000022,-3.07499999999999,
-3.88));
#10574=CARTESIAN_POINT('Ctrl Pts',(0.750000000000019,-2.7350082617353,-3.88));
#10575=CARTESIAN_POINT('Ctrl Pts',(0.685272962376208,-2.44250413086765,
-4.0849183259228));
#10576=CARTESIAN_POINT('Ctrl Pts',(0.620545924752397,-2.15,-4.2898366518456));
#10577=CARTESIAN_POINT('Ctrl Pts',(0.750000000000022,-3.07499999999999,
-4.04666666666667));
#10578=CARTESIAN_POINT('Ctrl Pts',(0.750000000000019,-2.7326888972531,-4.04666666666667));
#10579=CARTESIAN_POINT('Ctrl Pts',(0.64225472964988,-2.44134444862655,-4.22968806257781));
#10580=CARTESIAN_POINT('Ctrl Pts',(0.53450945929974,-2.15,-4.41270945848895));
#10581=CARTESIAN_POINT('Ctrl Pts',(0.750000000000022,-3.07499999999999,
-4.21333333333333));
#10582=CARTESIAN_POINT('Ctrl Pts',(0.750000000000019,-2.73036953277089,
-4.21333333333333));
#10583=CARTESIAN_POINT('Ctrl Pts',(0.599236496923552,-2.44018476638544,
-4.37445779923282));
#10584=CARTESIAN_POINT('Ctrl Pts',(0.448472993847084,-2.15,-4.5355822651323));
#10585=CARTESIAN_POINT('Ctrl Pts',(0.750000000000022,-3.07499999999999,
-4.38));
#10586=CARTESIAN_POINT('Ctrl Pts',(0.750000000000019,-2.72805016828868,
-4.38));
#10587=CARTESIAN_POINT('Ctrl Pts',(0.556218264197224,-2.43902508414434,
-4.51922753588783));
#10588=CARTESIAN_POINT('Ctrl Pts',(0.362436528394428,-2.15,-4.65845507177565));
#10589=CARTESIAN_POINT('',(0.620545924752397,-2.15,-4.2898366518456));
#10590=CARTESIAN_POINT('Ctrl Pts',(0.748413755117321,-2.98253279129541,
-3.88502186810643));
#10591=CARTESIAN_POINT('Ctrl Pts',(0.738116465217776,-2.68130608192417,
-3.91762189871527));
#10592=CARTESIAN_POINT('Ctrl Pts',(0.679331194985086,-2.41565304096208,
-4.10372927528044));
#10593=CARTESIAN_POINT('Ctrl Pts',(0.620545924752397,-2.15,-4.2898366518456));
#10594=CARTESIAN_POINT('',(0.620545924752397,-2.15,-4.2898366518456));
#10595=CARTESIAN_POINT('Ctrl Pts',(-0.749999999999969,-3.07500013158299,
-3.87999999999999));
#10596=CARTESIAN_POINT('Ctrl Pts',(-0.750000048995302,-2.72805024136512,
-3.88000003520197));
#10597=CARTESIAN_POINT('Ctrl Pts',(-0.55621828869485,-2.43902512068256,
-3.74077248171316));
#10598=CARTESIAN_POINT('Ctrl Pts',(-0.362436528394397,-2.15,-3.60154492822435));
#10599=CARTESIAN_POINT('Ctrl Pts',(-0.249999999999973,-3.07500013070335,
-3.88));
#10600=CARTESIAN_POINT('Ctrl Pts',(-0.250000027208384,-2.73036960614054,
-3.88000000619762));
#10601=CARTESIAN_POINT('Ctrl Pts',(-0.142387868943592,-2.44018480307027,
-3.85548775448119));
#10602=CARTESIAN_POINT('Ctrl Pts',(-0.0347757106787991,-2.15,-3.83097550276477));
#10603=CARTESIAN_POINT('Ctrl Pts',(0.250000000000023,-3.07500012982371,
-3.88));
#10604=CARTESIAN_POINT('Ctrl Pts',(0.249999994578534,-2.73268897091595,
-3.87999997719327));
#10605=CARTESIAN_POINT('Ctrl Pts',(0.271442550807667,-2.44134448545797,
-3.97020302724923));
#10606=CARTESIAN_POINT('Ctrl Pts',(0.292885107036799,-2.15,-4.06040607730519));
#10607=CARTESIAN_POINT('Ctrl Pts',(0.750000000000018,-3.07500012894407,
-3.88000000000001));
#10608=CARTESIAN_POINT('Ctrl Pts',(0.750000016365452,-2.73500833569136,
-3.87999994818893));
#10609=CARTESIAN_POINT('Ctrl Pts',(0.685272970558925,-2.44250416784568,
-4.08491830001727));
#10610=CARTESIAN_POINT('Ctrl Pts',(0.620545924752397,-2.15,-4.2898366518456));
#10611=CARTESIAN_POINT('Ctrl Pts',(-0.745489155395189,-2.9832651439636,
-3.87675906619117));
#10612=CARTESIAN_POINT('Ctrl Pts',(-0.642440499945186,-3.00901600800312,
-3.87913450103999));
#10613=CARTESIAN_POINT('Ctrl Pts',(-0.537661398123123,-3.02951672256772,
-3.87959609936866));
#10614=CARTESIAN_POINT('Ctrl Pts',(-0.326651278972727,-3.05944575391157,
-3.88005868032574));
#10615=CARTESIAN_POINT('Ctrl Pts',(-0.220745770708365,-3.06890805644821,
-3.88000008422256));
#10616=CARTESIAN_POINT('Ctrl Pts',(-0.114516387951496,-3.07286690191595,
-3.88000008422256));
#10617=CARTESIAN_POINT('',(-0.362436528394397,-2.15,-3.60154492822435));
#10618=CARTESIAN_POINT('Origin',(-0.362436528394397,-2.15,-3.60154492822435));
#10619=CARTESIAN_POINT('Origin',(0.,0.,-4.65855507177565));
#10620=CARTESIAN_POINT('Origin',(0.,0.,-4.65855507177565));
#10621=CARTESIAN_POINT('',(2.63662745045511,-1.5823465762931,-4.38324093380884));
#10622=CARTESIAN_POINT('Ctrl Pts',(2.63662745045512,-1.58234657629311,-4.38324093380884));
#10623=CARTESIAN_POINT('Ctrl Pts',(2.58441737534628,-1.66934301517995,-4.38097187707872));
#10624=CARTESIAN_POINT('Ctrl Pts',(2.52770601165991,-1.75406390943022,-4.3804606052398));
#10625=CARTESIAN_POINT('Ctrl Pts',(2.40619324342252,-1.91733071106869,-4.3799517754325));
#10626=CARTESIAN_POINT('Ctrl Pts',(2.34159535161123,-1.99571286755919,-4.38000072693775));
#10627=CARTESIAN_POINT('Ctrl Pts',(2.27320471713582,-2.07078857298167,-4.37999999980002));
#10628=CARTESIAN_POINT('',(2.63663703158665,-1.582330611366,-4.38));
#10629=CARTESIAN_POINT('Ctrl Pts',(2.70469488628601,-1.64403471470507,-4.38000000010106));
#10630=CARTESIAN_POINT('Ctrl Pts',(2.45936348010099,-1.39869478268977,-4.37999566864433));
#10631=CARTESIAN_POINT('Ctrl Pts',(2.11796219331474,-1.33134651763171,-4.51922537020999));
#10632=CARTESIAN_POINT('Ctrl Pts',(1.77656090652849,-1.26399825257366,-4.65845507177565));
#10633=CARTESIAN_POINT('Ctrl Pts',(2.35114141920302,-1.99758802872018,-4.38000000001779));
#10634=CARTESIAN_POINT('Ctrl Pts',(2.10744825781093,-1.75389013270809,-4.37999923742623));
#10635=CARTESIAN_POINT('Ctrl Pts',(1.8261589891018,-1.62478978570879,-4.40451186733073));
#10636=CARTESIAN_POINT('Ctrl Pts',(1.54486972039266,-1.49568943870949,-4.42902449723523));
#10637=CARTESIAN_POINT('Ctrl Pts',(1.99758795212003,-2.35114134273528,-4.37999999993452));
#10638=CARTESIAN_POINT('Ctrl Pts',(1.75553303552088,-2.10908548272641,-4.38000280620813));
#10639=CARTESIAN_POINT('Ctrl Pts',(1.53435578488886,-1.91823305378587,-4.28979836445147));
#10640=CARTESIAN_POINT('Ctrl Pts',(1.31317853425684,-1.72738062484532,-4.19959392269482));
#10641=CARTESIAN_POINT('Ctrl Pts',(1.64403448503704,-2.70469465675038,-4.37999999985126));
#10642=CARTESIAN_POINT('Ctrl Pts',(1.40361781323082,-2.46428083274473,-4.38000637499003));
#10643=CARTESIAN_POINT('Ctrl Pts',(1.24255258067591,-2.21167632186294,-4.17508486157222));
#10644=CARTESIAN_POINT('Ctrl Pts',(1.08148734812101,-1.95907181098115,-3.9701633481544));
#10645=CARTESIAN_POINT('',(1.77656090652849,-1.26399825257366,-4.65845507177565));
#10646=CARTESIAN_POINT('Ctrl Pts',(1.77656090652849,-1.26399825257366,-4.65845507177565));
#10647=CARTESIAN_POINT('Ctrl Pts',(2.08742582238906,-1.32532260476843,-4.53167866190933));
#10648=CARTESIAN_POINT('Ctrl Pts',(2.39829073824963,-1.3866469569632,-4.40490225204301));
#10649=CARTESIAN_POINT('Ctrl Pts',(2.63662745045511,-1.5823465762931,-4.38324093380884));
#10650=CARTESIAN_POINT('',(1.08148734812101,-1.95907181098115,-3.9701633481544));
#10651=CARTESIAN_POINT('Ctrl Pts',(1.57976072045939,-2.6381776032128,-4.37497813189355));
#10652=CARTESIAN_POINT('Ctrl Pts',(1.37404255510195,-2.41789687082235,-4.34237810128158));
#10653=CARTESIAN_POINT('Ctrl Pts',(1.22776495161148,-2.18848434090175,-4.15627072471799));
#10654=CARTESIAN_POINT('Ctrl Pts',(1.08148734812101,-1.95907181098115,-3.9701633481544));
#10655=CARTESIAN_POINT('',(1.08148734812101,-1.95907181098115,-3.9701633481544));
#10656=CARTESIAN_POINT('Ctrl Pts',(1.64402326625875,-2.70468343803853,-4.38));
#10657=CARTESIAN_POINT('Ctrl Pts',(1.40361280258438,-2.46427297436417,-4.38));
#10658=CARTESIAN_POINT('Ctrl Pts',(1.24255007535269,-2.21167239267266,-4.1750816740772));
#10659=CARTESIAN_POINT('Ctrl Pts',(1.08148734812101,-1.95907181098115,-3.9701633481544));
#10660=CARTESIAN_POINT('Ctrl Pts',(1.64402326625875,-2.70468343803853,-4.21333333333333));
#10661=CARTESIAN_POINT('Ctrl Pts',(1.40197276423097,-2.46263293601076,-4.21333333333333));
#10662=CARTESIAN_POINT('Ctrl Pts',(1.27214854025144,-2.18043388942051,-4.03031193742219));
#10663=CARTESIAN_POINT('Ctrl Pts',(1.1423243162719,-1.89823484283026,-3.84729054151105));
#10664=CARTESIAN_POINT('Ctrl Pts',(1.64402326625875,-2.70468343803853,-4.04666666666667));
#10665=CARTESIAN_POINT('Ctrl Pts',(1.40033272587756,-2.46099289765734,-4.04666666666667));
#10666=CARTESIAN_POINT('Ctrl Pts',(1.30174700515018,-2.14919538616835,-3.88554220076718));
#10667=CARTESIAN_POINT('Ctrl Pts',(1.2031612844228,-1.83739787467936,-3.7244177348677));
#10668=CARTESIAN_POINT('Ctrl Pts',(1.64402326625875,-2.70468343803853,-3.88));
#10669=CARTESIAN_POINT('Ctrl Pts',(1.39869268752415,-2.45935285930393,-3.88));
#10670=CARTESIAN_POINT('Ctrl Pts',(1.33134547004892,-2.1179568829162,-3.74077246411218));
#10671=CARTESIAN_POINT('Ctrl Pts',(1.26399825257369,-1.77656090652847,-3.60154492822435));
#10672=CARTESIAN_POINT('',(1.58234657629315,-2.63662745045508,-3.87675906619116));
#10673=CARTESIAN_POINT('',(1.58233061136605,-2.63663703158663,-3.88));
#10674=CARTESIAN_POINT('',(1.26399825257369,-1.77656090652847,-3.60154492822435));
#10675=CARTESIAN_POINT('Ctrl Pts',(1.58234657629315,-2.63662745045508,-3.87675906619116));
#10676=CARTESIAN_POINT('Ctrl Pts',(1.38664695696305,-2.39829073824867,-3.85509774795661));
#10677=CARTESIAN_POINT('Ctrl Pts',(1.32532260476837,-2.08742582238857,-3.72832133809048));
#10678=CARTESIAN_POINT('Ctrl Pts',(1.26399825257369,-1.77656090652847,-3.60154492822435));
#10679=CARTESIAN_POINT('',(1.26399825257369,-1.77656090652847,-3.60154492822435));
#10680=CARTESIAN_POINT('Ctrl Pts',(2.70468343803856,-1.6440232662587,-3.88));
#10681=CARTESIAN_POINT('Ctrl Pts',(2.46427297436419,-1.40361280258434,-3.88));
#10682=CARTESIAN_POINT('Ctrl Pts',(2.21167239267268,-1.24255007535265,-4.0849183259228));
#10683=CARTESIAN_POINT('Ctrl Pts',(1.95907181098117,-1.08148734812097,-4.2898366518456));
#10684=CARTESIAN_POINT('Ctrl Pts',(2.70468343803856,-1.6440232662587,-4.04666666666667));
#10685=CARTESIAN_POINT('Ctrl Pts',(2.46263293601078,-1.40197276423092,-4.04666666666667));
#10686=CARTESIAN_POINT('Ctrl Pts',(2.18043388942053,-1.2721485402514,-4.22968806257781));
#10687=CARTESIAN_POINT('Ctrl Pts',(1.89823484283028,-1.14232431627187,-4.41270945848895));
#10688=CARTESIAN_POINT('Ctrl Pts',(2.70468343803856,-1.6440232662587,-4.21333333333333));
#10689=CARTESIAN_POINT('Ctrl Pts',(2.46099289765737,-1.40033272587751,-4.21333333333333));
#10690=CARTESIAN_POINT('Ctrl Pts',(2.14919538616838,-1.30174700515014,-4.37445779923282));
#10691=CARTESIAN_POINT('Ctrl Pts',(1.83739787467938,-1.20316128442277,-4.5355822651323));
#10692=CARTESIAN_POINT('Ctrl Pts',(2.70468343803856,-1.6440232662587,-4.38));
#10693=CARTESIAN_POINT('Ctrl Pts',(2.45935285930396,-1.3986926875241,-4.38));
#10694=CARTESIAN_POINT('Ctrl Pts',(2.11795688291622,-1.33134547004888,-4.51922753588783));
#10695=CARTESIAN_POINT('Ctrl Pts',(1.77656090652849,-1.26399825257366,-4.65845507177565));
#10696=CARTESIAN_POINT('',(1.95907181098117,-1.08148734812097,-4.2898366518456));
#10697=CARTESIAN_POINT('Ctrl Pts',(2.63817760321283,-1.57976072045934,-3.88502186810645));
#10698=CARTESIAN_POINT('Ctrl Pts',(2.41789687082637,-1.37404255510445,-3.91762189871518));
#10699=CARTESIAN_POINT('Ctrl Pts',(2.18848434090377,-1.22776495161271,-4.10372927528039));
#10700=CARTESIAN_POINT('Ctrl Pts',(1.95907181098117,-1.08148734812097,-4.2898366518456));
#10701=CARTESIAN_POINT('',(1.95907181098117,-1.08148734812097,-4.2898366518456));
#10702=CARTESIAN_POINT('Ctrl Pts',(1.64403471470398,-2.70469488628484,-3.87999999989894));
#10703=CARTESIAN_POINT('Ctrl Pts',(1.3986947826896,-2.4593634800999,-3.88000433135524));
#10704=CARTESIAN_POINT('Ctrl Pts',(1.33134651763165,-2.11796219331419,-3.7407746297898));
#10705=CARTESIAN_POINT('Ctrl Pts',(1.26399825257369,-1.77656090652847,-3.60154492822435));
#10706=CARTESIAN_POINT('Ctrl Pts',(1.99758802871909,-2.35114141920185,-3.87999999998221));
#10707=CARTESIAN_POINT('Ctrl Pts',(1.75389013270773,-2.10744825781003,-3.8800007625737));
#10708=CARTESIAN_POINT('Ctrl Pts',(1.62478978570862,-1.82615898910133,-3.85548813266923));
#10709=CARTESIAN_POINT('Ctrl Pts',(1.49568943870952,-1.54486972039264,-3.83097550276477));
#10710=CARTESIAN_POINT('Ctrl Pts',(2.35114134273419,-1.99758795211887,-3.88000000006548));
#10711=CARTESIAN_POINT('Ctrl Pts',(2.10908548272585,-1.75553303552015,-3.87999719379215));
#10712=CARTESIAN_POINT('Ctrl Pts',(1.9182330537856,-1.53435578488848,-3.97020163554867));
#10713=CARTESIAN_POINT('Ctrl Pts',(1.72738062484535,-1.3131785342568,-4.06040607730519));
#10714=CARTESIAN_POINT('Ctrl Pts',(2.70469465674929,-1.64403448503588,-3.88000000014874));
#10715=CARTESIAN_POINT('Ctrl Pts',(2.46428083274398,-1.40361781323028,-3.8799936250106));
#10716=CARTESIAN_POINT('Ctrl Pts',(2.21167632186258,-1.24255258067563,-4.0849151384281));
#10717=CARTESIAN_POINT('Ctrl Pts',(1.95907181098117,-1.08148734812097,-4.2898366518456));
#10718=CARTESIAN_POINT('Ctrl Pts',(1.58234657629316,-2.63662745045509,-3.87675906619116));
#10719=CARTESIAN_POINT('Ctrl Pts',(1.66934301517996,-2.58441737534627,-3.87902812292128));
#10720=CARTESIAN_POINT('Ctrl Pts',(1.7540639094302,-2.52770601165991,-3.8795393947602));
#10721=CARTESIAN_POINT('Ctrl Pts',(1.91733071106836,-2.40619324342278,-3.8800482245675));
#10722=CARTESIAN_POINT('Ctrl Pts',(1.99571286755879,-2.34159535161156,-3.87999927306225));
#10723=CARTESIAN_POINT('Ctrl Pts',(2.07078857298119,-2.27320471713626,-3.88000000019998));
#10724=CARTESIAN_POINT('',(1.26399825257369,-1.77656090652847,-3.60154492822435));
#10725=CARTESIAN_POINT('Origin',(1.26399825257369,-1.77656090652847,-3.60154492822435));
#10726=CARTESIAN_POINT('Origin',(0.,0.,-4.65855507177565));
#10727=CARTESIAN_POINT('Origin',(0.,0.,-4.65855507177565));
#10728=CARTESIAN_POINT('',(2.98326514396357,0.74548915539524,-4.38324093380884));
#10729=CARTESIAN_POINT('Ctrl Pts',(2.98326514396359,0.745489155395242,-4.38324093380884));
#10730=CARTESIAN_POINT('Ctrl Pts',(3.00901600800322,0.642440499944801,-4.38086549896));
#10731=CARTESIAN_POINT('Ctrl Pts',(3.02951672256789,0.537661398122294,-4.38040390063134));
#10732=CARTESIAN_POINT('Ctrl Pts',(3.05944575391165,0.326651278971829,-4.37994131967426));
#10733=CARTESIAN_POINT('Ctrl Pts',(3.06890805644821,0.220745770708092,-4.37999991577744));
#10734=CARTESIAN_POINT('Ctrl Pts',(3.07286690191594,0.114516387951867,-4.37999991577744));
#10735=CARTESIAN_POINT('',(2.98326062993845,0.74550721918654,-4.38));
#10736=CARTESIAN_POINT('Ctrl Pts',(3.07500001395903,0.750000000000032,-4.38));
#10737=CARTESIAN_POINT('Ctrl Pts',(2.72805017604103,0.750000005197719,-4.37999999626558));
#10738=CARTESIAN_POINT('Ctrl Pts',(2.43902508802051,0.556218266796077,-4.51922753402062));
#10739=CARTESIAN_POINT('Ctrl Pts',(2.15,0.362436528394436,-4.65845507177565));
#10740=CARTESIAN_POINT('Ctrl Pts',(3.07500001386572,0.250000000000032,-4.38));
#10741=CARTESIAN_POINT('Ctrl Pts',(2.73036954055434,0.250000002886444,-4.37999999934252));
#10742=CARTESIAN_POINT('Ctrl Pts',(2.44018477027717,0.142387856782641,-4.40451224828888));
#10743=CARTESIAN_POINT('Ctrl Pts',(2.15,0.0347757106788376,-4.42902449723523));
#10744=CARTESIAN_POINT('Ctrl Pts',(3.07500001377241,-0.249999999999968,
-4.38));
#10745=CARTESIAN_POINT('Ctrl Pts',(2.73268890506766,-0.249999999424831,
-4.38000000241946));
#10746=CARTESIAN_POINT('Ctrl Pts',(2.44134445253383,-0.271442553230795,
-4.28979696255714));
#10747=CARTESIAN_POINT('Ctrl Pts',(2.15,-0.29288510703676,-4.19959392269482));
#10748=CARTESIAN_POINT('Ctrl Pts',(3.0750000136791,-0.749999999999968,-4.38));
#10749=CARTESIAN_POINT('Ctrl Pts',(2.73500826958098,-0.750000001736105,
-4.3800000054964));
#10750=CARTESIAN_POINT('Ctrl Pts',(2.44250413479049,-0.685272963244232,
-4.1750816768254));
#10751=CARTESIAN_POINT('Ctrl Pts',(2.15000000000001,-0.620545924752358,
-3.9701633481544));
#10752=CARTESIAN_POINT('',(2.15,0.362436528394436,-4.65845507177565));
#10753=CARTESIAN_POINT('Ctrl Pts',(2.15,0.362436528394436,-4.65845507177565));
#10754=CARTESIAN_POINT('Ctrl Pts',(2.41317755532679,0.53888835314364,-4.53167866190933));
#10755=CARTESIAN_POINT('Ctrl Pts',(2.67635511065358,0.715340177892845,-4.40490225204301));
#10756=CARTESIAN_POINT('Ctrl Pts',(2.98326514396357,0.74548915539524,-4.38324093380884));
#10757=CARTESIAN_POINT('',(2.15000000000001,-0.620545924752358,-3.9701633481544));
#10758=CARTESIAN_POINT('Ctrl Pts',(2.98253279129522,-0.748413755117262,
-4.37497813189355));
#10759=CARTESIAN_POINT('Ctrl Pts',(2.68130608192407,-0.738116465217703,
-4.34237810128465));
#10760=CARTESIAN_POINT('Ctrl Pts',(2.41565304096204,-0.679331194985031,
-4.15627072471952));
#10761=CARTESIAN_POINT('Ctrl Pts',(2.15000000000001,-0.620545924752358,
-3.9701633481544));
#10762=CARTESIAN_POINT('',(2.15000000000001,-0.620545924752358,-3.9701633481544));
#10763=CARTESIAN_POINT('Ctrl Pts',(3.07500000000001,-0.749999999999968,
-4.38));
#10764=CARTESIAN_POINT('Ctrl Pts',(2.73500826173531,-0.749999999999971,
-4.38));
#10765=CARTESIAN_POINT('Ctrl Pts',(2.44250413086766,-0.685272962376165,
-4.1750816740772));
#10766=CARTESIAN_POINT('Ctrl Pts',(2.15000000000001,-0.620545924752358,
-3.9701633481544));
#10767=CARTESIAN_POINT('Ctrl Pts',(3.07500000000001,-0.749999999999968,
-4.21333333333333));
#10768=CARTESIAN_POINT('Ctrl Pts',(2.73268889725311,-0.749999999999971,
-4.21333333333333));
#10769=CARTESIAN_POINT('Ctrl Pts',(2.44134444862656,-0.642254729649837,
-4.03031193742219));
#10770=CARTESIAN_POINT('Ctrl Pts',(2.15000000000001,-0.534509459299702,
-3.84729054151105));
#10771=CARTESIAN_POINT('Ctrl Pts',(3.07500000000001,-0.749999999999968,
-4.04666666666667));
#10772=CARTESIAN_POINT('Ctrl Pts',(2.7303695327709,-0.749999999999971,-4.04666666666667));
#10773=CARTESIAN_POINT('Ctrl Pts',(2.44018476638545,-0.599236496923509,
-3.88554220076718));
#10774=CARTESIAN_POINT('Ctrl Pts',(2.15,-0.448472993847046,-3.7244177348677));
#10775=CARTESIAN_POINT('Ctrl Pts',(3.07500000000001,-0.749999999999968,
-3.88));
#10776=CARTESIAN_POINT('Ctrl Pts',(2.7280501682887,-0.749999999999971,-3.88));
#10777=CARTESIAN_POINT('Ctrl Pts',(2.43902508414435,-0.55621826419718,-3.74077246411218));
#10778=CARTESIAN_POINT('Ctrl Pts',(2.15,-0.36243652839439,-3.60154492822435));
#10779=CARTESIAN_POINT('',(2.9832651439636,-0.745489155395177,-3.87675906619116));
#10780=CARTESIAN_POINT('',(2.98326062993846,-0.745507219186478,-3.88));
#10781=CARTESIAN_POINT('',(2.15,-0.36243652839439,-3.60154492822435));
#10782=CARTESIAN_POINT('Ctrl Pts',(2.9832651439636,-0.745489155395177,-3.87675906619116));
#10783=CARTESIAN_POINT('Ctrl Pts',(2.6763551106528,-0.715340177892256,-3.85509774795661));
#10784=CARTESIAN_POINT('Ctrl Pts',(2.4131775553264,-0.538888353143323,-3.72832133809048));
#10785=CARTESIAN_POINT('Ctrl Pts',(2.15,-0.36243652839439,-3.60154492822435));
#10786=CARTESIAN_POINT('',(2.15,-0.36243652839439,-3.60154492822435));
#10787=CARTESIAN_POINT('Ctrl Pts',(3.07499999999999,0.750000000000032,-3.88));
#10788=CARTESIAN_POINT('Ctrl Pts',(2.7350082617353,0.750000000000029,-3.88));
#10789=CARTESIAN_POINT('Ctrl Pts',(2.44250413086765,0.685272962376217,-4.0849183259228));
#10790=CARTESIAN_POINT('Ctrl Pts',(2.14999999999999,0.620545924752404,-4.2898366518456));
#10791=CARTESIAN_POINT('Ctrl Pts',(3.07499999999999,0.750000000000032,-4.04666666666667));
#10792=CARTESIAN_POINT('Ctrl Pts',(2.73268889725309,0.750000000000029,-4.04666666666667));
#10793=CARTESIAN_POINT('Ctrl Pts',(2.44134444862654,0.642254729649888,-4.22968806257781));
#10794=CARTESIAN_POINT('Ctrl Pts',(2.14999999999999,0.534509459299748,-4.41270945848895));
#10795=CARTESIAN_POINT('Ctrl Pts',(3.07499999999999,0.750000000000032,-4.21333333333333));
#10796=CARTESIAN_POINT('Ctrl Pts',(2.73036953277089,0.750000000000029,-4.21333333333333));
#10797=CARTESIAN_POINT('Ctrl Pts',(2.44018476638544,0.59923649692356,-4.37445779923282));
#10798=CARTESIAN_POINT('Ctrl Pts',(2.15,0.448472993847092,-4.5355822651323));
#10799=CARTESIAN_POINT('Ctrl Pts',(3.07499999999999,0.750000000000032,-4.38));
#10800=CARTESIAN_POINT('Ctrl Pts',(2.72805016828868,0.750000000000029,-4.38));
#10801=CARTESIAN_POINT('Ctrl Pts',(2.43902508414434,0.556218264197232,-4.51922753588783));
#10802=CARTESIAN_POINT('Ctrl Pts',(2.15,0.362436528394436,-4.65845507177565));
#10803=CARTESIAN_POINT('',(2.14999999999999,0.620545924752405,-4.2898366518456));
#10804=CARTESIAN_POINT('Ctrl Pts',(2.98253279129564,0.748413755117339,-3.8850218681064));
#10805=CARTESIAN_POINT('Ctrl Pts',(2.68130608192431,0.738116465217816,-3.91762189871518));
#10806=CARTESIAN_POINT('Ctrl Pts',(2.41565304096215,0.67933119498511,-4.10372927528039));
#10807=CARTESIAN_POINT('Ctrl Pts',(2.14999999999999,0.620545924752405,-4.2898366518456));
#10808=CARTESIAN_POINT('',(2.14999999999999,0.620545924752404,-4.2898366518456));
#10809=CARTESIAN_POINT('Ctrl Pts',(3.07500032757655,-0.74999999999991,-3.87999999999996));
#10810=CARTESIAN_POINT('Ctrl Pts',(2.72805035021285,-0.750000121974085,
-3.88000008763548));
#10811=CARTESIAN_POINT('Ctrl Pts',(2.43902517510643,-0.556218325184237,
-3.74077250792992));
#10812=CARTESIAN_POINT('Ctrl Pts',(2.15,-0.36243652839439,-3.60154492822435));
#10813=CARTESIAN_POINT('Ctrl Pts',(3.07500032538669,-0.249999999999936,
-3.87999999999999));
#10814=CARTESIAN_POINT('Ctrl Pts',(2.730369715425,-0.250000067735436,-3.88000001542901));
#10815=CARTESIAN_POINT('Ctrl Pts',(2.4401848577125,-0.142387889207114,-3.85548775909689));
#10816=CARTESIAN_POINT('Ctrl Pts',(2.15,-0.0347757106787916,-3.83097550276477));
#10817=CARTESIAN_POINT('Ctrl Pts',(3.07500032319683,0.250000000000039,-3.88000000000003));
#10818=CARTESIAN_POINT('Ctrl Pts',(2.73268908063716,0.249999986503213,-3.87999994322254));
#10819=CARTESIAN_POINT('Ctrl Pts',(2.44134454031858,0.27144254677001,-3.97020301026386));
#10820=CARTESIAN_POINT('Ctrl Pts',(2.15,0.292885107036806,-4.06040607730519));
#10821=CARTESIAN_POINT('Ctrl Pts',(3.07500032100697,0.750000000000013,-3.88000000000006));
#10822=CARTESIAN_POINT('Ctrl Pts',(2.73500844584931,0.750000040741861,-3.87999987101606));
#10823=CARTESIAN_POINT('Ctrl Pts',(2.44250422292465,0.685272982747133,-4.08491826143083));
#10824=CARTESIAN_POINT('Ctrl Pts',(2.14999999999999,0.620545924752405,-4.2898366518456));
#10825=CARTESIAN_POINT('Ctrl Pts',(2.9832651439636,-0.745489155395178,-3.87675906619116));
#10826=CARTESIAN_POINT('Ctrl Pts',(3.00901600800325,-0.642440499944674,
-3.87913450104));
#10827=CARTESIAN_POINT('Ctrl Pts',(3.02951672256793,-0.537661398122092,
-3.87959609936867));
#10828=CARTESIAN_POINT('Ctrl Pts',(3.05944575391165,-0.326651278971789,
-3.88005868032574));
#10829=CARTESIAN_POINT('Ctrl Pts',(3.06890805644821,-0.22074577070806,-3.88000008422256));
#10830=CARTESIAN_POINT('Ctrl Pts',(3.07286690191594,-0.114516387951844,
-3.88000008422256));
#10831=CARTESIAN_POINT('',(2.15,-0.36243652839439,-3.60154492822435));
#10832=CARTESIAN_POINT('Origin',(2.15,-0.36243652839439,-3.60154492822435));
#10833=CARTESIAN_POINT('Origin',(0.,0.,-4.65855507177565));
#10834=CARTESIAN_POINT('Origin',(0.,0.,-4.65855507177565));
#10835=CARTESIAN_POINT('',(1.58234657629309,2.63662745045511,-4.38324093380884));
#10836=CARTESIAN_POINT('Ctrl Pts',(1.5823465762931,2.63662745045513,-4.38324093380884));
#10837=CARTESIAN_POINT('Ctrl Pts',(1.66934301517994,2.58441737534629,-4.38097187707872));
#10838=CARTESIAN_POINT('Ctrl Pts',(1.75406390943021,2.52770601165992,-4.3804606052398));
#10839=CARTESIAN_POINT('Ctrl Pts',(1.91733071106868,2.40619324342253,-4.3799517754325));
#10840=CARTESIAN_POINT('Ctrl Pts',(1.99571286755918,2.34159535161124,-4.38000072693775));
#10841=CARTESIAN_POINT('Ctrl Pts',(2.07078857298166,2.27320471713582,-4.37999999980002));
#10842=CARTESIAN_POINT('',(1.582330611366,2.63663703158666,-4.38));
#10843=CARTESIAN_POINT('Ctrl Pts',(1.64403471470495,2.7046948862859,-4.38000000010106));
#10844=CARTESIAN_POINT('Ctrl Pts',(1.39869478268974,2.45936348010088,-4.37999566864437));
#10845=CARTESIAN_POINT('Ctrl Pts',(1.3313465176317,2.11796219331469,-4.51922537021001));
#10846=CARTESIAN_POINT('Ctrl Pts',(1.26399825257366,1.77656090652849,-4.65845507177565));
#10847=CARTESIAN_POINT('Ctrl Pts',(1.99758802872005,2.35114141920291,-4.38000000001779));
#10848=CARTESIAN_POINT('Ctrl Pts',(1.75389013270804,2.10744825781085,-4.37999923742624));
#10849=CARTESIAN_POINT('Ctrl Pts',(1.62478978570876,1.82615898910176,-4.40451186733073));
#10850=CARTESIAN_POINT('Ctrl Pts',(1.49568943870949,1.54486972039267,-4.42902449723523));
#10851=CARTESIAN_POINT('Ctrl Pts',(2.35114134273516,1.99758795211992,-4.37999999993452));
#10852=CARTESIAN_POINT('Ctrl Pts',(2.10908548272635,1.75553303552081,-4.3800028062081));
#10853=CARTESIAN_POINT('Ctrl Pts',(1.91823305378583,1.53435578488883,-4.28979836445146));
#10854=CARTESIAN_POINT('Ctrl Pts',(1.72738062484532,1.31317853425684,-4.19959392269482));
#10855=CARTESIAN_POINT('Ctrl Pts',(2.70469465675026,1.64403448503694,-4.37999999985126));
#10856=CARTESIAN_POINT('Ctrl Pts',(2.46428083274465,1.40361781323078,-4.38000637498997));
#10857=CARTESIAN_POINT('Ctrl Pts',(2.2116763218629,1.2425525806759,-4.17508486157218));
#10858=CARTESIAN_POINT('Ctrl Pts',(1.95907181098115,1.08148734812102,-3.9701633481544));
#10859=CARTESIAN_POINT('',(1.26399825257366,1.77656090652849,-4.65845507177565));
#10860=CARTESIAN_POINT('Ctrl Pts',(1.26399825257366,1.77656090652849,-4.65845507177565));
#10861=CARTESIAN_POINT('Ctrl Pts',(1.32532260476842,2.08742582238907,-4.53167866190933));
#10862=CARTESIAN_POINT('Ctrl Pts',(1.38664695696319,2.39829073824964,-4.40490225204301));
#10863=CARTESIAN_POINT('Ctrl Pts',(1.58234657629309,2.63662745045511,-4.38324093380884));
#10864=CARTESIAN_POINT('',(1.95907181098115,1.08148734812102,-3.9701633481544));
#10865=CARTESIAN_POINT('Ctrl Pts',(2.6381776032128,1.5797607204594,-4.37497813189355));
#10866=CARTESIAN_POINT('Ctrl Pts',(2.41789687082612,1.37404255510436,-4.34237810128465));
#10867=CARTESIAN_POINT('Ctrl Pts',(2.18848434090364,1.22776495161269,-4.15627072471952));
#10868=CARTESIAN_POINT('Ctrl Pts',(1.95907181098115,1.08148734812102,-3.9701633481544));
#10869=CARTESIAN_POINT('',(1.95907181098115,1.08148734812102,-3.9701633481544));
#10870=CARTESIAN_POINT('Ctrl Pts',(2.70468343803852,1.64402326625876,-4.38));
#10871=CARTESIAN_POINT('Ctrl Pts',(2.46427297436416,1.40361280258439,-4.38));
#10872=CARTESIAN_POINT('Ctrl Pts',(2.21167239267266,1.2425500753527,-4.1750816740772));
#10873=CARTESIAN_POINT('Ctrl Pts',(1.95907181098115,1.08148734812102,-3.9701633481544));
#10874=CARTESIAN_POINT('Ctrl Pts',(2.70468343803852,1.64402326625876,-4.21333333333333));
#10875=CARTESIAN_POINT('Ctrl Pts',(2.46263293601075,1.40197276423098,-4.21333333333333));
#10876=CARTESIAN_POINT('Ctrl Pts',(2.1804338894205,1.27214854025144,-4.03031193742219));
#10877=CARTESIAN_POINT('Ctrl Pts',(1.89823484283025,1.14232431627191,-3.84729054151105));
#10878=CARTESIAN_POINT('Ctrl Pts',(2.70468343803852,1.64402326625876,-4.04666666666667));
#10879=CARTESIAN_POINT('Ctrl Pts',(2.46099289765734,1.40033272587757,-4.04666666666667));
#10880=CARTESIAN_POINT('Ctrl Pts',(2.14919538616835,1.30174700515018,-3.88554220076718));
#10881=CARTESIAN_POINT('Ctrl Pts',(1.83739787467936,1.2031612844228,-3.7244177348677));
#10882=CARTESIAN_POINT('Ctrl Pts',(2.70468343803852,1.64402326625876,-3.88));
#10883=CARTESIAN_POINT('Ctrl Pts',(2.45935285930393,1.39869268752415,-3.88));
#10884=CARTESIAN_POINT('Ctrl Pts',(2.11795688291619,1.33134547004893,-3.74077246411218));
#10885=CARTESIAN_POINT('Ctrl Pts',(1.77656090652846,1.2639982525737,-3.60154492822435));
#10886=CARTESIAN_POINT('',(2.63662745045508,1.58234657629316,-3.87675906619116));
#10887=CARTESIAN_POINT('',(2.63663703158662,1.58233061136606,-3.88));
#10888=CARTESIAN_POINT('',(1.77656090652846,1.2639982525737,-3.60154492822435));
#10889=CARTESIAN_POINT('Ctrl Pts',(2.63662745045508,1.58234657629316,-3.87675906619116));
#10890=CARTESIAN_POINT('Ctrl Pts',(2.39829073824867,1.38664695696306,-3.85509774795661));
#10891=CARTESIAN_POINT('Ctrl Pts',(2.08742582238857,1.32532260476838,-3.72832133809048));
#10892=CARTESIAN_POINT('Ctrl Pts',(1.77656090652846,1.2639982525737,-3.60154492822435));
#10893=CARTESIAN_POINT('',(1.77656090652846,1.2639982525737,-3.60154492822435));
#10894=CARTESIAN_POINT('Ctrl Pts',(1.64402326625869,2.70468343803856,-3.88));
#10895=CARTESIAN_POINT('Ctrl Pts',(1.40361280258433,2.4642729743642,-3.88));
#10896=CARTESIAN_POINT('Ctrl Pts',(1.24255007535265,2.21167239267269,-4.0849183259228));
#10897=CARTESIAN_POINT('Ctrl Pts',(1.08148734812097,1.95907181098118,-4.2898366518456));
#10898=CARTESIAN_POINT('Ctrl Pts',(1.64402326625869,2.70468343803856,-4.04666666666667));
#10899=CARTESIAN_POINT('Ctrl Pts',(1.40197276423092,2.46263293601078,-4.04666666666667));
#10900=CARTESIAN_POINT('Ctrl Pts',(1.27214854025139,2.18043388942053,-4.22968806257781));
#10901=CARTESIAN_POINT('Ctrl Pts',(1.14232431627186,1.89823484283028,-4.41270945848895));
#10902=CARTESIAN_POINT('Ctrl Pts',(1.64402326625869,2.70468343803856,-4.21333333333333));
#10903=CARTESIAN_POINT('Ctrl Pts',(1.4003327258775,2.46099289765737,-4.21333333333333));
#10904=CARTESIAN_POINT('Ctrl Pts',(1.30174700515013,2.14919538616838,-4.37445779923282));
#10905=CARTESIAN_POINT('Ctrl Pts',(1.20316128442276,1.83739787467939,-4.5355822651323));
#10906=CARTESIAN_POINT('Ctrl Pts',(1.64402326625869,2.70468343803856,-4.38));
#10907=CARTESIAN_POINT('Ctrl Pts',(1.39869268752409,2.45935285930396,-4.38));
#10908=CARTESIAN_POINT('Ctrl Pts',(1.33134547004888,2.11795688291623,-4.51922753588783));
#10909=CARTESIAN_POINT('Ctrl Pts',(1.26399825257366,1.77656090652849,-4.65845507177565));
#10910=CARTESIAN_POINT('',(1.08148734812097,1.95907181098118,-4.2898366518456));
#10911=CARTESIAN_POINT('Ctrl Pts',(1.57976072045933,2.63817760321284,-3.88502186810645));
#10912=CARTESIAN_POINT('Ctrl Pts',(1.37404255510444,2.41789687082637,-3.91762189871518));
#10913=CARTESIAN_POINT('Ctrl Pts',(1.22776495161271,2.18848434090378,-4.10372927528039));
#10914=CARTESIAN_POINT('Ctrl Pts',(1.08148734812097,1.95907181098118,-4.2898366518456));
#10915=CARTESIAN_POINT('',(1.08148734812097,1.95907181098118,-4.2898366518456));
#10916=CARTESIAN_POINT('Ctrl Pts',(2.70469488628864,1.6440347147078,-3.87999999989894));
#10917=CARTESIAN_POINT('Ctrl Pts',(2.45936348010343,1.39869478269031,-3.88000433135668));
#10918=CARTESIAN_POINT('Ctrl Pts',(2.11796219331595,1.331346517632,-3.74077462979052));
#10919=CARTESIAN_POINT('Ctrl Pts',(1.77656090652846,1.2639982525737,-3.60154492822435));
#10920=CARTESIAN_POINT('Ctrl Pts',(2.35114141920563,1.99758802872288,-3.87999999998221));
#10921=CARTESIAN_POINT('Ctrl Pts',(2.10744825781293,1.75389013270907,-3.88000076257395));
#10922=CARTESIAN_POINT('Ctrl Pts',(1.82615898910278,1.6247897857093,-3.85548813266936));
#10923=CARTESIAN_POINT('Ctrl Pts',(1.54486972039263,1.49568943870953,-3.83097550276477));
#10924=CARTESIAN_POINT('Ctrl Pts',(1.99758795212262,2.35114134273795,-3.88000000006548));
#10925=CARTESIAN_POINT('Ctrl Pts',(1.75553303552244,2.10908548272783,-3.87999719379122));
#10926=CARTESIAN_POINT('Ctrl Pts',(1.53435578488962,1.91823305378659,-3.9702016355482));
#10927=CARTESIAN_POINT('Ctrl Pts',(1.3131785342568,1.72738062484535,-4.06040607730519));
#10928=CARTESIAN_POINT('Ctrl Pts',(1.6440344850396,2.70469465675303,-3.88000000014874));
#10929=CARTESIAN_POINT('Ctrl Pts',(1.40361781323194,2.4642808327466,-3.87999362500848));
#10930=CARTESIAN_POINT('Ctrl Pts',(1.24255258067645,2.21167632186389,-4.08491513842704));
#10931=CARTESIAN_POINT('Ctrl Pts',(1.08148734812097,1.95907181098118,-4.2898366518456));
#10932=CARTESIAN_POINT('Ctrl Pts',(2.63662745045509,1.58234657629317,-3.87675906619116));
#10933=CARTESIAN_POINT('Ctrl Pts',(2.58441737534627,1.66934301517996,-3.87902812292128));
#10934=CARTESIAN_POINT('Ctrl Pts',(2.52770601165991,1.75406390943019,-3.8795393947602));
#10935=CARTESIAN_POINT('Ctrl Pts',(2.40619324342279,1.91733071106835,-3.8800482245675));
#10936=CARTESIAN_POINT('Ctrl Pts',(2.34159535161158,1.99571286755877,-3.87999927306225));
#10937=CARTESIAN_POINT('Ctrl Pts',(2.27320471713627,2.07078857298118,-3.88000000019998));
#10938=CARTESIAN_POINT('',(1.77656090652846,1.2639982525737,-3.60154492822435));
#10939=CARTESIAN_POINT('Origin',(1.77656090652846,1.2639982525737,-3.60154492822435));
#10940=CARTESIAN_POINT('Origin',(0.,0.,-4.65855507177565));
#10941=CARTESIAN_POINT('',(0.,0.,0.));
#10942=CARTESIAN_POINT('Origin',(0.,0.,0.9));
#10943=CARTESIAN_POINT('',(1.5,-8.75117012461095E-17,-0.724999999999998));
#10944=CARTESIAN_POINT('',(1.5,-8.22346664307105E-16,-0.787499999999998));
#10945=CARTESIAN_POINT('',(1.5,-1.83697019872103E-16,0.9));
#10946=CARTESIAN_POINT('',(1.33954283246215,-0.67499999999955,-0.824999999999945));
#10947=CARTESIAN_POINT('Ctrl Pts',(1.5,-2.33696560454435E-15,-0.787499999999998));
#10948=CARTESIAN_POINT('Ctrl Pts',(1.5,-0.0790403835320856,-0.791891132418447));
#10949=CARTESIAN_POINT('Ctrl Pts',(1.49375261668358,-0.158080548557711,
-0.796282252697662));
#10950=CARTESIAN_POINT('Ctrl Pts',(1.45690384336613,-0.388994311666502,
-0.809110795092595));
#10951=CARTESIAN_POINT('Ctrl Pts',(1.40910838369676,-0.536946614010625,
-0.817330367445033));
#10952=CARTESIAN_POINT('Ctrl Pts',(1.33954283246154,-0.675000000000673,
-0.825000000000036));
#10953=CARTESIAN_POINT('',(0.475039301699469,-1.4227922061359,-0.825000000000035));
#10954=CARTESIAN_POINT('Origin',(0.,0.,-0.825000000000001));
#10955=CARTESIAN_POINT('Ctrl Pts',(0.475039301698175,-1.42279220613627,
-0.825000000000082));
#10956=CARTESIAN_POINT('Ctrl Pts',(0.630031160803151,-1.37104380310132,
-0.816105495062184));
#10957=CARTESIAN_POINT('Ctrl Pts',(0.775519267951058,-1.2943215531589,-0.806974521633862));
#10958=CARTESIAN_POINT('Ctrl Pts',(1.03340579846969,-1.09896086965783,-0.789140264496446));
#10959=CARTESIAN_POINT('Ctrl Pts',(1.14476091957818,-0.982434711026874,
-0.780545850994394));
#10960=CARTESIAN_POINT('Ctrl Pts',(1.34325248055548,-0.694071495946281,
-0.762985832006424));
#10961=CARTESIAN_POINT('Ctrl Pts',(1.42025157906781,-0.518618442622349,
-0.753812135701241));
#10962=CARTESIAN_POINT('Ctrl Pts',(1.48747064946546,-0.223780395446905,
-0.737432244191494));
#10963=CARTESIAN_POINT('Ctrl Pts',(1.5,-0.111933335317489,-0.731218518628748));
#10964=CARTESIAN_POINT('Ctrl Pts',(1.5,-2.39391839684799E-15,-0.724999999999999));
#10965=CARTESIAN_POINT('Origin',(0.,0.,0.9));
#10966=CARTESIAN_POINT('',(1.5,4.6929368142093E-17,-0.224999999999998));
#10967=CARTESIAN_POINT('',(1.5,-7.16348961287702E-16,-0.287499999999998));
#10968=CARTESIAN_POINT('',(1.5,-1.83697019872103E-16,0.9));
#10969=CARTESIAN_POINT('Ctrl Pts',(1.5,-2.42861286636753E-15,-0.287499999999998));
#10970=CARTESIAN_POINT('Ctrl Pts',(1.5,-0.143691134306064,-0.295482840794779));
#10971=CARTESIAN_POINT('Ctrl Pts',(1.4793513869659,-0.286915022058837,-0.303439723447726));
#10972=CARTESIAN_POINT('Ctrl Pts',(1.38442185482345,-0.608047352319576,
-0.321280408462212));
#10973=CARTESIAN_POINT('Ctrl Pts',(1.2960379082848,-0.778862629664872,-0.330112753443909));
#10974=CARTESIAN_POINT('Ctrl Pts',(1.05391056114644,-1.08603398590847,-0.350294648538051));
#10975=CARTESIAN_POINT('Ctrl Pts',(0.899490826934118,-1.21700342969155,
-0.361362211569443));
#10976=CARTESIAN_POINT('Ctrl Pts',(0.555072499856473,-1.4067923232584,-0.38320495976731));
#10977=CARTESIAN_POINT('Ctrl Pts',(0.369830728755758,-1.46642841704773,
-0.393773966795639));
#10978=CARTESIAN_POINT('Ctrl Pts',(-0.015168356673913,-1.5125343035732,
-0.413577963000006));
#10979=CARTESIAN_POINT('Ctrl Pts',(-0.211344780826759,-1.49777556578691,
-0.422730120347777));
#10980=CARTESIAN_POINT('Ctrl Pts',(-0.59009778661367,-1.39319299127771,
-0.44385795434921));
#10981=CARTESIAN_POINT('Ctrl Pts',(-0.768635066373078,-1.30322569333121,
-0.454946924836291));
#10982=CARTESIAN_POINT('Ctrl Pts',(-1.07461065689713,-1.06373439734682,
-0.476320718298734));
#10983=CARTESIAN_POINT('Ctrl Pts',(-1.20095612573295,-0.918720727027903,
-0.486427675011198));
#10984=CARTESIAN_POINT('Ctrl Pts',(-1.39663823572204,-0.582135170873566,
-0.505192033699745));
#10985=CARTESIAN_POINT('Ctrl Pts',(-1.46142486538532,-0.392145114374791,
-0.515714160312523));
#10986=CARTESIAN_POINT('Ctrl Pts',(-1.51270058183483,-0.00103206358898853,
-0.537442663133957));
#10987=CARTESIAN_POINT('Ctrl Pts',(-1.49994578326452,0.196041559271461,
-0.548391197737316));
#10988=CARTESIAN_POINT('Ctrl Pts',(-1.40088798187724,0.568937450502762,
-0.569107636139055));
#10989=CARTESIAN_POINT('Ctrl Pts',(-1.31755498164651,0.741766406043341,
-0.578047062112959));
#10990=CARTESIAN_POINT('Ctrl Pts',(-1.08554269789397,1.05411716028891,-0.597886168159766));
#10991=CARTESIAN_POINT('Ctrl Pts',(-0.93636255375435,1.18860117681693,-0.608799268316941));
#10992=CARTESIAN_POINT('Ctrl Pts',(-0.59900867973285,1.38873566632221,-0.630589505523627));
#10993=CARTESIAN_POINT('Ctrl Pts',(-0.415149139276623,1.45432597594369,
-0.641257404833292));
#10994=CARTESIAN_POINT('Ctrl Pts',(-0.0326460567601776,1.51206568102598,
-0.661264473668083));
#10995=CARTESIAN_POINT('Ctrl Pts',(0.162354644096533,1.5036798386095,-0.670209073716968));
#10996=CARTESIAN_POINT('Ctrl Pts',(0.543582538083643,1.41208422580938,-0.691095231896087));
#10997=CARTESIAN_POINT('Ctrl Pts',(0.725600158168462,1.32776513017436,-0.702194755826495));
#10998=CARTESIAN_POINT('Ctrl Pts',(1.04015877397746,1.09754951904444,-0.723723842372875));
#10999=CARTESIAN_POINT('Ctrl Pts',(1.17145321151811,0.956172164501306,-0.733967897681617));
#11000=CARTESIAN_POINT('Ctrl Pts',(1.37879693065521,0.623799512797753,-0.753176300678265));
#11001=CARTESIAN_POINT('Ctrl Pts',(1.44976908428444,0.434069661176756,-0.763385018823525));
#11002=CARTESIAN_POINT('Ctrl Pts',(1.49377529433996,0.157793819956724,-0.778733676669082));
#11003=CARTESIAN_POINT('Ctrl Pts',(1.5,0.0788968011217035,-0.783116844382126));
#11004=CARTESIAN_POINT('Ctrl Pts',(1.5,-2.33696560454435E-15,-0.787499999999998));
#11005=CARTESIAN_POINT('Ctrl Pts',(1.5,-2.44852303971913E-15,-0.724999999999999));
#11006=CARTESIAN_POINT('Ctrl Pts',(1.5,0.0834733741207084,-0.720362590326626));
#11007=CARTESIAN_POINT('Ctrl Pts',(1.49303230886241,0.166994728541803,-0.71572251508101));
#11008=CARTESIAN_POINT('Ctrl Pts',(1.44578439598856,0.446878671187824,-0.700173407156231));
#11009=CARTESIAN_POINT('Ctrl Pts',(1.37340754938132,0.635381368172325,-0.690095285745965));
#11010=CARTESIAN_POINT('Ctrl Pts',(1.16365233073721,0.96568067846615,-0.670828452242128));
#11011=CARTESIAN_POINT('Ctrl Pts',(1.03109775910391,1.10609276932493,-0.660550581583706));
#11012=CARTESIAN_POINT('Ctrl Pts',(0.714369147039991,1.33386650818571,-0.638984920829088));
#11013=CARTESIAN_POINT('Ctrl Pts',(0.531481475554155,1.41670722360513,-0.627884602648231));
#11014=CARTESIAN_POINT('Ctrl Pts',(0.149645703737517,1.50495306723539,-0.60706224707701));
#11015=CARTESIAN_POINT('Ctrl Pts',(-0.0450616023734488,1.51170240836136,
-0.59815703954389));
#11016=CARTESIAN_POINT('Ctrl Pts',(-0.426900701703734,1.45094030445624,
-0.578097961092181));
#11017=CARTESIAN_POINT('Ctrl Pts',(-0.610368766615774,1.38380195267197,
-0.56740589548723));
#11018=CARTESIAN_POINT('Ctrl Pts',(-0.946177819909241,1.18080152676088,
-0.545610374157869));
#11019=CARTESIAN_POINT('Ctrl Pts',(-1.09423416446839,1.04509106255164,-0.534717274842075));
#11020=CARTESIAN_POINT('Ctrl Pts',(-1.32359488481483,0.730910194871374,
-0.514954905714827));
#11021=CARTESIAN_POINT('Ctrl Pts',(-1.40547160695688,0.557487883922287,
-0.505971549106793));
#11022=CARTESIAN_POINT('Ctrl Pts',(-1.50152354985083,0.183734967649922,
-0.485207498202772));
#11023=CARTESIAN_POINT('Ctrl Pts',(-1.51266046997761,-0.0136004876760958,
-0.474244417351327));
#11024=CARTESIAN_POINT('Ctrl Pts',(-1.45807216790942,-0.404439142766199,
-0.45253115873521));
#11025=CARTESIAN_POINT('Ctrl Pts',(-1.39168261388154,-0.593894518307895,
-0.442126957692921));
#11026=CARTESIAN_POINT('Ctrl Pts',(-1.19306652596567,-0.928976024864405,
-0.42326321708105));
#11027=CARTESIAN_POINT('Ctrl Pts',(-1.06536812405224,-1.0730195618535,-0.413118115493591));
#11028=CARTESIAN_POINT('Ctrl Pts',(-0.757036722608332,-1.31002380217343,
-0.391700062904989));
#11029=CARTESIAN_POINT('Ctrl Pts',(-0.577538183360026,-1.39847146817845,
-0.380607055797559));
#11030=CARTESIAN_POINT('Ctrl Pts',(-0.198094543274791,-1.49952911711997,
-0.359543908237058));
#11031=CARTESIAN_POINT('Ctrl Pts',(-0.0022428793213258,-1.51255322668823,
-0.350456611322999));
#11032=CARTESIAN_POINT('Ctrl Pts',(0.382090827519997,-1.46330257196557,
-0.330597273488746));
#11033=CARTESIAN_POINT('Ctrl Pts',(0.56697843840351,-1.40205809953889,-0.320000628817442));
#11034=CARTESIAN_POINT('Ctrl Pts',(0.91005172478152,-1.20915633818275,-0.298136125370706));
#11035=CARTESIAN_POINT('Ctrl Pts',(1.0634600116131,-1.07671861909372,-0.287076440198944));
#11036=CARTESIAN_POINT('Ctrl Pts',(1.30284480105969,-0.767381607638455,
-0.266966339384057));
#11037=CARTESIAN_POINT('Ctrl Pts',(1.38965241985821,-0.595945115203625,
-0.258108061955755));
#11038=CARTESIAN_POINT('Ctrl Pts',(1.48057824263334,-0.278317211514258,
-0.240462067306346));
#11039=CARTESIAN_POINT('Ctrl Pts',(1.5,-0.139357356878119,-0.232742075382116));
#11040=CARTESIAN_POINT('Ctrl Pts',(1.5,-1.73472347597681E-16,-0.224999999999998));
#11041=CARTESIAN_POINT('Origin',(0.,0.,0.9));
#11042=CARTESIAN_POINT('',(1.5,6.19388115214439E-16,0.275000000000002));
#11043=CARTESIAN_POINT('',(1.5,3.4183235905815E-16,0.212500000000002));
#11044=CARTESIAN_POINT('',(1.5,-1.83697019872103E-16,0.9));
#11045=CARTESIAN_POINT('Ctrl Pts',(1.5,1.04083408558608E-16,0.212500000000002));
#11046=CARTESIAN_POINT('Ctrl Pts',(1.5,-0.170337567873009,0.203036801784835));
#11047=CARTESIAN_POINT('Ctrl Pts',(1.47098262090153,-0.339669998514208,
0.193629444526991));
#11048=CARTESIAN_POINT('Ctrl Pts',(1.3500370575935,-0.681251509831555,0.174652693898249));
#11049=CARTESIAN_POINT('Ctrl Pts',(1.25210292162693,-0.84790479414406,0.165855585622758));
#11050=CARTESIAN_POINT('Ctrl Pts',(0.996954634319925,-1.13747875263064,
0.145536036857022));
#11051=CARTESIAN_POINT('Ctrl Pts',(0.841345287561578,-1.2569421798929,0.134730850135347));
#11052=CARTESIAN_POINT('Ctrl Pts',(0.489242089539745,-1.43184143395536,
0.112931964509131));
#11053=CARTESIAN_POINT('Ctrl Pts',(0.295337367359656,-1.48402356764022,
0.102153215500011));
#11054=CARTESIAN_POINT('Ctrl Pts',(-0.0926053772120331,-1.50913205074634,
0.0827908536352337));
#11055=CARTESIAN_POINT('Ctrl Pts',(-0.282716741377564,-1.48531098823457,
0.0734897563338439));
#11056=CARTESIAN_POINT('Ctrl Pts',(-0.650360220142004,-1.36590135810995,
0.0524845670445105));
#11057=CARTESIAN_POINT('Ctrl Pts',(-0.823598877473379,-1.26899119159993,
0.0414576691877612));
#11058=CARTESIAN_POINT('Ctrl Pts',(-1.1246254679432,-1.01233025903949,0.0198450502521114));
#11059=CARTESIAN_POINT('Ctrl Pts',(-1.24881428278845,-0.854417639645058,
0.00996764664612844));
#11060=CARTESIAN_POINT('Ctrl Pts',(-1.42832037990229,-0.49944719863505,
-0.00975293340995592));
#11061=CARTESIAN_POINT('Ctrl Pts',(-1.48186810158018,-0.305925534428741,
-0.0205041369761931));
#11062=CARTESIAN_POINT('Ctrl Pts',(-1.5100903020399,0.0863728412016901,
-0.042298491177884));
#11063=CARTESIAN_POINT('Ctrl Pts',(-1.4861803543466,0.281267039681973,-0.053125946649011));
#11064=CARTESIAN_POINT('Ctrl Pts',(-1.36626399846639,0.648018442704754,
-0.0735010245947214));
#11065=CARTESIAN_POINT('Ctrl Pts',(-1.27257916966162,0.816790151220632,
-0.0822949547975919));
#11066=CARTESIAN_POINT('Ctrl Pts',(-1.0213104910459,1.11663779014547,-0.102713225815314));
#11067=CARTESIAN_POINT('Ctrl Pts',(-0.863598838697595,1.24263373375537,
-0.11380101854928));
#11068=CARTESIAN_POINT('Ctrl Pts',(-0.514871862604995,1.42192554264539,
-0.135559481034066));
#11069=CARTESIAN_POINT('Ctrl Pts',(-0.328543409263017,1.4761583257125,-0.146030679121598));
#11070=CARTESIAN_POINT('Ctrl Pts',(0.0586447988465999,1.51167906705275,
-0.165645967729311));
#11071=CARTESIAN_POINT('Ctrl Pts',(0.255948470823055,1.49101236393175,-0.175063983101494));
#11072=CARTESIAN_POINT('Ctrl Pts',(0.63225366237251,1.37448893646966,-0.196405736945319));
#11073=CARTESIAN_POINT('Ctrl Pts',(0.807445039686805,1.27945093761627,-0.207474580428922));
#11074=CARTESIAN_POINT('Ctrl Pts',(1.10543844842971,1.03159390813842,-0.228696712477289));
#11075=CARTESIAN_POINT('Ctrl Pts',(1.22716742274487,0.883288972271416,-0.238428390429377));
#11076=CARTESIAN_POINT('Ctrl Pts',(1.41288621061031,0.541559439971752,-0.257413364446026));
#11077=CARTESIAN_POINT('Ctrl Pts',(1.47213712039026,0.349744232161414,-0.268069764879933));
#11078=CARTESIAN_POINT('Ctrl Pts',(1.49743227415042,0.101404855145136,-0.281866396936394));
#11079=CARTESIAN_POINT('Ctrl Pts',(1.5,0.0506733729130845,-0.284684812615938));
#11080=CARTESIAN_POINT('Ctrl Pts',(1.5,-2.33696560454435E-15,-0.287499999999998));
#11081=CARTESIAN_POINT('Ctrl Pts',(1.5,2.17392505578075E-16,-0.224999999999998));
#11082=CARTESIAN_POINT('Ctrl Pts',(1.5,0.0551367314561278,-0.221936848252436));
#11083=CARTESIAN_POINT('Ctrl Pts',(1.49696002074359,0.110335687469579,-0.218870239585022));
#11084=CARTESIAN_POINT('Ctrl Pts',(1.46895024846991,0.362889883423918,-0.204839450920892));
#11085=CARTESIAN_POINT('Ctrl Pts',(1.40799148026322,0.55415691690025,-0.194213504616651));
#11086=CARTESIAN_POINT('Ctrl Pts',(1.21918318528874,0.894299992481365,-0.175316667084367));
#11087=CARTESIAN_POINT('Ctrl Pts',(1.09604286329774,1.04159329493507,-0.165466906432495));
#11088=CARTESIAN_POINT('Ctrl Pts',(0.795557024608235,1.28690455935515,-0.14419557298846));
#11089=CARTESIAN_POINT('Ctrl Pts',(0.619319219475059,1.38039168118783,-0.133119463140189));
#11090=CARTESIAN_POINT('Ctrl Pts',(0.242241012401508,1.49323257997175,-0.111842810032904));
#11091=CARTESIAN_POINT('Ctrl Pts',(0.0452891111882913,1.51207168390665,
-0.102514297930954));
#11092=CARTESIAN_POINT('Ctrl Pts',(-0.341234515173315,1.47329741821144,
-0.0828406083509743));
#11093=CARTESIAN_POINT('Ctrl Pts',(-0.52724619992891,1.41740587582055,-0.072338574151278));
#11094=CARTESIAN_POINT('Ctrl Pts',(-0.874684742100133,1.23488512402068,
-0.0505524086138308));
#11095=CARTESIAN_POINT('Ctrl Pts',(-1.03140310971059,1.10735569508873,-0.0394698084995942));
#11096=CARTESIAN_POINT('Ctrl Pts',(-1.27987689464895,0.805251287194992,
-0.0191233188397074));
#11097=CARTESIAN_POINT('Ctrl Pts',(-1.37193296921841,0.635858885712903,
-0.0103254936510882));
#11098=CARTESIAN_POINT('Ctrl Pts',(-1.4899398848112,0.26400050771691,0.0103333051271986));
#11099=CARTESIAN_POINT('Ctrl Pts',(-1.51178243858043,0.0641969495884107,
0.0214335028006455));
#11100=CARTESIAN_POINT('Ctrl Pts',(-1.47688921916447,-0.324769450990719,
0.0430427472772638));
#11101=CARTESIAN_POINT('Ctrl Pts',(-1.42340230824716,-0.510513776898474,
0.0533618764943613));
#11102=CARTESIAN_POINT('Ctrl Pts',(-1.24596857665688,-0.858616057254461,
0.0727008920696941));
#11103=CARTESIAN_POINT('Ctrl Pts',(-1.12108837879788,-1.01629229271913,
0.0826252850240627));
#11104=CARTESIAN_POINT('Ctrl Pts',(-0.818996308743722,-1.27195564414925,
0.104261456283162));
#11105=CARTESIAN_POINT('Ctrl Pts',(-0.645473308927669,-1.36820751855853,
0.115283748682397));
#11106=CARTESIAN_POINT('Ctrl Pts',(-0.277480956423014,-1.48629751974336,
0.136269066807943));
#11107=CARTESIAN_POINT('Ctrl Pts',(-0.0872904358693984,-1.50944873721931,
0.145537772023337));
#11108=CARTESIAN_POINT('Ctrl Pts',(0.300564211281697,-1.48297422412895,
0.16493384057633));
#11109=CARTESIAN_POINT('Ctrl Pts',(0.494287404810848,-1.43010811988538,
0.175722854966345));
#11110=CARTESIAN_POINT('Ctrl Pts',(0.845715701855059,-1.25399552887295,
0.197522973208301));
#11111=CARTESIAN_POINT('Ctrl Pts',(1.00085696878008,-1.13403542823116,0.208319435911261));
#11112=CARTESIAN_POINT('Ctrl Pts',(1.25504566866445,-0.843566678389812,
0.228617671821009));
#11113=CARTESIAN_POINT('Ctrl Pts',(1.35245039499017,-0.676477627686912,
0.237417909572951));
#11114=CARTESIAN_POINT('Ctrl Pts',(1.47160049164366,-0.336069974022143,
0.256329445887661));
#11115=CARTESIAN_POINT('Ctrl Pts',(1.5,-0.168514212511574,0.265638099304914));
#11116=CARTESIAN_POINT('Ctrl Pts',(1.5,1.52655665885959E-15,0.275000000000002));
#11117=CARTESIAN_POINT('Origin',(0.,0.,0.9));
#11118=CARTESIAN_POINT('',(1.5,-1.9593191849466E-16,0.775000000000001));
#11119=CARTESIAN_POINT('',(1.5,-1.21941876932098E-15,0.712500000000002));
#11120=CARTESIAN_POINT('',(1.5,-1.83697019872103E-16,0.9));
#11121=CARTESIAN_POINT('',(1.20700159651403,0.890588089979076,0.825000000000003));
#11122=CARTESIAN_POINT('Ctrl Pts',(1.5,3.43254120723504E-17,0.775000000000001));
#11123=CARTESIAN_POINT('Ctrl Pts',(1.5,0.00206172965941621,0.775114540536636));
#11124=CARTESIAN_POINT('Ctrl Pts',(1.49999574927132,0.00412366626000794,
0.775229092570002));
#11125=CARTESIAN_POINT('Ctrl Pts',(1.49932150607274,0.167620172850346,0.784312231825021));
#11126=CARTESIAN_POINT('Ctrl Pts',(1.47259878092726,0.327905985741167,0.793216999207844));
#11127=CARTESIAN_POINT('Ctrl Pts',(1.37114974083571,0.627675488100995,0.809870860450057));
#11128=CARTESIAN_POINT('Ctrl Pts',(1.29902511322471,0.765869903382574,0.81710812241582));
#11129=CARTESIAN_POINT('Ctrl Pts',(1.20700159651408,0.890588089979017,0.824999999999999));
#11130=CARTESIAN_POINT('',(0.247898937860819,1.47937355546084,0.824999999996455));
#11131=CARTESIAN_POINT('Origin',(0.,0.,0.825000000000001));
#11132=CARTESIAN_POINT('Ctrl Pts',(0.247898937860229,1.47937355546453,0.824999999998564));
#11133=CARTESIAN_POINT('Ctrl Pts',(0.403550983491877,1.45329090943823,0.816786669516277));
#11134=CARTESIAN_POINT('Ctrl Pts',(0.554091678285089,1.40281191938245,0.808141582792825));
#11135=CARTESIAN_POINT('Ctrl Pts',(0.834818542622946,1.25631002925942,0.790565608287111));
#11136=CARTESIAN_POINT('Ctrl Pts',(0.963096783186151,1.16089917054347,0.781743516929417));
#11137=CARTESIAN_POINT('Ctrl Pts',(1.20943249859047,0.908243017948418,0.762873457835135));
#11138=CARTESIAN_POINT('Ctrl Pts',(1.31660945138981,0.744423728069725,0.753856873781655));
#11139=CARTESIAN_POINT('Ctrl Pts',(1.46236997944786,0.385741720678082,0.73393009559323));
#11140=CARTESIAN_POINT('Ctrl Pts',(1.49983748122308,0.19440820698278,0.723300455943491));
#11141=CARTESIAN_POINT('Ctrl Pts',(1.49999982416128,0.000838671268645792,
0.712546592848262));
#11142=CARTESIAN_POINT('Ctrl Pts',(1.5,0.000419331276916702,0.712523296182053));
#11143=CARTESIAN_POINT('Ctrl Pts',(1.5,-2.33696560454435E-15,0.712500000000002));
#11144=CARTESIAN_POINT('Origin',(0.,0.,-0.9));
#11145=CARTESIAN_POINT('',(1.12003577969773,-0.355963513494583,-0.500240473580836));
#11146=CARTESIAN_POINT('',(-1.31773230325406,-4.1649200294956E-9,-0.642732303254061));
#11147=CARTESIAN_POINT('Ctrl Pts',(-1.31773230325406,-8.32984164284012E-9,
-0.642732303254061));
#11148=CARTESIAN_POINT('Ctrl Pts',(-1.31170551469932,-0.1503219819236,-0.636705515649563));
#11149=CARTESIAN_POINT('Ctrl Pts',(-1.27995062366727,-0.298675668744562,
-0.630672486826952));
#11150=CARTESIAN_POINT('Ctrl Pts',(-1.18027842232162,-0.546513715043074,
-0.620459750291614));
#11151=CARTESIAN_POINT('Ctrl Pts',(-1.09967853610645,-0.707916065070173,
-0.614475006644673));
#11152=CARTESIAN_POINT('Ctrl Pts',(-0.834910589962086,-0.976079409514133,
-0.59967202578839));
#11153=CARTESIAN_POINT('Ctrl Pts',(-0.703532818009469,-1.06682585269055,
-0.593096180877552));
#11154=CARTESIAN_POINT('Ctrl Pts',(-0.405794436774722,-1.19877676399993,
-0.579497576445011));
#11155=CARTESIAN_POINT('Ctrl Pts',(-0.240795024000118,-1.23552487712775,
-0.572604359489935));
#11156=CARTESIAN_POINT('Ctrl Pts',(0.0081826833946564,-1.24079057541265,
-0.563134208530508));
#11157=CARTESIAN_POINT('Ctrl Pts',(0.0899177896536029,-1.23461413790813,
-0.56015184190159));
#11158=CARTESIAN_POINT('Ctrl Pts',(0.318132524879703,-1.19334722478439,
-0.550939043000154));
#11159=CARTESIAN_POINT('Ctrl Pts',(0.459175228265957,-1.13966567623825,
-0.54456321511314));
#11160=CARTESIAN_POINT('Ctrl Pts',(0.712549347970517,-0.984847652978372,
-0.531645760304385));
#11161=CARTESIAN_POINT('Ctrl Pts',(0.823182627222368,-0.885749163598407,
-0.525215231772524));
#11162=CARTESIAN_POINT('Ctrl Pts',(0.979323109863386,-0.683893322114625,
-0.5146073543213));
#11163=CARTESIAN_POINT('Ctrl Pts',(1.0683828086962,-0.546368990167232,-0.50868489584054));
#11164=CARTESIAN_POINT('Ctrl Pts',(1.12003577969773,-0.355963513494583,
-0.500240473580836));
#11165=CARTESIAN_POINT('',(1.05122536547866,0.525466841691041,-0.500240473580837));
#11166=CARTESIAN_POINT('Origin',(-3.22242232897452E-13,5.50064615254988E-14,
-0.50024047358117));
#11167=CARTESIAN_POINT('Ctrl Pts',(1.0512253654777,0.52546684169241,-0.500240473580588));
#11168=CARTESIAN_POINT('Ctrl Pts',(1.13466475909782,0.406714288218369,-0.521779110485696));
#11169=CARTESIAN_POINT('Ctrl Pts',(1.1967311125488,0.274507713437672,-0.544431367581885));
#11170=CARTESIAN_POINT('Ctrl Pts',(1.27572890236262,-0.0164669081142277,
-0.591431307769012));
#11171=CARTESIAN_POINT('Ctrl Pts',(1.28797533669019,-0.173973688218007,
-0.615374866214878));
#11172=CARTESIAN_POINT('Ctrl Pts',(1.24942159779634,-0.524337185574477,
-0.666077636906658));
#11173=CARTESIAN_POINT('Ctrl Pts',(1.18484461211408,-0.689828930296189,
-0.687275397638942));
#11174=CARTESIAN_POINT('Ctrl Pts',(1.03692258509635,-0.954234866027463,
-0.72661949882558));
#11175=CARTESIAN_POINT('Ctrl Pts',(0.946134515037024,-1.07075979458101,
-0.746449332659768));
#11176=CARTESIAN_POINT('Ctrl Pts',(0.73155204444715,-1.27347764146353,-0.786271479628355));
#11177=CARTESIAN_POINT('Ctrl Pts',(0.608698588410909,-1.35817367949447,
-0.806036452098492));
#11178=CARTESIAN_POINT('Ctrl Pts',(0.475039301699511,-1.42279220613583,
-0.82500000000001));
#11179=CARTESIAN_POINT('Ctrl Pts',(1.33954283246165,-0.675000000000498,
-0.825000000000017));
#11180=CARTESIAN_POINT('Ctrl Pts',(1.3921171551972,-0.561956112925638,-0.821080622277579));
#11181=CARTESIAN_POINT('Ctrl Pts',(1.43015095880245,-0.442721714452128,
-0.816915975949242));
#11182=CARTESIAN_POINT('Ctrl Pts',(1.47403222812041,-0.204586281731932,
-0.808522857718023));
#11183=CARTESIAN_POINT('Ctrl Pts',(1.48144598892704,-0.0869182611897586,
-0.804341980431192));
#11184=CARTESIAN_POINT('Ctrl Pts',(1.46443991804616,0.214365401041421,-0.793543716236028));
#11185=CARTESIAN_POINT('Ctrl Pts',(1.41967212077331,0.394790947237177,-0.786985543900481));
#11186=CARTESIAN_POINT('Ctrl Pts',(1.30426541709301,0.646414928477552,-0.777724382313343));
#11187=CARTESIAN_POINT('Ctrl Pts',(1.2573309882365,0.727873965019117,-0.774818047677421));
#11188=CARTESIAN_POINT('Ctrl Pts',(1.09335081961364,0.956703344588739,-0.765603015849755));
#11189=CARTESIAN_POINT('Ctrl Pts',(0.954522189040701,1.08637769250645,-0.758872184182969));
#11190=CARTESIAN_POINT('Ctrl Pts',(0.640989650769465,1.28016021041687,-0.74526538205212));
#11191=CARTESIAN_POINT('Ctrl Pts',(0.47081575999208,1.34496365871388,-0.738529197464733));
#11192=CARTESIAN_POINT('Ctrl Pts',(0.145490756990579,1.40218826601844,-0.726739941654563));
#11193=CARTESIAN_POINT('Ctrl Pts',(-0.0460167222289504,1.41200139715463,
-0.720820959249766));
#11194=CARTESIAN_POINT('Ctrl Pts',(-0.344007133113865,1.34427950326424,
-0.709846968603734));
#11195=CARTESIAN_POINT('Ctrl Pts',(-0.42717212269433,1.31680399056846,-0.706601909818253));
#11196=CARTESIAN_POINT('Ctrl Pts',(-0.668460850984904,1.21057873147143,
-0.696612335873588));
#11197=CARTESIAN_POINT('Ctrl Pts',(-0.814552693043846,1.10909060790477,
-0.689755343651792));
#11198=CARTESIAN_POINT('Ctrl Pts',(-0.998359889077411,0.91998972983996,
-0.679793491630613));
#11199=CARTESIAN_POINT('Ctrl Pts',(-1.05317385528696,0.851578519114832,
-0.676562242061623));
#11200=CARTESIAN_POINT('Ctrl Pts',(-1.15013160906994,0.70352523975525,-0.670268953553306));
#11201=CARTESIAN_POINT('Ctrl Pts',(-1.19236782719799,0.623021263004562,
-0.667262313563907));
#11202=CARTESIAN_POINT('Ctrl Pts',(-1.28561623062321,0.388131048097124,
-0.658139257559342));
#11203=CARTESIAN_POINT('Ctrl Pts',(-1.31709762450653,0.227883745555359,
-0.651837550589655));
#11204=CARTESIAN_POINT('Ctrl Pts',(-1.31894391654912,0.0439466309549333,
-0.644492470422366));
#11205=CARTESIAN_POINT('Ctrl Pts',(-1.31861242788999,0.021952325169195,
-0.643612427751225));
#11206=CARTESIAN_POINT('Ctrl Pts',(-1.31773230325406,-8.32984150834905E-9,
-0.642732303254061));
#11207=CARTESIAN_POINT('',(-1.575,1.92881870865708E-16,-0.9));
#11208=CARTESIAN_POINT('',(-1.575,1.92881870865708E-16,-0.9));
#11209=CARTESIAN_POINT('Origin',(0.,0.,-0.9));
#11210=CARTESIAN_POINT('Origin',(0.,0.,-0.9));
#11211=CARTESIAN_POINT('',(2.75,-1.50832757825812,-0.637168668293803));
#11212=CARTESIAN_POINT('',(2.75,1.5083275782579,-0.637168668293666));
#11213=CARTESIAN_POINT('Ctrl Pts',(2.75,-1.50832757825975,-0.637168668293153));
#11214=CARTESIAN_POINT('Ctrl Pts',(2.74999999999999,-6.31716901011714E-14,
-1.05594988449554));
#11215=CARTESIAN_POINT('Ctrl Pts',(2.75,1.50832757825959,-0.637168668293199));
#11216=CARTESIAN_POINT('',(2.68125000000031,-1.62740607127812,-0.637168668293563));
#11217=CARTESIAN_POINT('Ctrl Pts',(2.75,-1.50832757825807,-0.637168668293619));
#11218=CARTESIAN_POINT('Ctrl Pts',(2.74999999999999,-1.51343461155579,-0.635750720596829));
#11219=CARTESIAN_POINT('Ctrl Pts',(2.74971684915917,-1.51858770807126,-0.634458026197868));
#11220=CARTESIAN_POINT('Ctrl Pts',(2.74700924336281,-1.54250157125704,-0.629130921782857));
#11221=CARTESIAN_POINT('Ctrl Pts',(2.74076917513676,-1.56115884987609,-0.626968080584441));
#11222=CARTESIAN_POINT('Ctrl Pts',(2.72238781090395,-1.59299630663975,-0.626968080584441));
#11223=CARTESIAN_POINT('Ctrl Pts',(2.70935016776739,-1.60772900355438,-0.629130921782857));
#11224=CARTESIAN_POINT('Ctrl Pts',(2.68999395764412,-1.62203079055031,-0.634458026197852));
#11225=CARTESIAN_POINT('Ctrl Pts',(2.68567282057403,-1.62485255462927,-0.635750720596794));
#11226=CARTESIAN_POINT('Ctrl Pts',(2.6812500000003,-1.6274060712781,-0.637168668293563));
#11227=CARTESIAN_POINT('',(0.0687499999999993,-3.13573364953617,-0.637168668293653));
#11228=CARTESIAN_POINT('Ctrl Pts',(0.0687499999985406,-3.13573364953702,
-0.637168668293185));
#11229=CARTESIAN_POINT('Ctrl Pts',(1.37500000000012,-2.38156986040716,-1.05594988449554));
#11230=CARTESIAN_POINT('Ctrl Pts',(2.68125000000176,-1.62740607127726,-0.637168668293093));
#11231=CARTESIAN_POINT('',(-0.0687500000000004,-3.13573364953618,-0.637168668293653));
#11232=CARTESIAN_POINT('Ctrl Pts',(0.0687499999999996,-3.13573364953617,
-0.637168668293653));
#11233=CARTESIAN_POINT('Ctrl Pts',(0.064327179426159,-3.13828716618506,
-0.635750720596846));
#11234=CARTESIAN_POINT('Ctrl Pts',(0.0597228915151557,-3.14061849862157,
-0.634458026197871));
#11235=CARTESIAN_POINT('Ctrl Pts',(0.0376590755954166,-3.1502305748114,
-0.629130921782849));
#11236=CARTESIAN_POINT('Ctrl Pts',(0.018381364232811,-3.15415515651581,
-0.626968080584434));
#11237=CARTESIAN_POINT('Ctrl Pts',(-0.0183813642328124,-3.15415515651581,
-0.626968080584434));
#11238=CARTESIAN_POINT('Ctrl Pts',(-0.0376590755954186,-3.1502305748114,
-0.629130921782849));
#11239=CARTESIAN_POINT('Ctrl Pts',(-0.0597228915151571,-3.14061849862157,
-0.634458026197871));
#11240=CARTESIAN_POINT('Ctrl Pts',(-0.0643271794261605,-3.13828716618506,
-0.635750720596846));
#11241=CARTESIAN_POINT('Ctrl Pts',(-0.0687500000000006,-3.13573364953618,
-0.637168668293653));
#11242=CARTESIAN_POINT('',(-2.68125000000032,-1.62740607127812,-0.637168668293561));
#11243=CARTESIAN_POINT('Ctrl Pts',(-2.68125000000177,-1.62740607127726,
-0.637168668293093));
#11244=CARTESIAN_POINT('Ctrl Pts',(-1.37500000000012,-2.38156986040716,
-1.05594988449555));
#11245=CARTESIAN_POINT('Ctrl Pts',(-0.0687499999985443,-3.13573364953702,
-0.637168668293185));
#11246=CARTESIAN_POINT('',(-2.75,-1.50832757825811,-0.637168668293801));
#11247=CARTESIAN_POINT('Ctrl Pts',(-2.68125000000031,-1.6274060712781,-0.637168668293561));
#11248=CARTESIAN_POINT('Ctrl Pts',(-2.68567282057404,-1.62485255462926,
-0.635750720596792));
#11249=CARTESIAN_POINT('Ctrl Pts',(-2.68999395764412,-1.62203079055031,
-0.63445802619785));
#11250=CARTESIAN_POINT('Ctrl Pts',(-2.7093501677674,-1.60772900355438,-0.629130921782855));
#11251=CARTESIAN_POINT('Ctrl Pts',(-2.72238781090396,-1.59299630663974,
-0.626968080584439));
#11252=CARTESIAN_POINT('Ctrl Pts',(-2.74076917513677,-1.56115884987609,
-0.626968080584439));
#11253=CARTESIAN_POINT('Ctrl Pts',(-2.74700924336282,-1.54250157125704,
-0.629130921782855));
#11254=CARTESIAN_POINT('Ctrl Pts',(-2.74971684915918,-1.51858770807125,
-0.634458026197866));
#11255=CARTESIAN_POINT('Ctrl Pts',(-2.75,-1.51343461155578,-0.635750720596827));
#11256=CARTESIAN_POINT('Ctrl Pts',(-2.75,-1.50832757825806,-0.637168668293617));
#11257=CARTESIAN_POINT('',(-2.75,-1.89059300915199E-17,-0.860307168993212));
#11258=CARTESIAN_POINT('Ctrl Pts',(-2.75,-1.50832757825974,-0.63716866829315));
#11259=CARTESIAN_POINT('Ctrl Pts',(-2.75,-0.704647896946705,-0.860307168993212));
#11260=CARTESIAN_POINT('Ctrl Pts',(-2.75,2.98966009582483E-16,-0.860307168993212));
#11261=CARTESIAN_POINT('',(-2.68125,-3.28358423021384E-16,-0.9));
#11262=CARTESIAN_POINT('',(-2.68125,-3.28358423021384E-16,-0.9));
#11263=CARTESIAN_POINT('Origin',(0.,0.,-0.9));
#11264=CARTESIAN_POINT('',(-2.75,1.5083275782579,-0.637168668293662));
#11265=CARTESIAN_POINT('Ctrl Pts',(-2.75,2.98966009582483E-16,-0.860307168993212));
#11266=CARTESIAN_POINT('Ctrl Pts',(-2.75,0.70464789694664,-0.860307168993212));
#11267=CARTESIAN_POINT('Ctrl Pts',(-2.75,1.50832757825959,-0.637168668293194));
#11268=CARTESIAN_POINT('',(-2.68125,1.62740607127824,-0.637168668293669));
#11269=CARTESIAN_POINT('Ctrl Pts',(-2.75,1.5083275782579,-0.637168668293662));
#11270=CARTESIAN_POINT('Ctrl Pts',(-2.75,1.51343461155566,-0.635750720596858));
#11271=CARTESIAN_POINT('Ctrl Pts',(-2.74971684915918,1.51858770807118,-0.634458026197885));
#11272=CARTESIAN_POINT('Ctrl Pts',(-2.74700924336282,1.542501571257,-0.629130921782865));
#11273=CARTESIAN_POINT('Ctrl Pts',(-2.74076917513677,1.56115884987605,-0.626968080584449));
#11274=CARTESIAN_POINT('Ctrl Pts',(-2.72238781090396,1.59299630663971,-0.626968080584449));
#11275=CARTESIAN_POINT('Ctrl Pts',(-2.7093501677674,1.60772900355434,-0.629130921782865));
#11276=CARTESIAN_POINT('Ctrl Pts',(-2.68999395764403,1.62203079055034,-0.634458026197887));
#11277=CARTESIAN_POINT('Ctrl Pts',(-2.68567282057384,1.62485255462936,-0.635750720596861));
#11278=CARTESIAN_POINT('Ctrl Pts',(-2.68125,1.62740607127824,-0.637168668293668));
#11279=CARTESIAN_POINT('',(-0.06875,3.13573364953613,-0.637168668293677));
#11280=CARTESIAN_POINT('Ctrl Pts',(-0.0687499999985419,3.13573364953697,
-0.63716866829321));
#11281=CARTESIAN_POINT('Ctrl Pts',(-1.375,2.38156986040719,-1.05594988449553));
#11282=CARTESIAN_POINT('Ctrl Pts',(-2.68125000000146,1.6274060712774,-0.637168668293202));
#11283=CARTESIAN_POINT('',(0.0687499999999678,3.13573364953615,-0.637168668293667));
#11284=CARTESIAN_POINT('Ctrl Pts',(-0.0687499999999995,3.13573364953613,
-0.637168668293677));
#11285=CARTESIAN_POINT('Ctrl Pts',(-0.064327179426159,3.13828716618502,
-0.63575072059687));
#11286=CARTESIAN_POINT('Ctrl Pts',(-0.0597228915151563,3.14061849862153,
-0.634458026197895));
#11287=CARTESIAN_POINT('Ctrl Pts',(-0.0376590755954175,3.15023057481135,
-0.629130921782873));
#11288=CARTESIAN_POINT('Ctrl Pts',(-0.0183813642328119,3.15415515651577,
-0.626968080584458));
#11289=CARTESIAN_POINT('Ctrl Pts',(0.0183813642328116,3.15415515651577,
-0.626968080584458));
#11290=CARTESIAN_POINT('Ctrl Pts',(0.0376590755954176,3.15023057481135,
-0.629130921782874));
#11291=CARTESIAN_POINT('Ctrl Pts',(0.0597228915151444,3.14061849862153,
-0.634458026197892));
#11292=CARTESIAN_POINT('Ctrl Pts',(0.0643271794261368,3.13828716618503,
-0.635750720596864));
#11293=CARTESIAN_POINT('Ctrl Pts',(0.0687499999999671,3.13573364953615,
-0.637168668293667));
#11294=CARTESIAN_POINT('',(2.68125,1.62740607127824,-0.637168668293672));
#11295=CARTESIAN_POINT('Ctrl Pts',(2.68125000000145,1.6274060712774,-0.637168668293204));
#11296=CARTESIAN_POINT('Ctrl Pts',(1.37499999999998,2.3815698604072,-1.05594988449553));
#11297=CARTESIAN_POINT('Ctrl Pts',(0.0687499999985082,3.135733649537,-0.637168668293198));
#11298=CARTESIAN_POINT('Ctrl Pts',(2.68125,1.62740607127824,-0.637168668293672));
#11299=CARTESIAN_POINT('Ctrl Pts',(2.68567282057384,1.62485255462936,-0.635750720596865));
#11300=CARTESIAN_POINT('Ctrl Pts',(2.68999395764402,1.62203079055034,-0.63445802619789));
#11301=CARTESIAN_POINT('Ctrl Pts',(2.70935016776739,1.60772900355434,-0.629130921782868));
#11302=CARTESIAN_POINT('Ctrl Pts',(2.72238781090395,1.59299630663971,-0.626968080584453));
#11303=CARTESIAN_POINT('Ctrl Pts',(2.74076917513676,1.56115884987605,-0.626968080584453));
#11304=CARTESIAN_POINT('Ctrl Pts',(2.74700924336281,1.542501571257,-0.629130921782868));
#11305=CARTESIAN_POINT('Ctrl Pts',(2.74971684915918,1.51858770807118,-0.634458026197888));
#11306=CARTESIAN_POINT('Ctrl Pts',(2.75,1.51343461155566,-0.635750720596861));
#11307=CARTESIAN_POINT('Ctrl Pts',(2.75,1.5083275782579,-0.637168668293666));
#11308=CARTESIAN_POINT('Origin',(0.,0.,0.9));
#11309=CARTESIAN_POINT('',(-1.30980761963706,1.85727992859624E-8,0.634807619637062));
#11310=CARTESIAN_POINT('Ctrl Pts',(1.20700159651444,0.89058808997849,0.824999999999979));
#11311=CARTESIAN_POINT('Ctrl Pts',(1.29645439682202,0.760787726708853,0.819914010120722));
#11312=CARTESIAN_POINT('Ctrl Pts',(1.36373185408242,0.621005934642096,0.815334030526018));
#11313=CARTESIAN_POINT('Ctrl Pts',(1.44910330752815,0.334225799743113,0.80524581446796));
#11314=CARTESIAN_POINT('Ctrl Pts',(1.46965269186629,0.191753996594042,0.800186508643899));
#11315=CARTESIAN_POINT('Ctrl Pts',(1.46871634857178,-0.136460884765876,
0.788404965095231));
#11316=CARTESIAN_POINT('Ctrl Pts',(1.43319251484988,-0.319739009036392,
0.781732894841302));
#11317=CARTESIAN_POINT('Ctrl Pts',(1.32598644478843,-0.588119109041997,
0.771834844559567));
#11318=CARTESIAN_POINT('Ctrl Pts',(1.28255430237821,-0.667188194162557,
0.768908177590636));
#11319=CARTESIAN_POINT('Ctrl Pts',(1.14448379365316,-0.886688198460933,
0.760653762078729));
#11320=CARTESIAN_POINT('Ctrl Pts',(1.0144814709221,-1.02370615204166,0.754060354518147));
#11321=CARTESIAN_POINT('Ctrl Pts',(0.713364339828487,-1.23595616090061,
0.740494606994625));
#11322=CARTESIAN_POINT('Ctrl Pts',(0.546400182785417,-1.31096743655699,
0.733664446221261));
#11323=CARTESIAN_POINT('Ctrl Pts',(0.20783246771437,-1.39041895269265,0.720997934124298));
#11324=CARTESIAN_POINT('Ctrl Pts',(0.0261377015093553,-1.40306184982082,
0.715191675555958));
#11325=CARTESIAN_POINT('Ctrl Pts',(-0.249883018704216,-1.36042251117809,
0.705396720423513));
#11326=CARTESIAN_POINT('Ctrl Pts',(-0.335131222539656,-1.33866782001378,
0.702189677195351));
#11327=CARTESIAN_POINT('Ctrl Pts',(-0.58448800665487,-1.2486445334009,0.69223632472328));
#11328=CARTESIAN_POINT('Ctrl Pts',(-0.737920939245037,-1.15642361201305,
0.685309820358014));
#11329=CARTESIAN_POINT('Ctrl Pts',(-1.01425807571671,-0.906158123001291,
0.670987560804855));
#11330=CARTESIAN_POINT('Ctrl Pts',(-1.10545211539226,-0.766989970648335,
0.665058685631547));
#11331=CARTESIAN_POINT('Ctrl Pts',(-1.24174183045722,-0.506765595768949,
0.654964860771827));
#11332=CARTESIAN_POINT('Ctrl Pts',(-1.29084845226811,-0.339033288715755,
0.648378139514363));
#11333=CARTESIAN_POINT('Ctrl Pts',(-1.31075596580731,-0.111110040433498,
0.639277750804745));
#11334=CARTESIAN_POINT('Ctrl Pts',(-1.31204444067864,-0.0554558923794596,
0.637044439889736));
#11335=CARTESIAN_POINT('Ctrl Pts',(-1.30980762038377,1.86330408220858E-8,
0.634807620383768));
#11336=CARTESIAN_POINT('',(-1.575,-1.92881870865708E-16,0.9));
#11337=CARTESIAN_POINT('',(-1.575,-1.92881870865708E-16,0.9));
#11338=CARTESIAN_POINT('Origin',(0.,0.,0.9));
#11339=CARTESIAN_POINT('',(1.04780749687544,0.532249584531662,0.500240473580836));
#11340=CARTESIAN_POINT('Ctrl Pts',(-1.30980762038377,1.86330405271828E-8,
0.634807620383768));
#11341=CARTESIAN_POINT('Ctrl Pts',(-1.30530450633309,0.111642555427758,
0.630304507921294));
#11342=CARTESIAN_POINT('Ctrl Pts',(-1.28651271013416,0.222481593486619,
0.625786578063897));
#11343=CARTESIAN_POINT('Ctrl Pts',(-1.20925700616172,0.475267921154636,
0.615376796987493));
#11344=CARTESIAN_POINT('Ctrl Pts',(-1.13520739704478,0.626824951008735,
0.609555506566678));
#11345=CARTESIAN_POINT('Ctrl Pts',(-0.926265965734393,0.885295217239815,
0.596936654842147));
#11346=CARTESIAN_POINT('Ctrl Pts',(-0.807647695955378,0.986592452888574,
0.590614873729331));
#11347=CARTESIAN_POINT('Ctrl Pts',(-0.530623328373855,1.14616407397825,
0.577223953139929));
#11348=CARTESIAN_POINT('Ctrl Pts',(-0.372774897555457,1.19954700316827,
0.570261924096867));
#11349=CARTESIAN_POINT('Ctrl Pts',(-0.101721746586799,1.23488667148119,
0.559334696613982));
#11350=CARTESIAN_POINT('Ctrl Pts',(0.0700684122426434,1.24421962074212,
0.553353726529472));
#11351=CARTESIAN_POINT('Ctrl Pts',(0.418433897082869,1.14891681790501,0.538411320940403));
#11352=CARTESIAN_POINT('Ctrl Pts',(0.555185381431204,1.08208135643711,0.531818433227451));
#11353=CARTESIAN_POINT('Ctrl Pts',(0.753359854780119,0.933860796141345,
0.520965891000007));
#11354=CARTESIAN_POINT('Ctrl Pts',(0.82346470842972,0.866898915408997,0.516760297591154));
#11355=CARTESIAN_POINT('Ctrl Pts',(0.916736142341707,0.753435500826887,
0.510557627530756));
#11356=CARTESIAN_POINT('Ctrl Pts',(0.946198814401559,0.712632114665324,
0.508474808361147));
#11357=CARTESIAN_POINT('Ctrl Pts',(1.00064045521497,0.626321178074211,0.504357573435849));
#11358=CARTESIAN_POINT('Ctrl Pts',(1.02591388251541,0.579994864049436,0.502343968126947));
#11359=CARTESIAN_POINT('Ctrl Pts',(1.04780749687544,0.532249584531662,0.500240473580837));
#11360=CARTESIAN_POINT('',(1.12216886435724,-0.34918077067572,0.500240473580836));
#11361=CARTESIAN_POINT('Origin',(-5.13478148889135E-15,-2.08166817117217E-15,
0.500240473580834));
#11362=CARTESIAN_POINT('Ctrl Pts',(1.12216886435354,-0.349180770675059,
0.500240473577112));
#11363=CARTESIAN_POINT('Ctrl Pts',(1.18100159628342,-0.230587183227929,
0.521180579255867));
#11364=CARTESIAN_POINT('Ctrl Pts',(1.22009539761879,-0.103257691458481,
0.542455279396775));
#11365=CARTESIAN_POINT('Ctrl Pts',(1.25685372195712,0.166759816493015,0.585296047582577));
#11366=CARTESIAN_POINT('Ctrl Pts',(1.25170458905207,0.3079324284702,0.606505482697896));
#11367=CARTESIAN_POINT('Ctrl Pts',(1.17921439854146,0.651618394706888,0.656012567039396));
#11368=CARTESIAN_POINT('Ctrl Pts',(1.0885913980814,0.815508307562236,0.678304566030207));
#11369=CARTESIAN_POINT('Ctrl Pts',(0.920992584533289,1.05671696927692,0.718208959559148));
#11370=CARTESIAN_POINT('Ctrl Pts',(0.811594288666827,1.16913860968636,0.739823362298592));
#11371=CARTESIAN_POINT('Ctrl Pts',(0.55381775316843,1.35887068153511,0.783347839487006));
#11372=CARTESIAN_POINT('Ctrl Pts',(0.405592231726238,1.43256599626128,0.804897423184098));
#11373=CARTESIAN_POINT('Ctrl Pts',(0.247898937860915,1.47937355546081,0.824999999996443));
#11374=CARTESIAN_POINT('Origin',(0.,0.,0.9));
#11375=CARTESIAN_POINT('',(2.75,-1.50832757825793,0.637168668293663));
#11376=CARTESIAN_POINT('',(2.75,1.50832757825789,0.637168668293692));
#11377=CARTESIAN_POINT('Ctrl Pts',(2.75,1.50832757826077,0.63716866829287));
#11378=CARTESIAN_POINT('Ctrl Pts',(2.75,-1.95399252334028E-14,1.05594988449578));
#11379=CARTESIAN_POINT('Ctrl Pts',(2.75,-1.50832757826082,0.637168668292856));
#11380=CARTESIAN_POINT('',(2.68125,1.62740607127824,0.637168668293672));
#11381=CARTESIAN_POINT('Ctrl Pts',(2.75,1.50832757825788,0.637168668293672));
#11382=CARTESIAN_POINT('Ctrl Pts',(2.75,1.51343461155565,0.635750720596865));
#11383=CARTESIAN_POINT('Ctrl Pts',(2.74971684915918,1.51858770807117,0.63445802619789));
#11384=CARTESIAN_POINT('Ctrl Pts',(2.74700924336281,1.542501571257,0.629130921782868));
#11385=CARTESIAN_POINT('Ctrl Pts',(2.74076917513676,1.56115884987605,0.626968080584453));
#11386=CARTESIAN_POINT('Ctrl Pts',(2.72238781090395,1.59299630663971,0.626968080584453));
#11387=CARTESIAN_POINT('Ctrl Pts',(2.70935016776739,1.60772900355434,0.629130921782868));
#11388=CARTESIAN_POINT('Ctrl Pts',(2.68999395764402,1.62203079055034,0.63445802619789));
#11389=CARTESIAN_POINT('Ctrl Pts',(2.68567282057384,1.62485255462936,0.635750720596865));
#11390=CARTESIAN_POINT('Ctrl Pts',(2.68125,1.62740607127824,0.637168668293672));
#11391=CARTESIAN_POINT('',(0.0687500000006338,3.13573364953577,0.63716866829388));
#11392=CARTESIAN_POINT('Ctrl Pts',(2.6812500000025,1.6274060712768,0.63716866829287));
#11393=CARTESIAN_POINT('Ctrl Pts',(1.37500000000024,2.38156986040705,1.05594988449571));
#11394=CARTESIAN_POINT('Ctrl Pts',(0.0687499999981327,3.13573364953721,
0.637168668293078));
#11395=CARTESIAN_POINT('',(-0.0687499999999998,3.13573364953613,0.637168668293677));
#11396=CARTESIAN_POINT('Ctrl Pts',(0.0687500000006338,3.13573364953577,
0.63716866829388));
#11397=CARTESIAN_POINT('Ctrl Pts',(0.0643271794265996,3.13828716618479,
0.635750720596994));
#11398=CARTESIAN_POINT('Ctrl Pts',(0.0597228915153827,3.14061849862143,
0.63445802619795));
#11399=CARTESIAN_POINT('Ctrl Pts',(0.0376590755954174,3.15023057481135,
0.629130921782874));
#11400=CARTESIAN_POINT('Ctrl Pts',(0.0183813642328115,3.15415515651577,
0.626968080584458));
#11401=CARTESIAN_POINT('Ctrl Pts',(-0.018381364232812,3.15415515651577,
0.626968080584458));
#11402=CARTESIAN_POINT('Ctrl Pts',(-0.0376590755954181,3.15023057481135,
0.629130921782874));
#11403=CARTESIAN_POINT('Ctrl Pts',(-0.0597228915151565,3.14061849862153,
0.634458026197895));
#11404=CARTESIAN_POINT('Ctrl Pts',(-0.0643271794261597,3.13828716618502,
0.63575072059687));
#11405=CARTESIAN_POINT('Ctrl Pts',(-0.0687499999999997,3.13573364953613,
0.637168668293677));
#11406=CARTESIAN_POINT('',(-2.68124999999937,1.62740607127861,0.637168668293872));
#11407=CARTESIAN_POINT('Ctrl Pts',(-0.0687499999974969,3.13573364953758,
0.637168668292875));
#11408=CARTESIAN_POINT('Ctrl Pts',(-1.37499999999975,2.38156986040733,1.05594988449571));
#11409=CARTESIAN_POINT('Ctrl Pts',(-2.68125000000187,1.62740607127716,0.637168668293071));
#11410=CARTESIAN_POINT('',(-2.75,1.50832757825788,0.637168668293688));
#11411=CARTESIAN_POINT('Ctrl Pts',(-2.68124999999937,1.62740607127861,0.637168668293872));
#11412=CARTESIAN_POINT('Ctrl Pts',(-2.68567282057343,1.62485255462963,0.635750720596985));
#11413=CARTESIAN_POINT('Ctrl Pts',(-2.68999395764383,1.62203079055049,0.634458026197942));
#11414=CARTESIAN_POINT('Ctrl Pts',(-2.7093501677674,1.60772900355434,0.629130921782865));
#11415=CARTESIAN_POINT('Ctrl Pts',(-2.72238781090396,1.59299630663971,0.626968080584449));
#11416=CARTESIAN_POINT('Ctrl Pts',(-2.74076917513677,1.56115884987605,0.626968080584449));
#11417=CARTESIAN_POINT('Ctrl Pts',(-2.74700924336282,1.542501571257,0.629130921782865));
#11418=CARTESIAN_POINT('Ctrl Pts',(-2.74971684915918,1.51858770807117,0.634458026197886));
#11419=CARTESIAN_POINT('Ctrl Pts',(-2.75,1.51343461155565,0.635750720596862));
#11420=CARTESIAN_POINT('Ctrl Pts',(-2.75,1.50832757825788,0.637168668293668));
#11421=CARTESIAN_POINT('',(-2.75,3.13071089331859E-16,0.860307168993212));
#11422=CARTESIAN_POINT('Ctrl Pts',(-2.75,1.50832757826077,0.637168668292866));
#11423=CARTESIAN_POINT('Ctrl Pts',(-2.75,0.704647896947124,0.860307168993212));
#11424=CARTESIAN_POINT('Ctrl Pts',(-2.75,2.89364308898195E-16,0.860307168993212));
#11425=CARTESIAN_POINT('',(-2.68125,3.28358423021384E-16,0.9));
#11426=CARTESIAN_POINT('',(-2.68125,3.28358423021384E-16,0.9));
#11427=CARTESIAN_POINT('Origin',(0.,0.,0.9));
#11428=CARTESIAN_POINT('',(-2.75,-1.50832757825792,0.637168668293661));
#11429=CARTESIAN_POINT('Ctrl Pts',(-2.75,2.89364308898195E-16,0.860307168993212));
#11430=CARTESIAN_POINT('Ctrl Pts',(-2.75,-0.704647896947143,0.860307168993212));
#11431=CARTESIAN_POINT('Ctrl Pts',(-2.75,-1.50832757826082,0.637168668292853));
#11432=CARTESIAN_POINT('',(-2.68125,-1.62740607127827,0.637168668293658));
#11433=CARTESIAN_POINT('Ctrl Pts',(-2.75,-1.50832757825792,0.637168668293656));
#11434=CARTESIAN_POINT('Ctrl Pts',(-2.75,-1.51343461155569,0.63575072059685));
#11435=CARTESIAN_POINT('Ctrl Pts',(-2.74971684915918,-1.51858770807121,
0.634458026197876));
#11436=CARTESIAN_POINT('Ctrl Pts',(-2.74700924336282,-1.54250157125704,
0.629130921782855));
#11437=CARTESIAN_POINT('Ctrl Pts',(-2.74076917513677,-1.56115884987609,
0.626968080584439));
#11438=CARTESIAN_POINT('Ctrl Pts',(-2.72238781090396,-1.59299630663974,
0.626968080584439));
#11439=CARTESIAN_POINT('Ctrl Pts',(-2.7093501677674,-1.60772900355438,0.629130921782855));
#11440=CARTESIAN_POINT('Ctrl Pts',(-2.68999395764403,-1.62203079055038,
0.634458026197876));
#11441=CARTESIAN_POINT('Ctrl Pts',(-2.68567282057384,-1.62485255462939,
0.635750720596852));
#11442=CARTESIAN_POINT('Ctrl Pts',(-2.68125,-1.62740607127827,0.637168668293658));
#11443=CARTESIAN_POINT('',(-0.0687500000006353,-3.13573364953581,0.637168668293856));
#11444=CARTESIAN_POINT('Ctrl Pts',(-2.68125000000251,-1.62740607127683,
0.637168668292855));
#11445=CARTESIAN_POINT('Ctrl Pts',(-1.37500000000025,-2.38156986040708,
1.05594988449569));
#11446=CARTESIAN_POINT('Ctrl Pts',(-0.0687499999981336,-3.13573364953725,
0.637168668293054));
#11447=CARTESIAN_POINT('',(0.0687500000005258,-3.13573364953587,0.637168668293822));
#11448=CARTESIAN_POINT('Ctrl Pts',(-0.0687500000006355,-3.13573364953581,
0.637168668293856));
#11449=CARTESIAN_POINT('Ctrl Pts',(-0.0643271794266012,-3.13828716618484,
0.635750720596969));
#11450=CARTESIAN_POINT('Ctrl Pts',(-0.0597228915153841,-3.14061849862147,
0.634458026197925));
#11451=CARTESIAN_POINT('Ctrl Pts',(-0.0376590755954186,-3.1502305748114,
0.629130921782849));
#11452=CARTESIAN_POINT('Ctrl Pts',(-0.0183813642328124,-3.15415515651581,
0.626968080584434));
#11453=CARTESIAN_POINT('Ctrl Pts',(0.018381364232811,-3.15415515651581,
0.626968080584434));
#11454=CARTESIAN_POINT('Ctrl Pts',(0.0376590755954169,-3.1502305748114,
0.629130921782849));
#11455=CARTESIAN_POINT('Ctrl Pts',(0.059722891515344,-3.14061849862149,
0.634458026197916));
#11456=CARTESIAN_POINT('Ctrl Pts',(0.0643271794265249,-3.13828716618487,
0.635750720596949));
#11457=CARTESIAN_POINT('Ctrl Pts',(0.0687500000005264,-3.13573364953587,
0.637168668293822));
#11458=CARTESIAN_POINT('',(2.68124999999936,-1.62740607127865,0.637168668293864));
#11459=CARTESIAN_POINT('Ctrl Pts',(0.0687499999980243,-3.13573364953732,
0.637168668293019));
#11460=CARTESIAN_POINT('Ctrl Pts',(1.37499999999996,-2.38156986040725,1.05594988449562));
#11461=CARTESIAN_POINT('Ctrl Pts',(2.68125000000186,-1.6274060712772,0.637168668293061));
#11462=CARTESIAN_POINT('Ctrl Pts',(2.68124999999936,-1.62740607127865,0.637168668293863));
#11463=CARTESIAN_POINT('Ctrl Pts',(2.68567282057342,-1.62485255462967,0.635750720596977));
#11464=CARTESIAN_POINT('Ctrl Pts',(2.68999395764382,-1.62203079055053,0.634458026197933));
#11465=CARTESIAN_POINT('Ctrl Pts',(2.70935016776739,-1.60772900355438,0.629130921782857));
#11466=CARTESIAN_POINT('Ctrl Pts',(2.72238781090395,-1.59299630663975,0.626968080584441));
#11467=CARTESIAN_POINT('Ctrl Pts',(2.74076917513676,-1.56115884987609,0.626968080584441));
#11468=CARTESIAN_POINT('Ctrl Pts',(2.74700924336281,-1.54250157125704,0.629130921782857));
#11469=CARTESIAN_POINT('Ctrl Pts',(2.74971684915918,-1.51858770807121,0.634458026197878));
#11470=CARTESIAN_POINT('Ctrl Pts',(2.74999999999999,-1.5134346115557,0.635750720596852));
#11471=CARTESIAN_POINT('Ctrl Pts',(2.75,-1.50832757825793,0.637168668293658));
#11472=CARTESIAN_POINT('Origin',(0.,0.,0.9));
#11473=CARTESIAN_POINT('Ctrl Pts',(1.5,-2.35922392732846E-15,0.712500000000002));
#11474=CARTESIAN_POINT('Ctrl Pts',(1.5,-0.200426044274544,0.701365219762527));
#11475=CARTESIAN_POINT('Ctrl Pts',(1.45982930404078,-0.39886117815559,0.690341045658026));
#11476=CARTESIAN_POINT('Ctrl Pts',(1.30780504287996,-0.75885372296936,0.670341459835039));
#11477=CARTESIAN_POINT('Ctrl Pts',(1.20110464104091,-0.918459349523828,
0.661442080943498));
#11478=CARTESIAN_POINT('Ctrl Pts',(0.930062078059533,-1.19297497016118,
0.64077610564531));
#11479=CARTESIAN_POINT('Ctrl Pts',(0.766868155515002,-1.30388332597135,
0.629843646724649));
#11480=CARTESIAN_POINT('Ctrl Pts',(0.40412142598806,-1.45814387573707,0.60810597129171));
#11481=CARTESIAN_POINT('Ctrl Pts',(0.207553723328761,-1.49881484370505,
0.597518854177794));
#11482=CARTESIAN_POINT('Ctrl Pts',(-0.181620279587577,-1.5010849213601,
0.578731653519707));
#11483=CARTESIAN_POINT('Ctrl Pts',(-0.370547637232992,-1.46594351352581,
0.56872600497816));
#11484=CARTESIAN_POINT('Ctrl Pts',(-0.732029933308968,-1.32410590399586,
0.54739424630121));
#11485=CARTESIAN_POINT('Ctrl Pts',(-0.90007004246381,-1.21614241995939,
0.536310427112263));
#11486=CARTESIAN_POINT('Ctrl Pts',(-1.1828408280255,-0.942905537731689,
0.515115697953466));
#11487=CARTESIAN_POINT('Ctrl Pts',(-1.29545683185634,-0.781002555169064,
0.505889030842728));
#11488=CARTESIAN_POINT('Ctrl Pts',(-1.45120968721187,-0.425575393538688,
0.486143077418818));
#11489=CARTESIAN_POINT('Ctrl Pts',(-1.49381202525904,-0.235864460466631,
0.475603581137037));
#11490=CARTESIAN_POINT('Ctrl Pts',(-1.50515743466016,0.156867749589497,
0.453785125022808));
#11491=CARTESIAN_POINT('Ctrl Pts',(-1.47079314109408,0.356215237655721,
0.442710264574684));
#11492=CARTESIAN_POINT('Ctrl Pts',(-1.32922095870049,0.720822789501594,
0.422454289472136));
#11493=CARTESIAN_POINT('Ctrl Pts',(-1.22685842406693,0.883875239974253,
0.413641830116768));
#11494=CARTESIAN_POINT('Ctrl Pts',(-0.963678400544319,1.16589671650465,
0.393145645427636));
#11495=CARTESIAN_POINT('Ctrl Pts',(-0.804195043868978,1.28111394544165,
0.382272020270405));
#11496=CARTESIAN_POINT('Ctrl Pts',(-0.446584250482633,1.44570953254546,
0.360494363309739));
#11497=CARTESIAN_POINT('Ctrl Pts',(-0.251251639854538,1.4921162198199,0.34980734405259));
#11498=CARTESIAN_POINT('Ctrl Pts',(0.137366625833963,1.50573436489825,0.330731657219253));
#11499=CARTESIAN_POINT('Ctrl Pts',(0.326849659433449,1.47624879291825,0.321114682676195));
#11500=CARTESIAN_POINT('Ctrl Pts',(0.691473091615434,1.34564225306166,0.299943770175474));
#11501=CARTESIAN_POINT('Ctrl Pts',(0.862202062726745,1.24318027599516,0.288883402693384));
#11502=CARTESIAN_POINT('Ctrl Pts',(1.15414779558702,0.978155642170146,0.267475361688052));
#11503=CARTESIAN_POINT('Ctrl Pts',(1.27251728156045,0.818246898839782,0.257958161046656));
#11504=CARTESIAN_POINT('Ctrl Pts',(1.4385837325783,0.466258965585549,0.238403275865866));
#11505=CARTESIAN_POINT('Ctrl Pts',(1.48641060503032,0.278360573959782,0.227964476331101));
#11506=CARTESIAN_POINT('Ctrl Pts',(1.49916800763621,0.0577178013344192,
0.215706544518581));
#11507=CARTESIAN_POINT('Ctrl Pts',(1.5,0.0288444894656066,0.21410247163698));
#11508=CARTESIAN_POINT('Ctrl Pts',(1.5,1.43021508314755E-16,0.212500000000002));
#11509=CARTESIAN_POINT('Ctrl Pts',(1.5,1.5331875721905E-15,0.275000000000002));
#11510=CARTESIAN_POINT('Ctrl Pts',(1.5,0.0305730904480257,0.276698505024892));
#11511=CARTESIAN_POINT('Ctrl Pts',(1.4990653010106,0.0611777291644637,0.278398762731361));
#11512=CARTESIAN_POINT('Ctrl Pts',(1.48544129441051,0.283444360565523,0.290746908920309));
#11513=CARTESIAN_POINT('Ctrl Pts',(1.43699207631971,0.471115722911759,0.301173095717322));
#11514=CARTESIAN_POINT('Ctrl Pts',(1.26968613643351,0.822684837066692,0.320704713170374));
#11515=CARTESIAN_POINT('Ctrl Pts',(1.1506154353209,0.982352202939717,0.330261883583084));
#11516=CARTESIAN_POINT('Ctrl Pts',(0.857564824773586,1.24637211272567,0.351695174039833));
#11517=CARTESIAN_POINT('Ctrl Pts',(0.686522331305427,1.34816423345208,0.362752018752792));
#11518=CARTESIAN_POINT('Ctrl Pts',(0.321526863124862,1.47741297683704,0.383903114275183));
#11519=CARTESIAN_POINT('Ctrl Pts',(0.131971687926531,1.50621324785557,0.393477918985975));
#11520=CARTESIAN_POINT('Ctrl Pts',(-0.256571328720221,1.49121121664683,
0.412588426679503));
#11521=CARTESIAN_POINT('Ctrl Pts',(-0.451741380635231,1.4441070171658,0.423287000165994));
#11522=CARTESIAN_POINT('Ctrl Pts',(-0.808705044166394,1.27826152831226,
0.445068241570034));
#11523=CARTESIAN_POINT('Ctrl Pts',(-0.96772792310785,1.16252653131596,0.455934094428055));
#11524=CARTESIAN_POINT('Ctrl Pts',(-1.22994437340428,0.879592948406633,
0.476409255467031));
#11525=CARTESIAN_POINT('Ctrl Pts',(-1.33177569328959,0.716112837844851,
0.485215953453066));
#11526=CARTESIAN_POINT('Ctrl Pts',(-1.47203833302501,0.350992554686861,
0.505500413628509));
#11527=CARTESIAN_POINT('Ctrl Pts',(-1.50568769064684,0.15159868321403,0.516577850932555));
#11528=CARTESIAN_POINT('Ctrl Pts',(-1.49299091914819,-0.240956246781915,
0.538386458154552));
#11529=CARTESIAN_POINT('Ctrl Pts',(-1.44976049784914,-0.430458002821553,
0.548914333490088));
#11530=CARTESIAN_POINT('Ctrl Pts',(-1.29277602578103,-0.785478734441862,
0.568637707468994));
#11531=CARTESIAN_POINT('Ctrl Pts',(-1.17948050758913,-0.947144679333089,
0.577895125379213));
#11532=CARTESIAN_POINT('Ctrl Pts',(-0.895616016253285,-1.21941457586804,
0.599115614767916));
#11533=CARTESIAN_POINT('Ctrl Pts',(-0.72724747316837,-1.32672800321405,
0.610197178611401));
#11534=CARTESIAN_POINT('Ctrl Pts',(-0.365385762021046,-1.46723074921797,
0.631510112362092));
#11535=CARTESIAN_POINT('Ctrl Pts',(-0.176396098174214,-1.50170091902007,
0.641465891019038));
#11536=CARTESIAN_POINT('Ctrl Pts',(0.212717910936988,-1.49809121721482,
0.660287417005778));
#11537=CARTESIAN_POINT('Ctrl Pts',(0.40914892312763,-1.45674184964972,0.670886802029708));
#11538=CARTESIAN_POINT('Ctrl Pts',(0.771305337876641,-1.30125363064886,
0.692630177852851));
#11539=CARTESIAN_POINT('Ctrl Pts',(0.934067409867742,-1.18983088824255,
0.703556147870631));
#11540=CARTESIAN_POINT('Ctrl Pts',(1.20418543040081,-0.914426724319262,
0.724202322857478));
#11541=CARTESIAN_POINT('Ctrl Pts',(1.31037526882852,-0.754419670852518,
0.733087796063751));
#11542=CARTESIAN_POINT('Ctrl Pts',(1.46052499412859,-0.395442317745041,
0.753030982347499));
#11543=CARTESIAN_POINT('Ctrl Pts',(1.5,-0.198682042316847,0.763962108760177));
#11544=CARTESIAN_POINT('Ctrl Pts',(1.5,1.04083408558608E-16,0.775000000000001));
#11545=CARTESIAN_POINT('Ctrl Pts',(0.,1.17519020185613,1.0875290243938));
#11546=CARTESIAN_POINT('Ctrl Pts',(0.678496379390644,1.17519020185613,1.04586235772713));
#11547=CARTESIAN_POINT('Ctrl Pts',(1.01774456908597,0.587595100928063,1.00419569106046));
#11548=CARTESIAN_POINT('Ctrl Pts',(1.35699275878129,8.30918419253821E-17,
0.962529024393796));
#11549=CARTESIAN_POINT('Ctrl Pts',(1.01774456908597,-0.587595100928062,
0.920862357727129));
#11550=CARTESIAN_POINT('Ctrl Pts',(0.678496379390645,-1.17519020185612,
0.879195691060462));
#11551=CARTESIAN_POINT('Ctrl Pts',(1.43919291909244E-16,-1.17519020185613,
0.837529024393796));
#11552=CARTESIAN_POINT('Ctrl Pts',(-0.678496379390644,-1.17519020185613,
0.795862357727129));
#11553=CARTESIAN_POINT('Ctrl Pts',(-1.01774456908597,-0.587595100928063,
0.754195691060463));
#11554=CARTESIAN_POINT('Ctrl Pts',(-1.35699275878129,-2.49275525776146E-16,
0.712529024393796));
#11555=CARTESIAN_POINT('Ctrl Pts',(-1.01774456908597,0.587595100928062,
0.670862357727129));
#11556=CARTESIAN_POINT('Ctrl Pts',(-0.678496379390645,1.17519020185612,
0.629195691060462));
#11557=CARTESIAN_POINT('Ctrl Pts',(0.,1.17519020185613,0.587529024393796));
#11558=CARTESIAN_POINT('Ctrl Pts',(0.678496379390644,1.17519020185613,0.545862357727129));
#11559=CARTESIAN_POINT('Ctrl Pts',(1.01774456908597,0.587595100928063,0.504195691060463));
#11560=CARTESIAN_POINT('Ctrl Pts',(1.35699275878129,8.30918419253821E-17,
0.462529024393796));
#11561=CARTESIAN_POINT('Ctrl Pts',(1.01774456908597,-0.587595100928062,
0.420862357727129));
#11562=CARTESIAN_POINT('Ctrl Pts',(0.678496379390645,-1.17519020185612,
0.379195691060462));
#11563=CARTESIAN_POINT('Ctrl Pts',(1.43919291909244E-16,-1.17519020185613,
0.337529024393796));
#11564=CARTESIAN_POINT('Ctrl Pts',(-0.678496379390644,-1.17519020185613,
0.295862357727129));
#11565=CARTESIAN_POINT('Ctrl Pts',(-1.01774456908597,-0.587595100928063,
0.254195691060462));
#11566=CARTESIAN_POINT('Ctrl Pts',(-1.35699275878129,-2.49275525776146E-16,
0.212529024393796));
#11567=CARTESIAN_POINT('Ctrl Pts',(-1.01774456908597,0.587595100928062,
0.170862357727129));
#11568=CARTESIAN_POINT('Ctrl Pts',(-0.678496379390645,1.17519020185612,
0.129195691060462));
#11569=CARTESIAN_POINT('Ctrl Pts',(0.,1.17519020185613,0.0875290243937957));
#11570=CARTESIAN_POINT('Ctrl Pts',(0.678496379390644,1.17519020185613,0.0458623577271291));
#11571=CARTESIAN_POINT('Ctrl Pts',(1.01774456908597,0.587595100928063,0.00419569106046242));
#11572=CARTESIAN_POINT('Ctrl Pts',(1.35699275878129,8.30918419253821E-17,
-0.0374709756062042));
#11573=CARTESIAN_POINT('Ctrl Pts',(1.01774456908597,-0.587595100928062,
-0.0791376422728708));
#11574=CARTESIAN_POINT('Ctrl Pts',(0.678496379390645,-1.17519020185612,
-0.120804308939538));
#11575=CARTESIAN_POINT('Ctrl Pts',(1.43919291909244E-16,-1.17519020185613,
-0.162470975606204));
#11576=CARTESIAN_POINT('Ctrl Pts',(-0.678496379390644,-1.17519020185613,
-0.204137642272871));
#11577=CARTESIAN_POINT('Ctrl Pts',(-1.01774456908597,-0.587595100928063,
-0.245804308939538));
#11578=CARTESIAN_POINT('Ctrl Pts',(-1.35699275878129,-2.49275525776146E-16,
-0.287470975606204));
#11579=CARTESIAN_POINT('Ctrl Pts',(-1.01774456908597,0.587595100928062,
-0.329137642272871));
#11580=CARTESIAN_POINT('Ctrl Pts',(-0.678496379390645,1.17519020185612,
-0.370804308939538));
#11581=CARTESIAN_POINT('Ctrl Pts',(0.,1.17519020185613,-0.412470975606204));
#11582=CARTESIAN_POINT('Ctrl Pts',(0.678496379390644,1.17519020185613,-0.454137642272871));
#11583=CARTESIAN_POINT('Ctrl Pts',(1.01774456908597,0.587595100928063,-0.495804308939538));
#11584=CARTESIAN_POINT('Ctrl Pts',(1.35699275878129,8.30918419253821E-17,
-0.537470975606204));
#11585=CARTESIAN_POINT('Ctrl Pts',(1.01774456908597,-0.587595100928062,
-0.579137642272871));
#11586=CARTESIAN_POINT('Ctrl Pts',(0.678496379390645,-1.17519020185612,
-0.620804308939538));
#11587=CARTESIAN_POINT('Ctrl Pts',(1.43919291909244E-16,-1.17519020185613,
-0.662470975606204));
#11588=CARTESIAN_POINT('Ctrl Pts',(-0.678496379390644,-1.17519020185613,
-0.704137642272871));
#11589=CARTESIAN_POINT('Ctrl Pts',(-1.01774456908597,-0.587595100928063,
-0.745804308939538));
#11590=CARTESIAN_POINT('Ctrl Pts',(-1.35699275878129,-2.49275525776146E-16,
-0.787470975606204));
#11591=CARTESIAN_POINT('Ctrl Pts',(-1.01774456908597,0.587595100928062,
-0.829137642272871));
#11592=CARTESIAN_POINT('Ctrl Pts',(-0.678496379390645,1.17519020185612,
-0.870804308939538));
#11593=CARTESIAN_POINT('Ctrl Pts',(0.,1.17519020185613,-0.912470975606204));
#11594=CARTESIAN_POINT('Ctrl Pts',(0.678496379390644,1.17519020185613,-0.954137642272871));
#11595=CARTESIAN_POINT('Ctrl Pts',(1.01774456908597,0.587595100928063,-0.995804308939538));
#11596=CARTESIAN_POINT('Ctrl Pts',(1.35699275878129,8.30918419253821E-17,
-1.0374709756062));
#11597=CARTESIAN_POINT('Ctrl Pts',(1.01774456908597,-0.587595100928062,
-1.07913764227287));
#11598=CARTESIAN_POINT('Ctrl Pts',(0.678496379390645,-1.17519020185612,
-1.12080430893954));
#11599=CARTESIAN_POINT('Ctrl Pts',(1.43919291909244E-16,-1.17519020185613,
-1.1624709756062));
#11600=CARTESIAN_POINT('Ctrl Pts',(-0.381827806142333,-1.17519020185613,
-1.18591913598826));
#11601=CARTESIAN_POINT('Ctrl Pts',(-0.690738047031806,-0.950764408737163,
-1.21284648017896));
#11602=CARTESIAN_POINT('Ctrl Pts',(0.,1.52706329386827,0.884375000000002));
#11603=CARTESIAN_POINT('Ctrl Pts',(0.881650403784439,1.52706329386827,0.842708333333335));
#11604=CARTESIAN_POINT('Ctrl Pts',(1.32247560567666,0.763531646934133,0.801041666666668));
#11605=CARTESIAN_POINT('Ctrl Pts',(1.76330080756888,1.07971034496159E-16,
0.759375000000002));
#11606=CARTESIAN_POINT('Ctrl Pts',(1.32247560567666,-0.763531646934132,
0.717708333333335));
#11607=CARTESIAN_POINT('Ctrl Pts',(0.88165040378444,-1.52706329386826,0.676041666666668));
#11608=CARTESIAN_POINT('Ctrl Pts',(1.87011317493118E-16,-1.52706329386827,
0.634375000000001));
#11609=CARTESIAN_POINT('Ctrl Pts',(-0.881650403784439,-1.52706329386827,
0.592708333333335));
#11610=CARTESIAN_POINT('Ctrl Pts',(-1.32247560567666,-0.763531646934133,
0.551041666666668));
#11611=CARTESIAN_POINT('Ctrl Pts',(-1.76330080756888,-3.23913103488476E-16,
0.509375000000001));
#11612=CARTESIAN_POINT('Ctrl Pts',(-1.32247560567666,0.763531646934132,
0.467708333333335));
#11613=CARTESIAN_POINT('Ctrl Pts',(-0.88165040378444,1.52706329386826,0.426041666666668));
#11614=CARTESIAN_POINT('Ctrl Pts',(0.,1.52706329386827,0.384375000000002));
#11615=CARTESIAN_POINT('Ctrl Pts',(0.881650403784439,1.52706329386827,0.342708333333335));
#11616=CARTESIAN_POINT('Ctrl Pts',(1.32247560567666,0.763531646934133,0.301041666666668));
#11617=CARTESIAN_POINT('Ctrl Pts',(1.76330080756888,1.07971034496159E-16,
0.259375000000001));
#11618=CARTESIAN_POINT('Ctrl Pts',(1.32247560567666,-0.763531646934132,
0.217708333333335));
#11619=CARTESIAN_POINT('Ctrl Pts',(0.88165040378444,-1.52706329386826,0.176041666666668));
#11620=CARTESIAN_POINT('Ctrl Pts',(1.87011317493118E-16,-1.52706329386827,
0.134375000000001));
#11621=CARTESIAN_POINT('Ctrl Pts',(-0.881650403784439,-1.52706329386827,
0.0927083333333348));
#11622=CARTESIAN_POINT('Ctrl Pts',(-1.32247560567666,-0.763531646934133,
0.0510416666666682));
#11623=CARTESIAN_POINT('Ctrl Pts',(-1.76330080756888,-3.23913103488476E-16,
0.00937500000000146));
#11624=CARTESIAN_POINT('Ctrl Pts',(-1.32247560567666,0.763531646934132,
-0.0322916666666652));
#11625=CARTESIAN_POINT('Ctrl Pts',(-0.88165040378444,1.52706329386826,-0.0739583333333318));
#11626=CARTESIAN_POINT('Ctrl Pts',(0.,1.52706329386827,-0.115624999999999));
#11627=CARTESIAN_POINT('Ctrl Pts',(0.881650403784439,1.52706329386827,-0.157291666666665));
#11628=CARTESIAN_POINT('Ctrl Pts',(1.32247560567666,0.763531646934133,-0.198958333333332));
#11629=CARTESIAN_POINT('Ctrl Pts',(1.76330080756888,1.07971034496159E-16,
-0.240624999999999));
#11630=CARTESIAN_POINT('Ctrl Pts',(1.32247560567666,-0.763531646934132,
-0.282291666666665));
#11631=CARTESIAN_POINT('Ctrl Pts',(0.88165040378444,-1.52706329386826,-0.323958333333332));
#11632=CARTESIAN_POINT('Ctrl Pts',(1.87011317493118E-16,-1.52706329386827,
-0.365624999999999));
#11633=CARTESIAN_POINT('Ctrl Pts',(-0.881650403784439,-1.52706329386827,
-0.407291666666665));
#11634=CARTESIAN_POINT('Ctrl Pts',(-1.32247560567666,-0.763531646934133,
-0.448958333333332));
#11635=CARTESIAN_POINT('Ctrl Pts',(-1.76330080756888,-3.23913103488476E-16,
-0.490624999999998));
#11636=CARTESIAN_POINT('Ctrl Pts',(-1.32247560567666,0.763531646934132,
-0.532291666666665));
#11637=CARTESIAN_POINT('Ctrl Pts',(-0.88165040378444,1.52706329386826,-0.573958333333332));
#11638=CARTESIAN_POINT('Ctrl Pts',(0.,1.52706329386827,-0.615624999999999));
#11639=CARTESIAN_POINT('Ctrl Pts',(0.881650403784439,1.52706329386827,-0.657291666666665));
#11640=CARTESIAN_POINT('Ctrl Pts',(1.32247560567666,0.763531646934133,-0.698958333333332));
#11641=CARTESIAN_POINT('Ctrl Pts',(1.76330080756888,1.07971034496159E-16,
-0.740624999999999));
#11642=CARTESIAN_POINT('Ctrl Pts',(1.32247560567666,-0.763531646934132,
-0.782291666666665));
#11643=CARTESIAN_POINT('Ctrl Pts',(0.88165040378444,-1.52706329386826,-0.823958333333332));
#11644=CARTESIAN_POINT('Ctrl Pts',(1.87011317493118E-16,-1.52706329386827,
-0.865624999999999));
#11645=CARTESIAN_POINT('Ctrl Pts',(-0.881650403784439,-1.52706329386827,
-0.907291666666665));
#11646=CARTESIAN_POINT('Ctrl Pts',(-1.32247560567666,-0.763531646934133,
-0.948958333333332));
#11647=CARTESIAN_POINT('Ctrl Pts',(-1.76330080756888,-3.23913103488476E-16,
-0.990624999999999));
#11648=CARTESIAN_POINT('Ctrl Pts',(-1.32247560567666,0.763531646934132,
-1.03229166666667));
#11649=CARTESIAN_POINT('Ctrl Pts',(-0.88165040378444,1.52706329386826,-1.07395833333333));
#11650=CARTESIAN_POINT('Ctrl Pts',(0.,1.52706329386827,-1.115625));
#11651=CARTESIAN_POINT('Ctrl Pts',(0.881650403784439,1.52706329386827,-1.15729166666666));
#11652=CARTESIAN_POINT('Ctrl Pts',(1.32247560567666,0.763531646934133,-1.19895833333333));
#11653=CARTESIAN_POINT('Ctrl Pts',(1.76330080756888,1.07971034496159E-16,
-1.240625));
#11654=CARTESIAN_POINT('Ctrl Pts',(1.32247560567666,-0.763531646934132,
-1.28229166666667));
#11655=CARTESIAN_POINT('Ctrl Pts',(0.88165040378444,-1.52706329386826,-1.32395833333333));
#11656=CARTESIAN_POINT('Ctrl Pts',(1.87011317493118E-16,-1.52706329386827,
-1.365625));
#11657=CARTESIAN_POINT('Ctrl Pts',(-0.496153921652241,-1.52706329386827,
-1.38907316038206));
#11658=CARTESIAN_POINT('Ctrl Pts',(-0.89755744698564,-1.23544038012379,
-1.41600050457275));
#11659=CARTESIAN_POINT('Ctrl Pts',(1.04780749687544,0.532249584531662,0.500240473580836));
#11660=CARTESIAN_POINT('Ctrl Pts',(1.33636845546375,-0.0358228846661126,
0.459959889736655));
#11661=CARTESIAN_POINT('Ctrl Pts',(1.01778810567666,-0.587620236790417,
0.420833333333335));
#11662=CARTESIAN_POINT('Ctrl Pts',(0.678525403784439,-1.17524047358084,
0.379166666666668));
#11663=CARTESIAN_POINT('Ctrl Pts',(1.43925448419919E-16,-1.17524047358084,
0.337500000000002));
#11664=CARTESIAN_POINT('Ctrl Pts',(-0.678525403784438,-1.17524047358084,
0.295833333333335));
#11665=CARTESIAN_POINT('Ctrl Pts',(-1.01778810567666,-0.587620236790418,
0.254166666666668));
#11666=CARTESIAN_POINT('Ctrl Pts',(-1.35705080756888,-2.49286189165433E-16,
0.212500000000002));
#11667=CARTESIAN_POINT('Ctrl Pts',(-1.01778810567666,0.587620236790417,
0.170833333333335));
#11668=CARTESIAN_POINT('Ctrl Pts',(-0.678525403784439,1.17524047358084,
0.129166666666668));
#11669=CARTESIAN_POINT('Ctrl Pts',(0.,1.17524047358084,0.0875000000000016));
#11670=CARTESIAN_POINT('Ctrl Pts',(0.678525403784438,1.17524047358084,0.045833333333335));
#11671=CARTESIAN_POINT('Ctrl Pts',(1.01778810567666,0.587620236790418,0.00416666666666838));
#11672=CARTESIAN_POINT('Ctrl Pts',(1.35705080756888,8.30953963884778E-17,
-0.0374999999999983));
#11673=CARTESIAN_POINT('Ctrl Pts',(1.01778810567666,-0.587620236790417,
-0.0791666666666649));
#11674=CARTESIAN_POINT('Ctrl Pts',(0.678525403784439,-1.17524047358084,
-0.120833333333332));
#11675=CARTESIAN_POINT('Ctrl Pts',(1.43925448419919E-16,-1.17524047358084,
-0.162499999999998));
#11676=CARTESIAN_POINT('Ctrl Pts',(-0.678525403784438,-1.17524047358084,
-0.204166666666665));
#11677=CARTESIAN_POINT('Ctrl Pts',(-1.01778810567666,-0.587620236790418,
-0.245833333333332));
#11678=CARTESIAN_POINT('Ctrl Pts',(-1.35705080756888,-2.49286189165433E-16,
-0.287499999999998));
#11679=CARTESIAN_POINT('Ctrl Pts',(-1.01778810567666,0.587620236790417,
-0.329166666666665));
#11680=CARTESIAN_POINT('Ctrl Pts',(-0.678525403784439,1.17524047358084,
-0.370833333333332));
#11681=CARTESIAN_POINT('Ctrl Pts',(0.,1.17524047358084,-0.412499999999998));
#11682=CARTESIAN_POINT('Ctrl Pts',(0.678525403784438,1.17524047358084,-0.454166666666665));
#11683=CARTESIAN_POINT('Ctrl Pts',(1.01778810567666,0.587620236790418,-0.495833333333332));
#11684=CARTESIAN_POINT('Ctrl Pts',(1.03544028303306,0.557045768744908,-0.498001291631571));
#11685=CARTESIAN_POINT('Ctrl Pts',(1.05122536547866,0.525466841691041,-0.500240473580837));
#11686=CARTESIAN_POINT('Ctrl Pts',(0.,1.52706329386827,1.353125));
#11687=CARTESIAN_POINT('Ctrl Pts',(0.881650403784439,1.52706329386827,1.31145833333334));
#11688=CARTESIAN_POINT('Ctrl Pts',(1.32247560567666,0.763531646934133,1.26979166666667));
#11689=CARTESIAN_POINT('Ctrl Pts',(1.76330080756888,1.07971034496159E-16,
1.228125));
#11690=CARTESIAN_POINT('Ctrl Pts',(1.32247560567666,-0.763531646934132,
1.18645833333334));
#11691=CARTESIAN_POINT('Ctrl Pts',(0.88165040378444,-1.52706329386826,1.14479166666667));
#11692=CARTESIAN_POINT('Ctrl Pts',(1.87011317493118E-16,-1.52706329386827,
1.103125));
#11693=CARTESIAN_POINT('Ctrl Pts',(-0.881650403784439,-1.52706329386827,
1.06145833333334));
#11694=CARTESIAN_POINT('Ctrl Pts',(-1.32247560567666,-0.763531646934133,
1.01979166666667));
#11695=CARTESIAN_POINT('Ctrl Pts',(-1.76330080756888,-3.23913103488476E-16,
0.978125000000002));
#11696=CARTESIAN_POINT('Ctrl Pts',(-1.32247560567666,0.763531646934132,
0.936458333333335));
#11697=CARTESIAN_POINT('Ctrl Pts',(-0.88165040378444,1.52706329386826,0.894791666666669));
#11698=CARTESIAN_POINT('Ctrl Pts',(0.,1.52706329386827,0.853125000000002));
#11699=CARTESIAN_POINT('Ctrl Pts',(0.881650403784439,1.52706329386827,0.811458333333335));
#11700=CARTESIAN_POINT('Ctrl Pts',(1.32247560567666,0.763531646934133,0.769791666666669));
#11701=CARTESIAN_POINT('Ctrl Pts',(1.76330080756888,1.07971034496159E-16,
0.728125000000002));
#11702=CARTESIAN_POINT('Ctrl Pts',(1.32247560567666,-0.763531646934132,
0.686458333333335));
#11703=CARTESIAN_POINT('Ctrl Pts',(0.88165040378444,-1.52706329386826,0.644791666666669));
#11704=CARTESIAN_POINT('Ctrl Pts',(1.87011317493118E-16,-1.52706329386827,
0.603125000000002));
#11705=CARTESIAN_POINT('Ctrl Pts',(-0.881650403784439,-1.52706329386827,
0.561458333333335));
#11706=CARTESIAN_POINT('Ctrl Pts',(-1.32247560567666,-0.763531646934133,
0.519791666666669));
#11707=CARTESIAN_POINT('Ctrl Pts',(-1.76330080756888,-3.23913103488476E-16,
0.478125000000002));
#11708=CARTESIAN_POINT('Ctrl Pts',(-1.32247560567666,0.763531646934132,
0.436458333333335));
#11709=CARTESIAN_POINT('Ctrl Pts',(-0.88165040378444,1.52706329386826,0.394791666666669));
#11710=CARTESIAN_POINT('Ctrl Pts',(0.,1.52706329386827,0.353125000000002));
#11711=CARTESIAN_POINT('Ctrl Pts',(0.881650403784439,1.52706329386827,0.311458333333335));
#11712=CARTESIAN_POINT('Ctrl Pts',(1.32247560567666,0.763531646934133,0.269791666666669));
#11713=CARTESIAN_POINT('Ctrl Pts',(1.76330080756888,1.07971034496159E-16,
0.228125000000002));
#11714=CARTESIAN_POINT('Ctrl Pts',(1.32247560567666,-0.763531646934132,
0.186458333333335));
#11715=CARTESIAN_POINT('Ctrl Pts',(0.88165040378444,-1.52706329386826,0.144791666666669));
#11716=CARTESIAN_POINT('Ctrl Pts',(1.87011317493118E-16,-1.52706329386827,
0.103125000000002));
#11717=CARTESIAN_POINT('Ctrl Pts',(-0.881650403784439,-1.52706329386827,
0.0614583333333352));
#11718=CARTESIAN_POINT('Ctrl Pts',(-1.32247560567666,-0.763531646934133,
0.0197916666666686));
#11719=CARTESIAN_POINT('Ctrl Pts',(-1.76330080756888,-3.23913103488476E-16,
-0.021874999999998));
#11720=CARTESIAN_POINT('Ctrl Pts',(-1.32247560567666,0.763531646934132,
-0.0635416666666647));
#11721=CARTESIAN_POINT('Ctrl Pts',(-0.88165040378444,1.52706329386826,-0.105208333333331));
#11722=CARTESIAN_POINT('Ctrl Pts',(0.,1.52706329386827,-0.146874999999998));
#11723=CARTESIAN_POINT('Ctrl Pts',(0.881650403784439,1.52706329386827,-0.188541666666665));
#11724=CARTESIAN_POINT('Ctrl Pts',(1.32247560567666,0.763531646934133,-0.230208333333331));
#11725=CARTESIAN_POINT('Ctrl Pts',(1.76330080756888,1.07971034496159E-16,
-0.271874999999998));
#11726=CARTESIAN_POINT('Ctrl Pts',(1.32247560567666,-0.763531646934132,
-0.313541666666665));
#11727=CARTESIAN_POINT('Ctrl Pts',(0.88165040378444,-1.52706329386826,-0.355208333333331));
#11728=CARTESIAN_POINT('Ctrl Pts',(1.87011317493118E-16,-1.52706329386827,
-0.396874999999998));
#11729=CARTESIAN_POINT('Ctrl Pts',(-0.881650403784439,-1.52706329386827,
-0.438541666666665));
#11730=CARTESIAN_POINT('Ctrl Pts',(-1.32247560567666,-0.763531646934133,
-0.480208333333331));
#11731=CARTESIAN_POINT('Ctrl Pts',(-1.76330080756888,-3.23913103488476E-16,
-0.521874999999998));
#11732=CARTESIAN_POINT('Ctrl Pts',(-1.32247560567666,0.763531646934132,
-0.563541666666665));
#11733=CARTESIAN_POINT('Ctrl Pts',(-0.88165040378444,1.52706329386826,-0.605208333333331));
#11734=CARTESIAN_POINT('Ctrl Pts',(0.,1.52706329386827,-0.646874999999998));
#11735=CARTESIAN_POINT('Ctrl Pts',(0.881650403784439,1.52706329386827,-0.688541666666664));
#11736=CARTESIAN_POINT('Ctrl Pts',(1.32247560567666,0.763531646934133,-0.730208333333331));
#11737=CARTESIAN_POINT('Ctrl Pts',(1.76330080756888,1.07971034496159E-16,
-0.771874999999998));
#11738=CARTESIAN_POINT('Ctrl Pts',(1.32247560567666,-0.763531646934132,
-0.813541666666665));
#11739=CARTESIAN_POINT('Ctrl Pts',(0.88165040378444,-1.52706329386826,-0.855208333333332));
#11740=CARTESIAN_POINT('Ctrl Pts',(1.87011317493118E-16,-1.52706329386827,
-0.896874999999998));
#11741=CARTESIAN_POINT('Ctrl Pts',(-0.496161653354575,-1.52706329386827,
-0.920323525781156));
#11742=CARTESIAN_POINT('Ctrl Pts',(-0.89756876274269,-1.23543215905543,
-0.947251263669601));
#11743=CARTESIAN_POINT('Ctrl Pts',(-1.07978397982134,-1.10304877746107,
-0.959474872793663));
#11744=CARTESIAN_POINT('Ctrl Pts',(-1.26199919689999,-0.970665395866712,
-0.971698481917725));
#11745=CARTESIAN_POINT('Ctrl Pts',(0.,1.17519983173038,1.1499765354167));
#11746=CARTESIAN_POINT('Ctrl Pts',(0.67850193920114,1.17519983173038,1.10830986875004));
#11747=CARTESIAN_POINT('Ctrl Pts',(1.01775290880171,0.587599915865192,1.06664320208337));
#11748=CARTESIAN_POINT('Ctrl Pts',(1.35700387840228,8.30925228057948E-17,
1.0249765354167));
#11749=CARTESIAN_POINT('Ctrl Pts',(1.01775290880171,-0.587599915865192,
0.983309868750037));
#11750=CARTESIAN_POINT('Ctrl Pts',(0.678501939201141,-1.17519983173038,
0.94164320208337));
#11751=CARTESIAN_POINT('Ctrl Pts',(1.43920471228712E-16,-1.17519983173038,
0.899976535416703));
#11752=CARTESIAN_POINT('Ctrl Pts',(-0.67850193920114,-1.17519983173038,
0.858309868750037));
#11753=CARTESIAN_POINT('Ctrl Pts',(-1.01775290880171,-0.587599915865193,
0.81664320208337));
#11754=CARTESIAN_POINT('Ctrl Pts',(-1.35700387840228,-2.49277568417385E-16,
0.774976535416704));
#11755=CARTESIAN_POINT('Ctrl Pts',(-1.01775290880171,0.587599915865191,
0.733309868750037));
#11756=CARTESIAN_POINT('Ctrl Pts',(-0.678501939201141,1.17519983173038,
0.69164320208337));
#11757=CARTESIAN_POINT('Ctrl Pts',(0.,1.17519983173038,0.649976535416704));
#11758=CARTESIAN_POINT('Ctrl Pts',(0.67850193920114,1.17519983173038,0.608309868750037));
#11759=CARTESIAN_POINT('Ctrl Pts',(1.01775290880171,0.587599915865192,0.56664320208337));
#11760=CARTESIAN_POINT('Ctrl Pts',(1.35700387840228,8.30925228057948E-17,
0.524976535416703));
#11761=CARTESIAN_POINT('Ctrl Pts',(1.01775290880171,-0.587599915865192,
0.483309868750037));
#11762=CARTESIAN_POINT('Ctrl Pts',(0.678501939201141,-1.17519983173038,
0.44164320208337));
#11763=CARTESIAN_POINT('Ctrl Pts',(1.43920471228712E-16,-1.17519983173038,
0.399976535416703));
#11764=CARTESIAN_POINT('Ctrl Pts',(-0.67850193920114,-1.17519983173038,
0.358309868750037));
#11765=CARTESIAN_POINT('Ctrl Pts',(-1.01775290880171,-0.587599915865193,
0.31664320208337));
#11766=CARTESIAN_POINT('Ctrl Pts',(-1.35700387840228,-2.49277568417385E-16,
0.274976535416703));
#11767=CARTESIAN_POINT('Ctrl Pts',(-1.01775290880171,0.587599915865191,
0.233309868750037));
#11768=CARTESIAN_POINT('Ctrl Pts',(-0.678501939201141,1.17519983173038,
0.19164320208337));
#11769=CARTESIAN_POINT('Ctrl Pts',(0.,1.17519983173038,0.149976535416703));
#11770=CARTESIAN_POINT('Ctrl Pts',(0.67850193920114,1.17519983173038,0.108309868750037));
#11771=CARTESIAN_POINT('Ctrl Pts',(1.01775290880171,0.587599915865192,0.0666432020833702));
#11772=CARTESIAN_POINT('Ctrl Pts',(1.35700387840228,8.30925228057948E-17,
0.0249765354167036));
#11773=CARTESIAN_POINT('Ctrl Pts',(1.01775290880171,-0.587599915865192,
-0.0166901312499631));
#11774=CARTESIAN_POINT('Ctrl Pts',(0.678501939201141,-1.17519983173038,
-0.0583567979166299));
#11775=CARTESIAN_POINT('Ctrl Pts',(1.43920471228712E-16,-1.17519983173038,
-0.100023464583297));
#11776=CARTESIAN_POINT('Ctrl Pts',(-0.67850193920114,-1.17519983173038,
-0.141690131249963));
#11777=CARTESIAN_POINT('Ctrl Pts',(-1.01775290880171,-0.587599915865193,
-0.18335679791663));
#11778=CARTESIAN_POINT('Ctrl Pts',(-1.35700387840228,-2.49277568417385E-16,
-0.225023464583296));
#11779=CARTESIAN_POINT('Ctrl Pts',(-1.01775290880171,0.587599915865191,
-0.266690131249963));
#11780=CARTESIAN_POINT('Ctrl Pts',(-0.678501939201141,1.17519983173038,
-0.30835679791663));
#11781=CARTESIAN_POINT('Ctrl Pts',(0.,1.17519983173038,-0.350023464583297));
#11782=CARTESIAN_POINT('Ctrl Pts',(0.67850193920114,1.17519983173038,-0.391690131249963));
#11783=CARTESIAN_POINT('Ctrl Pts',(1.01775290880171,0.587599915865192,-0.43335679791663));
#11784=CARTESIAN_POINT('Ctrl Pts',(1.35700387840228,8.30925228057948E-17,
-0.475023464583296));
#11785=CARTESIAN_POINT('Ctrl Pts',(1.01775290880171,-0.587599915865192,
-0.516690131249963));
#11786=CARTESIAN_POINT('Ctrl Pts',(0.678501939201141,-1.17519983173038,
-0.55835679791663));
#11787=CARTESIAN_POINT('Ctrl Pts',(1.43920471228712E-16,-1.17519983173038,
-0.600023464583297));
#11788=CARTESIAN_POINT('Ctrl Pts',(-0.67850193920114,-1.17519983173038,
-0.641690131249963));
#11789=CARTESIAN_POINT('Ctrl Pts',(-1.01775290880171,-0.587599915865193,
-0.68335679791663));
#11790=CARTESIAN_POINT('Ctrl Pts',(-1.35700387840228,-2.49277568417385E-16,
-0.725023464583297));
#11791=CARTESIAN_POINT('Ctrl Pts',(-1.01775290880171,0.587599915865191,
-0.766690131249963));
#11792=CARTESIAN_POINT('Ctrl Pts',(-0.678501939201141,1.17519983173038,
-0.80835679791663));
#11793=CARTESIAN_POINT('Ctrl Pts',(0.,1.17519983173038,-0.850023464583297));
#11794=CARTESIAN_POINT('Ctrl Pts',(0.67850193920114,1.17519983173038,-0.891690131249963));
#11795=CARTESIAN_POINT('Ctrl Pts',(1.01775290880171,0.587599915865192,-0.93335679791663));
#11796=CARTESIAN_POINT('Ctrl Pts',(1.35700387840228,8.30925228057948E-17,
-0.975023464583296));
#11797=CARTESIAN_POINT('Ctrl Pts',(1.01775290880171,-0.587599915865192,
-1.01669013124996));
#11798=CARTESIAN_POINT('Ctrl Pts',(0.678501939201141,-1.17519983173038,
-1.05835679791663));
#11799=CARTESIAN_POINT('Ctrl Pts',(1.43920471228712E-16,-1.17519983173038,
-1.1000234645833));
#11800=CARTESIAN_POINT('Ctrl Pts',(-0.381836885134158,-1.17519983173038,
-1.12347199036445));
#11801=CARTESIAN_POINT('Ctrl Pts',(-0.69075241555289,-0.950765872813581,
-1.1503997282529));
#11802=CARTESIAN_POINT('Ctrl Pts',(-0.830981896092038,-0.848886056568709,
-1.16262333737696));
#11803=CARTESIAN_POINT('Ctrl Pts',(-0.971211376631185,-0.747006240323837,
-1.17484694650102));
#11804=CARTESIAN_POINT('Ctrl Pts',(1.12216886435724,-0.34918077067572,0.500240473580836));
#11805=CARTESIAN_POINT('Ctrl Pts',(1.08326225189213,-0.474215688963025,
0.491374563360771));
#11806=CARTESIAN_POINT('Ctrl Pts',(1.01778810567666,-0.587620236790418,
0.483333333333336));
#11807=CARTESIAN_POINT('Ctrl Pts',(0.678525403784439,-1.17524047358084,
0.441666666666669));
#11808=CARTESIAN_POINT('Ctrl Pts',(1.43925448419919E-16,-1.17524047358084,
0.400000000000002));
#11809=CARTESIAN_POINT('Ctrl Pts',(-0.678525403784438,-1.17524047358084,
0.358333333333336));
#11810=CARTESIAN_POINT('Ctrl Pts',(-1.01778810567666,-0.587620236790419,
0.316666666666669));
#11811=CARTESIAN_POINT('Ctrl Pts',(-1.35705080756888,-2.49286189165434E-16,
0.275000000000002));
#11812=CARTESIAN_POINT('Ctrl Pts',(-1.01778810567666,0.587620236790417,
0.233333333333336));
#11813=CARTESIAN_POINT('Ctrl Pts',(-0.67852540378444,1.17524047358084,0.191666666666669));
#11814=CARTESIAN_POINT('Ctrl Pts',(0.,1.17524047358084,0.150000000000002));
#11815=CARTESIAN_POINT('Ctrl Pts',(0.678525403784439,1.17524047358084,0.108333333333336));
#11816=CARTESIAN_POINT('Ctrl Pts',(1.01778810567666,0.587620236790418,0.0666666666666689));
#11817=CARTESIAN_POINT('Ctrl Pts',(1.35705080756888,8.30953963884779E-17,
0.0250000000000023));
#11818=CARTESIAN_POINT('Ctrl Pts',(1.01778810567666,-0.587620236790418,
-0.0166666666666644));
#11819=CARTESIAN_POINT('Ctrl Pts',(0.678525403784439,-1.17524047358084,
-0.0583333333333312));
#11820=CARTESIAN_POINT('Ctrl Pts',(1.43925448419919E-16,-1.17524047358084,
-0.0999999999999979));
#11821=CARTESIAN_POINT('Ctrl Pts',(-0.678525403784438,-1.17524047358084,
-0.141666666666664));
#11822=CARTESIAN_POINT('Ctrl Pts',(-1.01778810567666,-0.587620236790419,
-0.183333333333331));
#11823=CARTESIAN_POINT('Ctrl Pts',(-1.35705080756888,-2.49286189165434E-16,
-0.224999999999998));
#11824=CARTESIAN_POINT('Ctrl Pts',(-1.01778810567666,0.587620236790417,
-0.266666666666664));
#11825=CARTESIAN_POINT('Ctrl Pts',(-0.67852540378444,1.17524047358084,-0.308333333333331));
#11826=CARTESIAN_POINT('Ctrl Pts',(0.,1.17524047358084,-0.349999999999998));
#11827=CARTESIAN_POINT('Ctrl Pts',(0.678525403784439,1.17524047358084,-0.391666666666664));
#11828=CARTESIAN_POINT('Ctrl Pts',(1.01778810567666,0.587620236790418,-0.433333333333331));
#11829=CARTESIAN_POINT('Ctrl Pts',(1.27714946400341,0.138393186648414,-0.46518688871487));
#11830=CARTESIAN_POINT('Ctrl Pts',(1.12003577969773,-0.355963513494583,
-0.500240473580836));
#11831=CARTESIAN_POINT('Ctrl Pts',(0.,1.17524047358084,1.15));
#11832=CARTESIAN_POINT('Ctrl Pts',(0.678525403784438,1.17524047358084,1.10833333333334));
#11833=CARTESIAN_POINT('Ctrl Pts',(1.01778810567666,0.587620236790418,1.06666666666667));
#11834=CARTESIAN_POINT('Ctrl Pts',(1.35705080756888,8.30953963884778E-17,
1.025));
#11835=CARTESIAN_POINT('Ctrl Pts',(1.01778810567666,-0.587620236790417,
0.983333333333335));
#11836=CARTESIAN_POINT('Ctrl Pts',(0.678525403784439,-1.17524047358084,
0.941666666666668));
#11837=CARTESIAN_POINT('Ctrl Pts',(1.43925448419919E-16,-1.17524047358084,
0.900000000000002));
#11838=CARTESIAN_POINT('Ctrl Pts',(-0.678525403784438,-1.17524047358084,
0.858333333333335));
#11839=CARTESIAN_POINT('Ctrl Pts',(-1.01778810567666,-0.587620236790418,
0.816666666666668));
#11840=CARTESIAN_POINT('Ctrl Pts',(-1.35705080756888,-2.49286189165433E-16,
0.775000000000002));
#11841=CARTESIAN_POINT('Ctrl Pts',(-1.01778810567666,0.587620236790417,
0.733333333333335));
#11842=CARTESIAN_POINT('Ctrl Pts',(-0.678525403784439,1.17524047358084,
0.691666666666668));
#11843=CARTESIAN_POINT('Ctrl Pts',(0.,1.17524047358084,0.650000000000002));
#11844=CARTESIAN_POINT('Ctrl Pts',(0.678525403784438,1.17524047358084,0.608333333333335));
#11845=CARTESIAN_POINT('Ctrl Pts',(1.01778810567666,0.587620236790418,0.566666666666668));
#11846=CARTESIAN_POINT('Ctrl Pts',(1.35705080756888,8.30953963884778E-17,
0.525000000000002));
#11847=CARTESIAN_POINT('Ctrl Pts',(1.01778810567666,-0.587620236790417,
0.483333333333335));
#11848=CARTESIAN_POINT('Ctrl Pts',(0.678525403784439,-1.17524047358084,
0.441666666666668));
#11849=CARTESIAN_POINT('Ctrl Pts',(1.43925448419919E-16,-1.17524047358084,
0.400000000000002));
#11850=CARTESIAN_POINT('Ctrl Pts',(-0.678525403784438,-1.17524047358084,
0.358333333333335));
#11851=CARTESIAN_POINT('Ctrl Pts',(-1.01778810567666,-0.587620236790418,
0.316666666666668));
#11852=CARTESIAN_POINT('Ctrl Pts',(-1.35705080756888,-2.49286189165433E-16,
0.275000000000002));
#11853=CARTESIAN_POINT('Ctrl Pts',(-1.01778810567666,0.587620236790417,
0.233333333333335));
#11854=CARTESIAN_POINT('Ctrl Pts',(-0.678525403784439,1.17524047358084,
0.191666666666668));
#11855=CARTESIAN_POINT('Ctrl Pts',(0.,1.17524047358084,0.150000000000002));
#11856=CARTESIAN_POINT('Ctrl Pts',(0.678525403784438,1.17524047358084,0.108333333333335));
#11857=CARTESIAN_POINT('Ctrl Pts',(1.01778810567666,0.587620236790418,0.0666666666666684));
#11858=CARTESIAN_POINT('Ctrl Pts',(1.35705080756888,8.30953963884778E-17,
0.0250000000000018));
#11859=CARTESIAN_POINT('Ctrl Pts',(1.01778810567666,-0.587620236790417,
-0.0166666666666648));
#11860=CARTESIAN_POINT('Ctrl Pts',(0.678525403784439,-1.17524047358084,
-0.0583333333333317));
#11861=CARTESIAN_POINT('Ctrl Pts',(1.43925448419919E-16,-1.17524047358084,
-0.0999999999999983));
#11862=CARTESIAN_POINT('Ctrl Pts',(-0.678525403784438,-1.17524047358084,
-0.141666666666665));
#11863=CARTESIAN_POINT('Ctrl Pts',(-1.01778810567666,-0.587620236790418,
-0.183333333333332));
#11864=CARTESIAN_POINT('Ctrl Pts',(-1.35705080756888,-2.49286189165433E-16,
-0.224999999999998));
#11865=CARTESIAN_POINT('Ctrl Pts',(-1.01778810567666,0.587620236790417,
-0.266666666666665));
#11866=CARTESIAN_POINT('Ctrl Pts',(-0.678525403784439,1.17524047358084,
-0.308333333333331));
#11867=CARTESIAN_POINT('Ctrl Pts',(0.,1.17524047358084,-0.349999999999998));
#11868=CARTESIAN_POINT('Ctrl Pts',(0.678525403784438,1.17524047358084,-0.391666666666665));
#11869=CARTESIAN_POINT('Ctrl Pts',(1.01778810567666,0.587620236790418,-0.433333333333332));
#11870=CARTESIAN_POINT('Ctrl Pts',(1.35705080756888,8.30953963884778E-17,
-0.474999999999998));
#11871=CARTESIAN_POINT('Ctrl Pts',(1.01778810567666,-0.587620236790417,
-0.516666666666665));
#11872=CARTESIAN_POINT('Ctrl Pts',(0.678525403784439,-1.17524047358084,
-0.558333333333332));
#11873=CARTESIAN_POINT('Ctrl Pts',(1.43925448419919E-16,-1.17524047358084,
-0.599999999999998));
#11874=CARTESIAN_POINT('Ctrl Pts',(-0.678525403784438,-1.17524047358084,
-0.641666666666665));
#11875=CARTESIAN_POINT('Ctrl Pts',(-1.01778810567666,-0.587620236790418,
-0.683333333333332));
#11876=CARTESIAN_POINT('Ctrl Pts',(-1.35705080756888,-2.49286189165433E-16,
-0.724999999999998));
#11877=CARTESIAN_POINT('Ctrl Pts',(-1.01778810567666,0.587620236790417,
-0.766666666666665));
#11878=CARTESIAN_POINT('Ctrl Pts',(-0.678525403784439,1.17524047358084,
-0.808333333333331));
#11879=CARTESIAN_POINT('Ctrl Pts',(0.,1.17524047358084,-0.849999999999998));
#11880=CARTESIAN_POINT('Ctrl Pts',(0.678525403784438,1.17524047358084,-0.891666666666665));
#11881=CARTESIAN_POINT('Ctrl Pts',(1.01778810567666,0.587620236790418,-0.933333333333332));
#11882=CARTESIAN_POINT('Ctrl Pts',(1.35705080756888,8.30953963884778E-17,
-0.974999999999998));
#11883=CARTESIAN_POINT('Ctrl Pts',(1.01778810567666,-0.587620236790417,
-1.01666666666666));
#11884=CARTESIAN_POINT('Ctrl Pts',(0.678525403784439,-1.17524047358084,
-1.05833333333333));
#11885=CARTESIAN_POINT('Ctrl Pts',(1.43925448419919E-16,-1.17524047358084,
-1.1));
#11886=CARTESIAN_POINT('Ctrl Pts',(-0.381844139789712,-1.17524047358084,
-1.12344816038206));
#11887=CARTESIAN_POINT('Ctrl Pts',(-0.69076759509381,-0.950805080082569,
-1.15037550457275));
#11888=CARTESIAN_POINT('Ctrl Pts',(-0.831002882115688,-0.848923007728705,
-1.16259912753334));
#11889=CARTESIAN_POINT('Ctrl Pts',(-0.971238169137567,-0.747040935374842,
-1.17482275049392));
#11890=CARTESIAN_POINT('Ctrl Pts',(0.,1.17524047358084,1.0875));
#11891=CARTESIAN_POINT('Ctrl Pts',(0.678525403784438,1.17524047358084,1.04583333333333));
#11892=CARTESIAN_POINT('Ctrl Pts',(1.01778810567666,0.587620236790418,1.00416666666667));
#11893=CARTESIAN_POINT('Ctrl Pts',(1.35705080756888,8.30953963884778E-17,
0.962500000000002));
#11894=CARTESIAN_POINT('Ctrl Pts',(1.01778810567666,-0.587620236790417,
0.920833333333335));
#11895=CARTESIAN_POINT('Ctrl Pts',(0.678525403784439,-1.17524047358084,
0.879166666666668));
#11896=CARTESIAN_POINT('Ctrl Pts',(1.43925448419919E-16,-1.17524047358084,
0.837500000000002));
#11897=CARTESIAN_POINT('Ctrl Pts',(-0.678525403784438,-1.17524047358084,
0.795833333333335));
#11898=CARTESIAN_POINT('Ctrl Pts',(-1.01778810567666,-0.587620236790418,
0.754166666666669));
#11899=CARTESIAN_POINT('Ctrl Pts',(-1.35705080756888,-2.49286189165433E-16,
0.712500000000002));
#11900=CARTESIAN_POINT('Ctrl Pts',(-1.01778810567666,0.587620236790417,
0.670833333333335));
#11901=CARTESIAN_POINT('Ctrl Pts',(-0.678525403784439,1.17524047358084,
0.629166666666668));
#11902=CARTESIAN_POINT('Ctrl Pts',(0.,1.17524047358084,0.587500000000002));
#11903=CARTESIAN_POINT('Ctrl Pts',(0.678525403784438,1.17524047358084,0.545833333333335));
#11904=CARTESIAN_POINT('Ctrl Pts',(1.01778810567666,0.587620236790418,0.504166666666668));
#11905=CARTESIAN_POINT('Ctrl Pts',(1.35705080756888,8.30953963884778E-17,
0.462500000000002));
#11906=CARTESIAN_POINT('Ctrl Pts',(1.01778810567666,-0.587620236790417,
0.420833333333335));
#11907=CARTESIAN_POINT('Ctrl Pts',(0.678525403784439,-1.17524047358084,
0.379166666666668));
#11908=CARTESIAN_POINT('Ctrl Pts',(1.43925448419919E-16,-1.17524047358084,
0.337500000000002));
#11909=CARTESIAN_POINT('Ctrl Pts',(-0.678525403784438,-1.17524047358084,
0.295833333333335));
#11910=CARTESIAN_POINT('Ctrl Pts',(-1.01778810567666,-0.587620236790418,
0.254166666666668));
#11911=CARTESIAN_POINT('Ctrl Pts',(-1.35705080756888,-2.49286189165433E-16,
0.212500000000002));
#11912=CARTESIAN_POINT('Ctrl Pts',(-1.01778810567666,0.587620236790417,
0.170833333333335));
#11913=CARTESIAN_POINT('Ctrl Pts',(-0.678525403784439,1.17524047358084,
0.129166666666668));
#11914=CARTESIAN_POINT('Ctrl Pts',(0.,1.17524047358084,0.0875000000000016));
#11915=CARTESIAN_POINT('Ctrl Pts',(0.678525403784438,1.17524047358084,0.045833333333335));
#11916=CARTESIAN_POINT('Ctrl Pts',(1.01778810567666,0.587620236790418,0.00416666666666838));
#11917=CARTESIAN_POINT('Ctrl Pts',(1.35705080756888,8.30953963884778E-17,
-0.0374999999999983));
#11918=CARTESIAN_POINT('Ctrl Pts',(1.01778810567666,-0.587620236790417,
-0.0791666666666649));
#11919=CARTESIAN_POINT('Ctrl Pts',(0.678525403784439,-1.17524047358084,
-0.120833333333332));
#11920=CARTESIAN_POINT('Ctrl Pts',(1.43925448419919E-16,-1.17524047358084,
-0.162499999999998));
#11921=CARTESIAN_POINT('Ctrl Pts',(-0.678525403784438,-1.17524047358084,
-0.204166666666665));
#11922=CARTESIAN_POINT('Ctrl Pts',(-1.01778810567666,-0.587620236790418,
-0.245833333333332));
#11923=CARTESIAN_POINT('Ctrl Pts',(-1.35705080756888,-2.49286189165433E-16,
-0.287499999999998));
#11924=CARTESIAN_POINT('Ctrl Pts',(-1.01778810567666,0.587620236790417,
-0.329166666666665));
#11925=CARTESIAN_POINT('Ctrl Pts',(-0.678525403784439,1.17524047358084,
-0.370833333333332));
#11926=CARTESIAN_POINT('Ctrl Pts',(0.,1.17524047358084,-0.412499999999998));
#11927=CARTESIAN_POINT('Ctrl Pts',(0.678525403784438,1.17524047358084,-0.454166666666665));
#11928=CARTESIAN_POINT('Ctrl Pts',(1.01778810567666,0.587620236790418,-0.495833333333332));
#11929=CARTESIAN_POINT('Ctrl Pts',(1.35705080756888,8.30953963884778E-17,
-0.537499999999998));
#11930=CARTESIAN_POINT('Ctrl Pts',(1.01778810567666,-0.587620236790417,
-0.579166666666665));
#11931=CARTESIAN_POINT('Ctrl Pts',(0.678525403784439,-1.17524047358084,
-0.620833333333331));
#11932=CARTESIAN_POINT('Ctrl Pts',(1.43925448419919E-16,-1.17524047358084,
-0.662499999999999));
#11933=CARTESIAN_POINT('Ctrl Pts',(-0.678525403784438,-1.17524047358084,
-0.704166666666665));
#11934=CARTESIAN_POINT('Ctrl Pts',(-1.01778810567666,-0.587620236790418,
-0.745833333333332));
#11935=CARTESIAN_POINT('Ctrl Pts',(-1.35705080756888,-2.49286189165433E-16,
-0.787499999999998));
#11936=CARTESIAN_POINT('Ctrl Pts',(-1.01778810567666,0.587620236790417,
-0.829166666666665));
#11937=CARTESIAN_POINT('Ctrl Pts',(-0.678525403784439,1.17524047358084,
-0.870833333333332));
#11938=CARTESIAN_POINT('Ctrl Pts',(0.,1.17524047358084,-0.912499999999998));
#11939=CARTESIAN_POINT('Ctrl Pts',(0.678525403784438,1.17524047358084,-0.954166666666665));
#11940=CARTESIAN_POINT('Ctrl Pts',(1.01778810567666,0.587620236790418,-0.995833333333332));
#11941=CARTESIAN_POINT('Ctrl Pts',(1.35705080756888,8.30953963884778E-17,
-1.0375));
#11942=CARTESIAN_POINT('Ctrl Pts',(1.01778810567666,-0.587620236790417,
-1.07916666666666));
#11943=CARTESIAN_POINT('Ctrl Pts',(0.678525403784439,-1.17524047358084,
-1.12083333333333));
#11944=CARTESIAN_POINT('Ctrl Pts',(1.43925448419919E-16,-1.17524047358084,
-1.1625));
#11945=CARTESIAN_POINT('Ctrl Pts',(-0.381844139789712,-1.17524047358084,
-1.18594816038206));
#11946=CARTESIAN_POINT('Ctrl Pts',(-0.69076759509381,-0.950805080082569,
-1.21287550457275));
#11947=CARTESIAN_POINT('Ctrl Pts',(-0.831002882115688,-0.848923007728705,
-1.22509912753334));
#11948=CARTESIAN_POINT('Ctrl Pts',(-0.971238169137567,-0.747040935374842,
-1.23732275049392));
#11949=CARTESIAN_POINT('Origin',(0.,0.,-0.9));
#11950=CARTESIAN_POINT('Origin',(0.,0.,0.9));
#11951=CARTESIAN_POINT('Origin',(-2.94230092326666E-16,3.17542648054292,
0.9));
#11952=CARTESIAN_POINT('',(-0.06875,3.13573364953613,0.9));
#11953=CARTESIAN_POINT('',(-2.68125,1.62740607127824,0.9));
#11954=CARTESIAN_POINT('Origin',(-2.75,1.58771324027145,0.9));
#11955=CARTESIAN_POINT('',(-2.75,1.50832757825788,0.9));
#11956=CARTESIAN_POINT('',(-2.75,-1.50832757825791,0.9));
#11957=CARTESIAN_POINT('Origin',(-2.75,-1.58771324027149,0.9));
#11958=CARTESIAN_POINT('',(-2.68125,-1.62740607127827,0.9));
#11959=CARTESIAN_POINT('',(-0.0687500000000002,-3.13573364953618,0.9));
#11960=CARTESIAN_POINT('Origin',(-7.05785902215605E-16,-3.17542648054296,
0.9));
#11961=CARTESIAN_POINT('',(0.0687499999999993,-3.13573364953617,0.9));
#11962=CARTESIAN_POINT('',(2.68125,-1.62740607127828,0.9));
#11963=CARTESIAN_POINT('Origin',(2.75,-1.58771324027149,0.9));
#11964=CARTESIAN_POINT('',(2.75,-1.50832757825792,0.9));
#11965=CARTESIAN_POINT('',(2.75,1.50832757825788,0.9));
#11966=CARTESIAN_POINT('Origin',(2.75,1.58771324027145,0.9));
#11967=CARTESIAN_POINT('',(2.68125,1.62740607127824,0.9));
#11968=CARTESIAN_POINT('',(0.0687499999999998,3.13573364953613,0.9));
#11969=CARTESIAN_POINT('Origin',(2.6125,1.50832757825788,0.9));
#11970=CARTESIAN_POINT('Origin',(2.6125,-1.50832757825792,0.9));
#11971=CARTESIAN_POINT('Origin',(-7.18283939271647E-16,-3.01665515651582,
0.9));
#11972=CARTESIAN_POINT('Origin',(-2.6125,-1.50832757825791,0.9));
#11973=CARTESIAN_POINT('Origin',(-2.6125,1.50832757825788,0.9));
#11974=CARTESIAN_POINT('Origin',(-1.89735380184963E-16,3.01665515651577,
0.9));
#11975=CARTESIAN_POINT('',(0.,0.,0.));
#11976=CARTESIAN_POINT('',(-5.28658620241135,0.993878206053332,-1.6));
#11977=CARTESIAN_POINT('',(0.,13.35,-0.300000000000002));
#11978=CARTESIAN_POINT('',(-5.3,13.35,-1.45));
#11979=CARTESIAN_POINT('',(-5.3,13.35,-6.88));
#11980=UNCERTAINTY_MEASURE_WITH_UNIT(LENGTH_MEASURE(0.01),#11994,
'DISTANCE_ACCURACY_VALUE',
'Maximum model space distance between geometric entities at asserted c
onnectivities');
#11981=UNCERTAINTY_MEASURE_WITH_UNIT(LENGTH_MEASURE(0.01),#11994,
'DISTANCE_ACCURACY_VALUE',
'Maximum model space distance between geometric entities at asserted c
onnectivities');
#11982=UNCERTAINTY_MEASURE_WITH_UNIT(LENGTH_MEASURE(0.01),#11994,
'DISTANCE_ACCURACY_VALUE',
'Maximum model space distance between geometric entities at asserted c
onnectivities');
#11983=UNCERTAINTY_MEASURE_WITH_UNIT(LENGTH_MEASURE(0.01),#11994,
'DISTANCE_ACCURACY_VALUE',
'Maximum model space distance between geometric entities at asserted c
onnectivities');
#11984=UNCERTAINTY_MEASURE_WITH_UNIT(LENGTH_MEASURE(0.01),#11994,
'DISTANCE_ACCURACY_VALUE',
'Maximum model space distance between geometric entities at asserted c
onnectivities');
#11985=UNCERTAINTY_MEASURE_WITH_UNIT(LENGTH_MEASURE(0.01),#11994,
'DISTANCE_ACCURACY_VALUE',
'Maximum model space distance between geometric entities at asserted c
onnectivities');
#11986=UNCERTAINTY_MEASURE_WITH_UNIT(LENGTH_MEASURE(0.01),#11994,
'DISTANCE_ACCURACY_VALUE',
'Maximum model space distance between geometric entities at asserted c
onnectivities');
#11987=(
GEOMETRIC_REPRESENTATION_CONTEXT(3)
GLOBAL_UNCERTAINTY_ASSIGNED_CONTEXT((#11980))
GLOBAL_UNIT_ASSIGNED_CONTEXT((#11994,#11996,#11997))
REPRESENTATION_CONTEXT('','3D')
);
#11988=(
GEOMETRIC_REPRESENTATION_CONTEXT(3)
GLOBAL_UNCERTAINTY_ASSIGNED_CONTEXT((#11981))
GLOBAL_UNIT_ASSIGNED_CONTEXT((#11994,#11996,#11997))
REPRESENTATION_CONTEXT('','3D')
);
#11989=(
GEOMETRIC_REPRESENTATION_CONTEXT(3)
GLOBAL_UNCERTAINTY_ASSIGNED_CONTEXT((#11982))
GLOBAL_UNIT_ASSIGNED_CONTEXT((#11994,#11996,#11997))
REPRESENTATION_CONTEXT('','3D')
);
#11990=(
GEOMETRIC_REPRESENTATION_CONTEXT(3)
GLOBAL_UNCERTAINTY_ASSIGNED_CONTEXT((#11983))
GLOBAL_UNIT_ASSIGNED_CONTEXT((#11994,#11996,#11997))
REPRESENTATION_CONTEXT('','3D')
);
#11991=(
GEOMETRIC_REPRESENTATION_CONTEXT(3)
GLOBAL_UNCERTAINTY_ASSIGNED_CONTEXT((#11984))
GLOBAL_UNIT_ASSIGNED_CONTEXT((#11994,#11996,#11997))
REPRESENTATION_CONTEXT('','3D')
);
#11992=(
GEOMETRIC_REPRESENTATION_CONTEXT(3)
GLOBAL_UNCERTAINTY_ASSIGNED_CONTEXT((#11985))
GLOBAL_UNIT_ASSIGNED_CONTEXT((#11994,#11996,#11997))
REPRESENTATION_CONTEXT('','3D')
);
#11993=(
GEOMETRIC_REPRESENTATION_CONTEXT(3)
GLOBAL_UNCERTAINTY_ASSIGNED_CONTEXT((#11986))
GLOBAL_UNIT_ASSIGNED_CONTEXT((#11994,#11996,#11997))
REPRESENTATION_CONTEXT('','3D')
);
#11994=(
LENGTH_UNIT()
NAMED_UNIT(*)
SI_UNIT(.MILLI.,.METRE.)
);
#11995=(
LENGTH_UNIT()
NAMED_UNIT(*)
SI_UNIT($,.METRE.)
);
#11996=(
NAMED_UNIT(*)
PLANE_ANGLE_UNIT()
SI_UNIT($,.RADIAN.)
);
#11997=(
NAMED_UNIT(*)
SI_UNIT($,.STERADIAN.)
SOLID_ANGLE_UNIT()
);
#11998=SHAPE_DEFINITION_REPRESENTATION(#12004,#12015);
#11999=SHAPE_DEFINITION_REPRESENTATION(#12005,#12016);
#12000=SHAPE_DEFINITION_REPRESENTATION(#12006,#12017);
#12001=SHAPE_DEFINITION_REPRESENTATION(#12007,#12018);
#12002=SHAPE_DEFINITION_REPRESENTATION(#12008,#12019);
#12003=SHAPE_DEFINITION_REPRESENTATION(#12009,#12020);
#12004=PRODUCT_DEFINITION_SHAPE('',$,#12022);
#12005=PRODUCT_DEFINITION_SHAPE('',$,#12023);
#12006=PRODUCT_DEFINITION_SHAPE('',$,#12024);
#12007=PRODUCT_DEFINITION_SHAPE('',$,#12025);
#12008=PRODUCT_DEFINITION_SHAPE('',$,#12026);
#12009=PRODUCT_DEFINITION_SHAPE('',$,#12027);
#12010=PRODUCT_DEFINITION_SHAPE($,$,#26);
#12011=PRODUCT_DEFINITION_SHAPE($,$,#27);
#12012=PRODUCT_DEFINITION_SHAPE($,$,#28);
#12013=PRODUCT_DEFINITION_SHAPE($,$,#29);
#12014=PRODUCT_DEFINITION_SHAPE($,$,#30);
#12015=SHAPE_REPRESENTATION('',(#5133,#5497,#5498,#5499,#5500,#5501),#11987);
#12016=SHAPE_REPRESENTATION('',(#5134),#11988);
#12017=SHAPE_REPRESENTATION('',(#5168),#11989);
#12018=SHAPE_REPRESENTATION('',(#5328),#11990);
#12019=SHAPE_REPRESENTATION('',(#5380),#11991);
#12020=SHAPE_REPRESENTATION('',(#5465),#11992);
#12021=PRODUCT_DEFINITION_CONTEXT('part definition',#12041,'design');
#12022=PRODUCT_DEFINITION('LM7805 with Heatsink',
'LM7805 with Heatsink v3',#12028,#12021);
#12023=PRODUCT_DEFINITION('Heatsink','Heatsink',#12029,#12021);
#12024=PRODUCT_DEFINITION('TO-220-3','TO-220-3',#12030,#12021);
#12025=PRODUCT_DEFINITION('Screw','Screw',#12031,#12021);
#12026=PRODUCT_DEFINITION('93925A250_Internal Tooth Lock Washers',
'Washer',#12032,#12021);
#12027=PRODUCT_DEFINITION(
'90695A033_Medium-Strength Steel Thin-Profile Hex Nut','Nut',#12033,#12021);
#12028=PRODUCT_DEFINITION_FORMATION('',$,#12043);
#12029=PRODUCT_DEFINITION_FORMATION('',$,#12044);
#12030=PRODUCT_DEFINITION_FORMATION('',$,#12045);
#12031=PRODUCT_DEFINITION_FORMATION('',$,#12046);
#12032=PRODUCT_DEFINITION_FORMATION('',$,#12047);
#12033=PRODUCT_DEFINITION_FORMATION('',$,#12048);
#12034=PRODUCT_RELATED_PRODUCT_CATEGORY('LM7805 with Heatsink v3',
'LM7805 with Heatsink v3',(#12043));
#12035=PRODUCT_RELATED_PRODUCT_CATEGORY('Heatsink','Heatsink',(#12044));
#12036=PRODUCT_RELATED_PRODUCT_CATEGORY('TO-220-3','TO-220-3',(#12045));
#12037=PRODUCT_RELATED_PRODUCT_CATEGORY('Screw','Screw',(#12046));
#12038=PRODUCT_RELATED_PRODUCT_CATEGORY('Washer','Washer',(#12047));
#12039=PRODUCT_RELATED_PRODUCT_CATEGORY('Nut','Nut',(#12048));
#12040=APPLICATION_PROTOCOL_DEFINITION('international standard',
'automotive_design',2009,#12041);
#12041=APPLICATION_CONTEXT(
'Core Data for Automotive Mechanical Design Process');
#12042=PRODUCT_CONTEXT('part definition',#12041,'mechanical');
#12043=PRODUCT('LM7805 with Heatsink','LM7805 with Heatsink v3',$,(#12042));
#12044=PRODUCT('Heatsink','Heatsink',$,(#12042));
#12045=PRODUCT('TO-220-3','TO-220-3',$,(#12042));
#12046=PRODUCT('Screw','Screw',$,(#12042));
#12047=PRODUCT('93925A250_Internal Tooth Lock Washers','Washer',$,(#12042));
#12048=PRODUCT('90695A033_Medium-Strength Steel Thin-Profile Hex Nut',
'Nut',$,(#12042));
#12049=PRESENTATION_STYLE_ASSIGNMENT((#12053));
#12050=PRESENTATION_STYLE_ASSIGNMENT((#12054));
#12051=PRESENTATION_STYLE_ASSIGNMENT((#12055));
#12052=PRESENTATION_STYLE_ASSIGNMENT((#12056));
#12053=SURFACE_STYLE_USAGE(.BOTH.,#12057);
#12054=SURFACE_STYLE_USAGE(.BOTH.,#12058);
#12055=SURFACE_STYLE_USAGE(.BOTH.,#12059);
#12056=SURFACE_STYLE_USAGE(.BOTH.,#12060);
#12057=SURFACE_SIDE_STYLE('',(#12061));
#12058=SURFACE_SIDE_STYLE('',(#12062));
#12059=SURFACE_SIDE_STYLE('',(#12063));
#12060=SURFACE_SIDE_STYLE('',(#12064));
#12061=SURFACE_STYLE_FILL_AREA(#12065);
#12062=SURFACE_STYLE_FILL_AREA(#12066);
#12063=SURFACE_STYLE_FILL_AREA(#12067);
#12064=SURFACE_STYLE_FILL_AREA(#12068);
#12065=FILL_AREA_STYLE('Steel - Satin',(#12069));
#12066=FILL_AREA_STYLE('Aluminum - Satin',(#12070));
#12067=FILL_AREA_STYLE(
'PEKK - Polyetherketoneketone Reinforced With Carbon Fibers - HT-23 (w
ith EOS P 810 3D Printer)',(#12071));
#12068=FILL_AREA_STYLE('Steel - Satin',(#12072));
#12069=FILL_AREA_STYLE_COLOUR('Steel - Satin',#12073);
#12070=FILL_AREA_STYLE_COLOUR('Aluminum - Satin',#12074);
#12071=FILL_AREA_STYLE_COLOUR(
'PEKK - Polyetherketoneketone Reinforced With Carbon Fibers - HT-23 (w
ith EOS P 810 3D Printer)',#12075);
#12072=FILL_AREA_STYLE_COLOUR('Steel - Satin',#12076);
#12073=COLOUR_RGB('Steel - Satin',0.627450980392157,0.627450980392157,0.627450980392157);
#12074=COLOUR_RGB('Aluminum - Satin',0.96078431372549,0.96078431372549,
0.964705882352941);
#12075=COLOUR_RGB(
'PEKK - Polyetherketoneketone Reinforced With Carbon Fibers - HT-23 (w
ith EOS P 810 3D Printer)',0.352941176470588,0.352941176470588,0.352941176470588);
#12076=COLOUR_RGB('Steel - Satin',0.627450980392157,0.627450980392157,0.627450980392157);
ENDSEC;
END-ISO-10303-21;
