ISO-10303-21;
HEADER;
/* Generated by software containing ST-Developer
 * from STEP Tools, Inc. (www.steptools.com) 
 */

FILE_DESCRIPTION(
/* description */ (''),
/* implementation_level */ '2;1');

FILE_NAME(
/* name */ 'MICROSWITCH_OPEN_FRAME_SPRING_LEVER.step',
/* time_stamp */ '2026-08-30T14:30:52+02:00',
/* author */ (''),
/* organization */ (''),
/* preprocessor_version */ 'ST-DEVELOPER v20.1',
/* originating_system */ 'Autodesk Translation Framework v15.8.0.0',
/* authorisation */ '');

FILE_SCHEMA (('AUTOMOTIVE_DESIGN { 1 0 10303 214 3 1 1 }'));
ENDSEC;

DATA;
#10=MECHANICAL_DESIGN_GEOMETRIC_PRESENTATION_REPRESENTATION('',(#67,#68,
#69,#70),#6325);
#11=ITEM_DEFINED_TRANSFORMATION($,$,#2306,#2505);
#12=ITEM_DEFINED_TRANSFORMATION($,$,#2316,#2506);
#13=ITEM_DEFINED_TRANSFORMATION($,$,#2340,#2507);
#14=ITEM_DEFINED_TRANSFORMATION($,$,#2458,#2508);
#15=(
REPRESENTATION_RELATIONSHIP($,$,#6345,#6344)
REPRESENTATION_RELATIONSHIP_WITH_TRANSFORMATION(#11)
SHAPE_REPRESENTATION_RELATIONSHIP()
);
#16=(
REPRESENTATION_RELATIONSHIP($,$,#6346,#6344)
REPRESENTATION_RELATIONSHIP_WITH_TRANSFORMATION(#12)
SHAPE_REPRESENTATION_RELATIONSHIP()
);
#17=(
REPRESENTATION_RELATIONSHIP($,$,#6347,#6344)
REPRESENTATION_RELATIONSHIP_WITH_TRANSFORMATION(#13)
SHAPE_REPRESENTATION_RELATIONSHIP()
);
#18=(
REPRESENTATION_RELATIONSHIP($,$,#6348,#6344)
REPRESENTATION_RELATIONSHIP_WITH_TRANSFORMATION(#14)
SHAPE_REPRESENTATION_RELATIONSHIP()
);
#19=CONTEXT_DEPENDENT_SHAPE_REPRESENTATION(#15,#6340);
#20=CONTEXT_DEPENDENT_SHAPE_REPRESENTATION(#16,#6341);
#21=CONTEXT_DEPENDENT_SHAPE_REPRESENTATION(#17,#6342);
#22=CONTEXT_DEPENDENT_SHAPE_REPRESENTATION(#18,#6343);
#23=NEXT_ASSEMBLY_USAGE_OCCURRENCE('Connection Pin:1',
'Connection Pin:1','Connection Pin:1',#6350,#6351,'Connection Pin:1');
#24=NEXT_ASSEMBLY_USAGE_OCCURRENCE('Feather:1','Feather:1','Feather:1',
#6350,#6352,'Feather:1');
#25=NEXT_ASSEMBLY_USAGE_OCCURRENCE('Body:1','Body:1','Body:1',#6350,#6353,
'Body:1');
#26=NEXT_ASSEMBLY_USAGE_OCCURRENCE('Spring:1','Spring:1','Spring:1',#6350,
#6354,'Spring:1');
#27=B_SPLINE_SURFACE_WITH_KNOTS('',3,3,((#4162,#4163,#4164,#4165,#4166,
#4167,#4168,#4169,#4170,#4171,#4172,#4173,#4174,#4175,#4176,#4177,#4178,
#4179,#4180,#4181,#4182,#4183,#4184,#4185,#4186,#4187,#4188,#4189,#4190,
#4191,#4192,#4193,#4194,#4195,#4196,#4197,#4198,#4199,#4200,#4201,#4202,
#4203,#4204,#4205,#4206,#4207,#4208,#4209,#4210,#4211,#4212,#4213,#4214,
#4215,#4216,#4217,#4218,#4219,#4220,#4221,#4222,#4223,#4224,#4225,#4226,
#4227,#4228,#4229,#4230,#4231,#4232,#4233,#4234,#4235,#4236,#4237,#4238,
#4239,#4240,#4241,#4242,#4243,#4244,#4245,#4246,#4247,#4248,#4249,#4250,
#4251,#4252,#4253,#4254,#4255,#4256,#4257,#4258,#4259,#4260,#4261,#4262,
#4263,#4264,#4265,#4266,#4267,#4268,#4269,#4270,#4271,#4272,#4273,#4274,
#4275,#4276,#4277,#4278,#4279,#4280,#4281,#4282,#4283,#4284,#4285,#4286,
#4287,#4288,#4289,#4290,#4291,#4292,#4293,#4294,#4295,#4296,#4297,#4298,
#4299,#4300,#4301,#4302,#4303,#4304,#4305,#4306,#4307,#4308,#4309,#4310,
#4311,#4312,#4313,#4314,#4315,#4316,#4317,#4318,#4319,#4320,#4321,#4322,
#4323,#4324,#4325,#4326,#4327,#4328,#4329,#4330,#4331,#4332,#4333,#4334,
#4335,#4336,#4337,#4338,#4339,#4340),(#4341,#4342,#4343,#4344,#4345,#4346,
#4347,#4348,#4349,#4350,#4351,#4352,#4353,#4354,#4355,#4356,#4357,#4358,
#4359,#4360,#4361,#4362,#4363,#4364,#4365,#4366,#4367,#4368,#4369,#4370,
#4371,#4372,#4373,#4374,#4375,#4376,#4377,#4378,#4379,#4380,#4381,#4382,
#4383,#4384,#4385,#4386,#4387,#4388,#4389,#4390,#4391,#4392,#4393,#4394,
#4395,#4396,#4397,#4398,#4399,#4400,#4401,#4402,#4403,#4404,#4405,#4406,
#4407,#4408,#4409,#4410,#4411,#4412,#4413,#4414,#4415,#4416,#4417,#4418,
#4419,#4420,#4421,#4422,#4423,#4424,#4425,#4426,#4427,#4428,#4429,#4430,
#4431,#4432,#4433,#4434,#4435,#4436,#4437,#4438,#4439,#4440,#4441,#4442,
#4443,#4444,#4445,#4446,#4447,#4448,#4449,#4450,#4451,#4452,#4453,#4454,
#4455,#4456,#4457,#4458,#4459,#4460,#4461,#4462,#4463,#4464,#4465,#4466,
#4467,#4468,#4469,#4470,#4471,#4472,#4473,#4474,#4475,#4476,#4477,#4478,
#4479,#4480,#4481,#4482,#4483,#4484,#4485,#4486,#4487,#4488,#4489,#4490,
#4491,#4492,#4493,#4494,#4495,#4496,#4497,#4498,#4499,#4500,#4501,#4502,
#4503,#4504,#4505,#4506,#4507,#4508,#4509,#4510,#4511,#4512,#4513,#4514,
#4515,#4516,#4517,#4518,#4519),(#4520,#4521,#4522,#4523,#4524,#4525,#4526,
#4527,#4528,#4529,#4530,#4531,#4532,#4533,#4534,#4535,#4536,#4537,#4538,
#4539,#4540,#4541,#4542,#4543,#4544,#4545,#4546,#4547,#4548,#4549,#4550,
#4551,#4552,#4553,#4554,#4555,#4556,#4557,#4558,#4559,#4560,#4561,#4562,
#4563,#4564,#4565,#4566,#4567,#4568,#4569,#4570,#4571,#4572,#4573,#4574,
#4575,#4576,#4577,#4578,#4579,#4580,#4581,#4582,#4583,#4584,#4585,#4586,
#4587,#4588,#4589,#4590,#4591,#4592,#4593,#4594,#4595,#4596,#4597,#4598,
#4599,#4600,#4601,#4602,#4603,#4604,#4605,#4606,#4607,#4608,#4609,#4610,
#4611,#4612,#4613,#4614,#4615,#4616,#4617,#4618,#4619,#4620,#4621,#4622,
#4623,#4624,#4625,#4626,#4627,#4628,#4629,#4630,#4631,#4632,#4633,#4634,
#4635,#4636,#4637,#4638,#4639,#4640,#4641,#4642,#4643,#4644,#4645,#4646,
#4647,#4648,#4649,#4650,#4651,#4652,#4653,#4654,#4655,#4656,#4657,#4658,
#4659,#4660,#4661,#4662,#4663,#4664,#4665,#4666,#4667,#4668,#4669,#4670,
#4671,#4672,#4673,#4674,#4675,#4676,#4677,#4678,#4679,#4680,#4681,#4682,
#4683,#4684,#4685,#4686,#4687,#4688,#4689,#4690,#4691,#4692,#4693,#4694,
#4695,#4696,#4697,#4698),(#4699,#4700,#4701,#4702,#4703,#4704,#4705,#4706,
#4707,#4708,#4709,#4710,#4711,#4712,#4713,#4714,#4715,#4716,#4717,#4718,
#4719,#4720,#4721,#4722,#4723,#4724,#4725,#4726,#4727,#4728,#4729,#4730,
#4731,#4732,#4733,#4734,#4735,#4736,#4737,#4738,#4739,#4740,#4741,#4742,
#4743,#4744,#4745,#4746,#4747,#4748,#4749,#4750,#4751,#4752,#4753,#4754,
#4755,#4756,#4757,#4758,#4759,#4760,#4761,#4762,#4763,#4764,#4765,#4766,
#4767,#4768,#4769,#4770,#4771,#4772,#4773,#4774,#4775,#4776,#4777,#4778,
#4779,#4780,#4781,#4782,#4783,#4784,#4785,#4786,#4787,#4788,#4789,#4790,
#4791,#4792,#4793,#4794,#4795,#4796,#4797,#4798,#4799,#4800,#4801,#4802,
#4803,#4804,#4805,#4806,#4807,#4808,#4809,#4810,#4811,#4812,#4813,#4814,
#4815,#4816,#4817,#4818,#4819,#4820,#4821,#4822,#4823,#4824,#4825,#4826,
#4827,#4828,#4829,#4830,#4831,#4832,#4833,#4834,#4835,#4836,#4837,#4838,
#4839,#4840,#4841,#4842,#4843,#4844,#4845,#4846,#4847,#4848,#4849,#4850,
#4851,#4852,#4853,#4854,#4855,#4856,#4857,#4858,#4859,#4860,#4861,#4862,
#4863,#4864,#4865,#4866,#4867,#4868,#4869,#4870,#4871,#4872,#4873,#4874,
#4875,#4876,#4877),(#4878,#4879,#4880,#4881,#4882,#4883,#4884,#4885,#4886,
#4887,#4888,#4889,#4890,#4891,#4892,#4893,#4894,#4895,#4896,#4897,#4898,
#4899,#4900,#4901,#4902,#4903,#4904,#4905,#4906,#4907,#4908,#4909,#4910,
#4911,#4912,#4913,#4914,#4915,#4916,#4917,#4918,#4919,#4920,#4921,#4922,
#4923,#4924,#4925,#4926,#4927,#4928,#4929,#4930,#4931,#4932,#4933,#4934,
#4935,#4936,#4937,#4938,#4939,#4940,#4941,#4942,#4943,#4944,#4945,#4946,
#4947,#4948,#4949,#4950,#4951,#4952,#4953,#4954,#4955,#4956,#4957,#4958,
#4959,#4960,#4961,#4962,#4963,#4964,#4965,#4966,#4967,#4968,#4969,#4970,
#4971,#4972,#4973,#4974,#4975,#4976,#4977,#4978,#4979,#4980,#4981,#4982,
#4983,#4984,#4985,#4986,#4987,#4988,#4989,#4990,#4991,#4992,#4993,#4994,
#4995,#4996,#4997,#4998,#4999,#5000,#5001,#5002,#5003,#5004,#5005,#5006,
#5007,#5008,#5009,#5010,#5011,#5012,#5013,#5014,#5015,#5016,#5017,#5018,
#5019,#5020,#5021,#5022,#5023,#5024,#5025,#5026,#5027,#5028,#5029,#5030,
#5031,#5032,#5033,#5034,#5035,#5036,#5037,#5038,#5039,#5040,#5041,#5042,
#5043,#5044,#5045,#5046,#5047,#5048,#5049,#5050,#5051,#5052,#5053,#5054,
#5055,#5056),(#5057,#5058,#5059,#5060,#5061,#5062,#5063,#5064,#5065,#5066,
#5067,#5068,#5069,#5070,#5071,#5072,#5073,#5074,#5075,#5076,#5077,#5078,
#5079,#5080,#5081,#5082,#5083,#5084,#5085,#5086,#5087,#5088,#5089,#5090,
#5091,#5092,#5093,#5094,#5095,#5096,#5097,#5098,#5099,#5100,#5101,#5102,
#5103,#5104,#5105,#5106,#5107,#5108,#5109,#5110,#5111,#5112,#5113,#5114,
#5115,#5116,#5117,#5118,#5119,#5120,#5121,#5122,#5123,#5124,#5125,#5126,
#5127,#5128,#5129,#5130,#5131,#5132,#5133,#5134,#5135,#5136,#5137,#5138,
#5139,#5140,#5141,#5142,#5143,#5144,#5145,#5146,#5147,#5148,#5149,#5150,
#5151,#5152,#5153,#5154,#5155,#5156,#5157,#5158,#5159,#5160,#5161,#5162,
#5163,#5164,#5165,#5166,#5167,#5168,#5169,#5170,#5171,#5172,#5173,#5174,
#5175,#5176,#5177,#5178,#5179,#5180,#5181,#5182,#5183,#5184,#5185,#5186,
#5187,#5188,#5189,#5190,#5191,#5192,#5193,#5194,#5195,#5196,#5197,#5198,
#5199,#5200,#5201,#5202,#5203,#5204,#5205,#5206,#5207,#5208,#5209,#5210,
#5211,#5212,#5213,#5214,#5215,#5216,#5217,#5218,#5219,#5220,#5221,#5222,
#5223,#5224,#5225,#5226,#5227,#5228,#5229,#5230,#5231,#5232,#5233,#5234,
#5235),(#5236,#5237,#5238,#5239,#5240,#5241,#5242,#5243,#5244,#5245,#5246,
#5247,#5248,#5249,#5250,#5251,#5252,#5253,#5254,#5255,#5256,#5257,#5258,
#5259,#5260,#5261,#5262,#5263,#5264,#5265,#5266,#5267,#5268,#5269,#5270,
#5271,#5272,#5273,#5274,#5275,#5276,#5277,#5278,#5279,#5280,#5281,#5282,
#5283,#5284,#5285,#5286,#5287,#5288,#5289,#5290,#5291,#5292,#5293,#5294,
#5295,#5296,#5297,#5298,#5299,#5300,#5301,#5302,#5303,#5304,#5305,#5306,
#5307,#5308,#5309,#5310,#5311,#5312,#5313,#5314,#5315,#5316,#5317,#5318,
#5319,#5320,#5321,#5322,#5323,#5324,#5325,#5326,#5327,#5328,#5329,#5330,
#5331,#5332,#5333,#5334,#5335,#5336,#5337,#5338,#5339,#5340,#5341,#5342,
#5343,#5344,#5345,#5346,#5347,#5348,#5349,#5350,#5351,#5352,#5353,#5354,
#5355,#5356,#5357,#5358,#5359,#5360,#5361,#5362,#5363,#5364,#5365,#5366,
#5367,#5368,#5369,#5370,#5371,#5372,#5373,#5374,#5375,#5376,#5377,#5378,
#5379,#5380,#5381,#5382,#5383,#5384,#5385,#5386,#5387,#5388,#5389,#5390,
#5391,#5392,#5393,#5394,#5395,#5396,#5397,#5398,#5399,#5400,#5401,#5402,
#5403,#5404,#5405,#5406,#5407,#5408,#5409,#5410,#5411,#5412,#5413,#5414),
(#5415,#5416,#5417,#5418,#5419,#5420,#5421,#5422,#5423,#5424,#5425,#5426,
#5427,#5428,#5429,#5430,#5431,#5432,#5433,#5434,#5435,#5436,#5437,#5438,
#5439,#5440,#5441,#5442,#5443,#5444,#5445,#5446,#5447,#5448,#5449,#5450,
#5451,#5452,#5453,#5454,#5455,#5456,#5457,#5458,#5459,#5460,#5461,#5462,
#5463,#5464,#5465,#5466,#5467,#5468,#5469,#5470,#5471,#5472,#5473,#5474,
#5475,#5476,#5477,#5478,#5479,#5480,#5481,#5482,#5483,#5484,#5485,#5486,
#5487,#5488,#5489,#5490,#5491,#5492,#5493,#5494,#5495,#5496,#5497,#5498,
#5499,#5500,#5501,#5502,#5503,#5504,#5505,#5506,#5507,#5508,#5509,#5510,
#5511,#5512,#5513,#5514,#5515,#5516,#5517,#5518,#5519,#5520,#5521,#5522,
#5523,#5524,#5525,#5526,#5527,#5528,#5529,#5530,#5531,#5532,#5533,#5534,
#5535,#5536,#5537,#5538,#5539,#5540,#5541,#5542,#5543,#5544,#5545,#5546,
#5547,#5548,#5549,#5550,#5551,#5552,#5553,#5554,#5555,#5556,#5557,#5558,
#5559,#5560,#5561,#5562,#5563,#5564,#5565,#5566,#5567,#5568,#5569,#5570,
#5571,#5572,#5573,#5574,#5575,#5576,#5577,#5578,#5579,#5580,#5581,#5582,
#5583,#5584,#5585,#5586,#5587,#5588,#5589,#5590,#5591,#5592,#5593),(#5594,
#5595,#5596,#5597,#5598,#5599,#5600,#5601,#5602,#5603,#5604,#5605,#5606,
#5607,#5608,#5609,#5610,#5611,#5612,#5613,#5614,#5615,#5616,#5617,#5618,
#5619,#5620,#5621,#5622,#5623,#5624,#5625,#5626,#5627,#5628,#5629,#5630,
#5631,#5632,#5633,#5634,#5635,#5636,#5637,#5638,#5639,#5640,#5641,#5642,
#5643,#5644,#5645,#5646,#5647,#5648,#5649,#5650,#5651,#5652,#5653,#5654,
#5655,#5656,#5657,#5658,#5659,#5660,#5661,#5662,#5663,#5664,#5665,#5666,
#5667,#5668,#5669,#5670,#5671,#5672,#5673,#5674,#5675,#5676,#5677,#5678,
#5679,#5680,#5681,#5682,#5683,#5684,#5685,#5686,#5687,#5688,#5689,#5690,
#5691,#5692,#5693,#5694,#5695,#5696,#5697,#5698,#5699,#5700,#5701,#5702,
#5703,#5704,#5705,#5706,#5707,#5708,#5709,#5710,#5711,#5712,#5713,#5714,
#5715,#5716,#5717,#5718,#5719,#5720,#5721,#5722,#5723,#5724,#5725,#5726,
#5727,#5728,#5729,#5730,#5731,#5732,#5733,#5734,#5735,#5736,#5737,#5738,
#5739,#5740,#5741,#5742,#5743,#5744,#5745,#5746,#5747,#5748,#5749,#5750,
#5751,#5752,#5753,#5754,#5755,#5756,#5757,#5758,#5759,#5760,#5761,#5762,
#5763,#5764,#5765,#5766,#5767,#5768,#5769,#5770,#5771,#5772),(#5773,#5774,
#5775,#5776,#5777,#5778,#5779,#5780,#5781,#5782,#5783,#5784,#5785,#5786,
#5787,#5788,#5789,#5790,#5791,#5792,#5793,#5794,#5795,#5796,#5797,#5798,
#5799,#5800,#5801,#5802,#5803,#5804,#5805,#5806,#5807,#5808,#5809,#5810,
#5811,#5812,#5813,#5814,#5815,#5816,#5817,#5818,#5819,#5820,#5821,#5822,
#5823,#5824,#5825,#5826,#5827,#5828,#5829,#5830,#5831,#5832,#5833,#5834,
#5835,#5836,#5837,#5838,#5839,#5840,#5841,#5842,#5843,#5844,#5845,#5846,
#5847,#5848,#5849,#5850,#5851,#5852,#5853,#5854,#5855,#5856,#5857,#5858,
#5859,#5860,#5861,#5862,#5863,#5864,#5865,#5866,#5867,#5868,#5869,#5870,
#5871,#5872,#5873,#5874,#5875,#5876,#5877,#5878,#5879,#5880,#5881,#5882,
#5883,#5884,#5885,#5886,#5887,#5888,#5889,#5890,#5891,#5892,#5893,#5894,
#5895,#5896,#5897,#5898,#5899,#5900,#5901,#5902,#5903,#5904,#5905,#5906,
#5907,#5908,#5909,#5910,#5911,#5912,#5913,#5914,#5915,#5916,#5917,#5918,
#5919,#5920,#5921,#5922,#5923,#5924,#5925,#5926,#5927,#5928,#5929,#5930,
#5931,#5932,#5933,#5934,#5935,#5936,#5937,#5938,#5939,#5940,#5941,#5942,
#5943,#5944,#5945,#5946,#5947,#5948,#5949,#5950,#5951),(#5952,#5953,#5954,
#5955,#5956,#5957,#5958,#5959,#5960,#5961,#5962,#5963,#5964,#5965,#5966,
#5967,#5968,#5969,#5970,#5971,#5972,#5973,#5974,#5975,#5976,#5977,#5978,
#5979,#5980,#5981,#5982,#5983,#5984,#5985,#5986,#5987,#5988,#5989,#5990,
#5991,#5992,#5993,#5994,#5995,#5996,#5997,#5998,#5999,#6000,#6001,#6002,
#6003,#6004,#6005,#6006,#6007,#6008,#6009,#6010,#6011,#6012,#6013,#6014,
#6015,#6016,#6017,#6018,#6019,#6020,#6021,#6022,#6023,#6024,#6025,#6026,
#6027,#6028,#6029,#6030,#6031,#6032,#6033,#6034,#6035,#6036,#6037,#6038,
#6039,#6040,#6041,#6042,#6043,#6044,#6045,#6046,#6047,#6048,#6049,#6050,
#6051,#6052,#6053,#6054,#6055,#6056,#6057,#6058,#6059,#6060,#6061,#6062,
#6063,#6064,#6065,#6066,#6067,#6068,#6069,#6070,#6071,#6072,#6073,#6074,
#6075,#6076,#6077,#6078,#6079,#6080,#6081,#6082,#6083,#6084,#6085,#6086,
#6087,#6088,#6089,#6090,#6091,#6092,#6093,#6094,#6095,#6096,#6097,#6098,
#6099,#6100,#6101,#6102,#6103,#6104,#6105,#6106,#6107,#6108,#6109,#6110,
#6111,#6112,#6113,#6114,#6115,#6116,#6117,#6118,#6119,#6120,#6121,#6122,
#6123,#6124,#6125,#6126,#6127,#6128,#6129,#6130)),.UNSPECIFIED.,.T.,.F.,
 .F.,(4,1,1,1,1,1,1,1,4),(4,1,1,1,1,1,1,1,1,1,1,1,1,1,1,1,1,1,1,1,1,1,1,
1,1,1,1,1,1,1,1,1,1,1,1,1,1,1,1,1,1,1,1,1,1,1,1,1,1,1,1,1,1,1,1,1,1,1,1,
1,1,1,1,1,1,1,1,1,1,1,1,1,1,1,1,1,1,1,1,1,1,1,1,1,1,1,1,1,1,1,1,1,1,1,1,
1,1,1,1,1,1,1,1,1,1,1,1,1,1,1,1,1,1,1,1,1,1,1,1,1,1,1,1,1,1,1,1,1,1,1,1,
1,1,1,1,1,1,1,1,1,1,1,1,1,1,1,1,1,1,1,1,1,1,1,1,1,1,1,1,1,1,1,1,1,1,1,1,
1,1,1,1,1,1,1,1,1,4),(-3.14159265358979,-2.46839422782055,-2.24399475256414,
-1.34639685153848,-0.448798950512828,0.448798950512828,1.34639685153848,
2.24399475256414,3.14159265358979),(-0.0666802114511066,0.933016779641033,
1.93271377073317,2.93241076182531,3.93210775291745,4.93180474400959,5.93150173510173,
6.93119872619387,7.93089571728601,8.93059270837815,9.93028969947029,10.9299866905624,
11.9296836816546,12.9293806727467,13.9290776638388,14.928774654931,15.9284716460231,
16.9281686371153,17.9278656282074,18.9275626192995,19.9272596103917,20.9269566014838,
21.926653592576,22.9263505836681,23.9260475747602,24.9257445658524,25.9254415569445,
26.9251385480367,27.9248355391288,28.9245325302209,29.9242295213131,30.9239265124052,
31.9236235034974,32.9233204945895,33.9230174856816,34.9227144767738,35.9224114678659,
36.9221084589581,37.9218054500502,38.9215024411423,39.9211994322345,40.9208964233266,
41.9205934144188,42.9202904055109,43.919987396603,44.9196843876952,45.9193813787873,
46.9190783698795,47.9187753609716,48.9184723520637,49.9181693431559,50.917866334248,
51.9175633253402,52.9172603164323,53.9169573075244,54.9166542986166,55.9163512897087,
56.9160482808009,57.915745271893,58.9154422629851,59.9151392540773,60.9148362451694,
61.9145332362615,62.9142302273537,63.9139272184458,64.913624209538,65.9133212006301,
66.9130181917223,67.9127151828144,68.9124121739065,69.9121091649987,70.9118061560908,
71.911503147183,72.9112001382751,73.9108971293672,74.9105941204594,75.9102911115515,
76.9099881026437,77.9096850937358,78.9093820848279,79.9090790759201,80.9087760670122,
81.9084730581043,82.9081700491965,83.9078670402886,84.9075640313808,85.9072610224729,
86.906958013565,87.9066550046572,88.9063519957493,89.9060489868415,90.9057459779336,
91.9054429690257,92.9051399601179,93.90483695121,94.9045339423022,95.9042309333943,
96.9039279244864,97.9036249155786,98.9033219066707,99.9030188977629,100.902715888855,
101.902412879947,102.902109871039,103.901806862131,104.901503853224,105.901200844316,
106.900897835408,107.9005948265,108.900291817592,109.899988808684,110.899685799776,
111.899382790869,112.899079781961,113.898776773053,114.898473764145,115.898170755237,
116.897867746329,117.897564737421,118.897261728514,119.896958719606,120.896655710698,
121.89635270179,122.896049692882,123.895746683974,124.895443675066,125.895140666158,
126.894837657251,127.894534648343,128.894231639435,129.893928630527,130.893625621619,
131.893322612711,132.893019603803,133.892716594896,134.892413585988,135.89211057708,
136.891807568172,137.891504559264,138.891201550356,139.890898541448,140.890595532541,
141.890292523633,142.889989514725,143.889686505817,144.889383496909,145.889080488001,
146.888777479093,147.888474470186,148.888171461278,149.88786845237,150.887565443462,
151.887262434554,152.886959425646,153.886656416738,154.886353407831,155.886050398923,
156.885747390015,157.885444381107,158.885141372199,159.884838363291,160.884535354383,
161.884232345476,162.883929336568,163.88362632766,164.883323318752,165.883020309844,
166.882717300936,167.882414292028,168.88211128312,169.881808274213,170.881505265305,
171.881202256397,172.880899247489,173.880596238581,174.880293229673,175.879990220765),
 .UNSPECIFIED.);
#28=ELLIPSE('',#2471,0.151324183477298,0.150000000000001);
#29=ELLIPSE('',#2473,0.151324183477298,0.150000000000001);
#30=ELLIPSE('',#2477,0.150154304324486,0.150000000000001);
#31=ELLIPSE('',#2478,0.150154304324486,0.150000000000001);
#32=ELLIPSE('',#2494,0.150577791490826,0.15);
#33=ELLIPSE('',#2496,0.150577791490826,0.15);
#34=ELLIPSE('',#2500,0.15004052152351,0.15);
#35=ELLIPSE('',#2501,0.15004052152351,0.15);
#36=B_SPLINE_CURVE_WITH_KNOTS('',3,(#3719,#3720,#3721,#3722,#3723,#3724,
#3725,#3726,#3727,#3728,#3729,#3730,#3731,#3732,#3733,#3734,#3735,#3736,
#3737,#3738,#3739,#3740,#3741,#3742),.UNSPECIFIED.,.F.,.F.,(4,2,2,2,2,2,
2,2,2,2,2,4),(-0.0468303957712355,-0.0463926459230995,-0.0412834458400778,
-0.036175042886914,-0.0303161615281812,-0.0244595170493705,-0.0186031394113741,
-0.0127457657999943,-0.00688515028160717,-0.00344267966413465,0.,0.000437695959126763),
 .UNSPECIFIED.);
#37=B_SPLINE_CURVE_WITH_KNOTS('',3,(#3749,#3750,#3751,#3752),
 .UNSPECIFIED.,.F.,.F.,(4,4),(0.108753605539213,0.112251788614028),
 .UNSPECIFIED.);
#38=B_SPLINE_CURVE_WITH_KNOTS('',3,(#3754,#3755,#3756,#3757,#3758,#3759,
#3760,#3761,#3762,#3763,#3764,#3765,#3766,#3767,#3768,#3769,#3770,#3771,
#3772,#3773,#3774,#3775,#3776,#3777,#3778,#3779,#3780,#3781,#3782,#3783,
#3784,#3785,#3786,#3787,#3788,#3789,#3790,#3791,#3792,#3793,#3794,#3795,
#3796),.UNSPECIFIED.,.F.,.F.,(4,3,3,3,3,3,3,3,3,3,3,3,3,3,4),(-0.0122228451346392,
-0.0104253312124948,-0.0095616642876583,-0.00774707192577267,-0.00628276915412609,
-0.00467392124669671,-0.00300019250806373,-0.0020374904252917,-0.0014648763017688,
-0.00107122018170278,-0.000812517920934297,-0.000616944140314617,-0.000405745797761981,
-0.000100016136268975,-2.35669748648845E-5),.UNSPECIFIED.);
#39=B_SPLINE_CURVE_WITH_KNOTS('',3,(#3798,#3799,#3800,#3801,#3802,#3803,
#3804,#3805,#3806,#3807,#3808,#3809,#3810,#3811,#3812,#3813,#3814,#3815,
#3816,#3817,#3818,#3819),.UNSPECIFIED.,.F.,.F.,(4,3,3,3,3,3,3,4),(-0.0211661243434809,
-0.0197544770876345,-0.0193410729243176,-0.0178715030907072,-0.0160855013705194,
-0.0142799910435136,-0.0128280480504696,-0.0122228451346392),
 .UNSPECIFIED.);
#40=B_SPLINE_CURVE_WITH_KNOTS('',3,(#3821,#3822,#3823,#3824,#3825,#3826,
#3827,#3828),.UNSPECIFIED.,.F.,.F.,(4,2,2,4),(0.0676002183683555,0.0676383824800137,
0.0732832655523652,0.074764278853442),.UNSPECIFIED.);
#41=B_SPLINE_CURVE_WITH_KNOTS('',3,(#3849,#3850,#3851,#3852),
 .UNSPECIFIED.,.F.,.F.,(4,4),(-0.00026078550437271,-0.000146279794780139),
 .UNSPECIFIED.);
#42=B_SPLINE_CURVE_WITH_KNOTS('',3,(#3853,#3854,#3855,#3856,#3857,#3858,
#3859,#3860,#3861,#3862,#3863,#3864,#3865,#3866,#3867,#3868,#3869,#3870,
#3871,#3872,#3873,#3874,#3875,#3876),.UNSPECIFIED.,.F.,.F.,(4,2,2,2,2,2,
2,2,2,2,2,4),(-0.000146279794780139,0.,0.0061065436733737,0.0120770328180054,
0.0179950696504754,0.0236662701840712,0.0292875288900944,0.0348306930366194,
0.0404863197347275,0.0437271035348281,0.0469180673336196,0.0472121446346608),
 .UNSPECIFIED.);
#43=B_SPLINE_CURVE_WITH_KNOTS('',3,(#3886,#3887,#3888,#3889,#3890,#3891,
#3892,#3893,#3894,#3895,#3896,#3897,#3898,#3899,#3900,#3901,#3902,#3903,
#3904,#3905,#3906,#3907,#3908,#3909,#3910,#3911,#3912,#3913,#3914,#3915,
#3916,#3917,#3918,#3919,#3920,#3921,#3922,#3923,#3924,#3925,#3926,#3927,
#3928,#3929,#3930,#3931,#3932,#3933,#3934,#3935,#3936,#3937,#3938,#3939,
#3940,#3941,#3942,#3943,#3944,#3945,#3946,#3947,#3948,#3949,#3950,#3951,
#3952,#3953,#3954,#3955,#3956,#3957,#3958),.UNSPECIFIED.,.F.,.F.,(4,3,3,
3,3,3,3,3,3,3,3,3,3,3,3,3,3,3,3,3,3,3,3,3,4),(0.0199299710705461,0.0231517226207454,
0.0235325206489723,0.0267527485048563,0.0270493989947677,0.0293838339847542,
0.0326236483561157,0.0352242690371355,0.0384462955162784,0.0405501257552786,
0.0410650190747708,0.0442862761824356,0.0469185729373298,0.0501549534329155,
0.0527934229814255,0.0540745057355989,0.0573023282538853,0.0586874254157035,
0.0619401507641977,0.0645843961827812,0.0676156008930764,0.0704613579358948,
0.073702137646648,0.0763073582232539,0.0785918483328658),.UNSPECIFIED.);
#44=B_SPLINE_CURVE_WITH_KNOTS('',3,(#3964,#3965,#3966,#3967,#3968,#3969,
#3970,#3971,#3972,#3973,#3974,#3975,#3976,#3977,#3978,#3979,#3980,#3981,
#3982,#3983,#3984,#3985),.UNSPECIFIED.,.F.,.F.,(4,2,2,2,2,2,2,2,2,2,4),
(-0.0468347599478417,-0.0463974217781859,-0.0407765923164532,-0.0349166890428941,
-0.0290575427601319,-0.0231987108890876,-0.0173398790180428,-0.0114807327352783,
-0.00562082946171934,0.,0.000437338169688486),.UNSPECIFIED.);
#45=B_SPLINE_CURVE_WITH_KNOTS('',3,(#3992,#3993,#3994,#3995,#3996,#3997,
#3998,#3999,#4000,#4001),.UNSPECIFIED.,.F.,.F.,(4,2,2,2,4),(0.0035893170552677,
0.00555348608868021,0.0111088454707443,0.016664713883488,0.0222278889951455),
 .UNSPECIFIED.);
#46=B_SPLINE_CURVE_WITH_KNOTS('',3,(#4003,#4004,#4005,#4006,#4007,#4008,
#4009,#4010),.UNSPECIFIED.,.F.,.F.,(4,2,2,4),(-0.0728389196330212,-0.0649937831938844,
-0.0567272750244332,-0.0494498462197179),.UNSPECIFIED.);
#47=B_SPLINE_CURVE_WITH_KNOTS('',3,(#4012,#4013,#4014,#4015,#4016,#4017,
#4018,#4019,#4020,#4021),.UNSPECIFIED.,.F.,.F.,(4,3,3,4),(-0.0680300977065116,
-0.0647153722540576,-0.0614573593127557,-0.0611162899222246),
 .UNSPECIFIED.);
#48=B_SPLINE_CURVE_WITH_KNOTS('',3,(#4023,#4024,#4025,#4026),
 .UNSPECIFIED.,.F.,.F.,(4,4),(-0.0541264044043496,-0.0526858109555742),
 .UNSPECIFIED.);
#49=B_SPLINE_CURVE_WITH_KNOTS('',3,(#4028,#4029,#4030,#4031),
 .UNSPECIFIED.,.F.,.F.,(4,4),(0.0667707416867551,0.0721632481642883),
 .UNSPECIFIED.);
#50=B_SPLINE_CURVE_WITH_KNOTS('',3,(#4051,#4052,#4053,#4054,#4055,#4056,
#4057,#4058,#4059,#4060,#4061,#4062,#4063,#4064,#4065,#4066,#4067,#4068,
#4069,#4070,#4071,#4072,#4073,#4074,#4075,#4076,#4077,#4078,#4079,#4080,
#4081,#4082,#4083,#4084,#4085,#4086,#4087),.UNSPECIFIED.,.F.,.F.,(4,3,3,
3,3,3,3,3,3,3,3,3,4),(0.00213706661596119,0.00216012708076713,0.032240746901116,
0.0613827431170703,0.0777174817253191,0.127511260972763,0.184122934605426,
0.258954712005657,0.329029519147352,0.383791800965976,0.439274300084152,
0.483450044206349,0.485930905291329),.UNSPECIFIED.);
#51=B_SPLINE_CURVE_WITH_KNOTS('',3,(#4098,#4099,#4100,#4101,#4102,#4103,
#4104,#4105,#4106,#4107,#4108,#4109,#4110,#4111,#4112,#4113,#4114,#4115,
#4116,#4117,#4118,#4119,#4120,#4121,#4122,#4123,#4124,#4125,#4126,#4127,
#4128,#4129,#4130,#4131,#4132,#4133,#4134,#4135,#4136,#4137,#4138,#4139,
#4140),.UNSPECIFIED.,.F.,.F.,(4,3,3,3,3,3,3,3,3,3,3,3,3,3,4),(0.00243206746188075,
0.00565809674129961,0.00588724699070963,0.00912686478030399,0.0117550456364107,
0.0125664629769602,0.0157662633725792,0.0159436928635614,0.0175977915952234,
0.0208295826671909,0.0234270235091325,0.0266497827434121,0.0292672584169807,
0.0294425942182872,0.0318709394796173),.UNSPECIFIED.);
#52=B_SPLINE_CURVE_WITH_KNOTS('',3,(#4141,#4142,#4143,#4144,#4145,#4146,
#4147,#4148,#4149,#4150,#4151,#4152,#4153,#4154,#4155,#4156,#4157,#4158,
#4159,#4160,#4161),.UNSPECIFIED.,.F.,.F.,(4,2,2,2,2,2,2,2,3,4),(0.0535880522617244,
0.0586674572854736,0.0645093408346208,0.0703483108414026,0.076196363142096,
0.082060822784749,0.0879423408487362,0.0912785445023075,0.0946143896720649,
0.0970464571339457),.UNSPECIFIED.);
#53=B_SPLINE_CURVE_WITH_KNOTS('',3,(#6131,#6132,#6133,#6134,#6135,#6136,
#6137,#6138,#6139,#6140,#6141,#6142,#6143,#6144,#6145,#6146,#6147,#6148,
#6149,#6150,#6151,#6152,#6153,#6154,#6155,#6156,#6157,#6158,#6159,#6160,
#6161,#6162,#6163,#6164,#6165,#6166,#6167,#6168,#6169,#6170,#6171,#6172,
#6173,#6174,#6175,#6176,#6177,#6178,#6179,#6180,#6181,#6182,#6183,#6184,
#6185,#6186,#6187,#6188,#6189,#6190,#6191,#6192,#6193,#6194,#6195,#6196,
#6197,#6198,#6199,#6200,#6201,#6202,#6203,#6204,#6205,#6206,#6207,#6208,
#6209,#6210,#6211,#6212,#6213,#6214,#6215,#6216,#6217,#6218,#6219,#6220,
#6221,#6222,#6223,#6224,#6225,#6226,#6227,#6228,#6229,#6230,#6231,#6232,
#6233,#6234,#6235,#6236,#6237,#6238,#6239,#6240,#6241,#6242,#6243,#6244,
#6245,#6246,#6247,#6248,#6249,#6250,#6251,#6252,#6253,#6254,#6255,#6256,
#6257,#6258,#6259,#6260,#6261,#6262,#6263,#6264,#6265,#6266,#6267,#6268,
#6269,#6270,#6271,#6272,#6273,#6274,#6275,#6276,#6277,#6278,#6279,#6280,
#6281,#6282,#6283,#6284,#6285,#6286,#6287,#6288,#6289,#6290,#6291,#6292,
#6293,#6294,#6295,#6296,#6297,#6298,#6299,#6300,#6301,#6302,#6303,#6304,
#6305,#6306,#6307,#6308,#6309),.UNSPECIFIED.,.F.,.F.,(4,1,1,1,1,1,1,1,1,
1,1,1,1,1,1,1,1,1,1,1,1,1,1,1,1,1,1,1,1,1,1,1,1,1,1,1,1,1,1,1,1,1,1,1,1,
1,1,1,1,1,1,1,1,1,1,1,1,1,1,1,1,1,1,1,1,1,1,1,1,1,1,1,1,1,1,1,1,1,1,1,1,
1,1,1,1,1,1,1,1,1,1,1,1,1,1,1,1,1,1,1,1,1,1,1,1,1,1,1,1,1,1,1,1,1,1,1,1,
1,1,1,1,1,1,1,1,1,1,1,1,1,1,1,1,1,1,1,1,1,1,1,1,1,1,1,1,1,1,1,1,1,1,1,1,
1,1,1,1,1,1,1,1,1,1,1,1,1,1,1,1,1,1,1,1,1,1,1,4),(-0.0565941178576358,0.933016779641033,
1.93271377073317,2.93241076182531,3.93210775291745,4.93180474400959,5.93150173510173,
6.93119872619387,7.93089571728601,8.93059270837815,9.93028969947029,10.9299866905624,
11.9296836816546,12.9293806727467,13.9290776638388,14.928774654931,15.9284716460231,
16.9281686371153,17.9278656282074,18.9275626192995,19.9272596103917,20.9269566014838,
21.926653592576,22.9263505836681,23.9260475747602,24.9257445658524,25.9254415569445,
26.9251385480367,27.9248355391288,28.9245325302209,29.9242295213131,30.9239265124052,
31.9236235034974,32.9233204945895,33.9230174856816,34.9227144767738,35.9224114678659,
36.9221084589581,37.9218054500502,38.9215024411423,39.9211994322345,40.9208964233266,
41.9205934144188,42.9202904055109,43.919987396603,44.9196843876952,45.9193813787873,
46.9190783698795,47.9187753609716,48.9184723520637,49.9181693431559,50.917866334248,
51.9175633253402,52.9172603164323,53.9169573075244,54.9166542986166,55.9163512897087,
56.9160482808009,57.915745271893,58.9154422629851,59.9151392540773,60.9148362451694,
61.9145332362615,62.9142302273537,63.9139272184458,64.913624209538,65.9133212006301,
66.9130181917223,67.9127151828144,68.9124121739065,69.9121091649987,70.9118061560908,
71.911503147183,72.9112001382751,73.9108971293672,74.9105941204594,75.9102911115515,
76.9099881026437,77.9096850937358,78.9093820848279,79.9090790759201,80.9087760670122,
81.9084730581043,82.9081700491965,83.9078670402886,84.9075640313808,85.9072610224729,
86.906958013565,87.9066550046572,88.9063519957493,89.9060489868415,90.9057459779336,
91.9054429690257,92.9051399601179,93.90483695121,94.9045339423022,95.9042309333943,
96.9039279244864,97.9036249155786,98.9033219066707,99.9030188977629,100.902715888855,
101.902412879947,102.902109871039,103.901806862131,104.901503853224,105.901200844316,
106.900897835408,107.9005948265,108.900291817592,109.899988808684,110.899685799776,
111.899382790869,112.899079781961,113.898776773053,114.898473764145,115.898170755237,
116.897867746329,117.897564737421,118.897261728514,119.896958719606,120.896655710698,
121.89635270179,122.896049692882,123.895746683974,124.895443675066,125.895140666158,
126.894837657251,127.894534648343,128.894231639435,129.893928630527,130.893625621619,
131.893322612711,132.893019603803,133.892716594896,134.892413585988,135.89211057708,
136.891807568172,137.891504559264,138.891201550356,139.890898541448,140.890595532541,
141.890292523633,142.889989514725,143.889686505817,144.889383496909,145.889080488001,
146.888777479093,147.888474470186,148.888171461278,149.88786845237,150.887565443462,
151.887262434554,152.886959425646,153.886656416738,154.886353407831,155.886050398923,
156.885747390015,157.885444381107,158.885141372199,159.884838363291,160.884535354383,
161.884232345476,162.883929336568,163.88362632766,164.883323318752,165.883020309844,
166.882717300936,167.882414292028,168.88211128312,169.881808274213,170.881505265305,
171.881202256397,172.880899247489,173.880596238581,174.880293229673,175.864363647885),
 .UNSPECIFIED.);
#54=TOROIDAL_SURFACE('',#2459,0.2291066124435,0.150000000000001);
#55=TOROIDAL_SURFACE('',#2474,1.00000009245113,0.150000000000001);
#56=TOROIDAL_SURFACE('',#2482,0.214031947261851,0.15);
#57=TOROIDAL_SURFACE('',#2497,1.00000252877732,0.15);
#58=(
BOUNDED_SURFACE()
B_SPLINE_SURFACE(2,2,((#3163,#3164,#3165,#3166,#3167,#3168,#3169,#3170,
#3171),(#3172,#3173,#3174,#3175,#3176,#3177,#3178,#3179,#3180),(#3181,#3182,
#3183,#3184,#3185,#3186,#3187,#3188,#3189)),.UNSPECIFIED.,.F.,.T.,.F.)
B_SPLINE_SURFACE_WITH_KNOTS((3,3),(3,2,2,2,3),(0.622826585412014,1.5707963267949),
(-3.14159265358979,-1.5707963267949,0.,1.5707963267949,3.14159265358979),
 .UNSPECIFIED.)
GEOMETRIC_REPRESENTATION_ITEM()
RATIONAL_B_SPLINE_SURFACE(((1.,0.707106781186548,1.,0.707106781186548,1.,
0.707106781186548,1.,0.707106781186548,1.),(0.889756521002615,0.6291528696059,
0.889756521002615,0.6291528696059,0.889756521002615,0.6291528696059,0.889756521002615,
0.6291528696059,0.889756521002615),(1.,0.707106781186548,1.,0.707106781186548,
1.,0.707106781186548,1.,0.707106781186548,1.)))
REPRESENTATION_ITEM('')
SURFACE()
);
#59=SHAPE_REPRESENTATION_RELATIONSHIP('SRR','None',#6345,#63);
#60=SHAPE_REPRESENTATION_RELATIONSHIP('SRR','None',#6346,#64);
#61=SHAPE_REPRESENTATION_RELATIONSHIP('SRR','None',#6347,#65);
#62=SHAPE_REPRESENTATION_RELATIONSHIP('SRR','None',#6348,#66);
#63=ADVANCED_BREP_SHAPE_REPRESENTATION('',(#71),#6321);
#64=ADVANCED_BREP_SHAPE_REPRESENTATION('',(#72),#6322);
#65=ADVANCED_BREP_SHAPE_REPRESENTATION('',(#73),#6323);
#66=ADVANCED_BREP_SHAPE_REPRESENTATION('',(#74),#6324);
#67=STYLED_ITEM('',(#6374),#71);
#68=STYLED_ITEM('',(#6374),#72);
#69=STYLED_ITEM('',(#6374),#73);
#70=STYLED_ITEM('',(#6374),#74);
#71=MANIFOLD_SOLID_BREP('Body1',#2256);
#72=MANIFOLD_SOLID_BREP('Body1',#2257);
#73=MANIFOLD_SOLID_BREP('Body1',#2258);
#74=MANIFOLD_SOLID_BREP('Body1',#2259);
#75=FACE_BOUND('',#299,.T.);
#76=FACE_BOUND('',#316,.T.);
#77=FACE_BOUND('',#318,.T.);
#78=FACE_BOUND('',#319,.T.);
#79=FACE_BOUND('',#339,.T.);
#80=FACE_BOUND('',#343,.T.);
#81=PLANE('',#2310);
#82=PLANE('',#2314);
#83=PLANE('',#2315);
#84=PLANE('',#2320);
#85=PLANE('',#2327);
#86=PLANE('',#2328);
#87=PLANE('',#2329);
#88=PLANE('',#2330);
#89=PLANE('',#2331);
#90=PLANE('',#2332);
#91=PLANE('',#2333);
#92=PLANE('',#2334);
#93=PLANE('',#2335);
#94=PLANE('',#2336);
#95=PLANE('',#2337);
#96=PLANE('',#2338);
#97=PLANE('',#2339);
#98=PLANE('',#2341);
#99=PLANE('',#2342);
#100=PLANE('',#2343);
#101=PLANE('',#2344);
#102=PLANE('',#2345);
#103=PLANE('',#2346);
#104=PLANE('',#2347);
#105=PLANE('',#2348);
#106=PLANE('',#2349);
#107=PLANE('',#2350);
#108=PLANE('',#2351);
#109=PLANE('',#2352);
#110=PLANE('',#2353);
#111=PLANE('',#2357);
#112=PLANE('',#2358);
#113=PLANE('',#2365);
#114=PLANE('',#2366);
#115=PLANE('',#2367);
#116=PLANE('',#2368);
#117=PLANE('',#2369);
#118=PLANE('',#2370);
#119=PLANE('',#2371);
#120=PLANE('',#2372);
#121=PLANE('',#2373);
#122=PLANE('',#2374);
#123=PLANE('',#2377);
#124=PLANE('',#2384);
#125=PLANE('',#2385);
#126=PLANE('',#2391);
#127=PLANE('',#2392);
#128=PLANE('',#2393);
#129=PLANE('',#2395);
#130=PLANE('',#2397);
#131=PLANE('',#2398);
#132=PLANE('',#2400);
#133=PLANE('',#2401);
#134=PLANE('',#2402);
#135=PLANE('',#2403);
#136=PLANE('',#2404);
#137=PLANE('',#2408);
#138=PLANE('',#2409);
#139=PLANE('',#2412);
#140=PLANE('',#2416);
#141=PLANE('',#2421);
#142=PLANE('',#2424);
#143=PLANE('',#2425);
#144=PLANE('',#2427);
#145=PLANE('',#2428);
#146=PLANE('',#2429);
#147=PLANE('',#2434);
#148=PLANE('',#2435);
#149=PLANE('',#2436);
#150=PLANE('',#2438);
#151=PLANE('',#2440);
#152=PLANE('',#2441);
#153=PLANE('',#2443);
#154=PLANE('',#2444);
#155=PLANE('',#2447);
#156=PLANE('',#2448);
#157=PLANE('',#2450);
#158=PLANE('',#2451);
#159=PLANE('',#2453);
#160=PLANE('',#2454);
#161=PLANE('',#2455);
#162=PLANE('',#2456);
#163=PLANE('',#2457);
#164=PLANE('',#2465);
#165=PLANE('',#2480);
#166=PLANE('',#2481);
#167=PLANE('',#2488);
#168=PLANE('',#2503);
#169=PLANE('',#2504);
#170=FACE_OUTER_BOUND('',#294,.T.);
#171=FACE_OUTER_BOUND('',#295,.T.);
#172=FACE_OUTER_BOUND('',#296,.T.);
#173=FACE_OUTER_BOUND('',#297,.T.);
#174=FACE_OUTER_BOUND('',#298,.T.);
#175=FACE_OUTER_BOUND('',#300,.T.);
#176=FACE_OUTER_BOUND('',#301,.T.);
#177=FACE_OUTER_BOUND('',#302,.T.);
#178=FACE_OUTER_BOUND('',#303,.T.);
#179=FACE_OUTER_BOUND('',#304,.T.);
#180=FACE_OUTER_BOUND('',#305,.T.);
#181=FACE_OUTER_BOUND('',#306,.T.);
#182=FACE_OUTER_BOUND('',#307,.T.);
#183=FACE_OUTER_BOUND('',#308,.T.);
#184=FACE_OUTER_BOUND('',#309,.T.);
#185=FACE_OUTER_BOUND('',#310,.T.);
#186=FACE_OUTER_BOUND('',#311,.T.);
#187=FACE_OUTER_BOUND('',#312,.T.);
#188=FACE_OUTER_BOUND('',#313,.T.);
#189=FACE_OUTER_BOUND('',#314,.T.);
#190=FACE_OUTER_BOUND('',#315,.T.);
#191=FACE_OUTER_BOUND('',#317,.T.);
#192=FACE_OUTER_BOUND('',#320,.T.);
#193=FACE_OUTER_BOUND('',#321,.T.);
#194=FACE_OUTER_BOUND('',#322,.T.);
#195=FACE_OUTER_BOUND('',#323,.T.);
#196=FACE_OUTER_BOUND('',#324,.T.);
#197=FACE_OUTER_BOUND('',#325,.T.);
#198=FACE_OUTER_BOUND('',#326,.T.);
#199=FACE_OUTER_BOUND('',#327,.T.);
#200=FACE_OUTER_BOUND('',#328,.T.);
#201=FACE_OUTER_BOUND('',#329,.T.);
#202=FACE_OUTER_BOUND('',#330,.T.);
#203=FACE_OUTER_BOUND('',#331,.T.);
#204=FACE_OUTER_BOUND('',#332,.T.);
#205=FACE_OUTER_BOUND('',#333,.T.);
#206=FACE_OUTER_BOUND('',#334,.T.);
#207=FACE_OUTER_BOUND('',#335,.T.);
#208=FACE_OUTER_BOUND('',#336,.T.);
#209=FACE_OUTER_BOUND('',#337,.T.);
#210=FACE_OUTER_BOUND('',#338,.T.);
#211=FACE_OUTER_BOUND('',#340,.T.);
#212=FACE_OUTER_BOUND('',#341,.T.);
#213=FACE_OUTER_BOUND('',#342,.T.);
#214=FACE_OUTER_BOUND('',#344,.T.);
#215=FACE_OUTER_BOUND('',#345,.T.);
#216=FACE_OUTER_BOUND('',#346,.T.);
#217=FACE_OUTER_BOUND('',#347,.T.);
#218=FACE_OUTER_BOUND('',#348,.T.);
#219=FACE_OUTER_BOUND('',#349,.T.);
#220=FACE_OUTER_BOUND('',#350,.T.);
#221=FACE_OUTER_BOUND('',#351,.T.);
#222=FACE_OUTER_BOUND('',#352,.T.);
#223=FACE_OUTER_BOUND('',#353,.T.);
#224=FACE_OUTER_BOUND('',#354,.T.);
#225=FACE_OUTER_BOUND('',#355,.T.);
#226=FACE_OUTER_BOUND('',#356,.T.);
#227=FACE_OUTER_BOUND('',#357,.T.);
#228=FACE_OUTER_BOUND('',#358,.T.);
#229=FACE_OUTER_BOUND('',#359,.T.);
#230=FACE_OUTER_BOUND('',#360,.T.);
#231=FACE_OUTER_BOUND('',#361,.T.);
#232=FACE_OUTER_BOUND('',#362,.T.);
#233=FACE_OUTER_BOUND('',#363,.T.);
#234=FACE_OUTER_BOUND('',#364,.T.);
#235=FACE_OUTER_BOUND('',#365,.T.);
#236=FACE_OUTER_BOUND('',#366,.T.);
#237=FACE_OUTER_BOUND('',#367,.T.);
#238=FACE_OUTER_BOUND('',#368,.T.);
#239=FACE_OUTER_BOUND('',#369,.T.);
#240=FACE_OUTER_BOUND('',#370,.T.);
#241=FACE_OUTER_BOUND('',#371,.T.);
#242=FACE_OUTER_BOUND('',#372,.T.);
#243=FACE_OUTER_BOUND('',#373,.T.);
#244=FACE_OUTER_BOUND('',#374,.T.);
#245=FACE_OUTER_BOUND('',#375,.T.);
#246=FACE_OUTER_BOUND('',#376,.T.);
#247=FACE_OUTER_BOUND('',#377,.T.);
#248=FACE_OUTER_BOUND('',#378,.T.);
#249=FACE_OUTER_BOUND('',#379,.T.);
#250=FACE_OUTER_BOUND('',#380,.T.);
#251=FACE_OUTER_BOUND('',#381,.T.);
#252=FACE_OUTER_BOUND('',#382,.T.);
#253=FACE_OUTER_BOUND('',#383,.T.);
#254=FACE_OUTER_BOUND('',#384,.T.);
#255=FACE_OUTER_BOUND('',#385,.T.);
#256=FACE_OUTER_BOUND('',#386,.T.);
#257=FACE_OUTER_BOUND('',#387,.T.);
#258=FACE_OUTER_BOUND('',#388,.T.);
#259=FACE_OUTER_BOUND('',#389,.T.);
#260=FACE_OUTER_BOUND('',#390,.T.);
#261=FACE_OUTER_BOUND('',#391,.T.);
#262=FACE_OUTER_BOUND('',#392,.T.);
#263=FACE_OUTER_BOUND('',#393,.T.);
#264=FACE_OUTER_BOUND('',#394,.T.);
#265=FACE_OUTER_BOUND('',#395,.T.);
#266=FACE_OUTER_BOUND('',#396,.T.);
#267=FACE_OUTER_BOUND('',#397,.T.);
#268=FACE_OUTER_BOUND('',#398,.T.);
#269=FACE_OUTER_BOUND('',#399,.T.);
#270=FACE_OUTER_BOUND('',#400,.T.);
#271=FACE_OUTER_BOUND('',#401,.T.);
#272=FACE_OUTER_BOUND('',#402,.T.);
#273=FACE_OUTER_BOUND('',#403,.T.);
#274=FACE_OUTER_BOUND('',#404,.T.);
#275=FACE_OUTER_BOUND('',#405,.T.);
#276=FACE_OUTER_BOUND('',#406,.T.);
#277=FACE_OUTER_BOUND('',#407,.T.);
#278=FACE_OUTER_BOUND('',#408,.T.);
#279=FACE_OUTER_BOUND('',#409,.T.);
#280=FACE_OUTER_BOUND('',#410,.T.);
#281=FACE_OUTER_BOUND('',#411,.T.);
#282=FACE_OUTER_BOUND('',#412,.T.);
#283=FACE_OUTER_BOUND('',#413,.T.);
#284=FACE_OUTER_BOUND('',#414,.T.);
#285=FACE_OUTER_BOUND('',#415,.T.);
#286=FACE_OUTER_BOUND('',#416,.T.);
#287=FACE_OUTER_BOUND('',#417,.T.);
#288=FACE_OUTER_BOUND('',#418,.T.);
#289=FACE_OUTER_BOUND('',#419,.T.);
#290=FACE_OUTER_BOUND('',#420,.T.);
#291=FACE_OUTER_BOUND('',#421,.T.);
#292=FACE_OUTER_BOUND('',#422,.T.);
#293=FACE_OUTER_BOUND('',#423,.T.);
#294=EDGE_LOOP('',(#1465,#1466,#1467,#1468));
#295=EDGE_LOOP('',(#1469));
#296=EDGE_LOOP('',(#1470,#1471,#1472,#1473));
#297=EDGE_LOOP('',(#1474));
#298=EDGE_LOOP('',(#1475));
#299=EDGE_LOOP('',(#1476));
#300=EDGE_LOOP('',(#1477,#1478,#1479,#1480));
#301=EDGE_LOOP('',(#1481));
#302=EDGE_LOOP('',(#1482,#1483,#1484,#1485));
#303=EDGE_LOOP('',(#1486,#1487,#1488,#1489));
#304=EDGE_LOOP('',(#1490,#1491,#1492,#1493));
#305=EDGE_LOOP('',(#1494,#1495,#1496,#1497));
#306=EDGE_LOOP('',(#1498,#1499,#1500,#1501));
#307=EDGE_LOOP('',(#1502,#1503,#1504,#1505));
#308=EDGE_LOOP('',(#1506,#1507,#1508,#1509));
#309=EDGE_LOOP('',(#1510,#1511,#1512,#1513));
#310=EDGE_LOOP('',(#1514,#1515,#1516,#1517));
#311=EDGE_LOOP('',(#1518,#1519,#1520,#1521));
#312=EDGE_LOOP('',(#1522,#1523,#1524,#1525));
#313=EDGE_LOOP('',(#1526,#1527,#1528,#1529));
#314=EDGE_LOOP('',(#1530,#1531,#1532,#1533));
#315=EDGE_LOOP('',(#1534,#1535,#1536,#1537,#1538,#1539,#1540,#1541,#1542,
#1543,#1544,#1545));
#316=EDGE_LOOP('',(#1546));
#317=EDGE_LOOP('',(#1547,#1548,#1549,#1550,#1551,#1552,#1553,#1554,#1555,
#1556,#1557,#1558));
#318=EDGE_LOOP('',(#1559));
#319=EDGE_LOOP('',(#1560));
#320=EDGE_LOOP('',(#1561,#1562,#1563,#1564));
#321=EDGE_LOOP('',(#1565,#1566,#1567,#1568));
#322=EDGE_LOOP('',(#1569,#1570,#1571,#1572,#1573,#1574,#1575,#1576));
#323=EDGE_LOOP('',(#1577,#1578,#1579,#1580));
#324=EDGE_LOOP('',(#1581,#1582,#1583,#1584));
#325=EDGE_LOOP('',(#1585,#1586,#1587,#1588));
#326=EDGE_LOOP('',(#1589,#1590,#1591,#1592));
#327=EDGE_LOOP('',(#1593,#1594,#1595,#1596));
#328=EDGE_LOOP('',(#1597,#1598,#1599,#1600,#1601,#1602,#1603,#1604,#1605));
#329=EDGE_LOOP('',(#1606,#1607,#1608,#1609));
#330=EDGE_LOOP('',(#1610,#1611,#1612,#1613));
#331=EDGE_LOOP('',(#1614,#1615,#1616,#1617,#1618,#1619,#1620,#1621,#1622));
#332=EDGE_LOOP('',(#1623,#1624,#1625,#1626));
#333=EDGE_LOOP('',(#1627,#1628,#1629,#1630));
#334=EDGE_LOOP('',(#1631,#1632,#1633,#1634));
#335=EDGE_LOOP('',(#1635,#1636,#1637,#1638));
#336=EDGE_LOOP('',(#1639,#1640,#1641,#1642));
#337=EDGE_LOOP('',(#1643,#1644,#1645,#1646));
#338=EDGE_LOOP('',(#1647,#1648,#1649,#1650,#1651,#1652,#1653,#1654,#1655,
#1656,#1657,#1658,#1659,#1660));
#339=EDGE_LOOP('',(#1661,#1662,#1663,#1664,#1665));
#340=EDGE_LOOP('',(#1666,#1667,#1668,#1669));
#341=EDGE_LOOP('',(#1670,#1671,#1672,#1673));
#342=EDGE_LOOP('',(#1674,#1675,#1676,#1677,#1678,#1679,#1680,#1681,#1682,
#1683,#1684,#1685,#1686,#1687));
#343=EDGE_LOOP('',(#1688,#1689,#1690,#1691,#1692));
#344=EDGE_LOOP('',(#1693,#1694,#1695,#1696));
#345=EDGE_LOOP('',(#1697,#1698,#1699,#1700));
#346=EDGE_LOOP('',(#1701,#1702,#1703,#1704));
#347=EDGE_LOOP('',(#1705,#1706,#1707,#1708));
#348=EDGE_LOOP('',(#1709,#1710,#1711,#1712));
#349=EDGE_LOOP('',(#1713,#1714,#1715,#1716,#1717,#1718,#1719,#1720));
#350=EDGE_LOOP('',(#1721,#1722,#1723,#1724,#1725,#1726,#1727,#1728));
#351=EDGE_LOOP('',(#1729,#1730,#1731,#1732));
#352=EDGE_LOOP('',(#1733,#1734,#1735,#1736));
#353=EDGE_LOOP('',(#1737,#1738,#1739,#1740,#1741,#1742,#1743,#1744,#1745,
#1746,#1747,#1748,#1749,#1750,#1751,#1752,#1753,#1754));
#354=EDGE_LOOP('',(#1755,#1756,#1757,#1758,#1759,#1760,#1761,#1762,#1763,
#1764,#1765,#1766,#1767,#1768,#1769,#1770));
#355=EDGE_LOOP('',(#1771,#1772,#1773,#1774));
#356=EDGE_LOOP('',(#1775,#1776,#1777,#1778));
#357=EDGE_LOOP('',(#1779,#1780,#1781,#1782));
#358=EDGE_LOOP('',(#1783,#1784,#1785,#1786));
#359=EDGE_LOOP('',(#1787,#1788,#1789,#1790));
#360=EDGE_LOOP('',(#1791,#1792,#1793,#1794));
#361=EDGE_LOOP('',(#1795,#1796,#1797,#1798));
#362=EDGE_LOOP('',(#1799,#1800,#1801,#1802));
#363=EDGE_LOOP('',(#1803,#1804,#1805,#1806));
#364=EDGE_LOOP('',(#1807,#1808,#1809,#1810));
#365=EDGE_LOOP('',(#1811,#1812,#1813,#1814));
#366=EDGE_LOOP('',(#1815,#1816,#1817,#1818));
#367=EDGE_LOOP('',(#1819,#1820,#1821,#1822));
#368=EDGE_LOOP('',(#1823,#1824,#1825,#1826));
#369=EDGE_LOOP('',(#1827,#1828,#1829,#1830));
#370=EDGE_LOOP('',(#1831,#1832,#1833,#1834,#1835));
#371=EDGE_LOOP('',(#1836,#1837,#1838,#1839,#1840,#1841,#1842,#1843,#1844,
#1845,#1846));
#372=EDGE_LOOP('',(#1847,#1848,#1849,#1850,#1851,#1852,#1853,#1854,#1855,
#1856,#1857));
#373=EDGE_LOOP('',(#1858,#1859,#1860,#1861));
#374=EDGE_LOOP('',(#1862,#1863,#1864,#1865));
#375=EDGE_LOOP('',(#1866,#1867,#1868,#1869));
#376=EDGE_LOOP('',(#1870,#1871,#1872,#1873,#1874,#1875,#1876,#1877));
#377=EDGE_LOOP('',(#1878,#1879,#1880,#1881));
#378=EDGE_LOOP('',(#1882,#1883,#1884,#1885));
#379=EDGE_LOOP('',(#1886,#1887,#1888,#1889));
#380=EDGE_LOOP('',(#1890,#1891,#1892,#1893));
#381=EDGE_LOOP('',(#1894,#1895,#1896,#1897));
#382=EDGE_LOOP('',(#1898,#1899,#1900,#1901));
#383=EDGE_LOOP('',(#1902,#1903,#1904,#1905));
#384=EDGE_LOOP('',(#1906,#1907,#1908,#1909));
#385=EDGE_LOOP('',(#1910,#1911,#1912,#1913));
#386=EDGE_LOOP('',(#1914,#1915,#1916,#1917));
#387=EDGE_LOOP('',(#1918,#1919,#1920,#1921));
#388=EDGE_LOOP('',(#1922,#1923,#1924,#1925));
#389=EDGE_LOOP('',(#1926,#1927,#1928,#1929));
#390=EDGE_LOOP('',(#1930,#1931,#1932,#1933));
#391=EDGE_LOOP('',(#1934,#1935,#1936,#1937));
#392=EDGE_LOOP('',(#1938,#1939,#1940,#1941));
#393=EDGE_LOOP('',(#1942,#1943,#1944,#1945,#1946,#1947,#1948,#1949));
#394=EDGE_LOOP('',(#1950,#1951,#1952,#1953));
#395=EDGE_LOOP('',(#1954,#1955,#1956,#1957));
#396=EDGE_LOOP('',(#1958,#1959,#1960,#1961));
#397=EDGE_LOOP('',(#1962,#1963,#1964,#1965));
#398=EDGE_LOOP('',(#1966,#1967,#1968,#1969));
#399=EDGE_LOOP('',(#1970,#1971,#1972,#1973));
#400=EDGE_LOOP('',(#1974,#1975,#1976,#1977));
#401=EDGE_LOOP('',(#1978,#1979,#1980,#1981,#1982));
#402=EDGE_LOOP('',(#1983,#1984,#1985,#1986,#1987,#1988,#1989,#1990));
#403=EDGE_LOOP('',(#1991,#1992,#1993,#1994));
#404=EDGE_LOOP('',(#1995,#1996,#1997,#1998));
#405=EDGE_LOOP('',(#1999,#2000,#2001,#2002,#2003,#2004,#2005,#2006,#2007,
#2008,#2009));
#406=EDGE_LOOP('',(#2010));
#407=EDGE_LOOP('',(#2011,#2012,#2013,#2014,#2015));
#408=EDGE_LOOP('',(#2016,#2017,#2018));
#409=EDGE_LOOP('',(#2019,#2020,#2021,#2022,#2023,#2024,#2025));
#410=EDGE_LOOP('',(#2026,#2027,#2028,#2029));
#411=EDGE_LOOP('',(#2030,#2031,#2032,#2033,#2034,#2035,#2036,#2037,#2038));
#412=EDGE_LOOP('',(#2039,#2040,#2041));
#413=EDGE_LOOP('',(#2042,#2043,#2044,#2045));
#414=EDGE_LOOP('',(#2046,#2047,#2048,#2049,#2050,#2051,#2052,#2053,#2054,
#2055,#2056,#2057));
#415=EDGE_LOOP('',(#2058));
#416=EDGE_LOOP('',(#2059,#2060,#2061,#2062,#2063));
#417=EDGE_LOOP('',(#2064,#2065,#2066));
#418=EDGE_LOOP('',(#2067,#2068,#2069,#2070,#2071,#2072));
#419=EDGE_LOOP('',(#2073,#2074,#2075,#2076));
#420=EDGE_LOOP('',(#2077,#2078,#2079,#2080,#2081,#2082,#2083,#2084));
#421=EDGE_LOOP('',(#2085,#2086,#2087));
#422=EDGE_LOOP('',(#2088,#2089,#2090,#2091,#2092));
#423=EDGE_LOOP('',(#2093,#2094,#2095,#2096,#2097,#2098,#2099,#2100,#2101,
#2102));
#424=LINE('',#3151,#652);
#425=LINE('',#3158,#653);
#426=LINE('',#3201,#654);
#427=LINE('',#3204,#655);
#428=LINE('',#3209,#656);
#429=LINE('',#3214,#657);
#430=LINE('',#3216,#658);
#431=LINE('',#3218,#659);
#432=LINE('',#3219,#660);
#433=LINE('',#3221,#661);
#434=LINE('',#3222,#662);
#435=LINE('',#3225,#663);
#436=LINE('',#3227,#664);
#437=LINE('',#3228,#665);
#438=LINE('',#3231,#666);
#439=LINE('',#3233,#667);
#440=LINE('',#3234,#668);
#441=LINE('',#3237,#669);
#442=LINE('',#3239,#670);
#443=LINE('',#3240,#671);
#444=LINE('',#3243,#672);
#445=LINE('',#3245,#673);
#446=LINE('',#3246,#674);
#447=LINE('',#3249,#675);
#448=LINE('',#3251,#676);
#449=LINE('',#3252,#677);
#450=LINE('',#3255,#678);
#451=LINE('',#3257,#679);
#452=LINE('',#3258,#680);
#453=LINE('',#3261,#681);
#454=LINE('',#3263,#682);
#455=LINE('',#3264,#683);
#456=LINE('',#3267,#684);
#457=LINE('',#3269,#685);
#458=LINE('',#3270,#686);
#459=LINE('',#3272,#687);
#460=LINE('',#3273,#688);
#461=LINE('',#3280,#689);
#462=LINE('',#3282,#690);
#463=LINE('',#3284,#691);
#464=LINE('',#3285,#692);
#465=LINE('',#3288,#693);
#466=LINE('',#3290,#694);
#467=LINE('',#3291,#695);
#468=LINE('',#3294,#696);
#469=LINE('',#3296,#697);
#470=LINE('',#3298,#698);
#471=LINE('',#3300,#699);
#472=LINE('',#3302,#700);
#473=LINE('',#3303,#701);
#474=LINE('',#3307,#702);
#475=LINE('',#3309,#703);
#476=LINE('',#3311,#704);
#477=LINE('',#3312,#705);
#478=LINE('',#3315,#706);
#479=LINE('',#3317,#707);
#480=LINE('',#3318,#708);
#481=LINE('',#3321,#709);
#482=LINE('',#3323,#710);
#483=LINE('',#3324,#711);
#484=LINE('',#3327,#712);
#485=LINE('',#3328,#713);
#486=LINE('',#3331,#714);
#487=LINE('',#3332,#715);
#488=LINE('',#3335,#716);
#489=LINE('',#3337,#717);
#490=LINE('',#3339,#718);
#491=LINE('',#3341,#719);
#492=LINE('',#3343,#720);
#493=LINE('',#3344,#721);
#494=LINE('',#3347,#722);
#495=LINE('',#3348,#723);
#496=LINE('',#3351,#724);
#497=LINE('',#3352,#725);
#498=LINE('',#3355,#726);
#499=LINE('',#3357,#727);
#500=LINE('',#3359,#728);
#501=LINE('',#3360,#729);
#502=LINE('',#3364,#730);
#503=LINE('',#3366,#731);
#504=LINE('',#3368,#732);
#505=LINE('',#3369,#733);
#506=LINE('',#3374,#734);
#507=LINE('',#3378,#735);
#508=LINE('',#3380,#736);
#509=LINE('',#3381,#737);
#510=LINE('',#3384,#738);
#511=LINE('',#3386,#739);
#512=LINE('',#3387,#740);
#513=LINE('',#3396,#741);
#514=LINE('',#3399,#742);
#515=LINE('',#3402,#743);
#516=LINE('',#3404,#744);
#517=LINE('',#3406,#745);
#518=LINE('',#3408,#746);
#519=LINE('',#3410,#747);
#520=LINE('',#3412,#748);
#521=LINE('',#3414,#749);
#522=LINE('',#3416,#750);
#523=LINE('',#3418,#751);
#524=LINE('',#3420,#752);
#525=LINE('',#3422,#753);
#526=LINE('',#3424,#754);
#527=LINE('',#3425,#755);
#528=LINE('',#3428,#756);
#529=LINE('',#3429,#757);
#530=LINE('',#3432,#758);
#531=LINE('',#3433,#759);
#532=LINE('',#3436,#760);
#533=LINE('',#3438,#761);
#534=LINE('',#3440,#762);
#535=LINE('',#3442,#763);
#536=LINE('',#3444,#764);
#537=LINE('',#3446,#765);
#538=LINE('',#3448,#766);
#539=LINE('',#3450,#767);
#540=LINE('',#3452,#768);
#541=LINE('',#3454,#769);
#542=LINE('',#3455,#770);
#543=LINE('',#3457,#771);
#544=LINE('',#3459,#772);
#545=LINE('',#3461,#773);
#546=LINE('',#3463,#774);
#547=LINE('',#3467,#775);
#548=LINE('',#3469,#776);
#549=LINE('',#3471,#777);
#550=LINE('',#3472,#778);
#551=LINE('',#3478,#779);
#552=LINE('',#3479,#780);
#553=LINE('',#3483,#781);
#554=LINE('',#3485,#782);
#555=LINE('',#3490,#783);
#556=LINE('',#3493,#784);
#557=LINE('',#3497,#785);
#558=LINE('',#3498,#786);
#559=LINE('',#3500,#787);
#560=LINE('',#3502,#788);
#561=LINE('',#3504,#789);
#562=LINE('',#3506,#790);
#563=LINE('',#3508,#791);
#564=LINE('',#3510,#792);
#565=LINE('',#3511,#793);
#566=LINE('',#3513,#794);
#567=LINE('',#3514,#795);
#568=LINE('',#3517,#796);
#569=LINE('',#3519,#797);
#570=LINE('',#3521,#798);
#571=LINE('',#3523,#799);
#572=LINE('',#3525,#800);
#573=LINE('',#3527,#801);
#574=LINE('',#3529,#802);
#575=LINE('',#3531,#803);
#576=LINE('',#3533,#804);
#577=LINE('',#3535,#805);
#578=LINE('',#3537,#806);
#579=LINE('',#3539,#807);
#580=LINE('',#3540,#808);
#581=LINE('',#3546,#809);
#582=LINE('',#3551,#810);
#583=LINE('',#3553,#811);
#584=LINE('',#3555,#812);
#585=LINE('',#3556,#813);
#586=LINE('',#3559,#814);
#587=LINE('',#3561,#815);
#588=LINE('',#3562,#816);
#589=LINE('',#3564,#817);
#590=LINE('',#3566,#818);
#591=LINE('',#3568,#819);
#592=LINE('',#3572,#820);
#593=LINE('',#3573,#821);
#594=LINE('',#3575,#822);
#595=LINE('',#3579,#823);
#596=LINE('',#3581,#824);
#597=LINE('',#3583,#825);
#598=LINE('',#3585,#826);
#599=LINE('',#3590,#827);
#600=LINE('',#3595,#828);
#601=LINE('',#3597,#829);
#602=LINE('',#3599,#830);
#603=LINE('',#3605,#831);
#604=LINE('',#3609,#832);
#605=LINE('',#3611,#833);
#606=LINE('',#3613,#834);
#607=LINE('',#3616,#835);
#608=LINE('',#3617,#836);
#609=LINE('',#3620,#837);
#610=LINE('',#3623,#838);
#611=LINE('',#3627,#839);
#612=LINE('',#3629,#840);
#613=LINE('',#3631,#841);
#614=LINE('',#3633,#842);
#615=LINE('',#3634,#843);
#616=LINE('',#3638,#844);
#617=LINE('',#3639,#845);
#618=LINE('',#3641,#846);
#619=LINE('',#3643,#847);
#620=LINE('',#3645,#848);
#621=LINE('',#3647,#849);
#622=LINE('',#3653,#850);
#623=LINE('',#3658,#851);
#624=LINE('',#3660,#852);
#625=LINE('',#3662,#853);
#626=LINE('',#3663,#854);
#627=LINE('',#3666,#855);
#628=LINE('',#3668,#856);
#629=LINE('',#3669,#857);
#630=LINE('',#3671,#858);
#631=LINE('',#3674,#859);
#632=LINE('',#3677,#860);
#633=LINE('',#3681,#861);
#634=LINE('',#3682,#862);
#635=LINE('',#3684,#863);
#636=LINE('',#3686,#864);
#637=LINE('',#3690,#865);
#638=LINE('',#3691,#866);
#639=LINE('',#3692,#867);
#640=LINE('',#3696,#868);
#641=LINE('',#3698,#869);
#642=LINE('',#3701,#870);
#643=LINE('',#3705,#871);
#644=LINE('',#3707,#872);
#645=LINE('',#3709,#873);
#646=LINE('',#3835,#874);
#647=LINE('',#3882,#875);
#648=LINE('',#3884,#876);
#649=LINE('',#4038,#877);
#650=LINE('',#4093,#878);
#651=LINE('',#4095,#879);
#652=VECTOR('',#2517,1.1);
#653=VECTOR('',#2526,1.5);
#654=VECTOR('',#2547,10.);
#655=VECTOR('',#2550,10.);
#656=VECTOR('',#2555,0.5);
#657=VECTOR('',#2560,10.);
#658=VECTOR('',#2561,10.);
#659=VECTOR('',#2562,10.);
#660=VECTOR('',#2563,10.);
#661=VECTOR('',#2566,10.);
#662=VECTOR('',#2567,10.);
#663=VECTOR('',#2570,10.);
#664=VECTOR('',#2571,10.);
#665=VECTOR('',#2572,10.);
#666=VECTOR('',#2575,10.);
#667=VECTOR('',#2576,10.);
#668=VECTOR('',#2577,10.);
#669=VECTOR('',#2580,10.);
#670=VECTOR('',#2581,10.);
#671=VECTOR('',#2582,10.);
#672=VECTOR('',#2585,10.);
#673=VECTOR('',#2586,10.);
#674=VECTOR('',#2587,10.);
#675=VECTOR('',#2590,10.);
#676=VECTOR('',#2591,10.);
#677=VECTOR('',#2592,10.);
#678=VECTOR('',#2595,10.);
#679=VECTOR('',#2596,10.);
#680=VECTOR('',#2597,10.);
#681=VECTOR('',#2600,10.);
#682=VECTOR('',#2601,10.);
#683=VECTOR('',#2602,10.);
#684=VECTOR('',#2605,10.);
#685=VECTOR('',#2606,10.);
#686=VECTOR('',#2607,10.);
#687=VECTOR('',#2610,10.);
#688=VECTOR('',#2611,10.);
#689=VECTOR('',#2620,10.);
#690=VECTOR('',#2621,10.);
#691=VECTOR('',#2622,10.);
#692=VECTOR('',#2623,10.);
#693=VECTOR('',#2626,10.);
#694=VECTOR('',#2627,10.);
#695=VECTOR('',#2628,0.432);
#696=VECTOR('',#2631,10.);
#697=VECTOR('',#2632,10.);
#698=VECTOR('',#2633,10.);
#699=VECTOR('',#2634,10.);
#700=VECTOR('',#2635,10.);
#701=VECTOR('',#2636,10.);
#702=VECTOR('',#2639,10.);
#703=VECTOR('',#2640,10.);
#704=VECTOR('',#2641,10.);
#705=VECTOR('',#2642,10.);
#706=VECTOR('',#2645,10.);
#707=VECTOR('',#2646,10.);
#708=VECTOR('',#2647,10.);
#709=VECTOR('',#2650,10.);
#710=VECTOR('',#2651,10.);
#711=VECTOR('',#2652,10.);
#712=VECTOR('',#2655,10.);
#713=VECTOR('',#2656,10.);
#714=VECTOR('',#2659,10.);
#715=VECTOR('',#2660,10.);
#716=VECTOR('',#2663,0.432);
#717=VECTOR('',#2664,10.);
#718=VECTOR('',#2665,10.);
#719=VECTOR('',#2666,10.);
#720=VECTOR('',#2667,10.);
#721=VECTOR('',#2668,0.432);
#722=VECTOR('',#2671,0.432);
#723=VECTOR('',#2672,10.);
#724=VECTOR('',#2675,0.432);
#725=VECTOR('',#2676,10.);
#726=VECTOR('',#2679,10.);
#727=VECTOR('',#2680,10.);
#728=VECTOR('',#2681,10.);
#729=VECTOR('',#2682,10.);
#730=VECTOR('',#2685,10.);
#731=VECTOR('',#2686,10.);
#732=VECTOR('',#2687,10.);
#733=VECTOR('',#2688,10.);
#734=VECTOR('',#2693,10.);
#735=VECTOR('',#2698,10.);
#736=VECTOR('',#2699,10.);
#737=VECTOR('',#2700,10.);
#738=VECTOR('',#2703,10.);
#739=VECTOR('',#2704,10.);
#740=VECTOR('',#2705,10.);
#741=VECTOR('',#2716,10.);
#742=VECTOR('',#2719,10.);
#743=VECTOR('',#2722,10.);
#744=VECTOR('',#2723,10.);
#745=VECTOR('',#2724,10.);
#746=VECTOR('',#2725,10.);
#747=VECTOR('',#2726,10.);
#748=VECTOR('',#2727,0.432);
#749=VECTOR('',#2728,10.);
#750=VECTOR('',#2729,10.);
#751=VECTOR('',#2730,10.);
#752=VECTOR('',#2731,10.);
#753=VECTOR('',#2732,10.);
#754=VECTOR('',#2733,10.);
#755=VECTOR('',#2734,10.);
#756=VECTOR('',#2737,10.);
#757=VECTOR('',#2738,10.);
#758=VECTOR('',#2741,10.);
#759=VECTOR('',#2742,10.);
#760=VECTOR('',#2745,10.);
#761=VECTOR('',#2746,10.);
#762=VECTOR('',#2747,10.);
#763=VECTOR('',#2748,10.);
#764=VECTOR('',#2749,0.432);
#765=VECTOR('',#2750,10.);
#766=VECTOR('',#2751,0.432);
#767=VECTOR('',#2752,10.);
#768=VECTOR('',#2753,10.);
#769=VECTOR('',#2754,10.);
#770=VECTOR('',#2755,10.);
#771=VECTOR('',#2758,10.);
#772=VECTOR('',#2761,10.);
#773=VECTOR('',#2764,10.);
#774=VECTOR('',#2767,10.);
#775=VECTOR('',#2770,10.);
#776=VECTOR('',#2771,10.);
#777=VECTOR('',#2772,10.);
#778=VECTOR('',#2773,10.);
#779=VECTOR('',#2780,10.);
#780=VECTOR('',#2781,10.);
#781=VECTOR('',#2786,10.);
#782=VECTOR('',#2787,10.);
#783=VECTOR('',#2794,10.);
#784=VECTOR('',#2797,10.);
#785=VECTOR('',#2802,10.);
#786=VECTOR('',#2803,10.);
#787=VECTOR('',#2804,10.);
#788=VECTOR('',#2805,10.);
#789=VECTOR('',#2806,10.);
#790=VECTOR('',#2807,10.);
#791=VECTOR('',#2808,10.);
#792=VECTOR('',#2809,10.);
#793=VECTOR('',#2810,10.);
#794=VECTOR('',#2811,10.);
#795=VECTOR('',#2812,10.);
#796=VECTOR('',#2815,10.);
#797=VECTOR('',#2816,10.);
#798=VECTOR('',#2817,10.);
#799=VECTOR('',#2818,10.);
#800=VECTOR('',#2819,10.);
#801=VECTOR('',#2820,10.);
#802=VECTOR('',#2821,10.);
#803=VECTOR('',#2822,10.);
#804=VECTOR('',#2823,10.);
#805=VECTOR('',#2824,10.);
#806=VECTOR('',#2825,10.);
#807=VECTOR('',#2826,10.);
#808=VECTOR('',#2827,10.);
#809=VECTOR('',#2834,10.);
#810=VECTOR('',#2841,10.);
#811=VECTOR('',#2842,0.432);
#812=VECTOR('',#2843,10.);
#813=VECTOR('',#2844,0.432);
#814=VECTOR('',#2847,10.);
#815=VECTOR('',#2848,0.432);
#816=VECTOR('',#2849,10.);
#817=VECTOR('',#2852,10.);
#818=VECTOR('',#2855,10.);
#819=VECTOR('',#2858,10.);
#820=VECTOR('',#2863,10.);
#821=VECTOR('',#2864,10.);
#822=VECTOR('',#2867,10.);
#823=VECTOR('',#2874,10.);
#824=VECTOR('',#2877,10.);
#825=VECTOR('',#2880,10.);
#826=VECTOR('',#2883,10.);
#827=VECTOR('',#2892,10.);
#828=VECTOR('',#2897,10.);
#829=VECTOR('',#2898,10.);
#830=VECTOR('',#2899,10.);
#831=VECTOR('',#2906,10.);
#832=VECTOR('',#2909,10.);
#833=VECTOR('',#2910,10.);
#834=VECTOR('',#2911,10.);
#835=VECTOR('',#2916,10.);
#836=VECTOR('',#2917,10.);
#837=VECTOR('',#2922,10.);
#838=VECTOR('',#2925,10.);
#839=VECTOR('',#2930,10.);
#840=VECTOR('',#2931,0.432);
#841=VECTOR('',#2932,10.);
#842=VECTOR('',#2933,10.);
#843=VECTOR('',#2934,10.);
#844=VECTOR('',#2941,10.);
#845=VECTOR('',#2942,10.);
#846=VECTOR('',#2945,10.);
#847=VECTOR('',#2948,10.);
#848=VECTOR('',#2951,10.);
#849=VECTOR('',#2954,10.);
#850=VECTOR('',#2961,10.);
#851=VECTOR('',#2968,10.);
#852=VECTOR('',#2969,0.432);
#853=VECTOR('',#2970,10.);
#854=VECTOR('',#2971,0.432);
#855=VECTOR('',#2974,10.);
#856=VECTOR('',#2975,0.432);
#857=VECTOR('',#2976,10.);
#858=VECTOR('',#2979,10.);
#859=VECTOR('',#2982,10.);
#860=VECTOR('',#2985,10.);
#861=VECTOR('',#2990,10.);
#862=VECTOR('',#2991,10.);
#863=VECTOR('',#2994,10.);
#864=VECTOR('',#2997,10.);
#865=VECTOR('',#3002,10.);
#866=VECTOR('',#3003,0.432);
#867=VECTOR('',#3004,0.432);
#868=VECTOR('',#3011,10.);
#869=VECTOR('',#3014,10.);
#870=VECTOR('',#3017,10.);
#871=VECTOR('',#3024,10.);
#872=VECTOR('',#3027,0.432);
#873=VECTOR('',#3030,10.);
#874=VECTOR('',#3057,0.150000000000001);
#875=VECTOR('',#3082,0.150000000000001);
#876=VECTOR('',#3085,10.);
#877=VECTOR('',#3106,0.15);
#878=VECTOR('',#3131,0.15);
#879=VECTOR('',#3134,10.);
#880=CIRCLE('',#2308,1.1);
#881=CIRCLE('',#2309,1.1);
#882=CIRCLE('',#2312,1.5);
#883=CIRCLE('',#2313,1.5);
#884=CIRCLE('',#2317,0.275320565519113);
#885=CIRCLE('',#2318,1.2);
#886=CIRCLE('',#2319,1.25);
#887=CIRCLE('',#2322,1.97459975048694);
#888=CIRCLE('',#2323,1.97459975048694);
#889=CIRCLE('',#2325,0.5);
#890=CIRCLE('',#2326,0.5);
#891=CIRCLE('',#2355,0.75);
#892=CIRCLE('',#2356,0.75);
#893=CIRCLE('',#2360,0.75);
#894=CIRCLE('',#2361,0.75);
#895=CIRCLE('',#2363,1.);
#896=CIRCLE('',#2364,1.);
#897=CIRCLE('',#2375,0.88);
#898=CIRCLE('',#2376,0.0799999999999999);
#899=CIRCLE('',#2378,0.88);
#900=CIRCLE('',#2379,0.0799999999999999);
#901=CIRCLE('',#2381,0.88);
#902=CIRCLE('',#2383,0.88);
#903=CIRCLE('',#2387,0.0799999999999999);
#904=CIRCLE('',#2389,0.880000000000001);
#905=CIRCLE('',#2390,0.88);
#906=CIRCLE('',#2394,0.0800000000000001);
#907=CIRCLE('',#2396,0.0800000000000001);
#908=CIRCLE('',#2406,0.88);
#909=CIRCLE('',#2407,0.879999999999999);
#910=CIRCLE('',#2410,0.879999999999993);
#911=CIRCLE('',#2411,0.0800000000000011);
#912=CIRCLE('',#2413,0.88);
#913=CIRCLE('',#2414,0.0800000000000011);
#914=CIRCLE('',#2415,0.879999999999993);
#915=CIRCLE('',#2418,0.88);
#916=CIRCLE('',#2420,0.0800000000000001);
#917=CIRCLE('',#2423,0.880000000000003);
#918=CIRCLE('',#2426,0.0799999999999999);
#919=CIRCLE('',#2432,0.879999999999992);
#920=CIRCLE('',#2433,0.88);
#921=CIRCLE('',#2437,0.0800000000000001);
#922=CIRCLE('',#2439,0.0800000000000001);
#923=CIRCLE('',#2446,0.880000000000001);
#924=CIRCLE('',#2449,0.0800000000000001);
#925=CIRCLE('',#2460,0.150000000000001);
#926=CIRCLE('',#2461,0.150000000000001);
#927=CIRCLE('',#2462,0.0791066124434998);
#928=CIRCLE('',#2463,0.150000000000001);
#929=CIRCLE('',#2464,0.150000000000001);
#930=CIRCLE('',#2466,0.150000000000001);
#931=CIRCLE('',#2468,0.150000000000001);
#932=CIRCLE('',#2469,0.150000000000001);
#933=CIRCLE('',#2472,0.150000000000001);
#934=CIRCLE('',#2475,0.850000092451129);
#935=CIRCLE('',#2483,0.15);
#936=CIRCLE('',#2484,0.15);
#937=CIRCLE('',#2485,0.0640319472618509);
#938=CIRCLE('',#2486,0.15);
#939=CIRCLE('',#2487,0.15);
#940=CIRCLE('',#2489,0.15);
#941=CIRCLE('',#2491,0.15);
#942=CIRCLE('',#2492,0.15);
#943=CIRCLE('',#2495,0.15);
#944=CIRCLE('',#2498,0.850002528777322);
#945=VERTEX_POINT('',#3148);
#946=VERTEX_POINT('',#3150);
#947=VERTEX_POINT('',#3155);
#948=VERTEX_POINT('',#3157);
#949=VERTEX_POINT('',#3190);
#950=VERTEX_POINT('',#3192);
#951=VERTEX_POINT('',#3197);
#952=VERTEX_POINT('',#3198);
#953=VERTEX_POINT('',#3200);
#954=VERTEX_POINT('',#3202);
#955=VERTEX_POINT('',#3206);
#956=VERTEX_POINT('',#3208);
#957=VERTEX_POINT('',#3212);
#958=VERTEX_POINT('',#3213);
#959=VERTEX_POINT('',#3215);
#960=VERTEX_POINT('',#3217);
#961=VERTEX_POINT('',#3224);
#962=VERTEX_POINT('',#3226);
#963=VERTEX_POINT('',#3230);
#964=VERTEX_POINT('',#3232);
#965=VERTEX_POINT('',#3236);
#966=VERTEX_POINT('',#3238);
#967=VERTEX_POINT('',#3242);
#968=VERTEX_POINT('',#3244);
#969=VERTEX_POINT('',#3248);
#970=VERTEX_POINT('',#3250);
#971=VERTEX_POINT('',#3254);
#972=VERTEX_POINT('',#3256);
#973=VERTEX_POINT('',#3260);
#974=VERTEX_POINT('',#3262);
#975=VERTEX_POINT('',#3266);
#976=VERTEX_POINT('',#3268);
#977=VERTEX_POINT('',#3278);
#978=VERTEX_POINT('',#3279);
#979=VERTEX_POINT('',#3281);
#980=VERTEX_POINT('',#3283);
#981=VERTEX_POINT('',#3287);
#982=VERTEX_POINT('',#3289);
#983=VERTEX_POINT('',#3293);
#984=VERTEX_POINT('',#3295);
#985=VERTEX_POINT('',#3297);
#986=VERTEX_POINT('',#3299);
#987=VERTEX_POINT('',#3301);
#988=VERTEX_POINT('',#3305);
#989=VERTEX_POINT('',#3306);
#990=VERTEX_POINT('',#3308);
#991=VERTEX_POINT('',#3310);
#992=VERTEX_POINT('',#3314);
#993=VERTEX_POINT('',#3316);
#994=VERTEX_POINT('',#3320);
#995=VERTEX_POINT('',#3322);
#996=VERTEX_POINT('',#3326);
#997=VERTEX_POINT('',#3330);
#998=VERTEX_POINT('',#3334);
#999=VERTEX_POINT('',#3336);
#1000=VERTEX_POINT('',#3338);
#1001=VERTEX_POINT('',#3340);
#1002=VERTEX_POINT('',#3342);
#1003=VERTEX_POINT('',#3346);
#1004=VERTEX_POINT('',#3350);
#1005=VERTEX_POINT('',#3354);
#1006=VERTEX_POINT('',#3356);
#1007=VERTEX_POINT('',#3358);
#1008=VERTEX_POINT('',#3362);
#1009=VERTEX_POINT('',#3363);
#1010=VERTEX_POINT('',#3365);
#1011=VERTEX_POINT('',#3367);
#1012=VERTEX_POINT('',#3371);
#1013=VERTEX_POINT('',#3373);
#1014=VERTEX_POINT('',#3377);
#1015=VERTEX_POINT('',#3379);
#1016=VERTEX_POINT('',#3383);
#1017=VERTEX_POINT('',#3385);
#1018=VERTEX_POINT('',#3392);
#1019=VERTEX_POINT('',#3393);
#1020=VERTEX_POINT('',#3395);
#1021=VERTEX_POINT('',#3397);
#1022=VERTEX_POINT('',#3401);
#1023=VERTEX_POINT('',#3403);
#1024=VERTEX_POINT('',#3405);
#1025=VERTEX_POINT('',#3407);
#1026=VERTEX_POINT('',#3409);
#1027=VERTEX_POINT('',#3411);
#1028=VERTEX_POINT('',#3413);
#1029=VERTEX_POINT('',#3415);
#1030=VERTEX_POINT('',#3417);
#1031=VERTEX_POINT('',#3419);
#1032=VERTEX_POINT('',#3421);
#1033=VERTEX_POINT('',#3423);
#1034=VERTEX_POINT('',#3427);
#1035=VERTEX_POINT('',#3431);
#1036=VERTEX_POINT('',#3435);
#1037=VERTEX_POINT('',#3437);
#1038=VERTEX_POINT('',#3439);
#1039=VERTEX_POINT('',#3441);
#1040=VERTEX_POINT('',#3443);
#1041=VERTEX_POINT('',#3445);
#1042=VERTEX_POINT('',#3447);
#1043=VERTEX_POINT('',#3449);
#1044=VERTEX_POINT('',#3451);
#1045=VERTEX_POINT('',#3453);
#1046=VERTEX_POINT('',#3465);
#1047=VERTEX_POINT('',#3466);
#1048=VERTEX_POINT('',#3468);
#1049=VERTEX_POINT('',#3470);
#1050=VERTEX_POINT('',#3474);
#1051=VERTEX_POINT('',#3476);
#1052=VERTEX_POINT('',#3481);
#1053=VERTEX_POINT('',#3484);
#1054=VERTEX_POINT('',#3488);
#1055=VERTEX_POINT('',#3492);
#1056=VERTEX_POINT('',#3496);
#1057=VERTEX_POINT('',#3499);
#1058=VERTEX_POINT('',#3501);
#1059=VERTEX_POINT('',#3503);
#1060=VERTEX_POINT('',#3505);
#1061=VERTEX_POINT('',#3507);
#1062=VERTEX_POINT('',#3509);
#1063=VERTEX_POINT('',#3512);
#1064=VERTEX_POINT('',#3516);
#1065=VERTEX_POINT('',#3518);
#1066=VERTEX_POINT('',#3520);
#1067=VERTEX_POINT('',#3522);
#1068=VERTEX_POINT('',#3524);
#1069=VERTEX_POINT('',#3526);
#1070=VERTEX_POINT('',#3528);
#1071=VERTEX_POINT('',#3530);
#1072=VERTEX_POINT('',#3532);
#1073=VERTEX_POINT('',#3534);
#1074=VERTEX_POINT('',#3536);
#1075=VERTEX_POINT('',#3538);
#1076=VERTEX_POINT('',#3544);
#1077=VERTEX_POINT('',#3545);
#1078=VERTEX_POINT('',#3550);
#1079=VERTEX_POINT('',#3552);
#1080=VERTEX_POINT('',#3554);
#1081=VERTEX_POINT('',#3558);
#1082=VERTEX_POINT('',#3560);
#1083=VERTEX_POINT('',#3571);
#1084=VERTEX_POINT('',#3592);
#1085=VERTEX_POINT('',#3594);
#1086=VERTEX_POINT('',#3596);
#1087=VERTEX_POINT('',#3598);
#1088=VERTEX_POINT('',#3602);
#1089=VERTEX_POINT('',#3604);
#1090=VERTEX_POINT('',#3606);
#1091=VERTEX_POINT('',#3608);
#1092=VERTEX_POINT('',#3610);
#1093=VERTEX_POINT('',#3612);
#1094=VERTEX_POINT('',#3622);
#1095=VERTEX_POINT('',#3626);
#1096=VERTEX_POINT('',#3628);
#1097=VERTEX_POINT('',#3630);
#1098=VERTEX_POINT('',#3632);
#1099=VERTEX_POINT('',#3651);
#1100=VERTEX_POINT('',#3652);
#1101=VERTEX_POINT('',#3657);
#1102=VERTEX_POINT('',#3659);
#1103=VERTEX_POINT('',#3661);
#1104=VERTEX_POINT('',#3665);
#1105=VERTEX_POINT('',#3667);
#1106=VERTEX_POINT('',#3672);
#1107=VERTEX_POINT('',#3676);
#1108=VERTEX_POINT('',#3680);
#1109=VERTEX_POINT('',#3689);
#1110=VERTEX_POINT('',#3699);
#1111=VERTEX_POINT('',#3715);
#1112=VERTEX_POINT('',#3716);
#1113=VERTEX_POINT('',#3718);
#1114=VERTEX_POINT('',#3744);
#1115=VERTEX_POINT('',#3746);
#1116=VERTEX_POINT('',#3748);
#1117=VERTEX_POINT('',#3753);
#1118=VERTEX_POINT('',#3797);
#1119=VERTEX_POINT('',#3820);
#1120=VERTEX_POINT('',#3831);
#1121=VERTEX_POINT('',#3834);
#1122=VERTEX_POINT('',#3836);
#1123=VERTEX_POINT('',#3840);
#1124=VERTEX_POINT('',#3841);
#1125=VERTEX_POINT('',#3843);
#1126=VERTEX_POINT('',#3847);
#1127=VERTEX_POINT('',#3878);
#1128=VERTEX_POINT('',#3960);
#1129=VERTEX_POINT('',#3961);
#1130=VERTEX_POINT('',#3963);
#1131=VERTEX_POINT('',#3987);
#1132=VERTEX_POINT('',#3989);
#1133=VERTEX_POINT('',#3991);
#1134=VERTEX_POINT('',#4002);
#1135=VERTEX_POINT('',#4011);
#1136=VERTEX_POINT('',#4022);
#1137=VERTEX_POINT('',#4027);
#1138=VERTEX_POINT('',#4034);
#1139=VERTEX_POINT('',#4037);
#1140=VERTEX_POINT('',#4039);
#1141=VERTEX_POINT('',#4043);
#1142=VERTEX_POINT('',#4044);
#1143=VERTEX_POINT('',#4046);
#1144=VERTEX_POINT('',#4089);
#1145=VERTEX_POINT('',#4097);
#1146=EDGE_CURVE('',#945,#945,#880,.T.);
#1147=EDGE_CURVE('',#945,#946,#424,.T.);
#1148=EDGE_CURVE('',#946,#946,#881,.T.);
#1149=EDGE_CURVE('',#947,#947,#882,.T.);
#1150=EDGE_CURVE('',#947,#948,#425,.T.);
#1151=EDGE_CURVE('',#948,#948,#883,.T.);
#1152=EDGE_CURVE('',#949,#949,#884,.T.);
#1153=EDGE_CURVE('',#949,#950,#885,.T.);
#1154=EDGE_CURVE('',#950,#950,#886,.T.);
#1155=EDGE_CURVE('',#951,#952,#887,.T.);
#1156=EDGE_CURVE('',#952,#953,#426,.T.);
#1157=EDGE_CURVE('',#954,#953,#888,.T.);
#1158=EDGE_CURVE('',#951,#954,#427,.T.);
#1159=EDGE_CURVE('',#955,#955,#889,.T.);
#1160=EDGE_CURVE('',#955,#956,#428,.T.);
#1161=EDGE_CURVE('',#956,#956,#890,.T.);
#1162=EDGE_CURVE('',#957,#958,#429,.T.);
#1163=EDGE_CURVE('',#958,#959,#430,.T.);
#1164=EDGE_CURVE('',#960,#959,#431,.T.);
#1165=EDGE_CURVE('',#957,#960,#432,.T.);
#1166=EDGE_CURVE('',#952,#957,#433,.T.);
#1167=EDGE_CURVE('',#953,#960,#434,.T.);
#1168=EDGE_CURVE('',#951,#961,#435,.T.);
#1169=EDGE_CURVE('',#962,#954,#436,.T.);
#1170=EDGE_CURVE('',#961,#962,#437,.T.);
#1171=EDGE_CURVE('',#963,#961,#438,.T.);
#1172=EDGE_CURVE('',#964,#962,#439,.T.);
#1173=EDGE_CURVE('',#963,#964,#440,.T.);
#1174=EDGE_CURVE('',#965,#963,#441,.T.);
#1175=EDGE_CURVE('',#966,#964,#442,.T.);
#1176=EDGE_CURVE('',#965,#966,#443,.T.);
#1177=EDGE_CURVE('',#967,#965,#444,.T.);
#1178=EDGE_CURVE('',#968,#966,#445,.T.);
#1179=EDGE_CURVE('',#967,#968,#446,.T.);
#1180=EDGE_CURVE('',#969,#967,#447,.T.);
#1181=EDGE_CURVE('',#970,#968,#448,.T.);
#1182=EDGE_CURVE('',#969,#970,#449,.T.);
#1183=EDGE_CURVE('',#971,#969,#450,.T.);
#1184=EDGE_CURVE('',#972,#970,#451,.T.);
#1185=EDGE_CURVE('',#971,#972,#452,.T.);
#1186=EDGE_CURVE('',#973,#971,#453,.T.);
#1187=EDGE_CURVE('',#974,#972,#454,.T.);
#1188=EDGE_CURVE('',#973,#974,#455,.T.);
#1189=EDGE_CURVE('',#975,#973,#456,.T.);
#1190=EDGE_CURVE('',#976,#974,#457,.T.);
#1191=EDGE_CURVE('',#975,#976,#458,.T.);
#1192=EDGE_CURVE('',#958,#975,#459,.T.);
#1193=EDGE_CURVE('',#959,#976,#460,.T.);
#1194=EDGE_CURVE('',#977,#978,#461,.T.);
#1195=EDGE_CURVE('',#979,#977,#462,.T.);
#1196=EDGE_CURVE('',#980,#979,#463,.T.);
#1197=EDGE_CURVE('',#978,#980,#464,.T.);
#1198=EDGE_CURVE('',#981,#979,#465,.T.);
#1199=EDGE_CURVE('',#981,#982,#466,.T.);
#1200=EDGE_CURVE('',#982,#980,#467,.T.);
#1201=EDGE_CURVE('',#977,#983,#468,.T.);
#1202=EDGE_CURVE('',#983,#984,#469,.T.);
#1203=EDGE_CURVE('',#984,#985,#470,.T.);
#1204=EDGE_CURVE('',#985,#986,#471,.T.);
#1205=EDGE_CURVE('',#986,#987,#472,.T.);
#1206=EDGE_CURVE('',#987,#981,#473,.T.);
#1207=EDGE_CURVE('',#988,#989,#474,.T.);
#1208=EDGE_CURVE('',#988,#990,#475,.T.);
#1209=EDGE_CURVE('',#991,#990,#476,.T.);
#1210=EDGE_CURVE('',#989,#991,#477,.T.);
#1211=EDGE_CURVE('',#992,#988,#478,.T.);
#1212=EDGE_CURVE('',#993,#992,#479,.T.);
#1213=EDGE_CURVE('',#990,#993,#480,.T.);
#1214=EDGE_CURVE('',#989,#994,#481,.T.);
#1215=EDGE_CURVE('',#995,#991,#482,.T.);
#1216=EDGE_CURVE('',#994,#995,#483,.T.);
#1217=EDGE_CURVE('',#996,#978,#484,.T.);
#1218=EDGE_CURVE('',#996,#983,#485,.T.);
#1219=EDGE_CURVE('',#997,#996,#486,.T.);
#1220=EDGE_CURVE('',#984,#997,#487,.T.);
#1221=EDGE_CURVE('',#994,#998,#488,.T.);
#1222=EDGE_CURVE('',#998,#999,#489,.T.);
#1223=EDGE_CURVE('',#999,#1000,#490,.T.);
#1224=EDGE_CURVE('',#1000,#1001,#491,.T.);
#1225=EDGE_CURVE('',#1001,#1002,#492,.T.);
#1226=EDGE_CURVE('',#1002,#992,#493,.T.);
#1227=EDGE_CURVE('',#1003,#995,#494,.T.);
#1228=EDGE_CURVE('',#1003,#998,#495,.T.);
#1229=EDGE_CURVE('',#997,#1004,#496,.T.);
#1230=EDGE_CURVE('',#1004,#985,#497,.T.);
#1231=EDGE_CURVE('',#982,#1005,#498,.T.);
#1232=EDGE_CURVE('',#1005,#1006,#499,.T.);
#1233=EDGE_CURVE('',#1006,#1007,#500,.T.);
#1234=EDGE_CURVE('',#1007,#1004,#501,.T.);
#1235=EDGE_CURVE('',#1008,#1009,#502,.T.);
#1236=EDGE_CURVE('',#1008,#1010,#503,.T.);
#1237=EDGE_CURVE('',#1011,#1010,#504,.T.);
#1238=EDGE_CURVE('',#1009,#1011,#505,.T.);
#1239=EDGE_CURVE('',#1012,#1008,#891,.T.);
#1240=EDGE_CURVE('',#1012,#1013,#506,.T.);
#1241=EDGE_CURVE('',#1010,#1013,#892,.T.);
#1242=EDGE_CURVE('',#1014,#1012,#507,.T.);
#1243=EDGE_CURVE('',#1014,#1015,#508,.T.);
#1244=EDGE_CURVE('',#1013,#1015,#509,.T.);
#1245=EDGE_CURVE('',#1016,#1014,#510,.T.);
#1246=EDGE_CURVE('',#1016,#1017,#511,.T.);
#1247=EDGE_CURVE('',#1015,#1017,#512,.T.);
#1248=EDGE_CURVE('',#1009,#1016,#893,.T.);
#1249=EDGE_CURVE('',#1017,#1011,#894,.T.);
#1250=EDGE_CURVE('',#1018,#1019,#895,.T.);
#1251=EDGE_CURVE('',#1020,#1018,#513,.T.);
#1252=EDGE_CURVE('',#1021,#1020,#896,.T.);
#1253=EDGE_CURVE('',#1019,#1021,#514,.T.);
#1254=EDGE_CURVE('',#1019,#1022,#515,.T.);
#1255=EDGE_CURVE('',#1023,#1022,#516,.T.);
#1256=EDGE_CURVE('',#1023,#1024,#517,.T.);
#1257=EDGE_CURVE('',#1024,#1025,#518,.T.);
#1258=EDGE_CURVE('',#1025,#1026,#519,.T.);
#1259=EDGE_CURVE('',#1026,#1027,#520,.T.);
#1260=EDGE_CURVE('',#1027,#1028,#521,.T.);
#1261=EDGE_CURVE('',#1028,#1029,#522,.T.);
#1262=EDGE_CURVE('',#1029,#1030,#523,.T.);
#1263=EDGE_CURVE('',#1030,#1031,#524,.T.);
#1264=EDGE_CURVE('',#1031,#1032,#525,.T.);
#1265=EDGE_CURVE('',#1032,#1033,#526,.T.);
#1266=EDGE_CURVE('',#1033,#1018,#527,.T.);
#1267=EDGE_CURVE('',#1034,#1021,#528,.T.);
#1268=EDGE_CURVE('',#1022,#1034,#529,.T.);
#1269=EDGE_CURVE('',#1033,#1035,#530,.T.);
#1270=EDGE_CURVE('',#1020,#1035,#531,.T.);
#1271=EDGE_CURVE('',#1035,#1036,#532,.T.);
#1272=EDGE_CURVE('',#1036,#1037,#533,.T.);
#1273=EDGE_CURVE('',#1037,#1038,#534,.T.);
#1274=EDGE_CURVE('',#1038,#1039,#535,.T.);
#1275=EDGE_CURVE('',#1040,#1039,#536,.T.);
#1276=EDGE_CURVE('',#1040,#1041,#537,.T.);
#1277=EDGE_CURVE('',#1041,#1042,#538,.T.);
#1278=EDGE_CURVE('',#1042,#1043,#539,.T.);
#1279=EDGE_CURVE('',#1043,#1044,#540,.T.);
#1280=EDGE_CURVE('',#1044,#1045,#541,.T.);
#1281=EDGE_CURVE('',#1045,#1034,#542,.T.);
#1282=EDGE_CURVE('',#1023,#1045,#543,.T.);
#1283=EDGE_CURVE('',#1024,#1044,#544,.T.);
#1284=EDGE_CURVE('',#1032,#1036,#545,.T.);
#1285=EDGE_CURVE('',#1031,#1037,#546,.T.);
#1286=EDGE_CURVE('',#1046,#1047,#547,.T.);
#1287=EDGE_CURVE('',#1048,#1046,#548,.T.);
#1288=EDGE_CURVE('',#1049,#1048,#549,.T.);
#1289=EDGE_CURVE('',#1049,#1047,#550,.T.);
#1290=EDGE_CURVE('',#1025,#1050,#897,.T.);
#1291=EDGE_CURVE('',#1051,#1043,#898,.T.);
#1292=EDGE_CURVE('',#1047,#1051,#551,.T.);
#1293=EDGE_CURVE('',#1050,#1049,#552,.T.);
#1294=EDGE_CURVE('',#1052,#1030,#899,.T.);
#1295=EDGE_CURVE('',#1048,#1052,#553,.T.);
#1296=EDGE_CURVE('',#1053,#1046,#554,.T.);
#1297=EDGE_CURVE('',#1038,#1053,#900,.T.);
#1298=EDGE_CURVE('',#1029,#1054,#901,.T.);
#1299=EDGE_CURVE('',#1052,#1054,#555,.T.);
#1300=EDGE_CURVE('',#1055,#1050,#556,.T.);
#1301=EDGE_CURVE('',#1055,#1026,#902,.T.);
#1302=EDGE_CURVE('',#1054,#1056,#557,.T.);
#1303=EDGE_CURVE('',#1056,#1007,#558,.T.);
#1304=EDGE_CURVE('',#1006,#1057,#559,.T.);
#1305=EDGE_CURVE('',#1057,#1058,#560,.T.);
#1306=EDGE_CURVE('',#1058,#1059,#561,.T.);
#1307=EDGE_CURVE('',#1059,#1060,#562,.T.);
#1308=EDGE_CURVE('',#1061,#1060,#563,.T.);
#1309=EDGE_CURVE('',#1061,#1062,#564,.T.);
#1310=EDGE_CURVE('',#1062,#1000,#565,.T.);
#1311=EDGE_CURVE('',#1063,#999,#566,.T.);
#1312=EDGE_CURVE('',#1063,#1055,#567,.T.);
#1313=EDGE_CURVE('',#1051,#1064,#568,.T.);
#1314=EDGE_CURVE('',#1065,#1064,#569,.T.);
#1315=EDGE_CURVE('',#1065,#1066,#570,.T.);
#1316=EDGE_CURVE('',#1066,#1067,#571,.T.);
#1317=EDGE_CURVE('',#1067,#1068,#572,.T.);
#1318=EDGE_CURVE('',#1068,#1069,#573,.T.);
#1319=EDGE_CURVE('',#1069,#1070,#574,.T.);
#1320=EDGE_CURVE('',#1070,#1071,#575,.T.);
#1321=EDGE_CURVE('',#1071,#1072,#576,.T.);
#1322=EDGE_CURVE('',#1072,#1073,#577,.T.);
#1323=EDGE_CURVE('',#1073,#1074,#578,.T.);
#1324=EDGE_CURVE('',#1075,#1074,#579,.T.);
#1325=EDGE_CURVE('',#1075,#1053,#580,.T.);
#1326=EDGE_CURVE('',#1042,#1064,#903,.T.);
#1327=EDGE_CURVE('',#1076,#1077,#581,.T.);
#1328=EDGE_CURVE('',#1076,#1060,#904,.T.);
#1329=EDGE_CURVE('',#1059,#1077,#905,.T.);
#1330=EDGE_CURVE('',#1077,#1078,#582,.T.);
#1331=EDGE_CURVE('',#1079,#1078,#583,.T.);
#1332=EDGE_CURVE('',#1079,#1080,#584,.T.);
#1333=EDGE_CURVE('',#1077,#1080,#585,.T.);
#1334=EDGE_CURVE('',#1078,#1081,#586,.T.);
#1335=EDGE_CURVE('',#1082,#1081,#587,.T.);
#1336=EDGE_CURVE('',#1082,#1079,#588,.T.);
#1337=EDGE_CURVE('',#1081,#1076,#589,.T.);
#1338=EDGE_CURVE('',#1081,#1069,#906,.T.);
#1339=EDGE_CURVE('',#1060,#1069,#590,.T.);
#1340=EDGE_CURVE('',#1070,#1059,#591,.T.);
#1341=EDGE_CURVE('',#1078,#1070,#907,.T.);
#1342=EDGE_CURVE('',#1083,#1076,#592,.T.);
#1343=EDGE_CURVE('',#1082,#1083,#593,.T.);
#1344=EDGE_CURVE('',#1080,#1083,#594,.T.);
#1345=EDGE_CURVE('',#1061,#1068,#595,.T.);
#1346=EDGE_CURVE('',#1062,#1067,#596,.T.);
#1347=EDGE_CURVE('',#1058,#1071,#597,.T.);
#1348=EDGE_CURVE('',#1057,#1072,#598,.T.);
#1349=EDGE_CURVE('',#1073,#986,#908,.T.);
#1350=EDGE_CURVE('',#985,#1074,#909,.T.);
#1351=EDGE_CURVE('',#1074,#1056,#599,.T.);
#1352=EDGE_CURVE('',#1084,#1005,#910,.T.);
#1353=EDGE_CURVE('',#1085,#1084,#600,.T.);
#1354=EDGE_CURVE('',#1085,#1086,#601,.T.);
#1355=EDGE_CURVE('',#1087,#1086,#602,.T.);
#1356=EDGE_CURVE('',#987,#1087,#911,.T.);
#1357=EDGE_CURVE('',#1088,#1066,#912,.T.);
#1358=EDGE_CURVE('',#1089,#1088,#603,.T.);
#1359=EDGE_CURVE('',#1090,#1089,#913,.T.);
#1360=EDGE_CURVE('',#1091,#1090,#604,.T.);
#1361=EDGE_CURVE('',#1091,#1092,#605,.T.);
#1362=EDGE_CURVE('',#1093,#1092,#606,.T.);
#1363=EDGE_CURVE('',#1001,#1093,#914,.T.);
#1364=EDGE_CURVE('',#1086,#1091,#607,.T.);
#1365=EDGE_CURVE('',#1092,#1085,#608,.T.);
#1366=EDGE_CURVE('',#1065,#1003,#915,.T.);
#1367=EDGE_CURVE('',#1088,#1003,#609,.T.);
#1368=EDGE_CURVE('',#1094,#1087,#610,.T.);
#1369=EDGE_CURVE('',#1094,#981,#916,.T.);
#1370=EDGE_CURVE('',#1084,#1095,#611,.T.);
#1371=EDGE_CURVE('',#1095,#1096,#612,.T.);
#1372=EDGE_CURVE('',#1096,#1097,#613,.T.);
#1373=EDGE_CURVE('',#1097,#1098,#614,.T.);
#1374=EDGE_CURVE('',#1098,#1093,#615,.T.);
#1375=EDGE_CURVE('',#982,#1095,#917,.T.);
#1376=EDGE_CURVE('',#1026,#1042,#616,.T.);
#1377=EDGE_CURVE('',#1041,#1027,#617,.T.);
#1378=EDGE_CURVE('',#1039,#1029,#618,.T.);
#1379=EDGE_CURVE('',#1039,#1075,#918,.T.);
#1380=EDGE_CURVE('',#1054,#1075,#619,.T.);
#1381=EDGE_CURVE('',#1064,#1055,#620,.T.);
#1382=EDGE_CURVE('',#1040,#1028,#621,.T.);
#1383=EDGE_CURVE('',#1099,#1100,#622,.T.);
#1384=EDGE_CURVE('',#1099,#1097,#919,.T.);
#1385=EDGE_CURVE('',#1096,#1100,#920,.T.);
#1386=EDGE_CURVE('',#1100,#1101,#623,.T.);
#1387=EDGE_CURVE('',#1102,#1101,#624,.T.);
#1388=EDGE_CURVE('',#1102,#1103,#625,.T.);
#1389=EDGE_CURVE('',#1100,#1103,#626,.T.);
#1390=EDGE_CURVE('',#1101,#1104,#627,.T.);
#1391=EDGE_CURVE('',#1105,#1104,#628,.T.);
#1392=EDGE_CURVE('',#1105,#1102,#629,.T.);
#1393=EDGE_CURVE('',#1104,#1099,#630,.T.);
#1394=EDGE_CURVE('',#1104,#1106,#921,.T.);
#1395=EDGE_CURVE('',#1097,#1106,#631,.T.);
#1396=EDGE_CURVE('',#1107,#1096,#632,.T.);
#1397=EDGE_CURVE('',#1101,#1107,#922,.T.);
#1398=EDGE_CURVE('',#1108,#1099,#633,.T.);
#1399=EDGE_CURVE('',#1105,#1108,#634,.T.);
#1400=EDGE_CURVE('',#1103,#1108,#635,.T.);
#1401=EDGE_CURVE('',#1106,#1107,#636,.T.);
#1402=EDGE_CURVE('',#1090,#1109,#637,.T.);
#1403=EDGE_CURVE('',#1106,#1109,#638,.T.);
#1404=EDGE_CURVE('',#1107,#1094,#639,.T.);
#1405=EDGE_CURVE('',#1098,#1002,#923,.T.);
#1406=EDGE_CURVE('',#1095,#1094,#640,.T.);
#1407=EDGE_CURVE('',#1109,#1098,#641,.T.);
#1408=EDGE_CURVE('',#1109,#1110,#924,.T.);
#1409=EDGE_CURVE('',#1002,#1110,#642,.T.);
#1410=EDGE_CURVE('',#1110,#1089,#643,.T.);
#1411=EDGE_CURVE('',#993,#1110,#644,.T.);
#1412=EDGE_CURVE('',#1063,#1065,#645,.T.);
#1413=EDGE_CURVE('',#1111,#1112,#925,.T.);
#1414=EDGE_CURVE('',#1111,#1113,#36,.T.);
#1415=EDGE_CURVE('',#1112,#1113,#926,.T.);
#1416=EDGE_CURVE('',#1112,#1114,#927,.T.);
#1417=EDGE_CURVE('',#1115,#1114,#928,.T.);
#1418=EDGE_CURVE('',#1116,#1115,#37,.T.);
#1419=EDGE_CURVE('',#1117,#1116,#38,.T.);
#1420=EDGE_CURVE('',#1118,#1117,#39,.T.);
#1421=EDGE_CURVE('',#1119,#1118,#40,.T.);
#1422=EDGE_CURVE('',#1114,#1119,#929,.T.);
#1423=EDGE_CURVE('',#1120,#1120,#930,.T.);
#1424=EDGE_CURVE('',#1120,#1121,#646,.T.);
#1425=EDGE_CURVE('',#1121,#1122,#931,.T.);
#1426=EDGE_CURVE('',#1122,#1121,#932,.T.);
#1427=EDGE_CURVE('',#1123,#1124,#28,.T.);
#1428=EDGE_CURVE('',#1123,#1125,#933,.T.);
#1429=EDGE_CURVE('',#1124,#1125,#29,.T.);
#1430=EDGE_CURVE('',#1122,#1126,#934,.T.);
#1431=EDGE_CURVE('',#1125,#1126,#41,.T.);
#1432=EDGE_CURVE('',#1126,#1123,#42,.T.);
#1433=EDGE_CURVE('',#1113,#1127,#30,.T.);
#1434=EDGE_CURVE('',#1127,#1111,#31,.T.);
#1435=EDGE_CURVE('',#1124,#1127,#647,.T.);
#1436=EDGE_CURVE('',#1115,#1119,#648,.T.);
#1437=EDGE_CURVE('',#1118,#1116,#43,.F.);
#1438=EDGE_CURVE('',#1128,#1129,#935,.T.);
#1439=EDGE_CURVE('',#1128,#1130,#44,.T.);
#1440=EDGE_CURVE('',#1129,#1130,#936,.T.);
#1441=EDGE_CURVE('',#1129,#1131,#937,.T.);
#1442=EDGE_CURVE('',#1132,#1131,#938,.T.);
#1443=EDGE_CURVE('',#1133,#1132,#45,.T.);
#1444=EDGE_CURVE('',#1134,#1133,#46,.T.);
#1445=EDGE_CURVE('',#1135,#1134,#47,.T.);
#1446=EDGE_CURVE('',#1136,#1135,#48,.T.);
#1447=EDGE_CURVE('',#1137,#1136,#49,.T.);
#1448=EDGE_CURVE('',#1131,#1137,#939,.T.);
#1449=EDGE_CURVE('',#1138,#1138,#940,.T.);
#1450=EDGE_CURVE('',#1138,#1139,#649,.T.);
#1451=EDGE_CURVE('',#1139,#1140,#941,.T.);
#1452=EDGE_CURVE('',#1140,#1139,#942,.T.);
#1453=EDGE_CURVE('',#1141,#1142,#32,.T.);
#1454=EDGE_CURVE('',#1141,#1143,#943,.T.);
#1455=EDGE_CURVE('',#1142,#1143,#33,.T.);
#1456=EDGE_CURVE('',#1140,#1143,#944,.T.);
#1457=EDGE_CURVE('',#1143,#1141,#50,.T.);
#1458=EDGE_CURVE('',#1130,#1144,#34,.T.);
#1459=EDGE_CURVE('',#1144,#1128,#35,.T.);
#1460=EDGE_CURVE('',#1142,#1144,#650,.T.);
#1461=EDGE_CURVE('',#1132,#1137,#651,.T.);
#1462=EDGE_CURVE('',#1145,#1136,#51,.T.);
#1463=EDGE_CURVE('',#1133,#1145,#52,.T.);
#1464=EDGE_CURVE('',#1145,#1117,#53,.T.);
#1465=ORIENTED_EDGE('',*,*,#1146,.F.);
#1466=ORIENTED_EDGE('',*,*,#1147,.T.);
#1467=ORIENTED_EDGE('',*,*,#1148,.F.);
#1468=ORIENTED_EDGE('',*,*,#1147,.F.);
#1469=ORIENTED_EDGE('',*,*,#1146,.T.);
#1470=ORIENTED_EDGE('',*,*,#1149,.F.);
#1471=ORIENTED_EDGE('',*,*,#1150,.T.);
#1472=ORIENTED_EDGE('',*,*,#1151,.T.);
#1473=ORIENTED_EDGE('',*,*,#1150,.F.);
#1474=ORIENTED_EDGE('',*,*,#1149,.T.);
#1475=ORIENTED_EDGE('',*,*,#1151,.F.);
#1476=ORIENTED_EDGE('',*,*,#1148,.T.);
#1477=ORIENTED_EDGE('',*,*,#1152,.T.);
#1478=ORIENTED_EDGE('',*,*,#1153,.T.);
#1479=ORIENTED_EDGE('',*,*,#1154,.F.);
#1480=ORIENTED_EDGE('',*,*,#1153,.F.);
#1481=ORIENTED_EDGE('',*,*,#1152,.F.);
#1482=ORIENTED_EDGE('',*,*,#1155,.T.);
#1483=ORIENTED_EDGE('',*,*,#1156,.T.);
#1484=ORIENTED_EDGE('',*,*,#1157,.F.);
#1485=ORIENTED_EDGE('',*,*,#1158,.F.);
#1486=ORIENTED_EDGE('',*,*,#1159,.F.);
#1487=ORIENTED_EDGE('',*,*,#1160,.T.);
#1488=ORIENTED_EDGE('',*,*,#1161,.T.);
#1489=ORIENTED_EDGE('',*,*,#1160,.F.);
#1490=ORIENTED_EDGE('',*,*,#1162,.T.);
#1491=ORIENTED_EDGE('',*,*,#1163,.T.);
#1492=ORIENTED_EDGE('',*,*,#1164,.F.);
#1493=ORIENTED_EDGE('',*,*,#1165,.F.);
#1494=ORIENTED_EDGE('',*,*,#1166,.T.);
#1495=ORIENTED_EDGE('',*,*,#1165,.T.);
#1496=ORIENTED_EDGE('',*,*,#1167,.F.);
#1497=ORIENTED_EDGE('',*,*,#1156,.F.);
#1498=ORIENTED_EDGE('',*,*,#1168,.F.);
#1499=ORIENTED_EDGE('',*,*,#1158,.T.);
#1500=ORIENTED_EDGE('',*,*,#1169,.F.);
#1501=ORIENTED_EDGE('',*,*,#1170,.F.);
#1502=ORIENTED_EDGE('',*,*,#1171,.T.);
#1503=ORIENTED_EDGE('',*,*,#1170,.T.);
#1504=ORIENTED_EDGE('',*,*,#1172,.F.);
#1505=ORIENTED_EDGE('',*,*,#1173,.F.);
#1506=ORIENTED_EDGE('',*,*,#1174,.T.);
#1507=ORIENTED_EDGE('',*,*,#1173,.T.);
#1508=ORIENTED_EDGE('',*,*,#1175,.F.);
#1509=ORIENTED_EDGE('',*,*,#1176,.F.);
#1510=ORIENTED_EDGE('',*,*,#1177,.T.);
#1511=ORIENTED_EDGE('',*,*,#1176,.T.);
#1512=ORIENTED_EDGE('',*,*,#1178,.F.);
#1513=ORIENTED_EDGE('',*,*,#1179,.F.);
#1514=ORIENTED_EDGE('',*,*,#1180,.T.);
#1515=ORIENTED_EDGE('',*,*,#1179,.T.);
#1516=ORIENTED_EDGE('',*,*,#1181,.F.);
#1517=ORIENTED_EDGE('',*,*,#1182,.F.);
#1518=ORIENTED_EDGE('',*,*,#1183,.T.);
#1519=ORIENTED_EDGE('',*,*,#1182,.T.);
#1520=ORIENTED_EDGE('',*,*,#1184,.F.);
#1521=ORIENTED_EDGE('',*,*,#1185,.F.);
#1522=ORIENTED_EDGE('',*,*,#1186,.T.);
#1523=ORIENTED_EDGE('',*,*,#1185,.T.);
#1524=ORIENTED_EDGE('',*,*,#1187,.F.);
#1525=ORIENTED_EDGE('',*,*,#1188,.F.);
#1526=ORIENTED_EDGE('',*,*,#1189,.T.);
#1527=ORIENTED_EDGE('',*,*,#1188,.T.);
#1528=ORIENTED_EDGE('',*,*,#1190,.F.);
#1529=ORIENTED_EDGE('',*,*,#1191,.F.);
#1530=ORIENTED_EDGE('',*,*,#1192,.T.);
#1531=ORIENTED_EDGE('',*,*,#1191,.T.);
#1532=ORIENTED_EDGE('',*,*,#1193,.F.);
#1533=ORIENTED_EDGE('',*,*,#1163,.F.);
#1534=ORIENTED_EDGE('',*,*,#1193,.T.);
#1535=ORIENTED_EDGE('',*,*,#1190,.T.);
#1536=ORIENTED_EDGE('',*,*,#1187,.T.);
#1537=ORIENTED_EDGE('',*,*,#1184,.T.);
#1538=ORIENTED_EDGE('',*,*,#1181,.T.);
#1539=ORIENTED_EDGE('',*,*,#1178,.T.);
#1540=ORIENTED_EDGE('',*,*,#1175,.T.);
#1541=ORIENTED_EDGE('',*,*,#1172,.T.);
#1542=ORIENTED_EDGE('',*,*,#1169,.T.);
#1543=ORIENTED_EDGE('',*,*,#1157,.T.);
#1544=ORIENTED_EDGE('',*,*,#1167,.T.);
#1545=ORIENTED_EDGE('',*,*,#1164,.T.);
#1546=ORIENTED_EDGE('',*,*,#1159,.T.);
#1547=ORIENTED_EDGE('',*,*,#1192,.F.);
#1548=ORIENTED_EDGE('',*,*,#1162,.F.);
#1549=ORIENTED_EDGE('',*,*,#1166,.F.);
#1550=ORIENTED_EDGE('',*,*,#1155,.F.);
#1551=ORIENTED_EDGE('',*,*,#1168,.T.);
#1552=ORIENTED_EDGE('',*,*,#1171,.F.);
#1553=ORIENTED_EDGE('',*,*,#1174,.F.);
#1554=ORIENTED_EDGE('',*,*,#1177,.F.);
#1555=ORIENTED_EDGE('',*,*,#1180,.F.);
#1556=ORIENTED_EDGE('',*,*,#1183,.F.);
#1557=ORIENTED_EDGE('',*,*,#1186,.F.);
#1558=ORIENTED_EDGE('',*,*,#1189,.F.);
#1559=ORIENTED_EDGE('',*,*,#1154,.T.);
#1560=ORIENTED_EDGE('',*,*,#1161,.F.);
#1561=ORIENTED_EDGE('',*,*,#1194,.F.);
#1562=ORIENTED_EDGE('',*,*,#1195,.F.);
#1563=ORIENTED_EDGE('',*,*,#1196,.F.);
#1564=ORIENTED_EDGE('',*,*,#1197,.F.);
#1565=ORIENTED_EDGE('',*,*,#1196,.T.);
#1566=ORIENTED_EDGE('',*,*,#1198,.F.);
#1567=ORIENTED_EDGE('',*,*,#1199,.T.);
#1568=ORIENTED_EDGE('',*,*,#1200,.T.);
#1569=ORIENTED_EDGE('',*,*,#1195,.T.);
#1570=ORIENTED_EDGE('',*,*,#1201,.T.);
#1571=ORIENTED_EDGE('',*,*,#1202,.T.);
#1572=ORIENTED_EDGE('',*,*,#1203,.T.);
#1573=ORIENTED_EDGE('',*,*,#1204,.T.);
#1574=ORIENTED_EDGE('',*,*,#1205,.T.);
#1575=ORIENTED_EDGE('',*,*,#1206,.T.);
#1576=ORIENTED_EDGE('',*,*,#1198,.T.);
#1577=ORIENTED_EDGE('',*,*,#1207,.F.);
#1578=ORIENTED_EDGE('',*,*,#1208,.T.);
#1579=ORIENTED_EDGE('',*,*,#1209,.F.);
#1580=ORIENTED_EDGE('',*,*,#1210,.F.);
#1581=ORIENTED_EDGE('',*,*,#1211,.F.);
#1582=ORIENTED_EDGE('',*,*,#1212,.F.);
#1583=ORIENTED_EDGE('',*,*,#1213,.F.);
#1584=ORIENTED_EDGE('',*,*,#1208,.F.);
#1585=ORIENTED_EDGE('',*,*,#1214,.F.);
#1586=ORIENTED_EDGE('',*,*,#1210,.T.);
#1587=ORIENTED_EDGE('',*,*,#1215,.F.);
#1588=ORIENTED_EDGE('',*,*,#1216,.F.);
#1589=ORIENTED_EDGE('',*,*,#1217,.F.);
#1590=ORIENTED_EDGE('',*,*,#1218,.T.);
#1591=ORIENTED_EDGE('',*,*,#1201,.F.);
#1592=ORIENTED_EDGE('',*,*,#1194,.T.);
#1593=ORIENTED_EDGE('',*,*,#1219,.F.);
#1594=ORIENTED_EDGE('',*,*,#1220,.F.);
#1595=ORIENTED_EDGE('',*,*,#1202,.F.);
#1596=ORIENTED_EDGE('',*,*,#1218,.F.);
#1597=ORIENTED_EDGE('',*,*,#1211,.T.);
#1598=ORIENTED_EDGE('',*,*,#1207,.T.);
#1599=ORIENTED_EDGE('',*,*,#1214,.T.);
#1600=ORIENTED_EDGE('',*,*,#1221,.T.);
#1601=ORIENTED_EDGE('',*,*,#1222,.T.);
#1602=ORIENTED_EDGE('',*,*,#1223,.T.);
#1603=ORIENTED_EDGE('',*,*,#1224,.T.);
#1604=ORIENTED_EDGE('',*,*,#1225,.T.);
#1605=ORIENTED_EDGE('',*,*,#1226,.T.);
#1606=ORIENTED_EDGE('',*,*,#1216,.T.);
#1607=ORIENTED_EDGE('',*,*,#1227,.F.);
#1608=ORIENTED_EDGE('',*,*,#1228,.T.);
#1609=ORIENTED_EDGE('',*,*,#1221,.F.);
#1610=ORIENTED_EDGE('',*,*,#1220,.T.);
#1611=ORIENTED_EDGE('',*,*,#1229,.T.);
#1612=ORIENTED_EDGE('',*,*,#1230,.T.);
#1613=ORIENTED_EDGE('',*,*,#1203,.F.);
#1614=ORIENTED_EDGE('',*,*,#1197,.T.);
#1615=ORIENTED_EDGE('',*,*,#1200,.F.);
#1616=ORIENTED_EDGE('',*,*,#1231,.T.);
#1617=ORIENTED_EDGE('',*,*,#1232,.T.);
#1618=ORIENTED_EDGE('',*,*,#1233,.T.);
#1619=ORIENTED_EDGE('',*,*,#1234,.T.);
#1620=ORIENTED_EDGE('',*,*,#1229,.F.);
#1621=ORIENTED_EDGE('',*,*,#1219,.T.);
#1622=ORIENTED_EDGE('',*,*,#1217,.T.);
#1623=ORIENTED_EDGE('',*,*,#1235,.F.);
#1624=ORIENTED_EDGE('',*,*,#1236,.T.);
#1625=ORIENTED_EDGE('',*,*,#1237,.F.);
#1626=ORIENTED_EDGE('',*,*,#1238,.F.);
#1627=ORIENTED_EDGE('',*,*,#1239,.F.);
#1628=ORIENTED_EDGE('',*,*,#1240,.T.);
#1629=ORIENTED_EDGE('',*,*,#1241,.F.);
#1630=ORIENTED_EDGE('',*,*,#1236,.F.);
#1631=ORIENTED_EDGE('',*,*,#1242,.F.);
#1632=ORIENTED_EDGE('',*,*,#1243,.T.);
#1633=ORIENTED_EDGE('',*,*,#1244,.F.);
#1634=ORIENTED_EDGE('',*,*,#1240,.F.);
#1635=ORIENTED_EDGE('',*,*,#1245,.F.);
#1636=ORIENTED_EDGE('',*,*,#1246,.T.);
#1637=ORIENTED_EDGE('',*,*,#1247,.F.);
#1638=ORIENTED_EDGE('',*,*,#1243,.F.);
#1639=ORIENTED_EDGE('',*,*,#1248,.F.);
#1640=ORIENTED_EDGE('',*,*,#1238,.T.);
#1641=ORIENTED_EDGE('',*,*,#1249,.F.);
#1642=ORIENTED_EDGE('',*,*,#1246,.F.);
#1643=ORIENTED_EDGE('',*,*,#1250,.F.);
#1644=ORIENTED_EDGE('',*,*,#1251,.F.);
#1645=ORIENTED_EDGE('',*,*,#1252,.F.);
#1646=ORIENTED_EDGE('',*,*,#1253,.F.);
#1647=ORIENTED_EDGE('',*,*,#1250,.T.);
#1648=ORIENTED_EDGE('',*,*,#1254,.T.);
#1649=ORIENTED_EDGE('',*,*,#1255,.F.);
#1650=ORIENTED_EDGE('',*,*,#1256,.T.);
#1651=ORIENTED_EDGE('',*,*,#1257,.T.);
#1652=ORIENTED_EDGE('',*,*,#1258,.T.);
#1653=ORIENTED_EDGE('',*,*,#1259,.T.);
#1654=ORIENTED_EDGE('',*,*,#1260,.T.);
#1655=ORIENTED_EDGE('',*,*,#1261,.T.);
#1656=ORIENTED_EDGE('',*,*,#1262,.T.);
#1657=ORIENTED_EDGE('',*,*,#1263,.T.);
#1658=ORIENTED_EDGE('',*,*,#1264,.T.);
#1659=ORIENTED_EDGE('',*,*,#1265,.T.);
#1660=ORIENTED_EDGE('',*,*,#1266,.T.);
#1661=ORIENTED_EDGE('',*,*,#1235,.T.);
#1662=ORIENTED_EDGE('',*,*,#1248,.T.);
#1663=ORIENTED_EDGE('',*,*,#1245,.T.);
#1664=ORIENTED_EDGE('',*,*,#1242,.T.);
#1665=ORIENTED_EDGE('',*,*,#1239,.T.);
#1666=ORIENTED_EDGE('',*,*,#1253,.T.);
#1667=ORIENTED_EDGE('',*,*,#1267,.F.);
#1668=ORIENTED_EDGE('',*,*,#1268,.F.);
#1669=ORIENTED_EDGE('',*,*,#1254,.F.);
#1670=ORIENTED_EDGE('',*,*,#1251,.T.);
#1671=ORIENTED_EDGE('',*,*,#1266,.F.);
#1672=ORIENTED_EDGE('',*,*,#1269,.T.);
#1673=ORIENTED_EDGE('',*,*,#1270,.F.);
#1674=ORIENTED_EDGE('',*,*,#1252,.T.);
#1675=ORIENTED_EDGE('',*,*,#1270,.T.);
#1676=ORIENTED_EDGE('',*,*,#1271,.T.);
#1677=ORIENTED_EDGE('',*,*,#1272,.T.);
#1678=ORIENTED_EDGE('',*,*,#1273,.T.);
#1679=ORIENTED_EDGE('',*,*,#1274,.T.);
#1680=ORIENTED_EDGE('',*,*,#1275,.F.);
#1681=ORIENTED_EDGE('',*,*,#1276,.T.);
#1682=ORIENTED_EDGE('',*,*,#1277,.T.);
#1683=ORIENTED_EDGE('',*,*,#1278,.T.);
#1684=ORIENTED_EDGE('',*,*,#1279,.T.);
#1685=ORIENTED_EDGE('',*,*,#1280,.T.);
#1686=ORIENTED_EDGE('',*,*,#1281,.T.);
#1687=ORIENTED_EDGE('',*,*,#1267,.T.);
#1688=ORIENTED_EDGE('',*,*,#1237,.T.);
#1689=ORIENTED_EDGE('',*,*,#1241,.T.);
#1690=ORIENTED_EDGE('',*,*,#1244,.T.);
#1691=ORIENTED_EDGE('',*,*,#1247,.T.);
#1692=ORIENTED_EDGE('',*,*,#1249,.T.);
#1693=ORIENTED_EDGE('',*,*,#1255,.T.);
#1694=ORIENTED_EDGE('',*,*,#1268,.T.);
#1695=ORIENTED_EDGE('',*,*,#1281,.F.);
#1696=ORIENTED_EDGE('',*,*,#1282,.F.);
#1697=ORIENTED_EDGE('',*,*,#1256,.F.);
#1698=ORIENTED_EDGE('',*,*,#1282,.T.);
#1699=ORIENTED_EDGE('',*,*,#1280,.F.);
#1700=ORIENTED_EDGE('',*,*,#1283,.F.);
#1701=ORIENTED_EDGE('',*,*,#1265,.F.);
#1702=ORIENTED_EDGE('',*,*,#1284,.T.);
#1703=ORIENTED_EDGE('',*,*,#1271,.F.);
#1704=ORIENTED_EDGE('',*,*,#1269,.F.);
#1705=ORIENTED_EDGE('',*,*,#1264,.F.);
#1706=ORIENTED_EDGE('',*,*,#1285,.T.);
#1707=ORIENTED_EDGE('',*,*,#1272,.F.);
#1708=ORIENTED_EDGE('',*,*,#1284,.F.);
#1709=ORIENTED_EDGE('',*,*,#1286,.F.);
#1710=ORIENTED_EDGE('',*,*,#1287,.F.);
#1711=ORIENTED_EDGE('',*,*,#1288,.F.);
#1712=ORIENTED_EDGE('',*,*,#1289,.T.);
#1713=ORIENTED_EDGE('',*,*,#1290,.F.);
#1714=ORIENTED_EDGE('',*,*,#1257,.F.);
#1715=ORIENTED_EDGE('',*,*,#1283,.T.);
#1716=ORIENTED_EDGE('',*,*,#1279,.F.);
#1717=ORIENTED_EDGE('',*,*,#1291,.F.);
#1718=ORIENTED_EDGE('',*,*,#1292,.F.);
#1719=ORIENTED_EDGE('',*,*,#1289,.F.);
#1720=ORIENTED_EDGE('',*,*,#1293,.F.);
#1721=ORIENTED_EDGE('',*,*,#1294,.F.);
#1722=ORIENTED_EDGE('',*,*,#1295,.F.);
#1723=ORIENTED_EDGE('',*,*,#1287,.T.);
#1724=ORIENTED_EDGE('',*,*,#1296,.F.);
#1725=ORIENTED_EDGE('',*,*,#1297,.F.);
#1726=ORIENTED_EDGE('',*,*,#1273,.F.);
#1727=ORIENTED_EDGE('',*,*,#1285,.F.);
#1728=ORIENTED_EDGE('',*,*,#1263,.F.);
#1729=ORIENTED_EDGE('',*,*,#1294,.T.);
#1730=ORIENTED_EDGE('',*,*,#1262,.F.);
#1731=ORIENTED_EDGE('',*,*,#1298,.T.);
#1732=ORIENTED_EDGE('',*,*,#1299,.F.);
#1733=ORIENTED_EDGE('',*,*,#1290,.T.);
#1734=ORIENTED_EDGE('',*,*,#1300,.F.);
#1735=ORIENTED_EDGE('',*,*,#1301,.T.);
#1736=ORIENTED_EDGE('',*,*,#1258,.F.);
#1737=ORIENTED_EDGE('',*,*,#1293,.T.);
#1738=ORIENTED_EDGE('',*,*,#1288,.T.);
#1739=ORIENTED_EDGE('',*,*,#1295,.T.);
#1740=ORIENTED_EDGE('',*,*,#1299,.T.);
#1741=ORIENTED_EDGE('',*,*,#1302,.T.);
#1742=ORIENTED_EDGE('',*,*,#1303,.T.);
#1743=ORIENTED_EDGE('',*,*,#1233,.F.);
#1744=ORIENTED_EDGE('',*,*,#1304,.T.);
#1745=ORIENTED_EDGE('',*,*,#1305,.T.);
#1746=ORIENTED_EDGE('',*,*,#1306,.T.);
#1747=ORIENTED_EDGE('',*,*,#1307,.T.);
#1748=ORIENTED_EDGE('',*,*,#1308,.F.);
#1749=ORIENTED_EDGE('',*,*,#1309,.T.);
#1750=ORIENTED_EDGE('',*,*,#1310,.T.);
#1751=ORIENTED_EDGE('',*,*,#1223,.F.);
#1752=ORIENTED_EDGE('',*,*,#1311,.F.);
#1753=ORIENTED_EDGE('',*,*,#1312,.T.);
#1754=ORIENTED_EDGE('',*,*,#1300,.T.);
#1755=ORIENTED_EDGE('',*,*,#1296,.T.);
#1756=ORIENTED_EDGE('',*,*,#1286,.T.);
#1757=ORIENTED_EDGE('',*,*,#1292,.T.);
#1758=ORIENTED_EDGE('',*,*,#1313,.T.);
#1759=ORIENTED_EDGE('',*,*,#1314,.F.);
#1760=ORIENTED_EDGE('',*,*,#1315,.T.);
#1761=ORIENTED_EDGE('',*,*,#1316,.T.);
#1762=ORIENTED_EDGE('',*,*,#1317,.T.);
#1763=ORIENTED_EDGE('',*,*,#1318,.T.);
#1764=ORIENTED_EDGE('',*,*,#1319,.T.);
#1765=ORIENTED_EDGE('',*,*,#1320,.T.);
#1766=ORIENTED_EDGE('',*,*,#1321,.T.);
#1767=ORIENTED_EDGE('',*,*,#1322,.T.);
#1768=ORIENTED_EDGE('',*,*,#1323,.T.);
#1769=ORIENTED_EDGE('',*,*,#1324,.F.);
#1770=ORIENTED_EDGE('',*,*,#1325,.T.);
#1771=ORIENTED_EDGE('',*,*,#1291,.T.);
#1772=ORIENTED_EDGE('',*,*,#1278,.F.);
#1773=ORIENTED_EDGE('',*,*,#1326,.T.);
#1774=ORIENTED_EDGE('',*,*,#1313,.F.);
#1775=ORIENTED_EDGE('',*,*,#1327,.F.);
#1776=ORIENTED_EDGE('',*,*,#1328,.T.);
#1777=ORIENTED_EDGE('',*,*,#1307,.F.);
#1778=ORIENTED_EDGE('',*,*,#1329,.T.);
#1779=ORIENTED_EDGE('',*,*,#1330,.T.);
#1780=ORIENTED_EDGE('',*,*,#1331,.F.);
#1781=ORIENTED_EDGE('',*,*,#1332,.T.);
#1782=ORIENTED_EDGE('',*,*,#1333,.F.);
#1783=ORIENTED_EDGE('',*,*,#1334,.T.);
#1784=ORIENTED_EDGE('',*,*,#1335,.F.);
#1785=ORIENTED_EDGE('',*,*,#1336,.T.);
#1786=ORIENTED_EDGE('',*,*,#1331,.T.);
#1787=ORIENTED_EDGE('',*,*,#1337,.F.);
#1788=ORIENTED_EDGE('',*,*,#1338,.T.);
#1789=ORIENTED_EDGE('',*,*,#1339,.F.);
#1790=ORIENTED_EDGE('',*,*,#1328,.F.);
#1791=ORIENTED_EDGE('',*,*,#1330,.F.);
#1792=ORIENTED_EDGE('',*,*,#1329,.F.);
#1793=ORIENTED_EDGE('',*,*,#1340,.F.);
#1794=ORIENTED_EDGE('',*,*,#1341,.F.);
#1795=ORIENTED_EDGE('',*,*,#1337,.T.);
#1796=ORIENTED_EDGE('',*,*,#1342,.F.);
#1797=ORIENTED_EDGE('',*,*,#1343,.F.);
#1798=ORIENTED_EDGE('',*,*,#1335,.T.);
#1799=ORIENTED_EDGE('',*,*,#1336,.F.);
#1800=ORIENTED_EDGE('',*,*,#1343,.T.);
#1801=ORIENTED_EDGE('',*,*,#1344,.F.);
#1802=ORIENTED_EDGE('',*,*,#1332,.F.);
#1803=ORIENTED_EDGE('',*,*,#1334,.F.);
#1804=ORIENTED_EDGE('',*,*,#1341,.T.);
#1805=ORIENTED_EDGE('',*,*,#1319,.F.);
#1806=ORIENTED_EDGE('',*,*,#1338,.F.);
#1807=ORIENTED_EDGE('',*,*,#1327,.T.);
#1808=ORIENTED_EDGE('',*,*,#1333,.T.);
#1809=ORIENTED_EDGE('',*,*,#1344,.T.);
#1810=ORIENTED_EDGE('',*,*,#1342,.T.);
#1811=ORIENTED_EDGE('',*,*,#1339,.T.);
#1812=ORIENTED_EDGE('',*,*,#1318,.F.);
#1813=ORIENTED_EDGE('',*,*,#1345,.F.);
#1814=ORIENTED_EDGE('',*,*,#1308,.T.);
#1815=ORIENTED_EDGE('',*,*,#1309,.F.);
#1816=ORIENTED_EDGE('',*,*,#1345,.T.);
#1817=ORIENTED_EDGE('',*,*,#1317,.F.);
#1818=ORIENTED_EDGE('',*,*,#1346,.F.);
#1819=ORIENTED_EDGE('',*,*,#1340,.T.);
#1820=ORIENTED_EDGE('',*,*,#1306,.F.);
#1821=ORIENTED_EDGE('',*,*,#1347,.T.);
#1822=ORIENTED_EDGE('',*,*,#1320,.F.);
#1823=ORIENTED_EDGE('',*,*,#1305,.F.);
#1824=ORIENTED_EDGE('',*,*,#1348,.T.);
#1825=ORIENTED_EDGE('',*,*,#1321,.F.);
#1826=ORIENTED_EDGE('',*,*,#1347,.F.);
#1827=ORIENTED_EDGE('',*,*,#1349,.T.);
#1828=ORIENTED_EDGE('',*,*,#1204,.F.);
#1829=ORIENTED_EDGE('',*,*,#1350,.T.);
#1830=ORIENTED_EDGE('',*,*,#1323,.F.);
#1831=ORIENTED_EDGE('',*,*,#1303,.F.);
#1832=ORIENTED_EDGE('',*,*,#1351,.F.);
#1833=ORIENTED_EDGE('',*,*,#1350,.F.);
#1834=ORIENTED_EDGE('',*,*,#1230,.F.);
#1835=ORIENTED_EDGE('',*,*,#1234,.F.);
#1836=ORIENTED_EDGE('',*,*,#1349,.F.);
#1837=ORIENTED_EDGE('',*,*,#1322,.F.);
#1838=ORIENTED_EDGE('',*,*,#1348,.F.);
#1839=ORIENTED_EDGE('',*,*,#1304,.F.);
#1840=ORIENTED_EDGE('',*,*,#1232,.F.);
#1841=ORIENTED_EDGE('',*,*,#1352,.F.);
#1842=ORIENTED_EDGE('',*,*,#1353,.F.);
#1843=ORIENTED_EDGE('',*,*,#1354,.T.);
#1844=ORIENTED_EDGE('',*,*,#1355,.F.);
#1845=ORIENTED_EDGE('',*,*,#1356,.F.);
#1846=ORIENTED_EDGE('',*,*,#1205,.F.);
#1847=ORIENTED_EDGE('',*,*,#1357,.F.);
#1848=ORIENTED_EDGE('',*,*,#1358,.F.);
#1849=ORIENTED_EDGE('',*,*,#1359,.F.);
#1850=ORIENTED_EDGE('',*,*,#1360,.F.);
#1851=ORIENTED_EDGE('',*,*,#1361,.T.);
#1852=ORIENTED_EDGE('',*,*,#1362,.F.);
#1853=ORIENTED_EDGE('',*,*,#1363,.F.);
#1854=ORIENTED_EDGE('',*,*,#1224,.F.);
#1855=ORIENTED_EDGE('',*,*,#1310,.F.);
#1856=ORIENTED_EDGE('',*,*,#1346,.T.);
#1857=ORIENTED_EDGE('',*,*,#1316,.F.);
#1858=ORIENTED_EDGE('',*,*,#1364,.F.);
#1859=ORIENTED_EDGE('',*,*,#1354,.F.);
#1860=ORIENTED_EDGE('',*,*,#1365,.F.);
#1861=ORIENTED_EDGE('',*,*,#1361,.F.);
#1862=ORIENTED_EDGE('',*,*,#1357,.T.);
#1863=ORIENTED_EDGE('',*,*,#1315,.F.);
#1864=ORIENTED_EDGE('',*,*,#1366,.T.);
#1865=ORIENTED_EDGE('',*,*,#1367,.F.);
#1866=ORIENTED_EDGE('',*,*,#1356,.T.);
#1867=ORIENTED_EDGE('',*,*,#1368,.F.);
#1868=ORIENTED_EDGE('',*,*,#1369,.T.);
#1869=ORIENTED_EDGE('',*,*,#1206,.F.);
#1870=ORIENTED_EDGE('',*,*,#1362,.T.);
#1871=ORIENTED_EDGE('',*,*,#1365,.T.);
#1872=ORIENTED_EDGE('',*,*,#1353,.T.);
#1873=ORIENTED_EDGE('',*,*,#1370,.T.);
#1874=ORIENTED_EDGE('',*,*,#1371,.T.);
#1875=ORIENTED_EDGE('',*,*,#1372,.T.);
#1876=ORIENTED_EDGE('',*,*,#1373,.T.);
#1877=ORIENTED_EDGE('',*,*,#1374,.T.);
#1878=ORIENTED_EDGE('',*,*,#1352,.T.);
#1879=ORIENTED_EDGE('',*,*,#1231,.F.);
#1880=ORIENTED_EDGE('',*,*,#1375,.T.);
#1881=ORIENTED_EDGE('',*,*,#1370,.F.);
#1882=ORIENTED_EDGE('',*,*,#1376,.T.);
#1883=ORIENTED_EDGE('',*,*,#1277,.F.);
#1884=ORIENTED_EDGE('',*,*,#1377,.T.);
#1885=ORIENTED_EDGE('',*,*,#1259,.F.);
#1886=ORIENTED_EDGE('',*,*,#1378,.F.);
#1887=ORIENTED_EDGE('',*,*,#1379,.T.);
#1888=ORIENTED_EDGE('',*,*,#1380,.F.);
#1889=ORIENTED_EDGE('',*,*,#1298,.F.);
#1890=ORIENTED_EDGE('',*,*,#1376,.F.);
#1891=ORIENTED_EDGE('',*,*,#1301,.F.);
#1892=ORIENTED_EDGE('',*,*,#1381,.F.);
#1893=ORIENTED_EDGE('',*,*,#1326,.F.);
#1894=ORIENTED_EDGE('',*,*,#1378,.T.);
#1895=ORIENTED_EDGE('',*,*,#1261,.F.);
#1896=ORIENTED_EDGE('',*,*,#1382,.F.);
#1897=ORIENTED_EDGE('',*,*,#1275,.T.);
#1898=ORIENTED_EDGE('',*,*,#1276,.F.);
#1899=ORIENTED_EDGE('',*,*,#1382,.T.);
#1900=ORIENTED_EDGE('',*,*,#1260,.F.);
#1901=ORIENTED_EDGE('',*,*,#1377,.F.);
#1902=ORIENTED_EDGE('',*,*,#1297,.T.);
#1903=ORIENTED_EDGE('',*,*,#1325,.F.);
#1904=ORIENTED_EDGE('',*,*,#1379,.F.);
#1905=ORIENTED_EDGE('',*,*,#1274,.F.);
#1906=ORIENTED_EDGE('',*,*,#1383,.F.);
#1907=ORIENTED_EDGE('',*,*,#1384,.T.);
#1908=ORIENTED_EDGE('',*,*,#1372,.F.);
#1909=ORIENTED_EDGE('',*,*,#1385,.T.);
#1910=ORIENTED_EDGE('',*,*,#1386,.T.);
#1911=ORIENTED_EDGE('',*,*,#1387,.F.);
#1912=ORIENTED_EDGE('',*,*,#1388,.T.);
#1913=ORIENTED_EDGE('',*,*,#1389,.F.);
#1914=ORIENTED_EDGE('',*,*,#1390,.T.);
#1915=ORIENTED_EDGE('',*,*,#1391,.F.);
#1916=ORIENTED_EDGE('',*,*,#1392,.T.);
#1917=ORIENTED_EDGE('',*,*,#1387,.T.);
#1918=ORIENTED_EDGE('',*,*,#1393,.F.);
#1919=ORIENTED_EDGE('',*,*,#1394,.T.);
#1920=ORIENTED_EDGE('',*,*,#1395,.F.);
#1921=ORIENTED_EDGE('',*,*,#1384,.F.);
#1922=ORIENTED_EDGE('',*,*,#1386,.F.);
#1923=ORIENTED_EDGE('',*,*,#1385,.F.);
#1924=ORIENTED_EDGE('',*,*,#1396,.F.);
#1925=ORIENTED_EDGE('',*,*,#1397,.F.);
#1926=ORIENTED_EDGE('',*,*,#1393,.T.);
#1927=ORIENTED_EDGE('',*,*,#1398,.F.);
#1928=ORIENTED_EDGE('',*,*,#1399,.F.);
#1929=ORIENTED_EDGE('',*,*,#1391,.T.);
#1930=ORIENTED_EDGE('',*,*,#1392,.F.);
#1931=ORIENTED_EDGE('',*,*,#1399,.T.);
#1932=ORIENTED_EDGE('',*,*,#1400,.F.);
#1933=ORIENTED_EDGE('',*,*,#1388,.F.);
#1934=ORIENTED_EDGE('',*,*,#1390,.F.);
#1935=ORIENTED_EDGE('',*,*,#1397,.T.);
#1936=ORIENTED_EDGE('',*,*,#1401,.F.);
#1937=ORIENTED_EDGE('',*,*,#1394,.F.);
#1938=ORIENTED_EDGE('',*,*,#1383,.T.);
#1939=ORIENTED_EDGE('',*,*,#1389,.T.);
#1940=ORIENTED_EDGE('',*,*,#1400,.T.);
#1941=ORIENTED_EDGE('',*,*,#1398,.T.);
#1942=ORIENTED_EDGE('',*,*,#1360,.T.);
#1943=ORIENTED_EDGE('',*,*,#1402,.T.);
#1944=ORIENTED_EDGE('',*,*,#1403,.F.);
#1945=ORIENTED_EDGE('',*,*,#1401,.T.);
#1946=ORIENTED_EDGE('',*,*,#1404,.T.);
#1947=ORIENTED_EDGE('',*,*,#1368,.T.);
#1948=ORIENTED_EDGE('',*,*,#1355,.T.);
#1949=ORIENTED_EDGE('',*,*,#1364,.T.);
#1950=ORIENTED_EDGE('',*,*,#1363,.T.);
#1951=ORIENTED_EDGE('',*,*,#1374,.F.);
#1952=ORIENTED_EDGE('',*,*,#1405,.T.);
#1953=ORIENTED_EDGE('',*,*,#1225,.F.);
#1954=ORIENTED_EDGE('',*,*,#1396,.T.);
#1955=ORIENTED_EDGE('',*,*,#1371,.F.);
#1956=ORIENTED_EDGE('',*,*,#1406,.T.);
#1957=ORIENTED_EDGE('',*,*,#1404,.F.);
#1958=ORIENTED_EDGE('',*,*,#1407,.F.);
#1959=ORIENTED_EDGE('',*,*,#1408,.T.);
#1960=ORIENTED_EDGE('',*,*,#1409,.F.);
#1961=ORIENTED_EDGE('',*,*,#1405,.F.);
#1962=ORIENTED_EDGE('',*,*,#1406,.F.);
#1963=ORIENTED_EDGE('',*,*,#1375,.F.);
#1964=ORIENTED_EDGE('',*,*,#1199,.F.);
#1965=ORIENTED_EDGE('',*,*,#1369,.F.);
#1966=ORIENTED_EDGE('',*,*,#1395,.T.);
#1967=ORIENTED_EDGE('',*,*,#1403,.T.);
#1968=ORIENTED_EDGE('',*,*,#1407,.T.);
#1969=ORIENTED_EDGE('',*,*,#1373,.F.);
#1970=ORIENTED_EDGE('',*,*,#1359,.T.);
#1971=ORIENTED_EDGE('',*,*,#1410,.F.);
#1972=ORIENTED_EDGE('',*,*,#1408,.F.);
#1973=ORIENTED_EDGE('',*,*,#1402,.F.);
#1974=ORIENTED_EDGE('',*,*,#1212,.T.);
#1975=ORIENTED_EDGE('',*,*,#1226,.F.);
#1976=ORIENTED_EDGE('',*,*,#1409,.T.);
#1977=ORIENTED_EDGE('',*,*,#1411,.F.);
#1978=ORIENTED_EDGE('',*,*,#1311,.T.);
#1979=ORIENTED_EDGE('',*,*,#1222,.F.);
#1980=ORIENTED_EDGE('',*,*,#1228,.F.);
#1981=ORIENTED_EDGE('',*,*,#1366,.F.);
#1982=ORIENTED_EDGE('',*,*,#1412,.F.);
#1983=ORIENTED_EDGE('',*,*,#1213,.T.);
#1984=ORIENTED_EDGE('',*,*,#1411,.T.);
#1985=ORIENTED_EDGE('',*,*,#1410,.T.);
#1986=ORIENTED_EDGE('',*,*,#1358,.T.);
#1987=ORIENTED_EDGE('',*,*,#1367,.T.);
#1988=ORIENTED_EDGE('',*,*,#1227,.T.);
#1989=ORIENTED_EDGE('',*,*,#1215,.T.);
#1990=ORIENTED_EDGE('',*,*,#1209,.T.);
#1991=ORIENTED_EDGE('',*,*,#1381,.T.);
#1992=ORIENTED_EDGE('',*,*,#1312,.F.);
#1993=ORIENTED_EDGE('',*,*,#1412,.T.);
#1994=ORIENTED_EDGE('',*,*,#1314,.T.);
#1995=ORIENTED_EDGE('',*,*,#1380,.T.);
#1996=ORIENTED_EDGE('',*,*,#1324,.T.);
#1997=ORIENTED_EDGE('',*,*,#1351,.T.);
#1998=ORIENTED_EDGE('',*,*,#1302,.F.);
#1999=ORIENTED_EDGE('',*,*,#1413,.F.);
#2000=ORIENTED_EDGE('',*,*,#1414,.T.);
#2001=ORIENTED_EDGE('',*,*,#1415,.F.);
#2002=ORIENTED_EDGE('',*,*,#1416,.T.);
#2003=ORIENTED_EDGE('',*,*,#1417,.F.);
#2004=ORIENTED_EDGE('',*,*,#1418,.F.);
#2005=ORIENTED_EDGE('',*,*,#1419,.F.);
#2006=ORIENTED_EDGE('',*,*,#1420,.F.);
#2007=ORIENTED_EDGE('',*,*,#1421,.F.);
#2008=ORIENTED_EDGE('',*,*,#1422,.F.);
#2009=ORIENTED_EDGE('',*,*,#1416,.F.);
#2010=ORIENTED_EDGE('',*,*,#1423,.T.);
#2011=ORIENTED_EDGE('',*,*,#1423,.F.);
#2012=ORIENTED_EDGE('',*,*,#1424,.T.);
#2013=ORIENTED_EDGE('',*,*,#1425,.T.);
#2014=ORIENTED_EDGE('',*,*,#1426,.T.);
#2015=ORIENTED_EDGE('',*,*,#1424,.F.);
#2016=ORIENTED_EDGE('',*,*,#1427,.F.);
#2017=ORIENTED_EDGE('',*,*,#1428,.T.);
#2018=ORIENTED_EDGE('',*,*,#1429,.F.);
#2019=ORIENTED_EDGE('',*,*,#1425,.F.);
#2020=ORIENTED_EDGE('',*,*,#1426,.F.);
#2021=ORIENTED_EDGE('',*,*,#1430,.T.);
#2022=ORIENTED_EDGE('',*,*,#1431,.F.);
#2023=ORIENTED_EDGE('',*,*,#1428,.F.);
#2024=ORIENTED_EDGE('',*,*,#1432,.F.);
#2025=ORIENTED_EDGE('',*,*,#1430,.F.);
#2026=ORIENTED_EDGE('',*,*,#1433,.T.);
#2027=ORIENTED_EDGE('',*,*,#1434,.T.);
#2028=ORIENTED_EDGE('',*,*,#1413,.T.);
#2029=ORIENTED_EDGE('',*,*,#1415,.T.);
#2030=ORIENTED_EDGE('',*,*,#1427,.T.);
#2031=ORIENTED_EDGE('',*,*,#1435,.T.);
#2032=ORIENTED_EDGE('',*,*,#1433,.F.);
#2033=ORIENTED_EDGE('',*,*,#1414,.F.);
#2034=ORIENTED_EDGE('',*,*,#1434,.F.);
#2035=ORIENTED_EDGE('',*,*,#1435,.F.);
#2036=ORIENTED_EDGE('',*,*,#1429,.T.);
#2037=ORIENTED_EDGE('',*,*,#1431,.T.);
#2038=ORIENTED_EDGE('',*,*,#1432,.T.);
#2039=ORIENTED_EDGE('',*,*,#1436,.F.);
#2040=ORIENTED_EDGE('',*,*,#1417,.T.);
#2041=ORIENTED_EDGE('',*,*,#1422,.T.);
#2042=ORIENTED_EDGE('',*,*,#1418,.T.);
#2043=ORIENTED_EDGE('',*,*,#1436,.T.);
#2044=ORIENTED_EDGE('',*,*,#1421,.T.);
#2045=ORIENTED_EDGE('',*,*,#1437,.T.);
#2046=ORIENTED_EDGE('',*,*,#1438,.F.);
#2047=ORIENTED_EDGE('',*,*,#1439,.T.);
#2048=ORIENTED_EDGE('',*,*,#1440,.F.);
#2049=ORIENTED_EDGE('',*,*,#1441,.T.);
#2050=ORIENTED_EDGE('',*,*,#1442,.F.);
#2051=ORIENTED_EDGE('',*,*,#1443,.F.);
#2052=ORIENTED_EDGE('',*,*,#1444,.F.);
#2053=ORIENTED_EDGE('',*,*,#1445,.F.);
#2054=ORIENTED_EDGE('',*,*,#1446,.F.);
#2055=ORIENTED_EDGE('',*,*,#1447,.F.);
#2056=ORIENTED_EDGE('',*,*,#1448,.F.);
#2057=ORIENTED_EDGE('',*,*,#1441,.F.);
#2058=ORIENTED_EDGE('',*,*,#1449,.T.);
#2059=ORIENTED_EDGE('',*,*,#1449,.F.);
#2060=ORIENTED_EDGE('',*,*,#1450,.T.);
#2061=ORIENTED_EDGE('',*,*,#1451,.T.);
#2062=ORIENTED_EDGE('',*,*,#1452,.T.);
#2063=ORIENTED_EDGE('',*,*,#1450,.F.);
#2064=ORIENTED_EDGE('',*,*,#1453,.F.);
#2065=ORIENTED_EDGE('',*,*,#1454,.T.);
#2066=ORIENTED_EDGE('',*,*,#1455,.F.);
#2067=ORIENTED_EDGE('',*,*,#1451,.F.);
#2068=ORIENTED_EDGE('',*,*,#1452,.F.);
#2069=ORIENTED_EDGE('',*,*,#1456,.T.);
#2070=ORIENTED_EDGE('',*,*,#1454,.F.);
#2071=ORIENTED_EDGE('',*,*,#1457,.F.);
#2072=ORIENTED_EDGE('',*,*,#1456,.F.);
#2073=ORIENTED_EDGE('',*,*,#1458,.T.);
#2074=ORIENTED_EDGE('',*,*,#1459,.T.);
#2075=ORIENTED_EDGE('',*,*,#1438,.T.);
#2076=ORIENTED_EDGE('',*,*,#1440,.T.);
#2077=ORIENTED_EDGE('',*,*,#1453,.T.);
#2078=ORIENTED_EDGE('',*,*,#1460,.T.);
#2079=ORIENTED_EDGE('',*,*,#1458,.F.);
#2080=ORIENTED_EDGE('',*,*,#1439,.F.);
#2081=ORIENTED_EDGE('',*,*,#1459,.F.);
#2082=ORIENTED_EDGE('',*,*,#1460,.F.);
#2083=ORIENTED_EDGE('',*,*,#1455,.T.);
#2084=ORIENTED_EDGE('',*,*,#1457,.T.);
#2085=ORIENTED_EDGE('',*,*,#1461,.F.);
#2086=ORIENTED_EDGE('',*,*,#1442,.T.);
#2087=ORIENTED_EDGE('',*,*,#1448,.T.);
#2088=ORIENTED_EDGE('',*,*,#1443,.T.);
#2089=ORIENTED_EDGE('',*,*,#1461,.T.);
#2090=ORIENTED_EDGE('',*,*,#1447,.T.);
#2091=ORIENTED_EDGE('',*,*,#1462,.F.);
#2092=ORIENTED_EDGE('',*,*,#1463,.F.);
#2093=ORIENTED_EDGE('',*,*,#1419,.T.);
#2094=ORIENTED_EDGE('',*,*,#1437,.F.);
#2095=ORIENTED_EDGE('',*,*,#1420,.T.);
#2096=ORIENTED_EDGE('',*,*,#1464,.F.);
#2097=ORIENTED_EDGE('',*,*,#1462,.T.);
#2098=ORIENTED_EDGE('',*,*,#1446,.T.);
#2099=ORIENTED_EDGE('',*,*,#1445,.T.);
#2100=ORIENTED_EDGE('',*,*,#1444,.T.);
#2101=ORIENTED_EDGE('',*,*,#1463,.T.);
#2102=ORIENTED_EDGE('',*,*,#1464,.T.);
#2103=CYLINDRICAL_SURFACE('',#2307,1.1);
#2104=CYLINDRICAL_SURFACE('',#2311,1.5);
#2105=CYLINDRICAL_SURFACE('',#2321,1.97459975048694);
#2106=CYLINDRICAL_SURFACE('',#2324,0.5);
#2107=CYLINDRICAL_SURFACE('',#2354,0.75);
#2108=CYLINDRICAL_SURFACE('',#2359,0.75);
#2109=CYLINDRICAL_SURFACE('',#2362,1.);
#2110=CYLINDRICAL_SURFACE('',#2380,0.88);
#2111=CYLINDRICAL_SURFACE('',#2382,0.88);
#2112=CYLINDRICAL_SURFACE('',#2386,0.0799999999999999);
#2113=CYLINDRICAL_SURFACE('',#2388,0.880000000000001);
#2114=CYLINDRICAL_SURFACE('',#2399,0.0800000000000006);
#2115=CYLINDRICAL_SURFACE('',#2405,0.88);
#2116=CYLINDRICAL_SURFACE('',#2417,0.88);
#2117=CYLINDRICAL_SURFACE('',#2419,0.0800000000000011);
#2118=CYLINDRICAL_SURFACE('',#2422,0.879999999999993);
#2119=CYLINDRICAL_SURFACE('',#2430,0.0799999999999999);
#2120=CYLINDRICAL_SURFACE('',#2431,0.879999999999989);
#2121=CYLINDRICAL_SURFACE('',#2442,0.0799999999999989);
#2122=CYLINDRICAL_SURFACE('',#2445,0.879999999999993);
#2123=CYLINDRICAL_SURFACE('',#2452,0.0800000000000011);
#2124=CYLINDRICAL_SURFACE('',#2467,0.150000000000001);
#2125=CYLINDRICAL_SURFACE('',#2470,0.150000000000001);
#2126=CYLINDRICAL_SURFACE('',#2476,0.150000000000001);
#2127=CYLINDRICAL_SURFACE('',#2479,0.150000000000001);
#2128=CYLINDRICAL_SURFACE('',#2490,0.15);
#2129=CYLINDRICAL_SURFACE('',#2493,0.15);
#2130=CYLINDRICAL_SURFACE('',#2499,0.15);
#2131=CYLINDRICAL_SURFACE('',#2502,0.15);
#2132=ADVANCED_FACE('',(#170),#2103,.T.);
#2133=ADVANCED_FACE('',(#171),#81,.T.);
#2134=ADVANCED_FACE('',(#172),#2104,.T.);
#2135=ADVANCED_FACE('',(#173),#82,.T.);
#2136=ADVANCED_FACE('',(#174,#75),#83,.F.);
#2137=ADVANCED_FACE('',(#175),#58,.T.);
#2138=ADVANCED_FACE('',(#176),#84,.T.);
#2139=ADVANCED_FACE('',(#177),#2105,.T.);
#2140=ADVANCED_FACE('',(#178),#2106,.F.);
#2141=ADVANCED_FACE('',(#179),#85,.T.);
#2142=ADVANCED_FACE('',(#180),#86,.T.);
#2143=ADVANCED_FACE('',(#181),#87,.T.);
#2144=ADVANCED_FACE('',(#182),#88,.T.);
#2145=ADVANCED_FACE('',(#183),#89,.T.);
#2146=ADVANCED_FACE('',(#184),#90,.T.);
#2147=ADVANCED_FACE('',(#185),#91,.T.);
#2148=ADVANCED_FACE('',(#186),#92,.T.);
#2149=ADVANCED_FACE('',(#187),#93,.T.);
#2150=ADVANCED_FACE('',(#188),#94,.T.);
#2151=ADVANCED_FACE('',(#189),#95,.T.);
#2152=ADVANCED_FACE('',(#190,#76),#96,.T.);
#2153=ADVANCED_FACE('',(#191,#77,#78),#97,.F.);
#2154=ADVANCED_FACE('',(#192),#98,.F.);
#2155=ADVANCED_FACE('',(#193),#99,.T.);
#2156=ADVANCED_FACE('',(#194),#100,.T.);
#2157=ADVANCED_FACE('',(#195),#101,.F.);
#2158=ADVANCED_FACE('',(#196),#102,.F.);
#2159=ADVANCED_FACE('',(#197),#103,.F.);
#2160=ADVANCED_FACE('',(#198),#104,.F.);
#2161=ADVANCED_FACE('',(#199),#105,.F.);
#2162=ADVANCED_FACE('',(#200),#106,.F.);
#2163=ADVANCED_FACE('',(#201),#107,.T.);
#2164=ADVANCED_FACE('',(#202),#108,.T.);
#2165=ADVANCED_FACE('',(#203),#109,.F.);
#2166=ADVANCED_FACE('',(#204),#110,.F.);
#2167=ADVANCED_FACE('',(#205),#2107,.F.);
#2168=ADVANCED_FACE('',(#206),#111,.F.);
#2169=ADVANCED_FACE('',(#207),#112,.F.);
#2170=ADVANCED_FACE('',(#208),#2108,.F.);
#2171=ADVANCED_FACE('',(#209),#2109,.F.);
#2172=ADVANCED_FACE('',(#210,#79),#113,.F.);
#2173=ADVANCED_FACE('',(#211),#114,.T.);
#2174=ADVANCED_FACE('',(#212),#115,.T.);
#2175=ADVANCED_FACE('',(#213,#80),#116,.T.);
#2176=ADVANCED_FACE('',(#214),#117,.F.);
#2177=ADVANCED_FACE('',(#215),#118,.F.);
#2178=ADVANCED_FACE('',(#216),#119,.F.);
#2179=ADVANCED_FACE('',(#217),#120,.F.);
#2180=ADVANCED_FACE('',(#218),#121,.F.);
#2181=ADVANCED_FACE('',(#219),#122,.F.);
#2182=ADVANCED_FACE('',(#220),#123,.F.);
#2183=ADVANCED_FACE('',(#221),#2110,.T.);
#2184=ADVANCED_FACE('',(#222),#2111,.T.);
#2185=ADVANCED_FACE('',(#223),#124,.F.);
#2186=ADVANCED_FACE('',(#224),#125,.T.);
#2187=ADVANCED_FACE('',(#225),#2112,.F.);
#2188=ADVANCED_FACE('',(#226),#2113,.T.);
#2189=ADVANCED_FACE('',(#227),#126,.T.);
#2190=ADVANCED_FACE('',(#228),#127,.F.);
#2191=ADVANCED_FACE('',(#229),#128,.T.);
#2192=ADVANCED_FACE('',(#230),#129,.T.);
#2193=ADVANCED_FACE('',(#231),#130,.T.);
#2194=ADVANCED_FACE('',(#232),#131,.T.);
#2195=ADVANCED_FACE('',(#233),#2114,.F.);
#2196=ADVANCED_FACE('',(#234),#132,.T.);
#2197=ADVANCED_FACE('',(#235),#133,.F.);
#2198=ADVANCED_FACE('',(#236),#134,.F.);
#2199=ADVANCED_FACE('',(#237),#135,.F.);
#2200=ADVANCED_FACE('',(#238),#136,.F.);
#2201=ADVANCED_FACE('',(#239),#2115,.T.);
#2202=ADVANCED_FACE('',(#240),#137,.T.);
#2203=ADVANCED_FACE('',(#241),#138,.F.);
#2204=ADVANCED_FACE('',(#242),#139,.F.);
#2205=ADVANCED_FACE('',(#243),#140,.F.);
#2206=ADVANCED_FACE('',(#244),#2116,.T.);
#2207=ADVANCED_FACE('',(#245),#2117,.F.);
#2208=ADVANCED_FACE('',(#246),#141,.T.);
#2209=ADVANCED_FACE('',(#247),#2118,.T.);
#2210=ADVANCED_FACE('',(#248),#142,.T.);
#2211=ADVANCED_FACE('',(#249),#143,.T.);
#2212=ADVANCED_FACE('',(#250),#144,.T.);
#2213=ADVANCED_FACE('',(#251),#145,.T.);
#2214=ADVANCED_FACE('',(#252),#146,.T.);
#2215=ADVANCED_FACE('',(#253),#2119,.F.);
#2216=ADVANCED_FACE('',(#254),#2120,.T.);
#2217=ADVANCED_FACE('',(#255),#147,.T.);
#2218=ADVANCED_FACE('',(#256),#148,.F.);
#2219=ADVANCED_FACE('',(#257),#149,.T.);
#2220=ADVANCED_FACE('',(#258),#150,.T.);
#2221=ADVANCED_FACE('',(#259),#151,.T.);
#2222=ADVANCED_FACE('',(#260),#152,.T.);
#2223=ADVANCED_FACE('',(#261),#2121,.F.);
#2224=ADVANCED_FACE('',(#262),#153,.T.);
#2225=ADVANCED_FACE('',(#263),#154,.F.);
#2226=ADVANCED_FACE('',(#264),#2122,.T.);
#2227=ADVANCED_FACE('',(#265),#155,.T.);
#2228=ADVANCED_FACE('',(#266),#156,.T.);
#2229=ADVANCED_FACE('',(#267),#157,.T.);
#2230=ADVANCED_FACE('',(#268),#158,.T.);
#2231=ADVANCED_FACE('',(#269),#2123,.F.);
#2232=ADVANCED_FACE('',(#270),#159,.T.);
#2233=ADVANCED_FACE('',(#271),#160,.T.);
#2234=ADVANCED_FACE('',(#272),#161,.T.);
#2235=ADVANCED_FACE('',(#273),#162,.T.);
#2236=ADVANCED_FACE('',(#274),#163,.T.);
#2237=ADVANCED_FACE('',(#275),#54,.T.);
#2238=ADVANCED_FACE('',(#276),#164,.F.);
#2239=ADVANCED_FACE('',(#277),#2124,.T.);
#2240=ADVANCED_FACE('',(#278),#2125,.T.);
#2241=ADVANCED_FACE('',(#279),#55,.T.);
#2242=ADVANCED_FACE('',(#280),#2126,.T.);
#2243=ADVANCED_FACE('',(#281),#2127,.T.);
#2244=ADVANCED_FACE('',(#282),#165,.T.);
#2245=ADVANCED_FACE('',(#283),#166,.T.);
#2246=ADVANCED_FACE('',(#284),#56,.T.);
#2247=ADVANCED_FACE('',(#285),#167,.F.);
#2248=ADVANCED_FACE('',(#286),#2128,.T.);
#2249=ADVANCED_FACE('',(#287),#2129,.T.);
#2250=ADVANCED_FACE('',(#288),#57,.T.);
#2251=ADVANCED_FACE('',(#289),#2130,.T.);
#2252=ADVANCED_FACE('',(#290),#2131,.T.);
#2253=ADVANCED_FACE('',(#291),#168,.T.);
#2254=ADVANCED_FACE('',(#292),#169,.F.);
#2255=ADVANCED_FACE('',(#293),#27,.T.);
#2256=CLOSED_SHELL('',(#2132,#2133,#2134,#2135,#2136));
#2257=CLOSED_SHELL('',(#2137,#2138,#2139,#2140,#2141,#2142,#2143,#2144,
#2145,#2146,#2147,#2148,#2149,#2150,#2151,#2152,#2153));
#2258=CLOSED_SHELL('',(#2154,#2155,#2156,#2157,#2158,#2159,#2160,#2161,
#2162,#2163,#2164,#2165,#2166,#2167,#2168,#2169,#2170,#2171,#2172,#2173,
#2174,#2175,#2176,#2177,#2178,#2179,#2180,#2181,#2182,#2183,#2184,#2185,
#2186,#2187,#2188,#2189,#2190,#2191,#2192,#2193,#2194,#2195,#2196,#2197,
#2198,#2199,#2200,#2201,#2202,#2203,#2204,#2205,#2206,#2207,#2208,#2209,
#2210,#2211,#2212,#2213,#2214,#2215,#2216,#2217,#2218,#2219,#2220,#2221,
#2222,#2223,#2224,#2225,#2226,#2227,#2228,#2229,#2230,#2231,#2232,#2233,
#2234,#2235,#2236));
#2259=CLOSED_SHELL('',(#2237,#2238,#2239,#2240,#2241,#2242,#2243,#2244,
#2245,#2246,#2247,#2248,#2249,#2250,#2251,#2252,#2253,#2254,#2255));
#2260=DERIVED_UNIT_ELEMENT(#2268,1.);
#2261=DERIVED_UNIT_ELEMENT(#6327,-3.);
#2262=DERIVED_UNIT_ELEMENT(#2268,1.);
#2263=DERIVED_UNIT_ELEMENT(#6327,-3.);
#2264=DERIVED_UNIT_ELEMENT(#2268,1.);
#2265=DERIVED_UNIT_ELEMENT(#6327,-3.);
#2266=DERIVED_UNIT_ELEMENT(#2268,1.);
#2267=DERIVED_UNIT_ELEMENT(#6327,-3.);
#2268=(
MASS_UNIT()
NAMED_UNIT(*)
SI_UNIT(.KILO.,.GRAM.)
);
#2269=DERIVED_UNIT((#2260,#2261));
#2270=DERIVED_UNIT((#2262,#2263));
#2271=DERIVED_UNIT((#2264,#2265));
#2272=DERIVED_UNIT((#2266,#2267));
#2273=MEASURE_REPRESENTATION_ITEM('density measure',
POSITIVE_RATIO_MEASURE(7850.),#2269);
#2274=MEASURE_REPRESENTATION_ITEM('density measure',
POSITIVE_RATIO_MEASURE(7850.),#2270);
#2275=MEASURE_REPRESENTATION_ITEM('density measure',
POSITIVE_RATIO_MEASURE(7850.),#2271);
#2276=MEASURE_REPRESENTATION_ITEM('density measure',
POSITIVE_RATIO_MEASURE(7850.),#2272);
#2277=PROPERTY_DEFINITION_REPRESENTATION(#2297,#2285);
#2278=PROPERTY_DEFINITION_REPRESENTATION(#2298,#2286);
#2279=PROPERTY_DEFINITION_REPRESENTATION(#2299,#2287);
#2280=PROPERTY_DEFINITION_REPRESENTATION(#2300,#2288);
#2281=PROPERTY_DEFINITION_REPRESENTATION(#2301,#2289);
#2282=PROPERTY_DEFINITION_REPRESENTATION(#2302,#2290);
#2283=PROPERTY_DEFINITION_REPRESENTATION(#2303,#2291);
#2284=PROPERTY_DEFINITION_REPRESENTATION(#2304,#2292);
#2285=REPRESENTATION('material name',(#2293),#6321);
#2286=REPRESENTATION('density',(#2273),#6321);
#2287=REPRESENTATION('material name',(#2294),#6322);
#2288=REPRESENTATION('density',(#2274),#6322);
#2289=REPRESENTATION('material name',(#2295),#6323);
#2290=REPRESENTATION('density',(#2275),#6323);
#2291=REPRESENTATION('material name',(#2296),#6324);
#2292=REPRESENTATION('density',(#2276),#6324);
#2293=DESCRIPTIVE_REPRESENTATION_ITEM('Steel','Steel');
#2294=DESCRIPTIVE_REPRESENTATION_ITEM('Steel','Steel');
#2295=DESCRIPTIVE_REPRESENTATION_ITEM('Steel','Steel');
#2296=DESCRIPTIVE_REPRESENTATION_ITEM('Steel','Steel');
#2297=PROPERTY_DEFINITION('material property','material name',#6351);
#2298=PROPERTY_DEFINITION('material property','density of part',#6351);
#2299=PROPERTY_DEFINITION('material property','material name',#6352);
#2300=PROPERTY_DEFINITION('material property','density of part',#6352);
#2301=PROPERTY_DEFINITION('material property','material name',#6353);
#2302=PROPERTY_DEFINITION('material property','density of part',#6353);
#2303=PROPERTY_DEFINITION('material property','material name',#6354);
#2304=PROPERTY_DEFINITION('material property','density of part',#6354);
#2305=AXIS2_PLACEMENT_3D('',#3145,#2509,#2510);
#2306=AXIS2_PLACEMENT_3D('',#3146,#2511,#2512);
#2307=AXIS2_PLACEMENT_3D('',#3147,#2513,#2514);
#2308=AXIS2_PLACEMENT_3D('',#3149,#2515,#2516);
#2309=AXIS2_PLACEMENT_3D('',#3152,#2518,#2519);
#2310=AXIS2_PLACEMENT_3D('',#3153,#2520,#2521);
#2311=AXIS2_PLACEMENT_3D('',#3154,#2522,#2523);
#2312=AXIS2_PLACEMENT_3D('',#3156,#2524,#2525);
#2313=AXIS2_PLACEMENT_3D('',#3159,#2527,#2528);
#2314=AXIS2_PLACEMENT_3D('',#3160,#2529,#2530);
#2315=AXIS2_PLACEMENT_3D('',#3161,#2531,#2532);
#2316=AXIS2_PLACEMENT_3D('',#3162,#2533,#2534);
#2317=AXIS2_PLACEMENT_3D('',#3191,#2535,#2536);
#2318=AXIS2_PLACEMENT_3D('',#3193,#2537,#2538);
#2319=AXIS2_PLACEMENT_3D('',#3194,#2539,#2540);
#2320=AXIS2_PLACEMENT_3D('',#3195,#2541,#2542);
#2321=AXIS2_PLACEMENT_3D('',#3196,#2543,#2544);
#2322=AXIS2_PLACEMENT_3D('',#3199,#2545,#2546);
#2323=AXIS2_PLACEMENT_3D('',#3203,#2548,#2549);
#2324=AXIS2_PLACEMENT_3D('',#3205,#2551,#2552);
#2325=AXIS2_PLACEMENT_3D('',#3207,#2553,#2554);
#2326=AXIS2_PLACEMENT_3D('',#3210,#2556,#2557);
#2327=AXIS2_PLACEMENT_3D('',#3211,#2558,#2559);
#2328=AXIS2_PLACEMENT_3D('',#3220,#2564,#2565);
#2329=AXIS2_PLACEMENT_3D('',#3223,#2568,#2569);
#2330=AXIS2_PLACEMENT_3D('',#3229,#2573,#2574);
#2331=AXIS2_PLACEMENT_3D('',#3235,#2578,#2579);
#2332=AXIS2_PLACEMENT_3D('',#3241,#2583,#2584);
#2333=AXIS2_PLACEMENT_3D('',#3247,#2588,#2589);
#2334=AXIS2_PLACEMENT_3D('',#3253,#2593,#2594);
#2335=AXIS2_PLACEMENT_3D('',#3259,#2598,#2599);
#2336=AXIS2_PLACEMENT_3D('',#3265,#2603,#2604);
#2337=AXIS2_PLACEMENT_3D('',#3271,#2608,#2609);
#2338=AXIS2_PLACEMENT_3D('',#3274,#2612,#2613);
#2339=AXIS2_PLACEMENT_3D('',#3275,#2614,#2615);
#2340=AXIS2_PLACEMENT_3D('',#3276,#2616,#2617);
#2341=AXIS2_PLACEMENT_3D('',#3277,#2618,#2619);
#2342=AXIS2_PLACEMENT_3D('',#3286,#2624,#2625);
#2343=AXIS2_PLACEMENT_3D('',#3292,#2629,#2630);
#2344=AXIS2_PLACEMENT_3D('',#3304,#2637,#2638);
#2345=AXIS2_PLACEMENT_3D('',#3313,#2643,#2644);
#2346=AXIS2_PLACEMENT_3D('',#3319,#2648,#2649);
#2347=AXIS2_PLACEMENT_3D('',#3325,#2653,#2654);
#2348=AXIS2_PLACEMENT_3D('',#3329,#2657,#2658);
#2349=AXIS2_PLACEMENT_3D('',#3333,#2661,#2662);
#2350=AXIS2_PLACEMENT_3D('',#3345,#2669,#2670);
#2351=AXIS2_PLACEMENT_3D('',#3349,#2673,#2674);
#2352=AXIS2_PLACEMENT_3D('',#3353,#2677,#2678);
#2353=AXIS2_PLACEMENT_3D('',#3361,#2683,#2684);
#2354=AXIS2_PLACEMENT_3D('',#3370,#2689,#2690);
#2355=AXIS2_PLACEMENT_3D('',#3372,#2691,#2692);
#2356=AXIS2_PLACEMENT_3D('',#3375,#2694,#2695);
#2357=AXIS2_PLACEMENT_3D('',#3376,#2696,#2697);
#2358=AXIS2_PLACEMENT_3D('',#3382,#2701,#2702);
#2359=AXIS2_PLACEMENT_3D('',#3388,#2706,#2707);
#2360=AXIS2_PLACEMENT_3D('',#3389,#2708,#2709);
#2361=AXIS2_PLACEMENT_3D('',#3390,#2710,#2711);
#2362=AXIS2_PLACEMENT_3D('',#3391,#2712,#2713);
#2363=AXIS2_PLACEMENT_3D('',#3394,#2714,#2715);
#2364=AXIS2_PLACEMENT_3D('',#3398,#2717,#2718);
#2365=AXIS2_PLACEMENT_3D('',#3400,#2720,#2721);
#2366=AXIS2_PLACEMENT_3D('',#3426,#2735,#2736);
#2367=AXIS2_PLACEMENT_3D('',#3430,#2739,#2740);
#2368=AXIS2_PLACEMENT_3D('',#3434,#2743,#2744);
#2369=AXIS2_PLACEMENT_3D('',#3456,#2756,#2757);
#2370=AXIS2_PLACEMENT_3D('',#3458,#2759,#2760);
#2371=AXIS2_PLACEMENT_3D('',#3460,#2762,#2763);
#2372=AXIS2_PLACEMENT_3D('',#3462,#2765,#2766);
#2373=AXIS2_PLACEMENT_3D('',#3464,#2768,#2769);
#2374=AXIS2_PLACEMENT_3D('',#3473,#2774,#2775);
#2375=AXIS2_PLACEMENT_3D('',#3475,#2776,#2777);
#2376=AXIS2_PLACEMENT_3D('',#3477,#2778,#2779);
#2377=AXIS2_PLACEMENT_3D('',#3480,#2782,#2783);
#2378=AXIS2_PLACEMENT_3D('',#3482,#2784,#2785);
#2379=AXIS2_PLACEMENT_3D('',#3486,#2788,#2789);
#2380=AXIS2_PLACEMENT_3D('',#3487,#2790,#2791);
#2381=AXIS2_PLACEMENT_3D('',#3489,#2792,#2793);
#2382=AXIS2_PLACEMENT_3D('',#3491,#2795,#2796);
#2383=AXIS2_PLACEMENT_3D('',#3494,#2798,#2799);
#2384=AXIS2_PLACEMENT_3D('',#3495,#2800,#2801);
#2385=AXIS2_PLACEMENT_3D('',#3515,#2813,#2814);
#2386=AXIS2_PLACEMENT_3D('',#3541,#2828,#2829);
#2387=AXIS2_PLACEMENT_3D('',#3542,#2830,#2831);
#2388=AXIS2_PLACEMENT_3D('',#3543,#2832,#2833);
#2389=AXIS2_PLACEMENT_3D('',#3547,#2835,#2836);
#2390=AXIS2_PLACEMENT_3D('',#3548,#2837,#2838);
#2391=AXIS2_PLACEMENT_3D('',#3549,#2839,#2840);
#2392=AXIS2_PLACEMENT_3D('',#3557,#2845,#2846);
#2393=AXIS2_PLACEMENT_3D('',#3563,#2850,#2851);
#2394=AXIS2_PLACEMENT_3D('',#3565,#2853,#2854);
#2395=AXIS2_PLACEMENT_3D('',#3567,#2856,#2857);
#2396=AXIS2_PLACEMENT_3D('',#3569,#2859,#2860);
#2397=AXIS2_PLACEMENT_3D('',#3570,#2861,#2862);
#2398=AXIS2_PLACEMENT_3D('',#3574,#2865,#2866);
#2399=AXIS2_PLACEMENT_3D('',#3576,#2868,#2869);
#2400=AXIS2_PLACEMENT_3D('',#3577,#2870,#2871);
#2401=AXIS2_PLACEMENT_3D('',#3578,#2872,#2873);
#2402=AXIS2_PLACEMENT_3D('',#3580,#2875,#2876);
#2403=AXIS2_PLACEMENT_3D('',#3582,#2878,#2879);
#2404=AXIS2_PLACEMENT_3D('',#3584,#2881,#2882);
#2405=AXIS2_PLACEMENT_3D('',#3586,#2884,#2885);
#2406=AXIS2_PLACEMENT_3D('',#3587,#2886,#2887);
#2407=AXIS2_PLACEMENT_3D('',#3588,#2888,#2889);
#2408=AXIS2_PLACEMENT_3D('',#3589,#2890,#2891);
#2409=AXIS2_PLACEMENT_3D('',#3591,#2893,#2894);
#2410=AXIS2_PLACEMENT_3D('',#3593,#2895,#2896);
#2411=AXIS2_PLACEMENT_3D('',#3600,#2900,#2901);
#2412=AXIS2_PLACEMENT_3D('',#3601,#2902,#2903);
#2413=AXIS2_PLACEMENT_3D('',#3603,#2904,#2905);
#2414=AXIS2_PLACEMENT_3D('',#3607,#2907,#2908);
#2415=AXIS2_PLACEMENT_3D('',#3614,#2912,#2913);
#2416=AXIS2_PLACEMENT_3D('',#3615,#2914,#2915);
#2417=AXIS2_PLACEMENT_3D('',#3618,#2918,#2919);
#2418=AXIS2_PLACEMENT_3D('',#3619,#2920,#2921);
#2419=AXIS2_PLACEMENT_3D('',#3621,#2923,#2924);
#2420=AXIS2_PLACEMENT_3D('',#3624,#2926,#2927);
#2421=AXIS2_PLACEMENT_3D('',#3625,#2928,#2929);
#2422=AXIS2_PLACEMENT_3D('',#3635,#2935,#2936);
#2423=AXIS2_PLACEMENT_3D('',#3636,#2937,#2938);
#2424=AXIS2_PLACEMENT_3D('',#3637,#2939,#2940);
#2425=AXIS2_PLACEMENT_3D('',#3640,#2943,#2944);
#2426=AXIS2_PLACEMENT_3D('',#3642,#2946,#2947);
#2427=AXIS2_PLACEMENT_3D('',#3644,#2949,#2950);
#2428=AXIS2_PLACEMENT_3D('',#3646,#2952,#2953);
#2429=AXIS2_PLACEMENT_3D('',#3648,#2955,#2956);
#2430=AXIS2_PLACEMENT_3D('',#3649,#2957,#2958);
#2431=AXIS2_PLACEMENT_3D('',#3650,#2959,#2960);
#2432=AXIS2_PLACEMENT_3D('',#3654,#2962,#2963);
#2433=AXIS2_PLACEMENT_3D('',#3655,#2964,#2965);
#2434=AXIS2_PLACEMENT_3D('',#3656,#2966,#2967);
#2435=AXIS2_PLACEMENT_3D('',#3664,#2972,#2973);
#2436=AXIS2_PLACEMENT_3D('',#3670,#2977,#2978);
#2437=AXIS2_PLACEMENT_3D('',#3673,#2980,#2981);
#2438=AXIS2_PLACEMENT_3D('',#3675,#2983,#2984);
#2439=AXIS2_PLACEMENT_3D('',#3678,#2986,#2987);
#2440=AXIS2_PLACEMENT_3D('',#3679,#2988,#2989);
#2441=AXIS2_PLACEMENT_3D('',#3683,#2992,#2993);
#2442=AXIS2_PLACEMENT_3D('',#3685,#2995,#2996);
#2443=AXIS2_PLACEMENT_3D('',#3687,#2998,#2999);
#2444=AXIS2_PLACEMENT_3D('',#3688,#3000,#3001);
#2445=AXIS2_PLACEMENT_3D('',#3693,#3005,#3006);
#2446=AXIS2_PLACEMENT_3D('',#3694,#3007,#3008);
#2447=AXIS2_PLACEMENT_3D('',#3695,#3009,#3010);
#2448=AXIS2_PLACEMENT_3D('',#3697,#3012,#3013);
#2449=AXIS2_PLACEMENT_3D('',#3700,#3015,#3016);
#2450=AXIS2_PLACEMENT_3D('',#3702,#3018,#3019);
#2451=AXIS2_PLACEMENT_3D('',#3703,#3020,#3021);
#2452=AXIS2_PLACEMENT_3D('',#3704,#3022,#3023);
#2453=AXIS2_PLACEMENT_3D('',#3706,#3025,#3026);
#2454=AXIS2_PLACEMENT_3D('',#3708,#3028,#3029);
#2455=AXIS2_PLACEMENT_3D('',#3710,#3031,#3032);
#2456=AXIS2_PLACEMENT_3D('',#3711,#3033,#3034);
#2457=AXIS2_PLACEMENT_3D('',#3712,#3035,#3036);
#2458=AXIS2_PLACEMENT_3D('',#3713,#3037,#3038);
#2459=AXIS2_PLACEMENT_3D('',#3714,#3039,#3040);
#2460=AXIS2_PLACEMENT_3D('',#3717,#3041,#3042);
#2461=AXIS2_PLACEMENT_3D('',#3743,#3043,#3044);
#2462=AXIS2_PLACEMENT_3D('',#3745,#3045,#3046);
#2463=AXIS2_PLACEMENT_3D('',#3747,#3047,#3048);
#2464=AXIS2_PLACEMENT_3D('',#3829,#3049,#3050);
#2465=AXIS2_PLACEMENT_3D('',#3830,#3051,#3052);
#2466=AXIS2_PLACEMENT_3D('',#3832,#3053,#3054);
#2467=AXIS2_PLACEMENT_3D('',#3833,#3055,#3056);
#2468=AXIS2_PLACEMENT_3D('',#3837,#3058,#3059);
#2469=AXIS2_PLACEMENT_3D('',#3838,#3060,#3061);
#2470=AXIS2_PLACEMENT_3D('',#3839,#3062,#3063);
#2471=AXIS2_PLACEMENT_3D('',#3842,#3064,#3065);
#2472=AXIS2_PLACEMENT_3D('',#3844,#3066,#3067);
#2473=AXIS2_PLACEMENT_3D('',#3845,#3068,#3069);
#2474=AXIS2_PLACEMENT_3D('',#3846,#3070,#3071);
#2475=AXIS2_PLACEMENT_3D('',#3848,#3072,#3073);
#2476=AXIS2_PLACEMENT_3D('',#3877,#3074,#3075);
#2477=AXIS2_PLACEMENT_3D('',#3879,#3076,#3077);
#2478=AXIS2_PLACEMENT_3D('',#3880,#3078,#3079);
#2479=AXIS2_PLACEMENT_3D('',#3881,#3080,#3081);
#2480=AXIS2_PLACEMENT_3D('',#3883,#3083,#3084);
#2481=AXIS2_PLACEMENT_3D('',#3885,#3086,#3087);
#2482=AXIS2_PLACEMENT_3D('',#3959,#3088,#3089);
#2483=AXIS2_PLACEMENT_3D('',#3962,#3090,#3091);
#2484=AXIS2_PLACEMENT_3D('',#3986,#3092,#3093);
#2485=AXIS2_PLACEMENT_3D('',#3988,#3094,#3095);
#2486=AXIS2_PLACEMENT_3D('',#3990,#3096,#3097);
#2487=AXIS2_PLACEMENT_3D('',#4032,#3098,#3099);
#2488=AXIS2_PLACEMENT_3D('',#4033,#3100,#3101);
#2489=AXIS2_PLACEMENT_3D('',#4035,#3102,#3103);
#2490=AXIS2_PLACEMENT_3D('',#4036,#3104,#3105);
#2491=AXIS2_PLACEMENT_3D('',#4040,#3107,#3108);
#2492=AXIS2_PLACEMENT_3D('',#4041,#3109,#3110);
#2493=AXIS2_PLACEMENT_3D('',#4042,#3111,#3112);
#2494=AXIS2_PLACEMENT_3D('',#4045,#3113,#3114);
#2495=AXIS2_PLACEMENT_3D('',#4047,#3115,#3116);
#2496=AXIS2_PLACEMENT_3D('',#4048,#3117,#3118);
#2497=AXIS2_PLACEMENT_3D('',#4049,#3119,#3120);
#2498=AXIS2_PLACEMENT_3D('',#4050,#3121,#3122);
#2499=AXIS2_PLACEMENT_3D('',#4088,#3123,#3124);
#2500=AXIS2_PLACEMENT_3D('',#4090,#3125,#3126);
#2501=AXIS2_PLACEMENT_3D('',#4091,#3127,#3128);
#2502=AXIS2_PLACEMENT_3D('',#4092,#3129,#3130);
#2503=AXIS2_PLACEMENT_3D('',#4094,#3132,#3133);
#2504=AXIS2_PLACEMENT_3D('',#4096,#3135,#3136);
#2505=AXIS2_PLACEMENT_3D('',#6310,#3137,#3138);
#2506=AXIS2_PLACEMENT_3D('',#6311,#3139,#3140);
#2507=AXIS2_PLACEMENT_3D('',#6312,#3141,#3142);
#2508=AXIS2_PLACEMENT_3D('',#6313,#3143,#3144);
#2509=DIRECTION('axis',(0.,0.,1.));
#2510=DIRECTION('refdir',(1.,0.,0.));
#2511=DIRECTION('axis',(0.,0.,1.));
#2512=DIRECTION('refdir',(1.,0.,0.));
#2513=DIRECTION('center_axis',(0.,0.,-1.));
#2514=DIRECTION('ref_axis',(1.,0.,0.));
#2515=DIRECTION('center_axis',(0.,0.,-1.));
#2516=DIRECTION('ref_axis',(1.,0.,0.));
#2517=DIRECTION('',(0.,0.,1.));
#2518=DIRECTION('center_axis',(0.,0.,1.));
#2519=DIRECTION('ref_axis',(1.,0.,0.));
#2520=DIRECTION('center_axis',(0.,0.,-1.));
#2521=DIRECTION('ref_axis',(1.,0.,0.));
#2522=DIRECTION('center_axis',(0.,0.,1.));
#2523=DIRECTION('ref_axis',(1.,0.,0.));
#2524=DIRECTION('center_axis',(0.,0.,1.));
#2525=DIRECTION('ref_axis',(1.,0.,0.));
#2526=DIRECTION('',(0.,0.,-1.));
#2527=DIRECTION('center_axis',(0.,0.,1.));
#2528=DIRECTION('ref_axis',(1.,0.,0.));
#2529=DIRECTION('center_axis',(0.,0.,1.));
#2530=DIRECTION('ref_axis',(1.,0.,0.));
#2531=DIRECTION('center_axis',(0.,0.,1.));
#2532=DIRECTION('ref_axis',(1.,0.,0.));
#2533=DIRECTION('axis',(0.,0.,1.));
#2534=DIRECTION('refdir',(1.,0.,0.));
#2535=DIRECTION('center_axis',(-0.150168646047157,-0.022545965764851,0.988403286706441));
#2536=DIRECTION('ref_axis',(-0.988659594163433,0.00215160602504036,-0.150158507784641));
#2537=DIRECTION('center_axis',(0.00125881410896649,-0.999743492111473,-0.0226133891267074));
#2538=DIRECTION('ref_axis',(0.988659594163432,-0.00215160602504023,0.150158507784641));
#2539=DIRECTION('center_axis',(-0.150168646047157,-0.022545965764851,0.988403286706441));
#2540=DIRECTION('ref_axis',(0.988659594163433,-0.00215160602504031,0.150158507784639));
#2541=DIRECTION('center_axis',(0.150168646047157,0.022545965764851,-0.988403286706441));
#2542=DIRECTION('ref_axis',(0.988659594163432,-0.00215160602504036,0.150158507784641));
#2543=DIRECTION('center_axis',(-0.150168646047155,-0.022545965764851,0.988403286706441));
#2544=DIRECTION('ref_axis',(0.98866034941579,-0.00311908947344624,0.150136553756588));
#2545=DIRECTION('center_axis',(-0.150168646047157,-0.022545965764851,0.988403286706441));
#2546=DIRECTION('ref_axis',(-0.988659594163432,0.00215160602504036,-0.150158507784641));
#2547=DIRECTION('',(-0.150168646047155,-0.022545965764851,0.988403286706441));
#2548=DIRECTION('center_axis',(-0.150168646047157,-0.022545965764851,0.988403286706441));
#2549=DIRECTION('ref_axis',(-0.988659594163432,0.00215160602504036,-0.150158507784641));
#2550=DIRECTION('',(-0.150168646047155,-0.022545965764851,0.988403286706441));
#2551=DIRECTION('center_axis',(-0.150168646047155,-0.022545965764851,0.988403286706441));
#2552=DIRECTION('ref_axis',(-0.988659594163433,0.00215160602504031,-0.150158507784639));
#2553=DIRECTION('center_axis',(0.150168646047157,0.022545965764851,-0.988403286706441));
#2554=DIRECTION('ref_axis',(-0.988659594163433,0.00215160602504036,-0.150158507784641));
#2555=DIRECTION('',(0.150168646047155,0.022545965764851,-0.988403286706441));
#2556=DIRECTION('center_axis',(0.150168646047157,0.022545965764851,-0.988403286706441));
#2557=DIRECTION('ref_axis',(-0.988659594163433,0.00215160602504036,-0.150158507784641));
#2558=DIRECTION('center_axis',(-0.988659594163433,0.00215160602504031,-0.150158507784639));
#2559=DIRECTION('ref_axis',(0.00125881410896637,-0.999743492111473,-0.0226133891267075));
#2560=DIRECTION('',(0.00125881410896637,-0.999743492111473,-0.0226133891267075));
#2561=DIRECTION('',(-0.150168646047155,-0.022545965764851,0.988403286706441));
#2562=DIRECTION('',(0.00125881410896637,-0.999743492111473,-0.0226133891267075));
#2563=DIRECTION('',(-0.150168646047155,-0.022545965764851,0.988403286706441));
#2564=DIRECTION('center_axis',(0.189679228507368,0.980511084864112,0.0511840085520163));
#2565=DIRECTION('ref_axis',(-0.970294371836307,0.195165806140147,-0.142965520656042));
#2566=DIRECTION('',(-0.970294371836307,0.195165806140147,-0.142965520656042));
#2567=DIRECTION('',(-0.970294371836307,0.195165806140147,-0.142965520656042));
#2568=DIRECTION('center_axis',(0.190266047930013,-0.981710955393659,0.00651391319889525));
#2569=DIRECTION('ref_axis',(0.970179472442835,0.189037772648217,0.15171193678397));
#2570=DIRECTION('',(-0.970179472442835,-0.189037772648217,-0.15171193678397));
#2571=DIRECTION('',(0.970179472442835,0.189037772648217,0.15171193678397));
#2572=DIRECTION('',(-0.150168646047155,-0.022545965764851,0.988403286706441));
#2573=DIRECTION('center_axis',(-0.988659594163433,0.00215160602504031,-0.150158507784639));
#2574=DIRECTION('ref_axis',(0.00125881410896637,-0.999743492111473,-0.0226133891267075));
#2575=DIRECTION('',(0.00125881410896637,-0.999743492111473,-0.0226133891267075));
#2576=DIRECTION('',(0.00125881410896637,-0.999743492111473,-0.0226133891267075));
#2577=DIRECTION('',(-0.150168646047155,-0.022545965764851,0.988403286706441));
#2578=DIRECTION('center_axis',(-0.00125881410896637,0.999743492111473,0.0226133891267075));
#2579=DIRECTION('ref_axis',(-0.988659594163432,0.00215160602504036,-0.150158507784641));
#2580=DIRECTION('',(-0.988659594163432,0.00215160602504036,-0.150158507784641));
#2581=DIRECTION('',(-0.988659594163432,0.00215160602504036,-0.150158507784641));
#2582=DIRECTION('',(-0.150168646047155,-0.022545965764851,0.988403286706441));
#2583=DIRECTION('center_axis',(-0.988659594163433,0.00215160602504031,-0.150158507784639));
#2584=DIRECTION('ref_axis',(0.00125881410896637,-0.999743492111473,-0.0226133891267075));
#2585=DIRECTION('',(0.00125881410896637,-0.999743492111473,-0.0226133891267075));
#2586=DIRECTION('',(0.00125881410896637,-0.999743492111473,-0.0226133891267075));
#2587=DIRECTION('',(-0.150168646047155,-0.022545965764851,0.988403286706441));
#2588=DIRECTION('center_axis',(-0.00125881410896637,0.999743492111473,0.0226133891267075));
#2589=DIRECTION('ref_axis',(-0.988659594163432,0.00215160602504036,-0.150158507784641));
#2590=DIRECTION('',(-0.988659594163432,0.00215160602504036,-0.150158507784641));
#2591=DIRECTION('',(-0.988659594163432,0.00215160602504036,-0.150158507784641));
#2592=DIRECTION('',(-0.150168646047155,-0.022545965764851,0.988403286706441));
#2593=DIRECTION('center_axis',(-0.988659594163433,0.00215160602504031,-0.150158507784639));
#2594=DIRECTION('ref_axis',(0.00125881410896637,-0.999743492111473,-0.0226133891267075));
#2595=DIRECTION('',(0.00125881410896637,-0.999743492111473,-0.0226133891267075));
#2596=DIRECTION('',(0.00125881410896637,-0.999743492111473,-0.0226133891267075));
#2597=DIRECTION('',(-0.150168646047155,-0.022545965764851,0.988403286706441));
#2598=DIRECTION('center_axis',(0.00125881410896637,-0.999743492111473,-0.0226133891267075));
#2599=DIRECTION('ref_axis',(0.988659594163432,-0.00215160602504036,0.150158507784641));
#2600=DIRECTION('',(0.988659594163432,-0.00215160602504036,0.150158507784641));
#2601=DIRECTION('',(0.988659594163432,-0.00215160602504036,0.150158507784641));
#2602=DIRECTION('',(-0.150168646047155,-0.022545965764851,0.988403286706441));
#2603=DIRECTION('center_axis',(-0.988659594163433,0.00215160602504031,-0.150158507784639));
#2604=DIRECTION('ref_axis',(0.00125881410896637,-0.999743492111473,-0.0226133891267075));
#2605=DIRECTION('',(0.00125881410896637,-0.999743492111473,-0.0226133891267075));
#2606=DIRECTION('',(0.00125881410896637,-0.999743492111473,-0.0226133891267075));
#2607=DIRECTION('',(-0.150168646047155,-0.022545965764851,0.988403286706441));
#2608=DIRECTION('center_axis',(0.00125881410896637,-0.999743492111473,-0.0226133891267075));
#2609=DIRECTION('ref_axis',(0.988659594163432,-0.00215160602504036,0.150158507784641));
#2610=DIRECTION('',(0.988659594163432,-0.00215160602504036,0.150158507784641));
#2611=DIRECTION('',(0.988659594163432,-0.00215160602504036,0.150158507784641));
#2612=DIRECTION('center_axis',(-0.150168646047157,-0.022545965764851,0.988403286706441));
#2613=DIRECTION('ref_axis',(-0.988659594163432,0.00215160602504036,-0.150158507784641));
#2614=DIRECTION('center_axis',(-0.150168646047157,-0.022545965764851,0.988403286706441));
#2615=DIRECTION('ref_axis',(-0.988659594163432,0.00215160602504036,-0.150158507784641));
#2616=DIRECTION('axis',(0.,0.,1.));
#2617=DIRECTION('refdir',(1.,0.,0.));
#2618=DIRECTION('center_axis',(0.,0.,1.));
#2619=DIRECTION('ref_axis',(1.,0.,0.));
#2620=DIRECTION('',(-1.,0.,-2.08166817117217E-15));
#2621=DIRECTION('',(0.,1.,0.));
#2622=DIRECTION('',(1.,0.,0.));
#2623=DIRECTION('',(0.,-1.,0.));
#2624=DIRECTION('center_axis',(0.,-1.,0.));
#2625=DIRECTION('ref_axis',(0.,0.,-1.));
#2626=DIRECTION('',(1.71512449944288E-15,0.,-1.));
#2627=DIRECTION('',(-1.,0.,-1.38777878078144E-15));
#2628=DIRECTION('',(1.77635683940025E-15,0.,-1.));
#2629=DIRECTION('center_axis',(1.,0.,1.71512449944288E-15));
#2630=DIRECTION('ref_axis',(1.71512449944288E-15,0.,-1.));
#2631=DIRECTION('',(1.71512449944288E-15,0.,-1.));
#2632=DIRECTION('',(0.,-1.,0.));
#2633=DIRECTION('',(1.71512449944288E-15,0.,-1.));
#2634=DIRECTION('',(0.,1.,0.));
#2635=DIRECTION('',(-1.71512449944288E-15,0.,1.));
#2636=DIRECTION('',(0.,-1.,0.));
#2637=DIRECTION('center_axis',(0.,-1.,0.));
#2638=DIRECTION('ref_axis',(1.74574066942157E-15,0.,-1.));
#2639=DIRECTION('',(1.74574066942157E-15,0.,-1.));
#2640=DIRECTION('',(1.,0.,2.08166817117217E-15));
#2641=DIRECTION('',(-1.71512449944288E-15,0.,1.));
#2642=DIRECTION('',(1.,0.,2.08166817117217E-15));
#2643=DIRECTION('center_axis',(-2.08166817117217E-15,0.,1.));
#2644=DIRECTION('ref_axis',(0.,-1.,0.));
#2645=DIRECTION('',(0.,-1.,0.));
#2646=DIRECTION('',(-1.,0.,-2.08166817117217E-15));
#2647=DIRECTION('',(0.,1.,0.));
#2648=DIRECTION('center_axis',(2.08166817117217E-15,0.,-1.));
#2649=DIRECTION('ref_axis',(0.,1.,0.));
#2650=DIRECTION('',(0.,1.,0.));
#2651=DIRECTION('',(0.,-1.,0.));
#2652=DIRECTION('',(1.,0.,2.08166817117217E-15));
#2653=DIRECTION('center_axis',(0.,1.,0.));
#2654=DIRECTION('ref_axis',(-1.74574066942157E-15,0.,1.));
#2655=DIRECTION('',(-1.74574066942157E-15,0.,1.));
#2656=DIRECTION('',(1.,0.,2.08166817117217E-15));
#2657=DIRECTION('center_axis',(2.08166817117217E-15,0.,-1.));
#2658=DIRECTION('ref_axis',(0.,1.,0.));
#2659=DIRECTION('',(0.,1.,0.));
#2660=DIRECTION('',(-1.,0.,-2.08166817117217E-15));
#2661=DIRECTION('center_axis',(1.,0.,1.74574066942157E-15));
#2662=DIRECTION('ref_axis',(1.74574066942157E-15,0.,-1.));
#2663=DIRECTION('',(1.77635683940025E-15,0.,-1.));
#2664=DIRECTION('',(1.74574066942157E-15,0.,-1.));
#2665=DIRECTION('',(0.,-1.,0.));
#2666=DIRECTION('',(-1.74574066942157E-15,0.,1.));
#2667=DIRECTION('',(0.,1.,0.));
#2668=DIRECTION('',(1.77635683940025E-15,0.,-1.));
#2669=DIRECTION('center_axis',(0.,1.,0.));
#2670=DIRECTION('ref_axis',(0.,0.,1.));
#2671=DIRECTION('',(-1.77635683940025E-15,0.,1.));
#2672=DIRECTION('',(-1.,0.,-1.71512449944288E-15));
#2673=DIRECTION('center_axis',(0.,-1.,0.));
#2674=DIRECTION('ref_axis',(0.,0.,-1.));
#2675=DIRECTION('',(1.77635683940025E-15,0.,-1.));
#2676=DIRECTION('',(1.,0.,1.71512449944288E-15));
#2677=DIRECTION('center_axis',(1.,0.,1.74574066942157E-15));
#2678=DIRECTION('ref_axis',(1.74574066942157E-15,0.,-1.));
#2679=DIRECTION('',(0.,1.,0.));
#2680=DIRECTION('',(1.74574066942157E-15,0.,-1.));
#2681=DIRECTION('',(0.,-1.,0.));
#2682=DIRECTION('',(-1.74574066942157E-15,0.,1.));
#2683=DIRECTION('center_axis',(0.,1.,0.));
#2684=DIRECTION('ref_axis',(6.12323399573676E-17,0.,1.));
#2685=DIRECTION('',(6.12323399573676E-17,0.,1.));
#2686=DIRECTION('',(1.,0.,0.));
#2687=DIRECTION('',(0.,0.,-1.));
#2688=DIRECTION('',(1.,0.,0.));
#2689=DIRECTION('center_axis',(1.,0.,0.));
#2690=DIRECTION('ref_axis',(0.,0.0304440363439785,-0.999536472896856));
#2691=DIRECTION('center_axis',(1.,0.,-6.12323399573676E-17));
#2692=DIRECTION('ref_axis',(0.,-1.,0.));
#2693=DIRECTION('',(1.,0.,0.));
#2694=DIRECTION('center_axis',(-1.,0.,0.));
#2695=DIRECTION('ref_axis',(0.,-1.,0.));
#2696=DIRECTION('center_axis',(0.,-1.,0.));
#2697=DIRECTION('ref_axis',(-6.12323399573676E-17,0.,-1.));
#2698=DIRECTION('',(-6.12323399573676E-17,0.,-1.));
#2699=DIRECTION('',(1.,0.,0.));
#2700=DIRECTION('',(0.,0.,1.));
#2701=DIRECTION('center_axis',(0.,0.,1.));
#2702=DIRECTION('ref_axis',(0.,-1.,0.));
#2703=DIRECTION('',(0.,-1.,0.));
#2704=DIRECTION('',(1.,0.,0.));
#2705=DIRECTION('',(0.,1.,0.));
#2706=DIRECTION('center_axis',(1.,0.,0.));
#2707=DIRECTION('ref_axis',(0.,1.83697019872103E-16,1.));
#2708=DIRECTION('center_axis',(1.,0.,-6.12323399573676E-17));
#2709=DIRECTION('ref_axis',(0.,-1.,0.));
#2710=DIRECTION('center_axis',(-1.,0.,0.));
#2711=DIRECTION('ref_axis',(0.,-1.,0.));
#2712=DIRECTION('center_axis',(1.,0.,0.));
#2713=DIRECTION('ref_axis',(0.,-1.,0.));
#2714=DIRECTION('center_axis',(1.,0.,-6.12323399573676E-17));
#2715=DIRECTION('ref_axis',(0.,-1.,0.));
#2716=DIRECTION('',(-1.,0.,0.));
#2717=DIRECTION('center_axis',(-1.,0.,0.));
#2718=DIRECTION('ref_axis',(0.,-1.,0.));
#2719=DIRECTION('',(1.,0.,0.));
#2720=DIRECTION('center_axis',(1.,0.,-6.12323399573676E-17));
#2721=DIRECTION('ref_axis',(-6.12323399573676E-17,0.,-1.));
#2722=DIRECTION('',(0.,1.,0.));
#2723=DIRECTION('',(6.12323399573676E-17,0.,1.));
#2724=DIRECTION('',(0.,1.,0.));
#2725=DIRECTION('',(6.12323399573677E-17,0.,1.));
#2726=DIRECTION('',(0.,1.,0.));
#2727=DIRECTION('',(0.,0.,-1.));
#2728=DIRECTION('',(0.,-1.,0.));
#2729=DIRECTION('',(6.12323399573677E-17,0.,1.));
#2730=DIRECTION('',(0.,1.,0.));
#2731=DIRECTION('',(-6.12323399573677E-17,0.,-1.));
#2732=DIRECTION('',(0.,1.,0.));
#2733=DIRECTION('',(6.12323399573676E-17,0.,1.));
#2734=DIRECTION('',(0.,1.,0.));
#2735=DIRECTION('center_axis',(0.,0.,1.));
#2736=DIRECTION('ref_axis',(0.,-1.,0.));
#2737=DIRECTION('',(0.,-1.,0.));
#2738=DIRECTION('',(1.,0.,0.));
#2739=DIRECTION('center_axis',(0.,0.,1.));
#2740=DIRECTION('ref_axis',(0.,-1.,0.));
#2741=DIRECTION('',(1.,0.,0.));
#2742=DIRECTION('',(0.,-1.,0.));
#2743=DIRECTION('center_axis',(1.,0.,0.));
#2744=DIRECTION('ref_axis',(0.,0.,-1.));
#2745=DIRECTION('',(-6.12323399573676E-17,0.,-1.));
#2746=DIRECTION('',(0.,-1.,0.));
#2747=DIRECTION('',(3.06161699786838E-17,0.,1.));
#2748=DIRECTION('',(0.,-1.,0.));
#2749=DIRECTION('',(0.,0.,1.));
#2750=DIRECTION('',(0.,1.,0.));
#2751=DIRECTION('',(0.,0.,1.));
#2752=DIRECTION('',(0.,-1.,0.));
#2753=DIRECTION('',(-3.06161699786838E-17,0.,-1.));
#2754=DIRECTION('',(0.,-1.,0.));
#2755=DIRECTION('',(6.12323399573676E-17,0.,1.));
#2756=DIRECTION('center_axis',(0.,-1.,0.));
#2757=DIRECTION('ref_axis',(-6.12323399573675E-17,0.,-1.));
#2758=DIRECTION('',(1.,0.,-8.67361737988404E-17));
#2759=DIRECTION('center_axis',(-8.67361737988404E-17,0.,-1.));
#2760=DIRECTION('ref_axis',(0.,1.,0.));
#2761=DIRECTION('',(1.,0.,-8.67361737988404E-17));
#2762=DIRECTION('center_axis',(0.,1.,0.));
#2763=DIRECTION('ref_axis',(6.12323399573675E-17,0.,1.));
#2764=DIRECTION('',(1.,0.,-8.67361737988404E-17));
#2765=DIRECTION('center_axis',(-8.67361737988404E-17,0.,-1.));
#2766=DIRECTION('ref_axis',(0.,1.,0.));
#2767=DIRECTION('',(1.,0.,-8.67361737988404E-17));
#2768=DIRECTION('center_axis',(1.,0.,1.72701359386135E-15));
#2769=DIRECTION('ref_axis',(0.,-1.,0.));
#2770=DIRECTION('',(0.,1.,0.));
#2771=DIRECTION('',(1.72701359386135E-15,0.,-1.));
#2772=DIRECTION('',(0.,-1.,0.));
#2773=DIRECTION('',(1.72701359386135E-15,0.,-1.));
#2774=DIRECTION('center_axis',(0.,1.,0.));
#2775=DIRECTION('ref_axis',(1.,0.,1.72701359386135E-15));
#2776=DIRECTION('center_axis',(0.,1.,0.));
#2777=DIRECTION('ref_axis',(0.,0.,1.));
#2778=DIRECTION('center_axis',(0.,-1.,0.));
#2779=DIRECTION('ref_axis',(0.,0.,1.));
#2780=DIRECTION('',(-1.,0.,-2.77555756156289E-15));
#2781=DIRECTION('',(1.,0.,1.72701359386135E-15));
#2782=DIRECTION('center_axis',(0.,-1.,0.));
#2783=DIRECTION('ref_axis',(-1.,0.,-1.72701359386135E-15));
#2784=DIRECTION('center_axis',(0.,-1.,0.));
#2785=DIRECTION('ref_axis',(0.,0.,1.));
#2786=DIRECTION('',(-1.,0.,-1.72701359386135E-15));
#2787=DIRECTION('',(1.,0.,2.77555756156289E-15));
#2788=DIRECTION('center_axis',(0.,1.,0.));
#2789=DIRECTION('ref_axis',(0.,0.,1.));
#2790=DIRECTION('center_axis',(0.,-1.,0.));
#2791=DIRECTION('ref_axis',(0.,0.,1.));
#2792=DIRECTION('center_axis',(0.,1.,0.));
#2793=DIRECTION('ref_axis',(-1.,0.,5.91383003173912E-17));
#2794=DIRECTION('',(0.,-1.,0.));
#2795=DIRECTION('center_axis',(0.,-1.,0.));
#2796=DIRECTION('ref_axis',(0.,0.,1.));
#2797=DIRECTION('',(0.,-1.,0.));
#2798=DIRECTION('center_axis',(0.,-1.,0.));
#2799=DIRECTION('ref_axis',(4.73106402539129E-16,0.,1.));
#2800=DIRECTION('center_axis',(1.72701359386135E-15,0.,-1.));
#2801=DIRECTION('ref_axis',(-1.,0.,-1.72701359386135E-15));
#2802=DIRECTION('',(1.,0.,0.));
#2803=DIRECTION('',(1.,0.,0.));
#2804=DIRECTION('',(-1.,0.,-1.72701359386135E-15));
#2805=DIRECTION('',(0.,1.,0.));
#2806=DIRECTION('',(1.,0.,1.72701359386135E-15));
#2807=DIRECTION('',(0.,1.,0.));
#2808=DIRECTION('',(1.,0.,1.72701359386135E-15));
#2809=DIRECTION('',(0.,1.,0.));
#2810=DIRECTION('',(1.,0.,1.72701359386135E-15));
#2811=DIRECTION('',(1.,0.,0.));
#2812=DIRECTION('',(-1.,0.,0.));
#2813=DIRECTION('center_axis',(2.77555756156289E-15,0.,-1.));
#2814=DIRECTION('ref_axis',(-1.,0.,-2.77555756156289E-15));
#2815=DIRECTION('',(0.,1.,0.));
#2816=DIRECTION('',(-1.,0.,0.));
#2817=DIRECTION('',(0.,-1.,0.));
#2818=DIRECTION('',(-1.,0.,0.));
#2819=DIRECTION('',(0.,-1.,0.));
#2820=DIRECTION('',(1.,0.,1.72701359386135E-15));
#2821=DIRECTION('',(0.,-1.,0.));
#2822=DIRECTION('',(-1.,0.,-1.72701359386135E-15));
#2823=DIRECTION('',(0.,-1.,0.));
#2824=DIRECTION('',(1.,0.,0.));
#2825=DIRECTION('',(0.,-1.,0.));
#2826=DIRECTION('',(1.,0.,0.));
#2827=DIRECTION('',(0.,1.,0.));
#2828=DIRECTION('center_axis',(0.,-1.,0.));
#2829=DIRECTION('ref_axis',(0.,0.,1.));
#2830=DIRECTION('center_axis',(0.,1.,0.));
#2831=DIRECTION('ref_axis',(-1.,0.,-2.16840434497101E-16));
#2832=DIRECTION('center_axis',(0.,1.,0.));
#2833=DIRECTION('ref_axis',(-2.77555756156289E-15,0.,1.));
#2834=DIRECTION('',(0.,-1.,0.));
#2835=DIRECTION('center_axis',(0.,-1.,0.));
#2836=DIRECTION('ref_axis',(1.,0.,8.16108544379997E-15));
#2837=DIRECTION('center_axis',(0.,1.,0.));
#2838=DIRECTION('ref_axis',(-7.56970244062606E-15,0.,1.));
#2839=DIRECTION('center_axis',(0.,-1.,0.));
#2840=DIRECTION('ref_axis',(4.61956861652624E-15,0.,-1.));
#2841=DIRECTION('',(-1.,0.,-4.61314674092051E-15));
#2842=DIRECTION('',(-4.61956861652624E-15,0.,1.));
#2843=DIRECTION('',(1.,0.,4.61314674092051E-15));
#2844=DIRECTION('',(4.61956861652624E-15,0.,-1.));
#2845=DIRECTION('center_axis',(1.,-1.38827374564453E-30,4.61635767872338E-15));
#2846=DIRECTION('ref_axis',(4.61635767872338E-15,0.,-1.));
#2847=DIRECTION('',(1.38827374564453E-30,1.,6.40431050522558E-45));
#2848=DIRECTION('',(-4.61956861652624E-15,0.,1.));
#2849=DIRECTION('',(0.,-1.,0.));
#2850=DIRECTION('center_axis',(0.,1.,0.));
#2851=DIRECTION('ref_axis',(0.,0.,1.));
#2852=DIRECTION('',(1.,0.,4.61314674092051E-15));
#2853=DIRECTION('center_axis',(0.,-1.,0.));
#2854=DIRECTION('ref_axis',(1.,0.,1.0842021724855E-15));
#2855=DIRECTION('',(2.77555756156289E-15,0.,-1.));
#2856=DIRECTION('center_axis',(0.,-1.,0.));
#2857=DIRECTION('ref_axis',(0.,0.,-1.));
#2858=DIRECTION('',(-2.77555756156289E-15,0.,1.));
#2859=DIRECTION('center_axis',(0.,-1.,0.));
#2860=DIRECTION('ref_axis',(1.,0.,1.0842021724855E-15));
#2861=DIRECTION('center_axis',(0.,1.,0.));
#2862=DIRECTION('ref_axis',(-4.61314674092051E-15,0.,1.));
#2863=DIRECTION('',(-4.61314674092051E-15,0.,1.));
#2864=DIRECTION('',(1.,0.,4.61314674092051E-15));
#2865=DIRECTION('center_axis',(4.61314674092051E-15,0.,-1.));
#2866=DIRECTION('ref_axis',(0.,1.,0.));
#2867=DIRECTION('',(0.,1.,0.));
#2868=DIRECTION('center_axis',(0.,1.,0.));
#2869=DIRECTION('ref_axis',(-2.77555756156289E-15,0.,1.));
#2870=DIRECTION('center_axis',(1.,0.,4.61314674092051E-15));
#2871=DIRECTION('ref_axis',(4.61314674092051E-15,0.,-1.));
#2872=DIRECTION('center_axis',(0.,-1.,0.));
#2873=DIRECTION('ref_axis',(-1.,0.,-1.73472347597681E-15));
#2874=DIRECTION('',(1.38777878078145E-15,0.,-1.));
#2875=DIRECTION('center_axis',(-1.,0.,-1.38777878078145E-15));
#2876=DIRECTION('ref_axis',(0.,1.,0.));
#2877=DIRECTION('',(1.38777878078145E-15,0.,-1.));
#2878=DIRECTION('center_axis',(0.,1.,0.));
#2879=DIRECTION('ref_axis',(1.,0.,1.73472347597681E-15));
#2880=DIRECTION('',(1.38777878078145E-15,0.,-1.));
#2881=DIRECTION('center_axis',(-1.,0.,-1.38777878078145E-15));
#2882=DIRECTION('ref_axis',(0.,1.,0.));
#2883=DIRECTION('',(1.38777878078145E-15,0.,-1.));
#2884=DIRECTION('center_axis',(0.,-1.,0.));
#2885=DIRECTION('ref_axis',(0.,0.,-1.));
#2886=DIRECTION('center_axis',(0.,-1.,0.));
#2887=DIRECTION('ref_axis',(0.,0.,-1.));
#2888=DIRECTION('center_axis',(0.,1.,0.));
#2889=DIRECTION('ref_axis',(1.,0.,1.73472347597681E-15));
#2890=DIRECTION('center_axis',(0.,-1.,0.));
#2891=DIRECTION('ref_axis',(0.,0.,-1.));
#2892=DIRECTION('',(0.,0.,1.));
#2893=DIRECTION('center_axis',(0.,-1.,0.));
#2894=DIRECTION('ref_axis',(1.74574066942157E-15,0.,-1.));
#2895=DIRECTION('center_axis',(0.,-1.,0.));
#2896=DIRECTION('ref_axis',(-1.,0.,-1.71512449944288E-15));
#2897=DIRECTION('',(-1.,0.,-4.61314674092051E-15));
#2898=DIRECTION('',(1.74574066942157E-15,0.,-1.));
#2899=DIRECTION('',(1.,0.,3.52209750882182E-15));
#2900=DIRECTION('center_axis',(0.,1.,0.));
#2901=DIRECTION('ref_axis',(-1.,0.,-1.71512449944288E-15));
#2902=DIRECTION('center_axis',(0.,1.,0.));
#2903=DIRECTION('ref_axis',(-1.74574066942157E-15,0.,1.));
#2904=DIRECTION('center_axis',(0.,1.,0.));
#2905=DIRECTION('ref_axis',(0.,0.,-1.));
#2906=DIRECTION('',(1.71512449944288E-15,0.,-1.));
#2907=DIRECTION('center_axis',(0.,-1.,0.));
#2908=DIRECTION('ref_axis',(-1.,0.,-1.71512449944288E-15));
#2909=DIRECTION('',(-1.,0.,-3.52209750882182E-15));
#2910=DIRECTION('',(-1.74574066942157E-15,0.,1.));
#2911=DIRECTION('',(1.,0.,4.61314674092051E-15));
#2912=DIRECTION('center_axis',(0.,1.,0.));
#2913=DIRECTION('ref_axis',(-1.,0.,-1.71512449944288E-15));
#2914=DIRECTION('center_axis',(1.,0.,1.72701359386135E-15));
#2915=DIRECTION('ref_axis',(1.72701359386135E-15,0.,-1.));
#2916=DIRECTION('',(0.,1.,0.));
#2917=DIRECTION('',(0.,-1.,0.));
#2918=DIRECTION('center_axis',(0.,-1.,0.));
#2919=DIRECTION('ref_axis',(0.,0.,-1.));
#2920=DIRECTION('center_axis',(0.,-1.,0.));
#2921=DIRECTION('ref_axis',(0.,0.,-1.));
#2922=DIRECTION('',(0.,1.,0.));
#2923=DIRECTION('center_axis',(0.,1.,0.));
#2924=DIRECTION('ref_axis',(-1.,0.,-1.71512449944288E-15));
#2925=DIRECTION('',(0.,1.,0.));
#2926=DIRECTION('center_axis',(0.,-1.,0.));
#2927=DIRECTION('ref_axis',(0.,0.,1.));
#2928=DIRECTION('center_axis',(-4.61314674092051E-15,0.,1.));
#2929=DIRECTION('ref_axis',(1.,0.,4.61314674092051E-15));
#2930=DIRECTION('',(0.,-1.,0.));
#2931=DIRECTION('',(1.,0.,3.49148133884313E-15));
#2932=DIRECTION('',(0.,1.,0.));
#2933=DIRECTION('',(-1.,0.,-3.5527136788005E-15));
#2934=DIRECTION('',(0.,-1.,0.));
#2935=DIRECTION('center_axis',(0.,1.,0.));
#2936=DIRECTION('ref_axis',(-1.,0.,-1.71512449944288E-15));
#2937=DIRECTION('center_axis',(0.,1.,0.));
#2938=DIRECTION('ref_axis',(-1.,0.,-1.26161707343767E-15));
#2939=DIRECTION('center_axis',(0.,1.,0.));
#2940=DIRECTION('ref_axis',(0.,0.,1.));
#2941=DIRECTION('',(1.,0.,-6.12323399573677E-17));
#2942=DIRECTION('',(-1.,0.,6.12323399573677E-17));
#2943=DIRECTION('center_axis',(0.,-1.,0.));
#2944=DIRECTION('ref_axis',(0.,0.,-1.));
#2945=DIRECTION('',(-1.,0.,6.12323399573677E-17));
#2946=DIRECTION('center_axis',(0.,1.,0.));
#2947=DIRECTION('ref_axis',(-1.,0.,-2.16840434497101E-16));
#2948=DIRECTION('',(0.,0.,-1.));
#2949=DIRECTION('center_axis',(0.,1.,0.));
#2950=DIRECTION('ref_axis',(0.,0.,1.));
#2951=DIRECTION('',(0.,0.,1.));
#2952=DIRECTION('center_axis',(0.,-1.,0.));
#2953=DIRECTION('ref_axis',(0.,0.,-1.));
#2954=DIRECTION('',(-1.,0.,6.12323399573677E-17));
#2955=DIRECTION('center_axis',(-6.12323399573677E-17,0.,-1.));
#2956=DIRECTION('ref_axis',(0.,-1.,0.));
#2957=DIRECTION('center_axis',(0.,-1.,0.));
#2958=DIRECTION('ref_axis',(0.,0.,1.));
#2959=DIRECTION('center_axis',(0.,1.,0.));
#2960=DIRECTION('ref_axis',(-3.52209750882182E-15,0.,1.));
#2961=DIRECTION('',(0.,-1.,0.));
#2962=DIRECTION('center_axis',(0.,-1.,0.));
#2963=DIRECTION('ref_axis',(1.,0.,1.26161707343769E-15));
#2964=DIRECTION('center_axis',(0.,1.,0.));
#2965=DIRECTION('ref_axis',(-1.00929365875014E-14,0.,1.));
#2966=DIRECTION('center_axis',(0.,-1.,0.));
#2967=DIRECTION('ref_axis',(0.,0.,-1.));
#2968=DIRECTION('',(-1.,0.,-8.91240036697994E-15));
#2969=DIRECTION('',(-8.85116802702257E-15,0.,1.));
#2970=DIRECTION('',(1.,0.,1.09414179812839E-14));
#2971=DIRECTION('',(8.85116802702257E-15,0.,-1.));
#2972=DIRECTION('center_axis',(1.,-1.74434533759472E-30,8.88178419700125E-15));
#2973=DIRECTION('ref_axis',(8.88178419700125E-15,0.,-1.));
#2974=DIRECTION('',(1.74434533759472E-30,1.,1.55463040269189E-44));
#2975=DIRECTION('',(-8.85116802702257E-15,0.,1.));
#2976=DIRECTION('',(0.,-1.,0.));
#2977=DIRECTION('center_axis',(0.,1.,0.));
#2978=DIRECTION('ref_axis',(0.,0.,1.));
#2979=DIRECTION('',(1.,0.,8.91240036697994E-15));
#2980=DIRECTION('center_axis',(0.,-1.,0.));
#2981=DIRECTION('ref_axis',(1.,0.,1.38777878078144E-14));
#2982=DIRECTION('',(5.55111512312579E-15,0.,-1.));
#2983=DIRECTION('center_axis',(0.,-1.,0.));
#2984=DIRECTION('ref_axis',(0.,0.,-1.));
#2985=DIRECTION('',(-5.55111512312579E-15,0.,1.));
#2986=DIRECTION('center_axis',(0.,-1.,0.));
#2987=DIRECTION('ref_axis',(1.,0.,1.38777878078144E-14));
#2988=DIRECTION('center_axis',(0.,1.,0.));
#2989=DIRECTION('ref_axis',(0.,0.,1.));
#2990=DIRECTION('',(-8.91240036697994E-15,0.,1.));
#2991=DIRECTION('',(1.,0.,1.09414179812839E-14));
#2992=DIRECTION('center_axis',(1.09414179812839E-14,0.,-1.));
#2993=DIRECTION('ref_axis',(0.,1.,0.));
#2994=DIRECTION('',(0.,1.,0.));
#2995=DIRECTION('center_axis',(0.,1.,0.));
#2996=DIRECTION('ref_axis',(-3.52209750882182E-15,0.,1.));
#2997=DIRECTION('',(0.,-1.,0.));
#2998=DIRECTION('center_axis',(1.,0.,1.09414179812839E-14));
#2999=DIRECTION('ref_axis',(1.09414179812839E-14,0.,-1.));
#3000=DIRECTION('center_axis',(-3.52209750882182E-15,0.,1.));
#3001=DIRECTION('ref_axis',(1.,0.,3.52209750882182E-15));
#3002=DIRECTION('',(0.,1.,0.));
#3003=DIRECTION('',(-1.,0.,-3.49148133884313E-15));
#3004=DIRECTION('',(-1.,0.,-3.49148133884313E-15));
#3005=DIRECTION('center_axis',(0.,1.,0.));
#3006=DIRECTION('ref_axis',(-1.,0.,-1.71512449944288E-15));
#3007=DIRECTION('center_axis',(0.,-1.,0.));
#3008=DIRECTION('ref_axis',(-5.04646829375071E-15,0.,1.));
#3009=DIRECTION('center_axis',(0.,-1.,0.));
#3010=DIRECTION('ref_axis',(0.,0.,-1.));
#3011=DIRECTION('',(3.5527136788005E-15,0.,-1.));
#3012=DIRECTION('center_axis',(0.,1.,0.));
#3013=DIRECTION('ref_axis',(0.,0.,1.));
#3014=DIRECTION('',(-3.5527136788005E-15,0.,1.));
#3015=DIRECTION('center_axis',(0.,-1.,0.));
#3016=DIRECTION('ref_axis',(0.,0.,1.));
#3017=DIRECTION('',(1.,0.,1.38777878078144E-15));
#3018=DIRECTION('center_axis',(0.,-1.,0.));
#3019=DIRECTION('ref_axis',(0.,0.,-1.));
#3020=DIRECTION('center_axis',(0.,1.,0.));
#3021=DIRECTION('ref_axis',(0.,0.,1.));
#3022=DIRECTION('center_axis',(0.,1.,0.));
#3023=DIRECTION('ref_axis',(-1.,0.,-1.71512449944288E-15));
#3024=DIRECTION('',(0.,-1.,0.));
#3025=DIRECTION('center_axis',(0.,1.,0.));
#3026=DIRECTION('ref_axis',(0.,0.,1.));
#3027=DIRECTION('',(-1.77635683940025E-15,0.,1.));
#3028=DIRECTION('center_axis',(0.,1.,0.));
#3029=DIRECTION('ref_axis',(0.,0.,1.));
#3030=DIRECTION('',(0.,0.,-1.));
#3031=DIRECTION('center_axis',(1.,0.,1.71512449944288E-15));
#3032=DIRECTION('ref_axis',(1.71512449944288E-15,0.,-1.));
#3033=DIRECTION('center_axis',(0.,1.,0.));
#3034=DIRECTION('ref_axis',(0.,0.,1.));
#3035=DIRECTION('center_axis',(0.,-1.,0.));
#3036=DIRECTION('ref_axis',(0.,0.,-1.));
#3037=DIRECTION('axis',(0.,0.,1.));
#3038=DIRECTION('refdir',(1.,0.,0.));
#3039=DIRECTION('center_axis',(0.00595610649228638,-0.000438033103661632,
0.999982166302206));
#3040=DIRECTION('ref_axis',(-0.64083538689594,-0.767670431736797,0.00348068081998327));
#3041=DIRECTION('center_axis',(0.937581976013947,0.347721915202945,-0.00543212125946877));
#3042=DIRECTION('ref_axis',(0.347671812359902,-0.937578460331852,-0.00842268437824153));
#3043=DIRECTION('center_axis',(0.937581976013947,0.347721915202945,-0.00543212125946877));
#3044=DIRECTION('ref_axis',(0.347671812359902,-0.937578460331852,-0.00842268437824153));
#3045=DIRECTION('center_axis',(-0.00595610649228638,0.000438033103661632,
-0.999982166302206));
#3046=DIRECTION('ref_axis',(-0.640835386895944,-0.767670431736794,0.00348068081998471));
#3047=DIRECTION('center_axis',(0.174639679724743,0.984632221455552,-0.000608881880905392));
#3048=DIRECTION('ref_axis',(-0.984632403975472,0.17463971209746,0.));
#3049=DIRECTION('center_axis',(0.174639679724743,0.984632221455552,-0.000608881880905392));
#3050=DIRECTION('ref_axis',(-0.984632403975472,0.17463971209746,0.));
#3051=DIRECTION('center_axis',(1.,2.43167912563659E-16,-3.57786716920216E-18));
#3052=DIRECTION('ref_axis',(1.19262238973405E-18,-0.00863851347304332,-0.999962687346371));
#3053=DIRECTION('center_axis',(-1.,-2.43167912563659E-16,3.57786716920216E-18));
#3054=DIRECTION('ref_axis',(-5.78235471105354E-17,-0.999963614427746,0.0085305228795035));
#3055=DIRECTION('center_axis',(-1.,-4.88712599577313E-17,3.03576608295941E-18));
#3056=DIRECTION('ref_axis',(0.,-0.999963614427746,0.00853052287950349));
#3057=DIRECTION('',(1.,4.88712599577313E-17,-3.03576608295941E-18));
#3058=DIRECTION('center_axis',(-0.999999630563329,-8.25038889745894E-16,
-0.000859577340893581));
#3059=DIRECTION('ref_axis',(-7.33264417246814E-6,-0.999963614427746,0.00853051972801555));
#3060=DIRECTION('center_axis',(-0.999999630563329,-8.25038889745894E-16,
-0.000859577340893581));
#3061=DIRECTION('ref_axis',(-7.33264417246814E-6,-0.999963614427746,0.00853051972801555));
#3062=DIRECTION('center_axis',(-0.999999999999909,0.,4.27762234479543E-7));
#3063=DIRECTION('ref_axis',(3.23907602710493E-9,0.999971330928085,0.00757214117100732));
#3064=DIRECTION('center_axis',(-0.991249360266276,-0.131998892166402,-0.000999118882826412));
#3065=DIRECTION('ref_axis',(0.132002673349886,-0.991220941639617,-0.00750593655412685));
#3066=DIRECTION('center_axis',(-0.999999999999909,-5.04954456340915E-16,
4.27762234946819E-7));
#3067=DIRECTION('ref_axis',(-3.64903486478143E-9,-0.999963614427746,-0.00853052287950481));
#3068=DIRECTION('center_axis',(-0.991249360266276,-0.131998892166402,-0.000999118882826412));
#3069=DIRECTION('ref_axis',(0.132002673349886,-0.991220941639617,-0.00750593655412685));
#3070=DIRECTION('center_axis',(-7.19114031559955E-16,1.,1.03389519168218E-15));
#3071=DIRECTION('ref_axis',(0.000903731842248391,7.7232899851951E-16,-0.999999591634295));
#3072=DIRECTION('center_axis',(7.19114031559955E-16,-1.,-1.03389519168218E-15));
#3073=DIRECTION('ref_axis',(0.000903731842247298,1.03454465572337E-15,-0.999999591634295));
#3074=DIRECTION('center_axis',(-0.937581976013947,-0.347721915202946,0.00543212125946608));
#3075=DIRECTION('ref_axis',(-0.346982541403295,0.934313295431239,-0.0816197399023639));
#3076=DIRECTION('center_axis',(-0.952344948021271,-0.305018223390635,0.00172724577964928));
#3077=DIRECTION('ref_axis',(0.304131461317761,-0.949113137477128,0.0817820671360448));
#3078=DIRECTION('center_axis',(-0.952344948021271,-0.305018223390635,0.00172724577964928));
#3079=DIRECTION('ref_axis',(0.304131461317761,-0.949113137477128,0.0817820671360448));
#3080=DIRECTION('center_axis',(0.965150587609222,0.261687634718754,0.00198117966824402));
#3081=DIRECTION('ref_axis',(0.26169501354859,-0.965115216294833,-0.008266750267179));
#3082=DIRECTION('',(-0.965150587609222,-0.261687634718754,-0.00198117966824402));
#3083=DIRECTION('center_axis',(0.174639679724743,0.984632221455552,-0.000608881880905392));
#3084=DIRECTION('ref_axis',(0.,0.00061838496772641,0.999999808799998));
#3085=DIRECTION('',(-0.00348648246032754,-6.6083752698989E-15,-0.999993922201557));
#3086=DIRECTION('center_axis',(5.55111512312579E-17,-1.,6.60822189468452E-15));
#3087=DIRECTION('ref_axis',(1.,5.5511151231258E-17,6.93889390390724E-18));
#3088=DIRECTION('center_axis',(4.27762235139572E-7,1.15598278846049E-15,
0.999999999999909));
#3089=DIRECTION('ref_axis',(0.999999999999909,0.,-4.27762235012935E-7));
#3090=DIRECTION('center_axis',(-0.97551505524216,-0.219932664685605,4.17288500696966E-7));
#3091=DIRECTION('ref_axis',(-0.219932664685384,0.97551505524216,5.21021022529315E-7));
#3092=DIRECTION('center_axis',(-0.97551505524216,-0.219932664685605,4.17288500696966E-7));
#3093=DIRECTION('ref_axis',(-0.219932664685384,0.97551505524216,5.21021022529315E-7));
#3094=DIRECTION('center_axis',(-4.27762235139572E-7,-1.15598278846049E-15,
-0.999999999999909));
#3095=DIRECTION('ref_axis',(0.999999999999909,-1.50039014374279E-30,-4.27762235139572E-7));
#3096=DIRECTION('center_axis',(-0.0618926149430429,-0.998082814307266,2.64753244604379E-8));
#3097=DIRECTION('ref_axis',(0.998082814307266,-0.0618926149430414,0.));
#3098=DIRECTION('center_axis',(-0.0618926149430429,-0.998082814307266,2.64753244604379E-8));
#3099=DIRECTION('ref_axis',(0.998082814307266,-0.0618926149430414,0.));
#3100=DIRECTION('center_axis',(-1.,9.71711457524357E-17,1.60803911080308E-20));
#3101=DIRECTION('ref_axis',(1.63814848510002E-20,4.28583909211426E-7,0.999999999999908));
#3102=DIRECTION('center_axis',(1.,-9.71711457524357E-17,-1.60803911080308E-20));
#3103=DIRECTION('ref_axis',(1.63353127321149E-15,0.999999999999909,-4.26942134562238E-7));
#3104=DIRECTION('center_axis',(1.,-6.96552499464936E-18,2.71315240917393E-22));
#3105=DIRECTION('ref_axis',(-1.14501199316781E-30,0.999999999999909,-4.26942134562238E-7));
#3106=DIRECTION('',(-1.,6.96552499464936E-18,-2.71315240917393E-22));
#3107=DIRECTION('center_axis',(0.999989883005006,-6.28940409463977E-17,
-0.00449820938094993));
#3108=DIRECTION('ref_axis',(-1.92047349707657E-9,0.999999999999909,-4.26937815198208E-7));
#3109=DIRECTION('center_axis',(0.999989883005006,-6.28940409463977E-17,
-0.00449820938094993));
#3110=DIRECTION('ref_axis',(-1.92047349707657E-9,0.999999999999909,-4.26937815198208E-7));
#3111=DIRECTION('center_axis',(0.999999999999909,0.,-4.27762231939264E-7));
#3112=DIRECTION('ref_axis',(2.78606964676555E-20,-1.,6.51312676558046E-14));
#3113=DIRECTION('center_axis',(0.99616283726093,0.0875191502476621,-4.26120840231847E-7));
#3114=DIRECTION('ref_axis',(-0.0875191502474643,0.996162837260931,4.62741275159121E-7));
#3115=DIRECTION('center_axis',(0.999999999999909,9.02322518485332E-17,-4.27762231319638E-7));
#3116=DIRECTION('ref_axis',(1.80982254645764E-13,0.999999999999909,4.26942134562199E-7));
#3117=DIRECTION('center_axis',(0.99616283726093,0.0875191502476621,-4.26120840231847E-7));
#3118=DIRECTION('ref_axis',(-0.0875191502474643,0.996162837260931,4.62741275159121E-7));
#3119=DIRECTION('center_axis',(-1.99405724255635E-18,-1.,-1.32348898008484E-21));
#3120=DIRECTION('ref_axis',(4.27762232570105E-7,0.,0.999999999999909));
#3121=DIRECTION('center_axis',(1.99405724255635E-18,1.,1.32348898008484E-21));
#3122=DIRECTION('ref_axis',(4.27762232525831E-7,-1.32434196246258E-21,0.999999999999908));
#3123=DIRECTION('center_axis',(0.975515055242161,0.219932664685602,-4.17288501412071E-7));
#3124=DIRECTION('ref_axis',(0.219932664685581,-0.97551505524225,-9.40789127410354E-8));
#3125=DIRECTION('center_axis',(0.98036269303529,0.197202916064694,-4.19362137265697E-7));
#3126=DIRECTION('ref_axis',(-0.197202916064476,0.98036269303529,5.11182789943086E-7));
#3127=DIRECTION('center_axis',(0.98036269303529,0.197202916064694,-4.19362137265697E-7));
#3128=DIRECTION('ref_axis',(-0.197202916064476,0.98036269303529,5.11182789943086E-7));
#3129=DIRECTION('center_axis',(-0.984680796679764,-0.174366650050769,4.21209259123176E-7));
#3130=DIRECTION('ref_axis',(-0.174366650050555,0.984680796679765,5.01529602242013E-7));
#3131=DIRECTION('',(0.984680796679764,0.174366650050769,-4.21209259123176E-7));
#3132=DIRECTION('center_axis',(-0.0618926149430429,-0.998082814307266,2.64753244604379E-8));
#3133=DIRECTION('ref_axis',(0.,-2.65261800733574E-8,-1.));
#3134=DIRECTION('',(-4.27762257809285E-7,2.49800156795062E-16,-0.999999999999909));
#3135=DIRECTION('center_axis',(5.5511151231258E-17,-1.,-2.4980018054066E-16));
#3136=DIRECTION('ref_axis',(1.,5.5511151231258E-17,6.93889390390724E-18));
#3137=DIRECTION('',(7.39557098644699E-32,2.46519032881566E-32,1.));
#3138=DIRECTION('',(2.63677968348474E-16,1.,2.46519032881566E-32));
#3139=DIRECTION('',(-0.0226133891267075,-0.121809933117281,0.992295810142403));
#3140=DIRECTION('',(0.0012588141089663,0.992545364316581,0.121869254370024));
#3141=DIRECTION('',(7.39557098644699E-32,2.46519032881566E-32,1.));
#3142=DIRECTION('',(2.63677968348474E-16,1.,2.46519032881566E-32));
#3143=DIRECTION('',(7.62668257977346E-32,1.66533453693773E-16,1.));
#3144=DIRECTION('',(4.30211422042248E-16,1.,-1.66533453693774E-16));
#3145=CARTESIAN_POINT('',(0.,0.,0.));
#3146=CARTESIAN_POINT('',(0.,0.,0.));
#3147=CARTESIAN_POINT('Origin',(18.0999997630715,3.4999999217689,0.));
#3148=CARTESIAN_POINT('',(16.9999997630715,3.4999999217689,-2.45));
#3149=CARTESIAN_POINT('Origin',(18.0999997630715,3.4999999217689,-2.45));
#3150=CARTESIAN_POINT('',(16.9999997630715,3.4999999217689,0.));
#3151=CARTESIAN_POINT('',(16.9999997630715,3.4999999217689,0.));
#3152=CARTESIAN_POINT('Origin',(18.0999997630715,3.4999999217689,0.));
#3153=CARTESIAN_POINT('Origin',(18.0999997630715,3.4999999217689,-2.45));
#3154=CARTESIAN_POINT('Origin',(18.0999997630715,3.4999999217689,0.));
#3155=CARTESIAN_POINT('',(16.5999997630715,3.4999999217689,3.4));
#3156=CARTESIAN_POINT('Origin',(18.0999997630715,3.4999999217689,3.4));
#3157=CARTESIAN_POINT('',(16.5999997630715,3.4999999217689,0.));
#3158=CARTESIAN_POINT('',(16.5999997630715,3.4999999217689,0.));
#3159=CARTESIAN_POINT('Origin',(18.0999997630715,3.4999999217689,0.));
#3160=CARTESIAN_POINT('Origin',(18.0999997630715,3.4999999217689,3.4));
#3161=CARTESIAN_POINT('Origin',(18.0999997630715,3.4999999217689,0.));
#3162=CARTESIAN_POINT('',(0.,0.,0.));
#3163=CARTESIAN_POINT('Ctrl Pts',(19.7976572012642,3.49573033136283,4.14144559267722));
#3164=CARTESIAN_POINT('Ctrl Pts',(19.796083683628,4.74540969650217,4.16971232908561));
#3165=CARTESIAN_POINT('Ctrl Pts',(18.5602591909237,4.74809920403347,3.98201419435481));
#3166=CARTESIAN_POINT('Ctrl Pts',(17.3244346982194,4.75078871156477,3.79431605962401));
#3167=CARTESIAN_POINT('Ctrl Pts',(17.3260082158556,3.50110934642543,3.76604932321562));
#3168=CARTESIAN_POINT('Ctrl Pts',(17.3275817334919,2.25142998128609,3.73778258680724));
#3169=CARTESIAN_POINT('Ctrl Pts',(18.5634062261961,2.24874047375479,3.92548072153804));
#3170=CARTESIAN_POINT('Ctrl Pts',(19.7992307189004,2.24605096622349,4.11317885626884));
#3171=CARTESIAN_POINT('Ctrl Pts',(19.7976572012642,3.49573033136283,4.14144559267722));
#3172=CARTESIAN_POINT('Ctrl Pts',(19.5177213548703,3.50777593966662,3.59332316689506));
#3173=CARTESIAN_POINT('Ctrl Pts',(19.5165998678428,4.39845499161543,3.61346960660449));
#3174=CARTESIAN_POINT('Ctrl Pts',(18.6357955445561,4.40037187372536,3.47969225430265));
#3175=CARTESIAN_POINT('Ctrl Pts',(17.7549912212693,4.4022887558353,3.34591490200081));
#3176=CARTESIAN_POINT('Ctrl Pts',(17.7561127082968,3.51160970388649,3.32576846229137));
#3177=CARTESIAN_POINT('Ctrl Pts',(17.7572341953242,2.62093065193768,3.30562202258194));
#3178=CARTESIAN_POINT('Ctrl Pts',(18.6380385186109,2.61901376982775,3.43939937488378));
#3179=CARTESIAN_POINT('Ctrl Pts',(19.5188428418977,2.61709688771781,3.57317672718562));
#3180=CARTESIAN_POINT('Ctrl Pts',(19.5177213548703,3.50777593966662,3.59332316689506));
#3181=CARTESIAN_POINT('Ctrl Pts',(18.9091153501545,3.50910044038897,3.50088753987399));
#3182=CARTESIAN_POINT('Ctrl Pts',(18.9087687727421,3.78435038401115,3.50711347095666));
#3183=CARTESIAN_POINT('Ctrl Pts',(18.6365704541711,3.78494276539874,3.46577174567588));
#3184=CARTESIAN_POINT('Ctrl Pts',(18.3643721356002,3.78553514678633,3.42443002039511));
#3185=CARTESIAN_POINT('Ctrl Pts',(18.3647187130125,3.51028520316414,3.41820408931244));
#3186=CARTESIAN_POINT('Ctrl Pts',(18.3650652904249,3.23503525954196,3.41197815822977));
#3187=CARTESIAN_POINT('Ctrl Pts',(18.6372636089959,3.23444287815437,3.45331988351055));
#3188=CARTESIAN_POINT('Ctrl Pts',(18.9094619275669,3.23385049676678,3.49466160879132));
#3189=CARTESIAN_POINT('Ctrl Pts',(18.9091153501545,3.50910044038897,3.50088753987399));
#3190=CARTESIAN_POINT('',(18.9091153501545,3.50910044038897,3.50088753987399));
#3191=CARTESIAN_POINT('Origin',(18.6369170315835,3.50969282177655,3.45954581459321));
#3192=CARTESIAN_POINT('',(19.7976572012642,3.49573033136283,4.14144559267722));
#3193=CARTESIAN_POINT('Origin',(18.7289129748979,3.48204528147114,4.68697148392172));
#3194=CARTESIAN_POINT('Origin',(18.5618327085599,3.49841983889413,3.95374745794643));
#3195=CARTESIAN_POINT('Origin',(18.6369170315835,3.50969282177655,3.45954581459321));
#3196=CARTESIAN_POINT('Origin',(18.5618327085599,3.49841983889413,3.95374745794643));
#3197=CARTESIAN_POINT('',(18.9375300120844,1.55993324411352,3.96660951856811));
#3198=CARTESIAN_POINT('',(18.9363593633853,5.4345395787153,4.05481334003918));
#3199=CARTESIAN_POINT('Origin',(18.5618327085599,3.49841983889413,3.95374745794643));
#3200=CARTESIAN_POINT('',(18.8988172018735,5.42890308727409,4.30191416171579));
#3201=CARTESIAN_POINT('',(18.9363593633853,5.4345395787153,4.05481334003918));
#3202=CARTESIAN_POINT('',(18.8999878505726,1.5542967526723,4.21371034024472));
#3203=CARTESIAN_POINT('Origin',(18.5242905470481,3.49278334745292,4.20084827962305));
#3204=CARTESIAN_POINT('',(18.9375300120844,1.55993324411352,3.96660951856811));
#3205=CARTESIAN_POINT('Origin',(14.7814650003876,3.49667292579466,3.37935429902507));
#3206=CARTESIAN_POINT('',(15.2382526359575,3.48996063134093,3.701534374594));
#3207=CARTESIAN_POINT('Origin',(14.7439228388758,3.49103643435345,3.62645512070168));
#3208=CARTESIAN_POINT('',(15.2757947974693,3.49559712278214,3.45443355291739));
#3209=CARTESIAN_POINT('',(15.2757947974693,3.49559712278214,3.45443355291739));
#3210=CARTESIAN_POINT('Origin',(14.7814650003876,3.49667292579466,3.37935429902507));
#3211=CARTESIAN_POINT('Origin',(10.1301072956781,7.20583634576358,2.75727885109408));
#3212=CARTESIAN_POINT('',(10.1301072956781,7.20583634576358,2.75727885109408));
#3213=CARTESIAN_POINT('',(10.1308625841266,6.6059902639043,2.74371081792133));
#3214=CARTESIAN_POINT('',(10.1301072956781,7.20583634576358,2.75727885109408));
#3215=CARTESIAN_POINT('',(10.0933204226149,6.60035377246309,2.99081163959794));
#3216=CARTESIAN_POINT('',(10.1308625841266,6.6059902639043,2.74371081792133));
#3217=CARTESIAN_POINT('',(10.0925651341664,7.20019985432237,3.00437967277069));
#3218=CARTESIAN_POINT('',(10.0925651341664,7.20019985432237,3.00437967277069));
#3219=CARTESIAN_POINT('',(10.1301072956781,7.20583634576358,2.75727885109408));
#3220=CARTESIAN_POINT('Origin',(18.9363593633952,5.43453957876628,4.05481334004184));
#3221=CARTESIAN_POINT('',(28.7215648626024,3.46633531526474,5.49658919644816));
#3222=CARTESIAN_POINT('',(28.6840227010906,3.46069882382352,5.74369001812477));
#3223=CARTESIAN_POINT('Origin',(10.1393748068566,-0.154371903183466,2.59079689397174));
#3224=CARTESIAN_POINT('',(10.1393748068566,-0.154371903183466,2.59079689397174));
#3225=CARTESIAN_POINT('',(28.7215648626024,3.46633531526474,5.49658919644816));
#3226=CARTESIAN_POINT('',(10.1018326453448,-0.160008394624679,2.83789771564835));
#3227=CARTESIAN_POINT('',(28.6840227010906,3.46069882382352,5.74369001812477));
#3228=CARTESIAN_POINT('',(10.1393748068566,-0.154371903183466,2.59079689397174));
#3229=CARTESIAN_POINT('Origin',(10.1386672316022,0.407580612813167,2.60350780533574));
#3230=CARTESIAN_POINT('',(10.1386672316022,0.407580612813167,2.60350780533574));
#3231=CARTESIAN_POINT('',(10.1301072956781,7.20583634576358,2.75727885109408));
#3232=CARTESIAN_POINT('',(10.1011250700904,0.401944121371954,2.85060862701235));
#3233=CARTESIAN_POINT('',(10.0925651341664,7.20019985432237,3.00437967277069));
#3234=CARTESIAN_POINT('',(10.1386672316022,0.407580612813167,2.60350780533574));
#3235=CARTESIAN_POINT('Origin',(11.1273268257657,0.405429006788127,2.75366631312038));
#3236=CARTESIAN_POINT('',(11.1273268257657,0.405429006788127,2.75366631312038));
#3237=CARTESIAN_POINT('',(11.1273268257657,0.405429006788127,2.75366631312038));
#3238=CARTESIAN_POINT('',(11.0897846642539,0.399792515346914,3.000767134797));
#3239=CARTESIAN_POINT('',(11.0897846642539,0.399792515346914,3.000767134797));
#3240=CARTESIAN_POINT('',(11.1273268257657,0.405429006788127,2.75366631312038));
#3241=CARTESIAN_POINT('Origin',(11.1253127231463,2.0050186299201,2.78984773653183));
#3242=CARTESIAN_POINT('',(11.1253127231463,2.0050186299201,2.78984773653183));
#3243=CARTESIAN_POINT('',(11.1195221782901,6.60383865787926,2.89386932570597));
#3244=CARTESIAN_POINT('',(11.0877705616345,1.99938213847889,3.03694855820844));
#3245=CARTESIAN_POINT('',(11.0819800167783,6.59820216643805,3.14097014738258));
#3246=CARTESIAN_POINT('',(11.1253127231463,2.0050186299201,2.78984773653183));
#3247=CARTESIAN_POINT('Origin',(13.5969617085549,1.9996396148575,3.16524400599344));
#3248=CARTESIAN_POINT('',(13.5969617085549,1.9996396148575,3.16524400599344));
#3249=CARTESIAN_POINT('',(13.5969617085549,1.9996396148575,3.16524400599344));
#3250=CARTESIAN_POINT('',(13.5594195470431,1.99400312341628,3.41234482767005));
#3251=CARTESIAN_POINT('',(13.5594195470431,1.99400312341628,3.41234482767005));
#3252=CARTESIAN_POINT('',(13.5969617085549,1.9996396148575,3.16524400599344));
#3253=CARTESIAN_POINT('Origin',(13.593185266228,4.99887009119192,3.23308417337356));
#3254=CARTESIAN_POINT('',(13.593185266228,4.99887009119192,3.23308417337356));
#3255=CARTESIAN_POINT('',(13.593185266228,4.99887009119192,3.23308417337356));
#3256=CARTESIAN_POINT('',(13.5556431047162,4.9932335997507,3.48018499505017));
#3257=CARTESIAN_POINT('',(13.5556431047162,4.9932335997507,3.48018499505017));
#3258=CARTESIAN_POINT('',(13.593185266228,4.99887009119192,3.23308417337356));
#3259=CARTESIAN_POINT('Origin',(11.1215362808194,5.00424910625452,2.85768790391196));
#3260=CARTESIAN_POINT('',(11.1215362808194,5.00424910625452,2.85768790391196));
#3261=CARTESIAN_POINT('',(11.1215362808194,5.00424910625452,2.85768790391196));
#3262=CARTESIAN_POINT('',(11.0839941193076,4.9986126148133,3.10478872558857));
#3263=CARTESIAN_POINT('',(11.0839941193076,4.9986126148133,3.10478872558857));
#3264=CARTESIAN_POINT('',(11.1215362808194,5.00424910625452,2.85768790391196));
#3265=CARTESIAN_POINT('Origin',(11.1195221782901,6.60383865787926,2.89386932570597));
#3266=CARTESIAN_POINT('',(11.1195221782901,6.60383865787926,2.89386932570597));
#3267=CARTESIAN_POINT('',(11.1195221782901,6.60383865787926,2.89386932570597));
#3268=CARTESIAN_POINT('',(11.0819800167783,6.59820216643805,3.14097014738258));
#3269=CARTESIAN_POINT('',(11.0819800167783,6.59820216643805,3.14097014738258));
#3270=CARTESIAN_POINT('',(11.1195221782901,6.60383865787926,2.89386932570597));
#3271=CARTESIAN_POINT('Origin',(11.0206564420662,6.60405381799603,2.87885350882618));
#3272=CARTESIAN_POINT('',(10.1308625841266,6.6059902639043,2.74371081792133));
#3273=CARTESIAN_POINT('',(10.0933204226149,6.60035377246309,2.99081163959794));
#3274=CARTESIAN_POINT('Origin',(14.4992218334978,3.51051566898256,3.58972189551392));
#3275=CARTESIAN_POINT('Origin',(14.5367639950096,3.51615216042377,3.34262107383731));
#3276=CARTESIAN_POINT('',(0.,0.,0.));
#3277=CARTESIAN_POINT('Origin',(10.5999998860061,0.2,3.27000026931057));
#3278=CARTESIAN_POINT('',(11.,0.4,3.27000026931057));
#3279=CARTESIAN_POINT('',(10.1999997720122,0.4,3.27000026931057));
#3280=CARTESIAN_POINT('',(10.2,0.4,3.27000026931057));
#3281=CARTESIAN_POINT('',(11.,0.,3.27000026931057));
#3282=CARTESIAN_POINT('',(11.,1.85,3.27000026931057));
#3283=CARTESIAN_POINT('',(10.1999997720122,0.,3.27000026931057));
#3284=CARTESIAN_POINT('',(10.3999999430031,0.,3.27000026931057));
#3285=CARTESIAN_POINT('',(10.2,1.85,3.27000026931057));
#3286=CARTESIAN_POINT('Origin',(10.2,0.,0.88));
#3287=CARTESIAN_POINT('',(11.,0.,5.67));
#3288=CARTESIAN_POINT('',(11.,0.,0.880000000000001));
#3289=CARTESIAN_POINT('',(10.2,0.,5.67));
#3290=CARTESIAN_POINT('',(10.6,0.,5.67));
#3291=CARTESIAN_POINT('',(10.2,0.,-0.477168026350792));
#3292=CARTESIAN_POINT('Origin',(11.,3.5,3.3757079934123));
#3293=CARTESIAN_POINT('',(11.,0.4,2.57000026931057));
#3294=CARTESIAN_POINT('',(11.,0.4,3.17285413136144));
#3295=CARTESIAN_POINT('',(11.,0.,2.57000026931057));
#3296=CARTESIAN_POINT('',(11.,1.75,2.57000026931057));
#3297=CARTESIAN_POINT('',(11.,0.,0.880000000000001));
#3298=CARTESIAN_POINT('',(11.,0.,0.880000000000001));
#3299=CARTESIAN_POINT('',(11.,2.,0.880000000000001));
#3300=CARTESIAN_POINT('',(11.,3.5,0.880000000000001));
#3301=CARTESIAN_POINT('',(11.,2.,5.67));
#3302=CARTESIAN_POINT('',(11.,2.,4.96285398776546));
#3303=CARTESIAN_POINT('',(11.,5.25,5.67));
#3304=CARTESIAN_POINT('Origin',(10.2,6.6,3.27));
#3305=CARTESIAN_POINT('',(10.2,6.6,3.27));
#3306=CARTESIAN_POINT('',(10.2,6.6,2.57));
#3307=CARTESIAN_POINT('',(10.2,6.6,3.32285399670615));
#3308=CARTESIAN_POINT('',(11.,6.6,3.27));
#3309=CARTESIAN_POINT('',(10.2,6.6,3.27));
#3310=CARTESIAN_POINT('',(11.,6.6,2.57));
#3311=CARTESIAN_POINT('',(11.,6.6,3.32285399670615));
#3312=CARTESIAN_POINT('',(10.2,6.6,2.57));
#3313=CARTESIAN_POINT('Origin',(10.2,7.,3.27));
#3314=CARTESIAN_POINT('',(10.2,7.,3.27));
#3315=CARTESIAN_POINT('',(10.2,5.25,3.27));
#3316=CARTESIAN_POINT('',(11.,7.,3.27));
#3317=CARTESIAN_POINT('',(10.6,7.,3.27));
#3318=CARTESIAN_POINT('',(11.,5.25,3.27));
#3319=CARTESIAN_POINT('Origin',(10.2,6.6,2.57));
#3320=CARTESIAN_POINT('',(10.2,7.,2.57));
#3321=CARTESIAN_POINT('',(10.2,5.05,2.57));
#3322=CARTESIAN_POINT('',(11.,7.,2.57));
#3323=CARTESIAN_POINT('',(11.,5.05,2.57));
#3324=CARTESIAN_POINT('',(10.6,7.,2.57));
#3325=CARTESIAN_POINT('Origin',(10.2,0.4,2.57000026931057));
#3326=CARTESIAN_POINT('',(10.2,0.4,2.57000026931057));
#3327=CARTESIAN_POINT('',(10.2,0.4,3.17285413136143));
#3328=CARTESIAN_POINT('',(10.2,0.4,2.57000026931057));
#3329=CARTESIAN_POINT('Origin',(10.2,0.,2.57000026931057));
#3330=CARTESIAN_POINT('',(10.2,0.,2.57000026931057));
#3331=CARTESIAN_POINT('',(10.2,1.75,2.57000026931057));
#3332=CARTESIAN_POINT('',(10.2,0.,2.57000026931057));
#3333=CARTESIAN_POINT('Origin',(10.2,3.5,3.3757079934123));
#3334=CARTESIAN_POINT('',(10.2,7.,0.879999999999999));
#3335=CARTESIAN_POINT('',(10.2,7.,-0.477168026350792));
#3336=CARTESIAN_POINT('',(10.2,7.,0.8));
#3337=CARTESIAN_POINT('',(10.2,7.,2.27749999105931));
#3338=CARTESIAN_POINT('',(10.2,5.,0.799999982118624));
#3339=CARTESIAN_POINT('',(10.2,3.5,0.799999982118624));
#3340=CARTESIAN_POINT('',(10.2,5.,5.67));
#3341=CARTESIAN_POINT('',(10.2,5.,2.08785398776546));
#3342=CARTESIAN_POINT('',(10.2,7.,5.67));
#3343=CARTESIAN_POINT('',(10.2,5.25,5.67));
#3344=CARTESIAN_POINT('',(10.2,7.,-0.477168026350792));
#3345=CARTESIAN_POINT('Origin',(11.,7.,0.880000000000002));
#3346=CARTESIAN_POINT('',(11.,7.,0.880000000000001));
#3347=CARTESIAN_POINT('',(11.,7.,-0.47716802635079));
#3348=CARTESIAN_POINT('',(10.376,7.,0.879999999999999));
#3349=CARTESIAN_POINT('Origin',(10.2,0.,0.88));
#3350=CARTESIAN_POINT('',(10.2,0.,0.879999999999999));
#3351=CARTESIAN_POINT('',(10.2,0.,-0.477168026350792));
#3352=CARTESIAN_POINT('',(10.376,0.,0.879999999999999));
#3353=CARTESIAN_POINT('Origin',(10.2,3.5,3.3757079934123));
#3354=CARTESIAN_POINT('',(10.2,2.,5.67));
#3355=CARTESIAN_POINT('',(10.2,5.25,5.67));
#3356=CARTESIAN_POINT('',(10.2,2.,0.799999982118624));
#3357=CARTESIAN_POINT('',(10.2,2.,6.54999998211863));
#3358=CARTESIAN_POINT('',(10.2,0.,0.8));
#3359=CARTESIAN_POINT('',(10.2,3.5,0.799999982118624));
#3360=CARTESIAN_POINT('',(10.2,0.,2.27749999105931));
#3361=CARTESIAN_POINT('Origin',(0.,4.24952676681768,1.32663657266353));
#3362=CARTESIAN_POINT('',(0.,4.24952676681768,1.32663657266353));
#3363=CARTESIAN_POINT('',(0.,4.24952676681768,2.17336334910537));
#3364=CARTESIAN_POINT('',(0.,4.24952676681768,1.76331827739107));
#3365=CARTESIAN_POINT('',(0.800000000000001,4.24952676681768,1.32663657266353));
#3366=CARTESIAN_POINT('',(0.,4.24952676681768,1.32663657266353));
#3367=CARTESIAN_POINT('',(0.800000000000001,4.24952676681768,2.17336334910537));
#3368=CARTESIAN_POINT('',(0.800000000000001,4.24952676681768,1.76331827739107));
#3369=CARTESIAN_POINT('',(0.,4.24952676681768,2.17336334910537));
#3370=CARTESIAN_POINT('Origin',(0.,3.4999999217689,1.29999997094274));
#3371=CARTESIAN_POINT('',(0.,2.75024135909657,1.28097110603941));
#3372=CARTESIAN_POINT('Origin',(0.,3.4999999217689,1.29999997094274));
#3373=CARTESIAN_POINT('',(0.800000000000001,2.75024135909657,1.28097110603941));
#3374=CARTESIAN_POINT('',(0.,2.75024135909657,1.28097110603941));
#3375=CARTESIAN_POINT('Origin',(0.800000000000001,3.4999999217689,1.29999997094274));
#3376=CARTESIAN_POINT('Origin',(0.,2.75024135909657,2.17336334910537));
#3377=CARTESIAN_POINT('',(0.,2.75024135909657,2.17336334910537));
#3378=CARTESIAN_POINT('',(0.,2.75024135909657,2.18668166561199));
#3379=CARTESIAN_POINT('',(0.800000000000001,2.75024135909657,2.17336334910537));
#3380=CARTESIAN_POINT('',(0.,2.75024135909657,2.17336334910537));
#3381=CARTESIAN_POINT('',(0.800000000000001,2.75024135909657,2.18668166561199));
#3382=CARTESIAN_POINT('Origin',(0.,2.75047307672013,2.17336334910537));
#3383=CARTESIAN_POINT('',(0.,2.75047307672013,2.17336334910537));
#3384=CARTESIAN_POINT('',(0.,3.12523651600832,2.17336334910537));
#3385=CARTESIAN_POINT('',(0.800000000000001,2.75047307672013,2.17336334910537));
#3386=CARTESIAN_POINT('',(0.,2.75047307672013,2.17336334910537));
#3387=CARTESIAN_POINT('',(0.800000000000001,3.12523651600832,2.17336334910537));
#3388=CARTESIAN_POINT('Origin',(0.,3.4999999217689,2.19999995082617));
#3389=CARTESIAN_POINT('Origin',(0.,3.4999999217689,2.19999995082617));
#3390=CARTESIAN_POINT('Origin',(0.800000000000001,3.4999999217689,2.19999995082617));
#3391=CARTESIAN_POINT('Origin',(0.,3.49999995529652,4.59999998211861));
#3392=CARTESIAN_POINT('',(0.,2.49999995529652,4.59999998211861));
#3393=CARTESIAN_POINT('',(0.,4.49999995529652,4.59999998211861));
#3394=CARTESIAN_POINT('Origin',(0.,3.49999995529652,4.59999998211861));
#3395=CARTESIAN_POINT('',(0.800000000000001,2.49999995529652,4.59999998211861));
#3396=CARTESIAN_POINT('',(0.,2.49999995529652,4.59999998211861));
#3397=CARTESIAN_POINT('',(0.800000000000001,4.49999995529652,4.59999998211861));
#3398=CARTESIAN_POINT('Origin',(0.800000000000001,3.49999995529652,4.59999998211861));
#3399=CARTESIAN_POINT('',(0.,4.49999995529652,4.59999998211861));
#3400=CARTESIAN_POINT('Origin',(0.,3.49999995529652,2.19999998211861));
#3401=CARTESIAN_POINT('',(0.,4.94999995529652,4.59999998211861));
#3402=CARTESIAN_POINT('',(0.,2.04999995529652,4.59999998211861));
#3403=CARTESIAN_POINT('',(0.,4.94999995529652,-0.360000017881393));
#3404=CARTESIAN_POINT('',(0.,4.94999995529652,-0.200000017881393));
#3405=CARTESIAN_POINT('',(0.,4.99999995529652,-0.360000017881393));
#3406=CARTESIAN_POINT('',(0.,4.22499997764826,-0.360000017881393));
#3407=CARTESIAN_POINT('',(0.,4.99999995529652,-0.0800000000000015));
#3408=CARTESIAN_POINT('',(0.,4.99999995529652,-0.062854005646848));
#3409=CARTESIAN_POINT('',(0.,7.,-0.0800000000000001));
#3410=CARTESIAN_POINT('',(0.,3.5,-0.0799999999999998));
#3411=CARTESIAN_POINT('',(0.,7.,-2.45));
#3412=CARTESIAN_POINT('',(0.,7.,1.27716802635079));
#3413=CARTESIAN_POINT('',(0.,0.,-2.45));
#3414=CARTESIAN_POINT('',(0.,0.,-2.45));
#3415=CARTESIAN_POINT('',(0.,0.,-0.0799999999999998));
#3416=CARTESIAN_POINT('',(0.,0.,-0.0799999999999998));
#3417=CARTESIAN_POINT('',(0.,1.99999995529652,-0.0800000000000015));
#3418=CARTESIAN_POINT('',(0.,3.5,-0.0799999999999998));
#3419=CARTESIAN_POINT('',(0.,1.99999995529652,-0.360000017881393));
#3420=CARTESIAN_POINT('',(0.,1.99999995529652,-0.0628540056468441));
#3421=CARTESIAN_POINT('',(0.,2.04999995529652,-0.360000017881393));
#3422=CARTESIAN_POINT('',(0.,2.74999997764826,-0.360000017881393));
#3423=CARTESIAN_POINT('',(0.,2.04999995529652,4.59999998211861));
#3424=CARTESIAN_POINT('',(0.,2.04999995529652,-0.200000017881393));
#3425=CARTESIAN_POINT('',(0.,2.04999995529652,4.59999998211861));
#3426=CARTESIAN_POINT('Origin',(0.,4.94999995529652,4.59999998211861));
#3427=CARTESIAN_POINT('',(0.800000000000001,4.94999995529652,4.59999998211861));
#3428=CARTESIAN_POINT('',(0.800000000000001,2.04999995529652,4.59999998211861));
#3429=CARTESIAN_POINT('',(0.,4.94999995529652,4.59999998211861));
#3430=CARTESIAN_POINT('Origin',(0.,4.94999995529652,4.59999998211861));
#3431=CARTESIAN_POINT('',(0.800000000000001,2.04999995529652,4.59999998211861));
#3432=CARTESIAN_POINT('',(0.,2.04999995529652,4.59999998211861));
#3433=CARTESIAN_POINT('',(0.800000000000001,2.04999995529652,4.59999998211861));
#3434=CARTESIAN_POINT('Origin',(0.800000000000001,3.49999995529652,2.19999998211861));
#3435=CARTESIAN_POINT('',(0.800000000000001,2.04999995529652,-0.360000017881394));
#3436=CARTESIAN_POINT('',(0.800000000000001,2.04999995529652,-0.200000017881393));
#3437=CARTESIAN_POINT('',(0.800000000000001,1.99999995529652,-0.360000017881394));
#3438=CARTESIAN_POINT('',(0.800000000000001,2.74999997764826,-0.360000017881393));
#3439=CARTESIAN_POINT('',(0.800000000000001,1.99999995529652,-0.0800000000000001));
#3440=CARTESIAN_POINT('',(0.800000000000001,1.99999995529652,-0.0628540056468441));
#3441=CARTESIAN_POINT('',(0.800000000000001,0.,-0.0800000000000001));
#3442=CARTESIAN_POINT('',(0.800000000000001,3.5,-0.0800000000000001));
#3443=CARTESIAN_POINT('',(0.800000000000001,0.,-2.45));
#3444=CARTESIAN_POINT('',(0.800000000000001,0.,1.27716802635079));
#3445=CARTESIAN_POINT('',(0.800000000000001,7.,-2.45));
#3446=CARTESIAN_POINT('',(0.800000000000001,0.,-2.45));
#3447=CARTESIAN_POINT('',(0.800000000000001,7.,-0.0800000000000001));
#3448=CARTESIAN_POINT('',(0.800000000000001,7.,1.27716802635079));
#3449=CARTESIAN_POINT('',(0.800000000000001,4.99999995529652,-0.0800000000000001));
#3450=CARTESIAN_POINT('',(0.800000000000001,3.5,-0.0800000000000001));
#3451=CARTESIAN_POINT('',(0.800000000000001,4.99999995529652,-0.360000017881394));
#3452=CARTESIAN_POINT('',(0.800000000000001,4.99999995529652,-0.062854005646848));
#3453=CARTESIAN_POINT('',(0.800000000000001,4.94999995529652,-0.360000017881394));
#3454=CARTESIAN_POINT('',(0.800000000000001,4.22499997764826,-0.360000017881393));
#3455=CARTESIAN_POINT('',(0.800000000000001,4.94999995529652,-0.200000017881393));
#3456=CARTESIAN_POINT('Origin',(0.,4.94999995529652,-0.200000017881393));
#3457=CARTESIAN_POINT('',(0.,4.94999995529652,-0.360000017881393));
#3458=CARTESIAN_POINT('Origin',(0.,4.94999995529652,-0.360000017881393));
#3459=CARTESIAN_POINT('',(0.,4.99999995529652,-0.360000017881393));
#3460=CARTESIAN_POINT('Origin',(0.,2.04999995529652,-0.360000017881393));
#3461=CARTESIAN_POINT('',(0.,2.04999995529652,-0.360000017881393));
#3462=CARTESIAN_POINT('Origin',(0.,1.99999995529652,-0.360000017881393));
#3463=CARTESIAN_POINT('',(0.,1.99999995529652,-0.360000017881393));
#3464=CARTESIAN_POINT('Origin',(4.5,4.99999995529652,0.799999982118614));
#3465=CARTESIAN_POINT('',(4.5,1.99999995529652,-1.78813924778254E-8));
#3466=CARTESIAN_POINT('',(4.5,4.99999995529652,-1.78813924778254E-8));
#3467=CARTESIAN_POINT('',(4.5,4.24999996647239,-1.78813924778254E-8));
#3468=CARTESIAN_POINT('',(4.5,1.99999995529652,0.799999982118614));
#3469=CARTESIAN_POINT('',(4.5,1.99999995529652,0.799999982118614));
#3470=CARTESIAN_POINT('',(4.5,4.99999995529652,0.799999982118614));
#3471=CARTESIAN_POINT('',(4.5,4.24999996647239,0.799999982118614));
#3472=CARTESIAN_POINT('',(4.5,4.99999995529652,0.799999982118614));
#3473=CARTESIAN_POINT('Origin',(-2.22044604925031E-15,4.99999995529652,
0.799999982118607));
#3474=CARTESIAN_POINT('',(0.879999999999999,4.99999995529652,0.8));
#3475=CARTESIAN_POINT('Origin',(0.880000000000001,4.99999995529652,-0.0800000000000001));
#3476=CARTESIAN_POINT('',(0.879999999999999,4.99999995529652,0.));
#3477=CARTESIAN_POINT('Origin',(0.880000000000001,4.99999995529652,-0.0800000000000001));
#3478=CARTESIAN_POINT('',(5.2744998871237,4.99999995529652,-1.78813902573793E-8));
#3479=CARTESIAN_POINT('',(5.2744998871237,4.99999995529652,0.799999982118615));
#3480=CARTESIAN_POINT('Origin',(4.5,1.99999995529652,0.799999982118614));
#3481=CARTESIAN_POINT('',(0.879999999999999,1.99999995529652,0.8));
#3482=CARTESIAN_POINT('Origin',(0.880000000000001,1.99999995529652,-0.0800000000000001));
#3483=CARTESIAN_POINT('',(7.5244998871237,1.99999995529652,0.799999982118619));
#3484=CARTESIAN_POINT('',(0.879999999999999,1.99999995529652,0.));
#3485=CARTESIAN_POINT('',(7.5244998871237,1.99999995529652,-1.78813841511527E-8));
#3486=CARTESIAN_POINT('Origin',(0.880000000000001,1.99999995529652,-0.0800000000000001));
#3487=CARTESIAN_POINT('Origin',(0.880000000000001,3.5,-0.0800000000000001));
#3488=CARTESIAN_POINT('',(0.880000000000001,0.,0.8));
#3489=CARTESIAN_POINT('Origin',(0.880000000000001,0.,-0.0800000000000001));
#3490=CARTESIAN_POINT('',(0.879999999999999,1.75,0.8));
#3491=CARTESIAN_POINT('Origin',(0.880000000000001,3.5,-0.0800000000000001));
#3492=CARTESIAN_POINT('',(0.880000000000001,7.,0.8));
#3493=CARTESIAN_POINT('',(0.879999999999999,1.75,0.8));
#3494=CARTESIAN_POINT('Origin',(0.880000000000001,7.,-0.0800000000000001));
#3495=CARTESIAN_POINT('Origin',(10.5489997742474,3.49999997764826,0.799999982118625));
#3496=CARTESIAN_POINT('',(10.12,0.,0.8));
#3497=CARTESIAN_POINT('',(0.,0.,0.8));
#3498=CARTESIAN_POINT('',(7.85,0.,0.8));
#3499=CARTESIAN_POINT('',(9.93999977424741,1.99999995529652,0.799999982118624));
#3500=CARTESIAN_POINT('',(10.1499998871237,1.99999995529652,0.799999982118624));
#3501=CARTESIAN_POINT('',(9.93999977424741,2.00999995529652,0.799999982118624));
#3502=CARTESIAN_POINT('',(9.9399997742474,1.99999997764826,0.799999982118624));
#3503=CARTESIAN_POINT('',(10.1179997742474,2.00999995529652,0.799999982118623));
#3504=CARTESIAN_POINT('',(10.0999997742474,2.00999995529652,0.799999982118624));
#3505=CARTESIAN_POINT('',(10.1179997742474,4.99,0.799999982118623));
#3506=CARTESIAN_POINT('',(10.1179997742474,4.24499998882413,0.799999982118624));
#3507=CARTESIAN_POINT('',(9.93999977424741,4.99,0.799999982118624));
#3508=CARTESIAN_POINT('',(10.0999997742474,4.99,0.799999982118624));
#3509=CARTESIAN_POINT('',(9.93999977424741,5.,0.799999982118624));
#3510=CARTESIAN_POINT('',(9.9399997742474,3.495,0.799999982118624));
#3511=CARTESIAN_POINT('',(10.1499998871237,5.,0.799999982118624));
#3512=CARTESIAN_POINT('',(10.12,7.,0.8));
#3513=CARTESIAN_POINT('',(8.25,7.,0.8));
#3514=CARTESIAN_POINT('',(11.,7.,0.8));
#3515=CARTESIAN_POINT('Origin',(10.5489997742474,3.49999997764826,-1.788137582448E-8));
#3516=CARTESIAN_POINT('',(0.880000000000001,7.,0.));
#3517=CARTESIAN_POINT('',(0.879999999999999,1.75,0.));
#3518=CARTESIAN_POINT('',(10.12,7.,0.));
#3519=CARTESIAN_POINT('',(11.,7.,0.));
#3520=CARTESIAN_POINT('',(10.12,5.,-1.788137582448E-8));
#3521=CARTESIAN_POINT('',(10.12,1.75,0.));
#3522=CARTESIAN_POINT('',(9.93999977424741,5.,-1.78813761020358E-8));
#3523=CARTESIAN_POINT('',(7.7999998871237,5.,0.));
#3524=CARTESIAN_POINT('',(9.93999977424741,4.99,-1.78813761020358E-8));
#3525=CARTESIAN_POINT('',(9.93999977424741,4.245,0.));
#3526=CARTESIAN_POINT('',(10.1179997742474,4.99,-1.7881376934703E-8));
#3527=CARTESIAN_POINT('',(10.0999997742474,4.99,-1.788137582448E-8));
#3528=CARTESIAN_POINT('',(10.1179997742474,2.00999995529652,-1.7881376934703E-8));
#3529=CARTESIAN_POINT('',(10.1179997742474,4.24499998882413,-1.7881376934703E-8));
#3530=CARTESIAN_POINT('',(9.93999977424741,2.00999995529652,-1.78813761020358E-8));
#3531=CARTESIAN_POINT('',(10.0999997742474,2.00999995529652,-1.788137582448E-8));
#3532=CARTESIAN_POINT('',(9.93999977424741,1.99999995529652,-1.78813761020358E-8));
#3533=CARTESIAN_POINT('',(9.93999977424741,2.74999997764826,0.));
#3534=CARTESIAN_POINT('',(10.12,1.99999995529652,-1.788137582448E-8));
#3535=CARTESIAN_POINT('',(7.7999998871237,1.99999995529652,0.));
#3536=CARTESIAN_POINT('',(10.12,0.,0.));
#3537=CARTESIAN_POINT('',(10.12,1.75,0.));
#3538=CARTESIAN_POINT('',(0.880000000000001,0.,0.));
#3539=CARTESIAN_POINT('',(0.,0.,0.));
#3540=CARTESIAN_POINT('',(0.879999999999999,1.75,0.));
#3541=CARTESIAN_POINT('Origin',(0.880000000000001,3.5,-0.0800000000000001));
#3542=CARTESIAN_POINT('Origin',(0.880000000000001,7.,-0.0800000000000001));
#3543=CARTESIAN_POINT('Origin',(10.1179997742474,3.49999997764826,-0.0800000178813767));
#3544=CARTESIAN_POINT('',(10.9979997742474,4.99,-0.080000017881372));
#3545=CARTESIAN_POINT('',(10.9979997742474,2.00999995529652,-0.080000017881372));
#3546=CARTESIAN_POINT('',(10.9979997742474,3.49999997764826,-0.0800000178813742));
#3547=CARTESIAN_POINT('Origin',(10.1179997742474,4.99,-0.0800000178813767));
#3548=CARTESIAN_POINT('Origin',(10.1179997742474,2.00999995529652,-0.0800000178813767));
#3549=CARTESIAN_POINT('Origin',(10.1979997742474,2.00999995529652,0.598583995294018));
#3550=CARTESIAN_POINT('',(10.1979997742474,2.00999995529652,-0.0800000178813787));
#3551=CARTESIAN_POINT('',(10.3739997742474,2.00999995529652,-0.0800000178813765));
#3552=CARTESIAN_POINT('',(10.1979997742474,2.00999995529652,-2.45000001788138));
#3553=CARTESIAN_POINT('',(10.1979997742474,2.00999995529652,1.27716800846941));
#3554=CARTESIAN_POINT('',(10.9979997742474,2.00999995529652,-2.45000001788137));
#3555=CARTESIAN_POINT('',(10.1979997742474,2.00999995529652,-2.45000001788138));
#3556=CARTESIAN_POINT('',(10.9979997742474,2.00999995529652,1.27716800846942));
#3557=CARTESIAN_POINT('Origin',(10.1979997742474,3.49999997764826,-0.925708011293682));
#3558=CARTESIAN_POINT('',(10.1979997742474,4.99,-0.0800000178813787));
#3559=CARTESIAN_POINT('',(10.1979997742474,3.49999997764826,-0.0800000178813765));
#3560=CARTESIAN_POINT('',(10.1979997742474,4.99,-2.45000001788138));
#3561=CARTESIAN_POINT('',(10.1979997742474,4.99,1.27716800846941));
#3562=CARTESIAN_POINT('',(10.1979997742474,4.99,-2.45000001788138));
#3563=CARTESIAN_POINT('Origin',(10.1979997742474,4.99,-0.0800000178813767));
#3564=CARTESIAN_POINT('',(10.3739997742474,4.99,-0.0800000178813765));
#3565=CARTESIAN_POINT('Origin',(10.1179997742474,4.99,-0.0800000178813767));
#3566=CARTESIAN_POINT('',(10.1179997742474,4.99,0.399999982118624));
#3567=CARTESIAN_POINT('Origin',(10.9979997742474,2.00999995529652,-0.0800000178813695));
#3568=CARTESIAN_POINT('',(10.1179997742474,2.00999995529652,0.399999982118624));
#3569=CARTESIAN_POINT('Origin',(10.1179997742474,2.00999995529652,-0.0800000178813767));
#3570=CARTESIAN_POINT('Origin',(10.1979997742474,4.99,-2.45000001788138));
#3571=CARTESIAN_POINT('',(10.9979997742474,4.99,-2.45000001788137));
#3572=CARTESIAN_POINT('',(10.9979997742474,4.99,-0.080000017881372));
#3573=CARTESIAN_POINT('',(10.1979997742474,4.99,-2.45000001788138));
#3574=CARTESIAN_POINT('Origin',(10.1979997742474,2.00999995529652,-2.45000001788138));
#3575=CARTESIAN_POINT('',(10.9979997742474,4.99,-2.45000001788137));
#3576=CARTESIAN_POINT('Origin',(10.1179997742474,3.49999997764826,-0.0800000178813767));
#3577=CARTESIAN_POINT('Origin',(10.9979997742474,3.49999997764826,-0.925708011293678));
#3578=CARTESIAN_POINT('Origin',(10.0999997742474,4.99,0.799999982118624));
#3579=CARTESIAN_POINT('',(9.93999977424741,4.99,0.799999982118624));
#3580=CARTESIAN_POINT('Origin',(9.93999977424741,4.99,0.799999982118624));
#3581=CARTESIAN_POINT('',(9.93999977424741,5.,0.799999982118624));
#3582=CARTESIAN_POINT('Origin',(9.93999977424741,2.00999995529652,0.799999982118624));
#3583=CARTESIAN_POINT('',(9.93999977424741,2.00999995529652,0.799999982118624));
#3584=CARTESIAN_POINT('Origin',(9.93999977424741,1.99999995529652,0.799999982118624));
#3585=CARTESIAN_POINT('',(9.93999977424741,1.99999995529652,0.799999982118624));
#3586=CARTESIAN_POINT('Origin',(10.12,3.5,0.88));
#3587=CARTESIAN_POINT('Origin',(10.12,1.99999995529652,0.88));
#3588=CARTESIAN_POINT('Origin',(10.12,0.,0.88));
#3589=CARTESIAN_POINT('Origin',(10.2,0.,0.88));
#3590=CARTESIAN_POINT('',(10.12,0.,0.4));
#3591=CARTESIAN_POINT('Origin',(10.2,2.,6.54999998211863));
#3592=CARTESIAN_POINT('',(11.08,2.,6.54999998211863));
#3593=CARTESIAN_POINT('Origin',(11.08,2.,5.67));
#3594=CARTESIAN_POINT('',(14.7,2.,6.54999998211863));
#3595=CARTESIAN_POINT('',(13.6253539967061,2.,6.55));
#3596=CARTESIAN_POINT('',(14.7,2.,5.75000000000002));
#3597=CARTESIAN_POINT('',(14.7,2.,6.54999998211863));
#3598=CARTESIAN_POINT('',(11.08,2.,5.75));
#3599=CARTESIAN_POINT('',(13.6253539967061,2.,5.75000000000001));
#3600=CARTESIAN_POINT('Origin',(11.08,2.,5.67));
#3601=CARTESIAN_POINT('Origin',(10.2,5.,0.799999982118624));
#3602=CARTESIAN_POINT('',(11.,5.,0.880000000000001));
#3603=CARTESIAN_POINT('Origin',(10.12,5.,0.88));
#3604=CARTESIAN_POINT('',(11.,5.,5.67));
#3605=CARTESIAN_POINT('',(11.,5.,2.08785398776546));
#3606=CARTESIAN_POINT('',(11.08,5.,5.75));
#3607=CARTESIAN_POINT('Origin',(11.08,5.,5.67));
#3608=CARTESIAN_POINT('',(14.7,5.,5.75000000000002));
#3609=CARTESIAN_POINT('',(13.6253539967061,5.,5.75000000000001));
#3610=CARTESIAN_POINT('',(14.7,5.,6.54999998211863));
#3611=CARTESIAN_POINT('',(14.7,5.,0.799999982118632));
#3612=CARTESIAN_POINT('',(11.08,5.,6.54999998211863));
#3613=CARTESIAN_POINT('',(13.6253539967061,5.,6.55));
#3614=CARTESIAN_POINT('Origin',(11.08,5.,5.67));
#3615=CARTESIAN_POINT('Origin',(14.7,3.5,3.67499998211863));
#3616=CARTESIAN_POINT('',(14.7,3.5,5.75000000000002));
#3617=CARTESIAN_POINT('',(14.7,3.5,6.55));
#3618=CARTESIAN_POINT('Origin',(10.12,3.5,0.88));
#3619=CARTESIAN_POINT('Origin',(10.12,7.,0.88));
#3620=CARTESIAN_POINT('',(11.,3.5,0.880000000000001));
#3621=CARTESIAN_POINT('Origin',(11.08,3.5,5.67));
#3622=CARTESIAN_POINT('',(11.08,0.,5.75));
#3623=CARTESIAN_POINT('',(11.08,3.5,5.75));
#3624=CARTESIAN_POINT('Origin',(11.08,0.,5.67));
#3625=CARTESIAN_POINT('Origin',(17.0507079934123,3.5,6.55000000000002));
#3626=CARTESIAN_POINT('',(11.08,0.,6.55));
#3627=CARTESIAN_POINT('',(11.08,3.5,6.54999999999999));
#3628=CARTESIAN_POINT('',(22.82,0.,6.55000000000004));
#3629=CARTESIAN_POINT('',(9.7228319736492,0.,6.55));
#3630=CARTESIAN_POINT('',(22.82,7.,6.55000000000004));
#3631=CARTESIAN_POINT('',(22.82,5.25,6.55000000000004));
#3632=CARTESIAN_POINT('',(11.08,7.,6.55));
#3633=CARTESIAN_POINT('',(11.08,7.,6.55));
#3634=CARTESIAN_POINT('',(11.08,3.5,6.54999999999999));
#3635=CARTESIAN_POINT('Origin',(11.08,3.5,5.67));
#3636=CARTESIAN_POINT('Origin',(11.08,0.,5.67));
#3637=CARTESIAN_POINT('Origin',(11.,7.,0.880000000000002));
#3638=CARTESIAN_POINT('',(0.624,7.,-0.0800000000000001));
#3639=CARTESIAN_POINT('',(0.800000000000001,7.,-2.45));
#3640=CARTESIAN_POINT('Origin',(10.2,0.,0.88));
#3641=CARTESIAN_POINT('',(0.624,0.,-0.0800000000000001));
#3642=CARTESIAN_POINT('Origin',(0.880000000000001,0.,-0.0800000000000001));
#3643=CARTESIAN_POINT('',(0.880000000000001,0.,0.));
#3644=CARTESIAN_POINT('Origin',(11.,7.,0.880000000000002));
#3645=CARTESIAN_POINT('',(0.880000000000001,7.,0.));
#3646=CARTESIAN_POINT('Origin',(10.2,0.,0.88));
#3647=CARTESIAN_POINT('',(0.800000000000001,0.,-2.45));
#3648=CARTESIAN_POINT('Origin',(0.800000000000001,7.,-2.45));
#3649=CARTESIAN_POINT('Origin',(0.880000000000001,3.5,-0.0800000000000001));
#3650=CARTESIAN_POINT('Origin',(22.82,3.5,5.67000000000004));
#3651=CARTESIAN_POINT('',(23.7,7.,5.67000000000005));
#3652=CARTESIAN_POINT('',(23.7,0.,5.67000000000005));
#3653=CARTESIAN_POINT('',(23.7,3.5,5.67000000000005));
#3654=CARTESIAN_POINT('Origin',(22.82,7.,5.67000000000004));
#3655=CARTESIAN_POINT('Origin',(22.82,0.,5.67000000000004));
#3656=CARTESIAN_POINT('Origin',(10.2,0.,0.88));
#3657=CARTESIAN_POINT('',(22.9,0.,5.67000000000005));
#3658=CARTESIAN_POINT('',(23.076,0.,5.67000000000005));
#3659=CARTESIAN_POINT('',(22.9000000000001,0.,-2.44999999999996));
#3660=CARTESIAN_POINT('',(22.9,0.,7.02716802635083));
#3661=CARTESIAN_POINT('',(23.7000000000001,0.,-2.44999999999995));
#3662=CARTESIAN_POINT('',(22.9000000000001,0.,-2.44999999999996));
#3663=CARTESIAN_POINT('',(23.7,0.,7.02716802635084));
#3664=CARTESIAN_POINT('Origin',(22.9,3.5,1.94929200658774));
#3665=CARTESIAN_POINT('',(22.9,7.,5.67000000000005));
#3666=CARTESIAN_POINT('',(22.9,3.5,5.67000000000005));
#3667=CARTESIAN_POINT('',(22.9000000000001,7.,-2.44999999999996));
#3668=CARTESIAN_POINT('',(22.9,7.,7.02716802635083));
#3669=CARTESIAN_POINT('',(22.9000000000001,7.,-2.44999999999996));
#3670=CARTESIAN_POINT('Origin',(11.,7.,0.880000000000002));
#3671=CARTESIAN_POINT('',(23.076,7.,5.67000000000005));
#3672=CARTESIAN_POINT('',(22.82,7.,5.75000000000004));
#3673=CARTESIAN_POINT('Origin',(22.82,7.,5.67000000000004));
#3674=CARTESIAN_POINT('',(22.82,7.,5.75000000000004));
#3675=CARTESIAN_POINT('Origin',(10.2,0.,0.88));
#3676=CARTESIAN_POINT('',(22.82,0.,5.75000000000004));
#3677=CARTESIAN_POINT('',(22.82,0.,5.75000000000006));
#3678=CARTESIAN_POINT('Origin',(22.82,0.,5.67000000000004));
#3679=CARTESIAN_POINT('Origin',(11.,7.,0.880000000000002));
#3680=CARTESIAN_POINT('',(23.7000000000001,7.,-2.44999999999995));
#3681=CARTESIAN_POINT('',(23.7,7.,5.67000000000005));
#3682=CARTESIAN_POINT('',(22.9000000000001,7.,-2.44999999999996));
#3683=CARTESIAN_POINT('Origin',(22.9000000000001,0.,-2.44999999999996));
#3684=CARTESIAN_POINT('',(23.7000000000001,7.,-2.44999999999995));
#3685=CARTESIAN_POINT('Origin',(22.82,3.5,5.67000000000004));
#3686=CARTESIAN_POINT('',(22.82,5.25,5.75000000000004));
#3687=CARTESIAN_POINT('Origin',(23.7,3.5,1.94929200658775));
#3688=CARTESIAN_POINT('Origin',(17.0507079934123,3.5,5.75000000000002));
#3689=CARTESIAN_POINT('',(11.08,7.,5.75));
#3690=CARTESIAN_POINT('',(11.08,3.5,5.75));
#3691=CARTESIAN_POINT('',(9.7228319736492,7.,5.75));
#3692=CARTESIAN_POINT('',(9.7228319736492,0.,5.75));
#3693=CARTESIAN_POINT('Origin',(11.08,3.5,5.67));
#3694=CARTESIAN_POINT('Origin',(11.08,7.,5.67));
#3695=CARTESIAN_POINT('Origin',(10.2,0.,0.88));
#3696=CARTESIAN_POINT('',(11.08,0.,5.926));
#3697=CARTESIAN_POINT('Origin',(11.,7.,0.880000000000002));
#3698=CARTESIAN_POINT('',(11.08,7.,5.926));
#3699=CARTESIAN_POINT('',(11.,7.,5.67));
#3700=CARTESIAN_POINT('Origin',(11.08,7.,5.67));
#3701=CARTESIAN_POINT('',(10.6,7.,5.67));
#3702=CARTESIAN_POINT('Origin',(10.2,0.,0.88));
#3703=CARTESIAN_POINT('Origin',(11.,7.,0.880000000000002));
#3704=CARTESIAN_POINT('Origin',(11.08,3.5,5.67));
#3705=CARTESIAN_POINT('',(11.,5.25,5.67));
#3706=CARTESIAN_POINT('Origin',(11.,7.,0.880000000000002));
#3707=CARTESIAN_POINT('',(11.,7.,-0.47716802635079));
#3708=CARTESIAN_POINT('Origin',(11.,7.,0.880000000000002));
#3709=CARTESIAN_POINT('',(10.12,7.,0.4));
#3710=CARTESIAN_POINT('Origin',(11.,3.5,3.3757079934123));
#3711=CARTESIAN_POINT('Origin',(11.,7.,0.880000000000002));
#3712=CARTESIAN_POINT('Origin',(10.2,0.,0.88));
#3713=CARTESIAN_POINT('',(0.,0.,0.));
#3714=CARTESIAN_POINT('Origin',(12.0418468420831,3.45975687302284,4.22158837784337));
#3715=CARTESIAN_POINT('',(12.1250061166461,3.23318555357783,4.07152247911886));
#3716=CARTESIAN_POINT('',(12.0693532660837,3.38558670228015,4.22139205416153));
#3717=CARTESIAN_POINT('Origin',(12.1215102662716,3.2449470608172,4.2210197900566));
#3718=CARTESIAN_POINT('',(12.1180144158974,3.2567085680556,4.37051710099444));
#3719=CARTESIAN_POINT('Ctrl Pts',(12.1250061166459,3.23318555357833,4.07152247911881));
#3720=CARTESIAN_POINT('Ctrl Pts',(12.1254490518549,3.23180036427823,4.07164181470475));
#3721=CARTESIAN_POINT('Ctrl Pts',(12.1258911842441,3.23041682358274,4.07178232251251));
#3722=CARTESIAN_POINT('Ctrl Pts',(12.1314818234378,3.21291178901605,4.07383049992726));
#3723=CARTESIAN_POINT('Ctrl Pts',(12.1364633334343,3.19719971821516,4.07858045917958));
#3724=CARTESIAN_POINT('Ctrl Pts',(12.1456939323677,3.16795812972859,4.09340301533147));
#3725=CARTESIAN_POINT('Ctrl Pts',(12.1498765520831,3.15464034000398,4.10336737476341));
#3726=CARTESIAN_POINT('Ctrl Pts',(12.1575751911155,3.13008151746905,4.12932918401409));
#3727=CARTESIAN_POINT('Ctrl Pts',(12.1608298048083,3.11966813388518,4.14574957378777));
#3728=CARTESIAN_POINT('Ctrl Pts',(12.1652885426646,3.10544183238518,4.18184237114131));
#3729=CARTESIAN_POINT('Ctrl Pts',(12.1664509146269,3.10176283036056,4.20116771327112));
#3730=CARTESIAN_POINT('Ctrl Pts',(12.1665252573142,3.10169065419519,4.24020970975208));
#3731=CARTESIAN_POINT('Ctrl Pts',(12.1654366483055,3.10529786997574,4.25955193718153));
#3732=CARTESIAN_POINT('Ctrl Pts',(12.1611219380305,3.11939123034173,4.29570777436195));
#3733=CARTESIAN_POINT('Ctrl Pts',(12.1579367363016,3.12974328064569,4.31217417405849));
#3734=CARTESIAN_POINT('Ctrl Pts',(12.1498382314332,3.15588817922557,4.34003948108757));
#3735=CARTESIAN_POINT('Ctrl Pts',(12.1450013036938,3.17143316411085,4.35116842067712));
#3736=CARTESIAN_POINT('Ctrl Pts',(12.1364708233288,3.1986272845808,4.36338877565747));
#3737=CARTESIAN_POINT('Ctrl Pts',(12.1331569411842,3.20914766082998,4.36668680761417));
#3738=CARTESIAN_POINT('Ctrl Pts',(12.1263339028204,3.23068840337837,4.3707074017512));
#3739=CARTESIAN_POINT('Ctrl Pts',(12.1228470875252,3.24163800761787,4.37141660359671));
#3740=CARTESIAN_POINT('Ctrl Pts',(12.1189038024833,3.25393795960241,4.3707345596042));
#3741=CARTESIAN_POINT('Ctrl Pts',(12.1184590319649,3.2553241108944,4.37063641828554));
#3742=CARTESIAN_POINT('Ctrl Pts',(12.1180144158973,3.25670856805604,4.3705171009944));
#3743=CARTESIAN_POINT('Origin',(12.1215102662716,3.2449470608172,4.2210197900566));
#3744=CARTESIAN_POINT('',(11.9639573327227,3.47357206699411,4.22205835594949));
#3745=CARTESIAN_POINT('Origin',(12.0418468420831,3.45975687302284,4.22158837784337));
#3746=CARTESIAN_POINT('',(11.816788145825,3.49976809576693,4.37294860512888));
#3747=CARTESIAN_POINT('Origin',(11.816265173456,3.49976809576693,4.22294951679864));
#3748=CARTESIAN_POINT('',(11.7798404228587,3.49976012543164,4.36841240284403));
#3749=CARTESIAN_POINT('Ctrl Pts',(11.7798023354038,3.49976809576693,4.36857361550386));
#3750=CARTESIAN_POINT('Ctrl Pts',(11.7920878365183,3.49976809576693,4.3715735068321));
#3751=CARTESIAN_POINT('Ctrl Pts',(11.8050986769199,3.49976809576693,4.37298936050489));
#3752=CARTESIAN_POINT('Ctrl Pts',(11.816788145825,3.49976809576693,4.37294860512888));
#3753=CARTESIAN_POINT('',(11.6658251213165,3.50798122607622,4.22247089061528));
#3754=CARTESIAN_POINT('Ctrl Pts',(11.6658251213165,3.50798122607622,4.22247089061528));
#3755=CARTESIAN_POINT('Ctrl Pts',(11.6658419636902,3.50837892333687,4.23317694011826));
#3756=CARTESIAN_POINT('Ctrl Pts',(11.6670781923474,3.50872110232794,4.24383270484954));
#3757=CARTESIAN_POINT('Ctrl Pts',(11.669427439041,3.50899715886089,4.25427655792897));
#3758=CARTESIAN_POINT('Ctrl Pts',(11.6705562017407,3.50912979810999,4.25929460555655));
#3759=CARTESIAN_POINT('Ctrl Pts',(11.6719427284799,3.50924718911917,4.26426370369676));
#3760=CARTESIAN_POINT('Ctrl Pts',(11.6735793165917,3.50934820699557,4.26916488905421));
#3761=CARTESIAN_POINT('Ctrl Pts',(11.6770178282242,3.50956044802345,4.27946239930877));
#3762=CARTESIAN_POINT('Ctrl Pts',(11.6815203531118,3.50969827808815,4.28935181596787));
#3763=CARTESIAN_POINT('Ctrl Pts',(11.6869846048612,3.5097505359229,4.2986690203189));
#3764=CARTESIAN_POINT('Ctrl Pts',(11.6913940354031,3.50979270588563,4.30618762804688));
#3765=CARTESIAN_POINT('Ctrl Pts',(11.6964309984656,3.50977919101887,4.31333398148415));
#3766=CARTESIAN_POINT('Ctrl Pts',(11.7020633111891,3.50970420234554,4.32000968647364));
#3767=CARTESIAN_POINT('Ctrl Pts',(11.7082516041531,3.50962181134518,4.32734436766863));
#3768=CARTESIAN_POINT('Ctrl Pts',(11.7151030576054,3.50947208643422,4.33404486851098));
#3769=CARTESIAN_POINT('Ctrl Pts',(11.7225564709856,3.50923383339232,4.33998974438411));
#3770=CARTESIAN_POINT('Ctrl Pts',(11.7303104619735,3.50898597219834,4.34617436230263));
#3771=CARTESIAN_POINT('Ctrl Pts',(11.7387164488977,3.50864234685277,4.35154202091613));
#3772=CARTESIAN_POINT('Ctrl Pts',(11.7476149481922,3.50818580526633,4.35606281594544));
#3773=CARTESIAN_POINT('Ctrl Pts',(11.7527332230994,3.5079232098254,4.35866310516199));
#3774=CARTESIAN_POINT('Ctrl Pts',(11.7579665948518,3.50763191553243,4.36095668848913));
#3775=CARTESIAN_POINT('Ctrl Pts',(11.7632480203966,3.50723254083903,4.36294521979837));
#3776=CARTESIAN_POINT('Ctrl Pts',(11.7663894064114,3.50699499321748,4.36412799599998));
#3777=CARTESIAN_POINT('Ctrl Pts',(11.7691296909822,3.50674529816691,4.36504683940291));
#3778=CARTESIAN_POINT('Ctrl Pts',(11.7713470339061,3.5064497814581,4.36575153268649));
#3779=CARTESIAN_POINT('Ctrl Pts',(11.7728713948613,3.50624662202449,4.3662359895178));
#3780=CARTESIAN_POINT('Ctrl Pts',(11.7743009325676,3.50600259527231,4.3666657666532));
#3781=CARTESIAN_POINT('Ctrl Pts',(11.775470660637,3.50566858724665,4.36701022009915));
#3782=CARTESIAN_POINT('Ctrl Pts',(11.776239380544,3.50544908441931,4.36723658743006));
#3783=CARTESIAN_POINT('Ctrl Pts',(11.7768512500766,3.5052034404936,4.36741385603472));
#3784=CARTESIAN_POINT('Ctrl Pts',(11.7773508372801,3.50491820273058,4.36756023076963));
#3785=CARTESIAN_POINT('Ctrl Pts',(11.7777285153021,3.50470256863629,4.36767088716748));
#3786=CARTESIAN_POINT('Ctrl Pts',(11.7780754664623,3.50444501842984,4.36777346481441));
#3787=CARTESIAN_POINT('Ctrl Pts',(11.778377852961,3.50412477880555,4.36786585947913));
#3788=CARTESIAN_POINT('Ctrl Pts',(11.7787043973841,3.50377895495503,4.36796563563516));
#3789=CARTESIAN_POINT('Ctrl Pts',(11.7789534733833,3.50338713623512,4.36804584541402));
#3790=CARTESIAN_POINT('Ctrl Pts',(11.7791491800533,3.50294945234295,4.36811362212639));
#3791=CARTESIAN_POINT('Ctrl Pts',(11.7794324840471,3.50231586333569,4.36821173535531));
#3792=CARTESIAN_POINT('Ctrl Pts',(11.7796285695372,3.50153258365761,4.36829228543389));
#3793=CARTESIAN_POINT('Ctrl Pts',(11.7797584582917,3.50052321425053,4.36836319896997));
#3794=CARTESIAN_POINT('Ctrl Pts',(11.7797909376111,3.5002708164847,4.36838093124713));
#3795=CARTESIAN_POINT('Ctrl Pts',(11.7798178847111,3.50001489378142,4.36839729474065));
#3796=CARTESIAN_POINT('Ctrl Pts',(11.7798404228587,3.49976012543164,4.36841240284402));
#3797=CARTESIAN_POINT('',(11.7431907271197,3.49976809576699,4.09148553867912));
#3798=CARTESIAN_POINT('Ctrl Pts',(11.7431703008457,3.4997661245572,4.09149141735018));
#3799=CARTESIAN_POINT('Ctrl Pts',(11.7357949386761,3.50023592584047,4.09547844677904));
#3800=CARTESIAN_POINT('Ctrl Pts',(11.7287646553361,3.50070944606396,4.1000816452312));
#3801=CARTESIAN_POINT('Ctrl Pts',(11.7221753758962,3.50118670877773,4.10529713804665));
#3802=CARTESIAN_POINT('Ctrl Pts',(11.7202456901745,3.50132647626713,4.1068245071785));
#3803=CARTESIAN_POINT('Ctrl Pts',(11.7183539205576,3.50146656605532,4.10840449945865));
#3804=CARTESIAN_POINT('Ctrl Pts',(11.7165016637063,3.50160681471594,4.11003495013847));
#3805=CARTESIAN_POINT('Ctrl Pts',(11.7099172286842,3.50210537310549,4.11583090470637));
#3806=CARTESIAN_POINT('Ctrl Pts',(11.7038883391976,3.50260210102737,4.12221230909671));
#3807=CARTESIAN_POINT('Ctrl Pts',(11.6984690675812,3.50309003158346,4.12906250740299));
#3808=CARTESIAN_POINT('Ctrl Pts',(11.6918829032441,3.50368302471149,4.13738770956681));
#3809=CARTESIAN_POINT('Ctrl Pts',(11.6861953995992,3.50426302494229,4.14640577072159));
#3810=CARTESIAN_POINT('Ctrl Pts',(11.6814788085144,3.50482216362888,4.15596362556326));
#3811=CARTESIAN_POINT('Ctrl Pts',(11.6767106978145,3.5053874098218,4.16562588144217));
#3812=CARTESIAN_POINT('Ctrl Pts',(11.6729858594368,3.50592549287162,4.17573604743187));
#3813=CARTESIAN_POINT('Ctrl Pts',(11.6703604962957,3.5064266100555,4.18612654509171));
#3814=CARTESIAN_POINT('Ctrl Pts',(11.6682492496526,3.5068295950581,4.19448230470482));
#3815=CARTESIAN_POINT('Ctrl Pts',(11.6668496528249,3.5072087338349,4.20302039439753));
#3816=CARTESIAN_POINT('Ctrl Pts',(11.6662146902365,3.5075595136377,4.21165966025372));
#3817=CARTESIAN_POINT('Ctrl Pts',(11.6659500278749,3.50770572415889,4.21526064170535));
#3818=CARTESIAN_POINT('Ctrl Pts',(11.6658194463424,3.50784636773339,4.21886640446945));
#3819=CARTESIAN_POINT('Ctrl Pts',(11.6658251213165,3.50798122607622,4.22247089061528));
#3820=CARTESIAN_POINT('',(11.8157422010869,3.49976809576693,4.07295042846841));
#3821=CARTESIAN_POINT('Ctrl Pts',(11.8157422010869,3.49976809576693,4.07295042846841));
#3822=CARTESIAN_POINT('Ctrl Pts',(11.8156146883583,3.49976809576693,4.072950873042));
#3823=CARTESIAN_POINT('Ctrl Pts',(11.8154873250133,3.49976809576693,4.07295147472705));
#3824=CARTESIAN_POINT('Ctrl Pts',(11.796544170415,3.49976809576693,4.0730643041853));
#3825=CARTESIAN_POINT('Ctrl Pts',(11.7744140928699,3.49976809576693,4.07754704288524));
#3826=CARTESIAN_POINT('Ctrl Pts',(11.7525087315126,3.49976809576693,4.08673178994385));
#3827=CARTESIAN_POINT('Ctrl Pts',(11.7478306309028,3.49976809576693,4.08895902712923));
#3828=CARTESIAN_POINT('Ctrl Pts',(11.7431907271192,3.49976809576693,4.09148553867829));
#3829=CARTESIAN_POINT('Origin',(11.816265173456,3.49976809576693,4.22294951679864));
#3830=CARTESIAN_POINT('Origin',(12.362194761064,3.49976809576693,2.22294916873907));
#3831=CARTESIAN_POINT('',(12.362194761064,3.64976263793109,2.22166959030714));
#3832=CARTESIAN_POINT('Origin',(12.362194761064,3.49976809576693,2.22294916873907));
#3833=CARTESIAN_POINT('Origin',(13.062194761064,3.49976809576693,2.22294916873907));
#3834=CARTESIAN_POINT('',(13.0621958609606,3.64976263793109,2.22166959077986));
#3835=CARTESIAN_POINT('',(13.062194761064,3.64976263793109,2.22166959030714));
#3836=CARTESIAN_POINT('',(13.0620658244628,3.49976809576693,2.37294911332356));
#3837=CARTESIAN_POINT('Origin',(13.0621947610639,3.49976809576693,2.22294916873906));
#3838=CARTESIAN_POINT('Origin',(13.0621947610639,3.49976809576693,2.22294916873906));
#3839=CARTESIAN_POINT('Origin',(13.0613356114059,3.49976809576693,4.22294898420453));
#3840=CARTESIAN_POINT('',(13.0613356755684,3.49863227459128,4.37294468384373));
#3841=CARTESIAN_POINT('',(13.04136042388,3.64976263793109,4.22422857118108));
#3842=CARTESIAN_POINT('Origin',(13.0613356114059,3.49976809576693,4.22294898420453));
#3843=CARTESIAN_POINT('',(13.0613355472434,3.50090391694258,4.07295328456533));
#3844=CARTESIAN_POINT('Origin',(13.0613356114059,3.49976809576693,4.22294898420453));
#3845=CARTESIAN_POINT('Origin',(13.0613356114059,3.49976809576693,4.22294898420453));
#3846=CARTESIAN_POINT('Origin',(13.0613351836436,3.49976809576693,3.22294889175349));
#3847=CARTESIAN_POINT('',(13.0614805557724,3.49976809576692,4.07294897177341));
#3848=CARTESIAN_POINT('Origin',(13.0613351836436,3.49976809576693,3.22294889175349));
#3849=CARTESIAN_POINT('Ctrl Pts',(13.0613355472434,3.50090391694259,4.07295328456533));
#3850=CARTESIAN_POINT('Ctrl Pts',(13.0613838841893,3.50052531518226,4.07295041763648));
#3851=CARTESIAN_POINT('Ctrl Pts',(13.0614322206486,3.50014670540093,4.07294898003997));
#3852=CARTESIAN_POINT('Ctrl Pts',(13.0614805557724,3.49976809576692,4.07294897177341));
#3853=CARTESIAN_POINT('Ctrl Pts',(13.0614805557724,3.49976809576692,4.07294897177341));
#3854=CARTESIAN_POINT('Ctrl Pts',(13.0615423033656,3.49928442609,4.07294896121297));
#3855=CARTESIAN_POINT('Ctrl Pts',(13.0616040487793,3.49880075665348,4.07295128328808));
#3856=CARTESIAN_POINT('Ctrl Pts',(13.0642432271908,3.47812673518671,4.07315025166241));
#3857=CARTESIAN_POINT('Ctrl Pts',(13.0667892813482,3.4581648553973,4.07740772931863));
#3858=CARTESIAN_POINT('Ctrl Pts',(13.0715078812924,3.42152527330826,4.09339741269749));
#3859=CARTESIAN_POINT('Ctrl Pts',(13.0736441051054,3.40512714220712,4.10481175203993));
#3860=CARTESIAN_POINT('Ctrl Pts',(13.0772689270202,3.37781774134818,4.13328663748982));
#3861=CARTESIAN_POINT('Ctrl Pts',(13.0787268741951,3.36712953055945,4.15001615115551));
#3862=CARTESIAN_POINT('Ctrl Pts',(13.0807091747028,3.35313120975844,4.18595283876996));
#3863=CARTESIAN_POINT('Ctrl Pts',(13.0812500855052,3.34966547667126,4.20468616512328));
#3864=CARTESIAN_POINT('Ctrl Pts',(13.0813753898589,3.34987441732645,4.24231267633343));
#3865=CARTESIAN_POINT('Ctrl Pts',(13.0809662493462,3.35348435133066,4.26084993245123));
#3866=CARTESIAN_POINT('Ctrl Pts',(13.0792320279226,3.3672109145433,4.29538418927216));
#3867=CARTESIAN_POINT('Ctrl Pts',(13.0779349010708,3.37711420568918,4.31110672951189));
#3868=CARTESIAN_POINT('Ctrl Pts',(13.0745605145567,3.40231105978679,4.33843082286764));
#3869=CARTESIAN_POINT('Ctrl Pts',(13.0724978980869,3.41748695570448,4.34970125506741));
#3870=CARTESIAN_POINT('Ctrl Pts',(13.0688711026299,3.44395493482997,4.36256627335435));
#3871=CARTESIAN_POINT('Ctrl Pts',(13.0674804935477,3.4540647473562,4.36620163928577));
#3872=CARTESIAN_POINT('Ctrl Pts',(13.0646355072248,3.47471291207605,4.37121289259251));
#3873=CARTESIAN_POINT('Ctrl Pts',(13.0631899903528,3.48518771943859,4.37260941848742));
#3874=CARTESIAN_POINT('Ctrl Pts',(13.0616034775992,3.49669045648651,4.37292052784121));
#3875=CARTESIAN_POINT('Ctrl Pts',(13.0614695783853,3.49766131899448,4.37293733136281));
#3876=CARTESIAN_POINT('Ctrl Pts',(13.0613356755684,3.49863227459122,4.37294468384373));
#3877=CARTESIAN_POINT('Origin',(12.1215102662716,3.2449470608172,4.22101979005661));
#3878=CARTESIAN_POINT('',(12.0757143257635,3.38794065218536,4.22224637437069));
#3879=CARTESIAN_POINT('Origin',(12.1215102662716,3.2449470608172,4.22101979005661));
#3880=CARTESIAN_POINT('Origin',(12.1215102662716,3.2449470608172,4.22101979005661));
#3881=CARTESIAN_POINT('Origin',(12.1215102662716,3.2449470608172,4.22101979005661));
#3882=CARTESIAN_POINT('',(12.0822560142393,3.38971434326142,4.22225980259668));
#3883=CARTESIAN_POINT('Origin',(11.816265173456,3.49976809576693,4.22294951679864));
#3884=CARTESIAN_POINT('',(11.8163236462453,3.49976809576693,4.23972069940513));
#3885=CARTESIAN_POINT('Origin',(12.112506451681,3.49976809576693,4.25545944344482));
#3886=CARTESIAN_POINT('Ctrl Pts',(11.7798404228587,3.49976012543164,4.36841240284402));
#3887=CARTESIAN_POINT('Ctrl Pts',(11.7902308814481,3.49976024107728,4.37104964453978));
#3888=CARTESIAN_POINT('Ctrl Pts',(11.8008821226922,3.4997628985116,4.37262240510777));
#3889=CARTESIAN_POINT('Ctrl Pts',(11.8116080871924,3.49976658436088,4.37306795819976));
#3890=CARTESIAN_POINT('Ctrl Pts',(11.8128758528996,3.49976702001339,4.37312062077671));
#3891=CARTESIAN_POINT('Ctrl Pts',(11.8141446606703,3.49976746490753,4.3731574760586));
#3892=CARTESIAN_POINT('Ctrl Pts',(11.8154141980619,3.49976791234866,4.37317837132054));
#3893=CARTESIAN_POINT('Ctrl Pts',(11.8261500817123,3.49977169614895,4.37335507277293));
#3894=CARTESIAN_POINT('Ctrl Pts',(11.8368256637695,3.49977584080871,4.3723927734265));
#3895=CARTESIAN_POINT('Ctrl Pts',(11.8472545021629,3.49977711333901,4.37024206353366));
#3896=CARTESIAN_POINT('Ctrl Pts',(11.8482152167946,3.49977723056572,4.37004393806803));
#3897=CARTESIAN_POINT('Ctrl Pts',(11.8491738359645,3.49977732014673,4.36983569081498));
#3898=CARTESIAN_POINT('Ctrl Pts',(11.8501302113988,3.49977737753209,4.36961726049728));
#3899=CARTESIAN_POINT('Ctrl Pts',(11.8576562272096,3.49977782911535,4.36789836437588));
#3900=CARTESIAN_POINT('Ctrl Pts',(11.8650437991682,3.49977638170397,4.36554993596823));
#3901=CARTESIAN_POINT('Ctrl Pts',(11.8722372899312,3.49977423103491,4.36261725215389));
#3902=CARTESIAN_POINT('Ctrl Pts',(11.882220679854,3.49977124625762,4.35854716615487));
#3903=CARTESIAN_POINT('Ctrl Pts',(11.8917248515842,3.49976722639882,4.3533972798749));
#3904=CARTESIAN_POINT('Ctrl Pts',(11.9006111034654,3.49976496887451,4.34731497673832));
#3905=CARTESIAN_POINT('Ctrl Pts',(11.907744157329,3.49976315674464,4.34243267129975));
#3906=CARTESIAN_POINT('Ctrl Pts',(11.9144792412446,3.49976237954365,4.33694816194296));
#3907=CARTESIAN_POINT('Ctrl Pts',(11.9207311767179,3.4997625128604,4.3309175825729));
#3908=CARTESIAN_POINT('Ctrl Pts',(11.9284769820897,3.49976267803255,4.32344602528016));
#3909=CARTESIAN_POINT('Ctrl Pts',(11.935399905189,3.49976453803214,4.31521658425075));
#3910=CARTESIAN_POINT('Ctrl Pts',(11.9413555910771,3.49976671797151,4.30635340811015));
#3911=CARTESIAN_POINT('Ctrl Pts',(11.9452443710566,3.49976814136837,4.30056617510667));
#3912=CARTESIAN_POINT('Ctrl Pts',(11.9487202577324,3.49976964680347,4.29450783943358));
#3913=CARTESIAN_POINT('Ctrl Pts',(11.9517331824899,3.49977044046897,4.28820598996465));
#3914=CARTESIAN_POINT('Ctrl Pts',(11.9524705684257,3.49977063471139,4.28666366961396));
#3915=CARTESIAN_POINT('Ctrl Pts',(11.9531801773851,3.49977078520075,4.28510674448649));
#3916=CARTESIAN_POINT('Ctrl Pts',(11.9538619832787,3.49977089919019,4.28353597275449));
#3917=CARTESIAN_POINT('Ctrl Pts',(11.9581274728427,3.49977161232681,4.27370896701432));
#3918=CARTESIAN_POINT('Ctrl Pts',(11.9612640512215,3.49977119989523,4.26344548306819));
#3919=CARTESIAN_POINT('Ctrl Pts',(11.9633059524467,3.49977004945251,4.252946277268));
#3920=CARTESIAN_POINT('Ctrl Pts',(11.9649745215143,3.49976910935164,4.24436669965804));
#3921=CARTESIAN_POINT('Ctrl Pts',(11.9659111854637,3.49976763261575,4.2356285315969));
#3922=CARTESIAN_POINT('Ctrl Pts',(11.966109617969,3.49976637185304,4.22683540607585));
#3923=CARTESIAN_POINT('Ctrl Pts',(11.966353588596,3.49976482175887,4.21602435299885));
#3924=CARTESIAN_POINT('Ctrl Pts',(11.9654805006245,3.49976373479097,4.20524340363849));
#3925=CARTESIAN_POINT('Ctrl Pts',(11.9635019291557,3.49976254910064,4.19468523945044));
#3926=CARTESIAN_POINT('Ctrl Pts',(11.9618888924387,3.49976158246281,4.18607766233262));
#3927=CARTESIAN_POINT('Ctrl Pts',(11.9595401631054,3.49976055725012,4.17761735631592));
#3928=CARTESIAN_POINT('Ctrl Pts',(11.9564367704107,3.49976088963678,4.16941330119009));
#3929=CARTESIAN_POINT('Ctrl Pts',(11.9549299488281,3.49976105102383,4.16542990348822));
#3930=CARTESIAN_POINT('Ctrl Pts',(11.9532509468753,3.49976153685812,4.16152317347302));
#3931=CARTESIAN_POINT('Ctrl Pts',(11.9513999232648,3.49976235972651,4.15770476232578));
#3932=CARTESIAN_POINT('Ctrl Pts',(11.9467360749129,3.49976443302981,4.14808387449087));
#3933=CARTESIAN_POINT('Ctrl Pts',(11.9409835526513,3.49976839379509,4.1390216730305));
#3934=CARTESIAN_POINT('Ctrl Pts',(11.9343121321372,3.49977115812385,4.13062345366239));
#3935=CARTESIAN_POINT('Ctrl Pts',(11.9314493459813,3.49977234433031,4.12701967751137));
#3936=CARTESIAN_POINT('Ctrl Pts',(11.928416768209,3.49977335595518,4.12353850117915));
#3937=CARTESIAN_POINT('Ctrl Pts',(11.9252256164385,3.49977416789983,4.12019012757223));
#3938=CARTESIAN_POINT('Ctrl Pts',(11.9177316004657,3.49977607464907,4.11232689601874));
#3939=CARTESIAN_POINT('Ctrl Pts',(11.9094419944312,3.49977603501983,4.10527355595178));
#3940=CARTESIAN_POINT('Ctrl Pts',(11.9005247262548,3.49977384101505,4.09914040013916));
#3941=CARTESIAN_POINT('Ctrl Pts',(11.8932755911464,3.49977205743776,4.09415455982944));
#3942=CARTESIAN_POINT('Ctrl Pts',(11.8856103464837,3.49976889622106,4.08977702958426));
#3943=CARTESIAN_POINT('Ctrl Pts',(11.8776053285602,3.49976557853159,4.08608830299623));
#3944=CARTESIAN_POINT('Ctrl Pts',(11.8684288550509,3.49976177533091,4.08185976757738));
#3945=CARTESIAN_POINT('Ctrl Pts',(11.8588947174618,3.49975725171763,4.07857657995083));
#3946=CARTESIAN_POINT('Ctrl Pts',(11.8491258852036,3.49975748175877,4.07634176282378));
#3947=CARTESIAN_POINT('Ctrl Pts',(11.8399547054728,3.4997576977261,4.07424367074933));
#3948=CARTESIAN_POINT('Ctrl Pts',(11.830575590162,3.49976214361445,4.07306977568695));
#3949=CARTESIAN_POINT('Ctrl Pts',(11.8211118108691,3.49976594028987,4.07279256666113));
#3950=CARTESIAN_POINT('Ctrl Pts',(11.8103343539542,3.49977026398598,4.07247687794528));
#3951=CARTESIAN_POINT('Ctrl Pts',(11.7995619940135,3.49977359690549,4.07332624118168));
#3952=CARTESIAN_POINT('Ctrl Pts',(11.7889779779651,3.49977489045981,4.07527579260351));
#3953=CARTESIAN_POINT('Ctrl Pts',(11.7804696253916,3.49977593033127,4.07684301158555));
#3954=CARTESIAN_POINT('Ctrl Pts',(11.7720822711756,3.49977565217613,4.07912238461831));
#3955=CARTESIAN_POINT('Ctrl Pts',(11.7639158295002,3.49977353531266,4.08210414097307));
#3956=CARTESIAN_POINT('Ctrl Pts',(11.7567547997411,3.49977167906694,4.08471879823014));
#3957=CARTESIAN_POINT('Ctrl Pts',(11.7498185230342,3.49976881063979,4.08785385644658));
#3958=CARTESIAN_POINT('Ctrl Pts',(11.7431703008457,3.49976612455705,4.09149141735019));
#3959=CARTESIAN_POINT('Origin',(1.60264460467405,3.51301509266431,4.2229538857998));
#3960=CARTESIAN_POINT('',(1.55557192402054,3.72180647952123,4.0729539059357));
#3961=CARTESIAN_POINT('',(1.58856188788774,3.57547922123472,4.22295389182386));
#3962=CARTESIAN_POINT('Origin',(1.5555719881849,3.72180647952106,4.22295390593569));
#3963=CARTESIAN_POINT('',(1.55557205234921,3.72180647952122,4.37295390593568));
#3964=CARTESIAN_POINT('Ctrl Pts',(1.55557192402062,3.72180647952086,4.0729539059357));
#3965=CARTESIAN_POINT('Ctrl Pts',(1.55528444281275,3.72323564627341,4.07295390605868));
#3966=CARTESIAN_POINT('Ctrl Pts',(1.55499714654027,3.72466477134386,4.07297514633468));
#3967=CARTESIAN_POINT('Ctrl Pts',(1.55102117006799,3.74445463529777,4.07356351195061));
#3968=CARTESIAN_POINT('Ctrl Pts',(1.54741205204656,3.76255979320654,4.07761169318746));
#3969=CARTESIAN_POINT('Ctrl Pts',(1.54056048669899,3.79709551164866,4.09260686919672));
#3970=CARTESIAN_POINT('Ctrl Pts',(1.5374053215604,3.8130919306212,4.10369666560084));
#3971=CARTESIAN_POINT('Ctrl Pts',(1.53210885749058,3.84001501111609,4.13150008478339));
#3972=CARTESIAN_POINT('Ctrl Pts',(1.53001789646683,3.85068479006783,4.14794708895204));
#3973=CARTESIAN_POINT('Ctrl Pts',(1.52716839738712,3.86523717762008,4.18408232971585));
#3974=CARTESIAN_POINT('Ctrl Pts',(1.52643696664995,3.86898089974035,4.20342469505248));
#3975=CARTESIAN_POINT('Ctrl Pts',(1.52643698335768,3.86898089974035,4.24248314174461));
#3976=CARTESIAN_POINT('Ctrl Pts',(1.5271684306427,3.86523717762008,4.26182550645549));
#3977=CARTESIAN_POINT('Ctrl Pts',(1.53001796063699,3.85068479006783,4.29796074478147));
#3978=CARTESIAN_POINT('Ctrl Pts',(1.53210893573157,3.84001501111609,4.31440774716125));
#3979=CARTESIAN_POINT('Ctrl Pts',(1.53740542358789,3.81309193062119,4.34221116181253));
#3980=CARTESIAN_POINT('Ctrl Pts',(1.54056059821403,3.79709551164865,4.35330095551732));
#3981=CARTESIAN_POINT('Ctrl Pts',(1.54741217639031,3.76255979320656,4.36829612566488));
#3982=CARTESIAN_POINT('Ctrl Pts',(1.55102129787773,3.74445463529857,4.37234430381404));
#3983=CARTESIAN_POINT('Ctrl Pts',(1.5549972748497,3.72466477134353,4.37293266602844));
#3984=CARTESIAN_POINT('Ctrl Pts',(1.55528457114135,3.72323564627374,4.37295390605865));
#3985=CARTESIAN_POINT('Ctrl Pts',(1.55557205234925,3.72180647952106,4.37295390593568));
#3986=CARTESIAN_POINT('Origin',(1.5555719881849,3.72180647952106,4.22295390593569));
#3987=CARTESIAN_POINT('',(1.66655379080272,3.50905198800838,4.22295385846187));
#3988=CARTESIAN_POINT('Origin',(1.60264460467405,3.51301509266431,4.2229538857998));
#3989=CARTESIAN_POINT('',(1.81626627711314,3.49976809576692,4.37295379442053));
#3990=CARTESIAN_POINT('Origin',(1.8162662129488,3.49976809576692,4.22295379442055));
#3991=CARTESIAN_POINT('',(1.96156943783519,3.49976809576692,4.26083751146655));
#3992=CARTESIAN_POINT('Ctrl Pts',(1.96156943783519,3.49976809576692,4.26083751146655));
#3993=CARTESIAN_POINT('Ctrl Pts',(1.95977831735099,3.49976809576692,4.26769484927925));
#3994=CARTESIAN_POINT('Ctrl Pts',(1.95751788283825,3.49976809576692,4.27430453200341));
#3995=CARTESIAN_POINT('Ctrl Pts',(1.94792068668766,3.49976809576692,4.29745950553573));
#3996=CARTESIAN_POINT('Ctrl Pts',(1.93556810091583,3.49976809576692,4.31593126534826));
#3997=CARTESIAN_POINT('Ctrl Pts',(1.90936747650056,3.49976809576692,4.34210946627333));
#3998=CARTESIAN_POINT('Ctrl Pts',(1.89088343058098,3.49976809576692,4.35444732782055));
#3999=CARTESIAN_POINT('Ctrl Pts',(1.85663687948611,3.49976809576692,4.36862037161154));
#4000=CARTESIAN_POINT('Ctrl Pts',(1.83481019415199,3.49976809576692,4.37295378648814));
#4001=CARTESIAN_POINT('Ctrl Pts',(1.81626627711313,3.49976809576692,4.37295379442053));
#4002=CARTESIAN_POINT('',(1.91750373928549,3.49349294781899,4.11256092510707));
#4003=CARTESIAN_POINT('Ctrl Pts',(1.91753912229397,3.49348800756459,4.1124804568004));
#4004=CARTESIAN_POINT('Ctrl Pts',(1.92991016925968,3.49422612051858,4.12377926002566));
#4005=CARTESIAN_POINT('Ctrl Pts',(1.94099817265333,3.49480908161252,4.13771692041758));
#4006=CARTESIAN_POINT('Ctrl Pts',(1.95852550667151,3.49622269929334,4.1715008319274));
#4007=CARTESIAN_POINT('Ctrl Pts',(1.96404768244495,3.49697703332075,4.19042364155266));
#4008=CARTESIAN_POINT('Ctrl Pts',(1.96731321305353,3.4984323559291,4.22699306744239));
#4009=CARTESIAN_POINT('Ctrl Pts',(1.96588242385352,3.49911377769961,4.24423270926726));
#4010=CARTESIAN_POINT('Ctrl Pts',(1.96156943783519,3.49976809576693,4.26083751146655));
#4011=CARTESIAN_POINT('',(1.85801912366289,3.49717077928996,4.0788089049078));
#4012=CARTESIAN_POINT('Ctrl Pts',(1.85801912366289,3.49717077928996,4.0788089049078));
#4013=CARTESIAN_POINT('Ctrl Pts',(1.86854874013598,3.49651726235279,4.08196226650073));
#4014=CARTESIAN_POINT('Ctrl Pts',(1.87871653092253,3.49588906524634,4.08630541998798));
#4015=CARTESIAN_POINT('Ctrl Pts',(1.88836445633352,3.49529335754272,4.09169572272031));
#4016=CARTESIAN_POINT('Ctrl Pts',(1.89784731284656,3.49470784195916,4.09699380134293));
#4017=CARTESIAN_POINT('Ctrl Pts',(1.90675233628903,3.49415858019921,4.10326143634321));
#4018=CARTESIAN_POINT('Ctrl Pts',(1.91493224413678,3.49365372716029,4.11036355838186));
#4019=CARTESIAN_POINT('Ctrl Pts',(1.91578856860034,3.4936008759527,4.1111070534136));
#4020=CARTESIAN_POINT('Ctrl Pts',(1.91663692216208,3.49354851736963,4.1118597335205));
#4021=CARTESIAN_POINT('Ctrl Pts',(1.91747711686074,3.49349666490119,4.11262147002768));
#4022=CARTESIAN_POINT('',(1.8721827536094,3.49976809576692,4.08373152531715));
#4023=CARTESIAN_POINT('Ctrl Pts',(1.87218275361295,3.49976809575184,4.08373152531902));
#4024=CARTESIAN_POINT('Ctrl Pts',(1.86704689048323,3.4983092325669,4.08170312000203));
#4025=CARTESIAN_POINT('Ctrl Pts',(1.86222488340313,3.49762559946381,4.08011707826718));
#4026=CARTESIAN_POINT('Ctrl Pts',(1.85804562245973,3.49717728798838,4.07891293682808));
#4027=CARTESIAN_POINT('',(1.81626614878447,3.49976809576692,4.07295379442056));
#4028=CARTESIAN_POINT('Ctrl Pts',(1.81626614878446,3.49976809576692,4.07295379442056));
#4029=CARTESIAN_POINT('Ctrl Pts',(1.83424117037624,3.49976809576692,4.07295378673152));
#4030=CARTESIAN_POINT('Ctrl Pts',(1.85531887591663,3.49976809576692,4.07697685125585));
#4031=CARTESIAN_POINT('Ctrl Pts',(1.87218275360935,3.49976809576692,4.08373152531728));
#4032=CARTESIAN_POINT('Origin',(1.8162662129488,3.49976809576692,4.22295379442055));
#4033=CARTESIAN_POINT('Origin',(0.997181425444376,3.49976809576692,2.22295950176932));
#4034=CARTESIAN_POINT('',(0.997181425444375,3.34976809576694,2.22295956581064));
#4035=CARTESIAN_POINT('Origin',(0.997181425444376,3.49976809576692,2.22295950176932));
#4036=CARTESIAN_POINT('Origin',(0.297181425444374,3.49976809576692,2.22295950176932));
#4037=CARTESIAN_POINT('',(0.297181425732435,3.34976809576694,2.22295956581));
#4038=CARTESIAN_POINT('',(0.297181425444374,3.34976809576694,2.22295956581064));
#4039=CARTESIAN_POINT('',(0.297856156851507,3.49976809576692,2.37295798422008));
#4040=CARTESIAN_POINT('Origin',(0.297181425444364,3.49976809576692,2.22295950176933));
#4041=CARTESIAN_POINT('Origin',(0.297181425444364,3.49976809576692,2.22295950176933));
#4042=CARTESIAN_POINT('Origin',(0.301680073963614,3.49976809576692,4.2229544423033));
#4043=CARTESIAN_POINT('',(0.301680138127949,3.49976809576696,4.37295444230329));
#4044=CARTESIAN_POINT('',(0.314858514321025,3.34976809576694,4.22295437262474));
#4045=CARTESIAN_POINT('Origin',(0.301680073963608,3.49976809576692,4.2229544423033));
#4046=CARTESIAN_POINT('',(0.301679661653138,3.49977222671528,4.07295444236027));
#4047=CARTESIAN_POINT('Origin',(0.301680073963614,3.49976809576692,4.2229544423033));
#4048=CARTESIAN_POINT('Origin',(0.301680073963608,3.49976809576692,4.2229544423033));
#4049=CARTESIAN_POINT('Origin',(0.301679646200292,3.49976809576692,3.22295191352607));
#4050=CARTESIAN_POINT('Origin',(0.301679646200292,3.49976809576692,3.22295191352607));
#4051=CARTESIAN_POINT('Ctrl Pts',(0.301679661653138,3.49977222671528,4.07295444236027));
#4052=CARTESIAN_POINT('Ctrl Pts',(0.301679080408194,3.4997791260129,4.07295444255029));
#4053=CARTESIAN_POINT('Ctrl Pts',(0.301678682084998,3.49978385250263,4.07295444305399));
#4054=CARTESIAN_POINT('Ctrl Pts',(0.301678278338771,3.49978864408216,4.07295444370973));
#4055=CARTESIAN_POINT('Ctrl Pts',(0.301151622139405,3.50603889461451,4.07295529907635));
#4056=CARTESIAN_POINT('Ctrl Pts',(0.300530898877007,3.51340678350538,4.07334673427715));
#4057=CARTESIAN_POINT('Ctrl Pts',(0.299840754092541,3.52158514394948,4.07454754994494));
#4058=CARTESIAN_POINT('Ctrl Pts',(0.299172144309315,3.52950831011222,4.07571089584192));
#4059=CARTESIAN_POINT('Ctrl Pts',(0.298438331683114,3.53819263607408,4.07763185828508));
#4060=CARTESIAN_POINT('Ctrl Pts',(0.29766042438,3.54735826873156,4.08069462872775));
#4061=CARTESIAN_POINT('Ctrl Pts',(0.297224389992938,3.5524958101865,4.08241137984621));
#4062=CARTESIAN_POINT('Ctrl Pts',(0.296794220173909,3.55755170112529,4.08441148140411));
#4063=CARTESIAN_POINT('Ctrl Pts',(0.296374610636157,3.56246784911227,4.08667098299802));
#4064=CARTESIAN_POINT('Ctrl Pts',(0.295095499583691,3.57745392225871,4.09355870408586));
#4065=CARTESIAN_POINT('Ctrl Pts',(0.293900803601592,3.59129560266829,4.10293532230733));
#4066=CARTESIAN_POINT('Ctrl Pts',(0.292849871332636,3.60327084954564,4.11434193129894));
#4067=CARTESIAN_POINT('Ctrl Pts',(0.291655042670918,3.61688577852145,4.12731036300362));
#4068=CARTESIAN_POINT('Ctrl Pts',(0.290655135879663,3.62798426020038,4.14278833012968));
#4069=CARTESIAN_POINT('Ctrl Pts',(0.289916014905354,3.63590120005983,4.15989029652538));
#4070=CARTESIAN_POINT('Ctrl Pts',(0.28893901258989,3.6463661561941,4.18249642102778));
#4071=CARTESIAN_POINT('Ctrl Pts',(0.288437135441646,3.65106486044066,4.20769402925308));
#4072=CARTESIAN_POINT('Ctrl Pts',(0.288497365326575,3.64945452246021,4.23256238820979));
#4073=CARTESIAN_POINT('Ctrl Pts',(0.288553766466802,3.64794655181814,4.25584989411122));
#4074=CARTESIAN_POINT('Ctrl Pts',(0.289101234772584,3.64095271178444,4.27864701981362));
#4075=CARTESIAN_POINT('Ctrl Pts',(0.29010230992661,3.62916613612368,4.29876142602101));
#4076=CARTESIAN_POINT('Ctrl Pts',(0.290884633302764,3.6199551257144,4.31448049577337));
#4077=CARTESIAN_POINT('Ctrl Pts',(0.29193560253607,3.60791190060195,4.32843763462652));
#4078=CARTESIAN_POINT('Ctrl Pts',(0.293194336019913,3.59373804427476,4.33983948334101));
#4079=CARTESIAN_POINT('Ctrl Pts',(0.294469623993461,3.57937777759013,4.35139128579041));
#4080=CARTESIAN_POINT('Ctrl Pts',(0.295948537379269,3.56293755854967,4.36022996942496));
#4081=CARTESIAN_POINT('Ctrl Pts',(0.297535408866265,3.54540883995852,4.36583472534773));
#4082=CARTESIAN_POINT('Ctrl Pts',(0.298798892485036,3.53145229150487,4.37029729043487));
#4083=CARTESIAN_POINT('Ctrl Pts',(0.300121279250377,3.51690816665681,4.3726920740979));
#4084=CARTESIAN_POINT('Ctrl Pts',(0.301455356339873,3.50223961358862,4.37293405771429));
#4085=CARTESIAN_POINT('Ctrl Pts',(0.301530276638091,3.50141584382075,4.3729476472474));
#4086=CARTESIAN_POINT('Ctrl Pts',(0.301605206764389,3.5005919766125,4.37295444233534));
#4087=CARTESIAN_POINT('Ctrl Pts',(0.301680138127942,3.49976809576692,4.37295444230329));
#4088=CARTESIAN_POINT('Origin',(1.5555719881849,3.72180647952106,4.22295390593569));
#4089=CARTESIAN_POINT('',(1.58516041655717,3.57471234977585,4.22295382923756));
#4090=CARTESIAN_POINT('Origin',(1.5555719881849,3.72180647952106,4.22295390593569));
#4091=CARTESIAN_POINT('Origin',(1.5555719881849,3.72180647952106,4.22295390593569));
#4092=CARTESIAN_POINT('Origin',(1.5555719881849,3.72180647952106,4.22295390593569));
#4093=CARTESIAN_POINT('',(1.58172698569249,3.5741043600191,4.22295383070625));
#4094=CARTESIAN_POINT('Origin',(1.8162662129488,3.49976809576692,4.22295379442055));
#4095=CARTESIAN_POINT('',(1.81626621990118,3.49976809576692,4.23920668229288));
#4096=CARTESIAN_POINT('Origin',(2.11250645168098,3.49976809576692,4.25545944344482));
#4097=CARTESIAN_POINT('',(1.66629297064818,3.49976809576704,4.22297947790019));
#4098=CARTESIAN_POINT('Ctrl Pts',(1.66629297064818,3.49976870168763,4.22297550182338));
#4099=CARTESIAN_POINT('Ctrl Pts',(1.6662585529531,3.49977035976302,4.21227105895297));
#4100=CARTESIAN_POINT('Ctrl Pts',(1.66741403774514,3.49977203805473,4.20159641707585));
#4101=CARTESIAN_POINT('Ctrl Pts',(1.66969043862393,3.4997730547474,4.19110905900656));
#4102=CARTESIAN_POINT('Ctrl Pts',(1.66985213518151,3.49977312696478,4.19036412444178));
#4103=CARTESIAN_POINT('Ctrl Pts',(1.67001950816586,3.49977319710606,4.1896201408007));
#4104=CARTESIAN_POINT('Ctrl Pts',(1.67019254218499,3.49977326554459,4.18887716786697));
#4105=CARTESIAN_POINT('Ctrl Pts',(1.6726388152658,3.49977423309617,4.17837336811329));
#4106=CARTESIAN_POINT('Ctrl Pts',(1.67618682644093,3.49977505162142,4.16817960787698));
#4107=CARTESIAN_POINT('Ctrl Pts',(1.6807522372934,3.49977414799873,4.15845360792976));
#4108=CARTESIAN_POINT('Ctrl Pts',(1.68445598451977,3.49977341492341,4.15056326760941));
#4109=CARTESIAN_POINT('Ctrl Pts',(1.68883055093583,3.49977157767633,4.14298038605761));
#4110=CARTESIAN_POINT('Ctrl Pts',(1.69385345728154,3.49976963060292,4.13580030259912));
#4111=CARTESIAN_POINT('Ctrl Pts',(1.69540421559386,3.49976902946883,4.1335835433486));
#4112=CARTESIAN_POINT('Ctrl Pts',(1.69701279185464,3.49976840011176,4.13141117341935));
#4113=CARTESIAN_POINT('Ctrl Pts',(1.69867793268749,3.49976774963568,4.129285624189));
#4114=CARTESIAN_POINT('Ctrl Pts',(1.70524436654271,3.49976518450237,4.1209035833719));
#4115=CARTESIAN_POINT('Ctrl Pts',(1.71268733042048,3.49976197050841,4.11324708964326));
#4116=CARTESIAN_POINT('Ctrl Pts',(1.72089503947814,3.4997622001724,4.10651081434737));
#4117=CARTESIAN_POINT('Ctrl Pts',(1.72135015837938,3.4997622129073,4.10613728670531));
#4118=CARTESIAN_POINT('Ctrl Pts',(1.721807638049,3.49976223728556,4.10576659802706));
#4119=CARTESIAN_POINT('Ctrl Pts',(1.72226746255509,3.49976227438147,4.10539878515478));
#4120=CARTESIAN_POINT('Ctrl Pts',(1.72655420839481,3.49976262021063,4.1019698241508));
#4121=CARTESIAN_POINT('Ctrl Pts',(1.73104462156759,3.49976405678118,4.09879053041979));
#4122=CARTESIAN_POINT('Ctrl Pts',(1.73571481845976,3.49976592984633,4.0958668358437));
#4123=CARTESIAN_POINT('Ctrl Pts',(1.74483948576741,3.49976958945573,4.09015449845579));
#4124=CARTESIAN_POINT('Ctrl Pts',(1.75455007301222,3.49977404264873,4.08547659520497));
#4125=CARTESIAN_POINT('Ctrl Pts',(1.764650227784,3.49977669185473,4.08184708594462));
#4126=CARTESIAN_POINT('Ctrl Pts',(1.77276787955353,3.49977882106287,4.07892999279747));
#4127=CARTESIAN_POINT('Ctrl Pts',(1.78113841795143,3.49977980833788,4.0766908416334));
#4128=CARTESIAN_POINT('Ctrl Pts',(1.78966844876139,3.49977869371251,4.07515963508771));
#4129=CARTESIAN_POINT('Ctrl Pts',(1.8002520336183,3.49977731074773,4.07325979969779));
#4130=CARTESIAN_POINT('Ctrl Pts',(1.81096742081687,3.49977240785365,4.07246877747774));
#4131=CARTESIAN_POINT('Ctrl Pts',(1.82163205876129,3.4997680574388,4.07281839224313));
#4132=CARTESIAN_POINT('Ctrl Pts',(1.83029371430477,3.49976452409852,4.07310234399906));
#4133=CARTESIAN_POINT('Ctrl Pts',(1.83892277959799,3.49976134533284,4.07413948433828));
#4134=CARTESIAN_POINT('Ctrl Pts',(1.84742084636898,3.49976060596094,4.07597226204944));
#4135=CARTESIAN_POINT('Ctrl Pts',(1.84799010298592,3.49976055643292,4.07609503360062));
#4136=CARTESIAN_POINT('Ctrl Pts',(1.84855844708218,3.49976052045082,4.07622131480757));
#4137=CARTESIAN_POINT('Ctrl Pts',(1.84912585051548,3.49976049927666,4.07635111031364));
#4138=CARTESIAN_POINT('Ctrl Pts',(1.85698420818262,3.49976020602127,4.07814873692359));
#4139=CARTESIAN_POINT('Ctrl Pts',(1.86466231331531,3.4997627111418,4.08061883604593));
#4140=CARTESIAN_POINT('Ctrl Pts',(1.87210223444538,3.49976555687961,4.08369304486501));
#4141=CARTESIAN_POINT('Ctrl Pts',(1.9615694378352,3.49976809576692,4.26083751146655));
#4142=CARTESIAN_POINT('Ctrl Pts',(1.9573642072953,3.49976809576692,4.27719843204796));
#4143=CARTESIAN_POINT('Ctrl Pts',(1.95041967518648,3.4997680957669,4.29274881366344));
#4144=CARTESIAN_POINT('Ctrl Pts',(1.93018059416672,3.4997680957669,4.32300344457986));
#4145=CARTESIAN_POINT('Ctrl Pts',(1.91629948009881,3.49976809576692,4.33691558739851));
#4146=CARTESIAN_POINT('Ctrl Pts',(1.88398614909118,3.49976809576692,4.35862872281324));
#4147=CARTESIAN_POINT('Ctrl Pts',(1.86586987399862,3.49976809576692,4.36622198337743));
#4148=CARTESIAN_POINT('Ctrl Pts',(1.82771274086087,3.49976809576692,4.37405144924157));
#4149=CARTESIAN_POINT('Ctrl Pts',(1.80803814023303,3.49976809576692,4.37420066112269));
#4150=CARTESIAN_POINT('Ctrl Pts',(1.76967771524911,3.49976809576692,4.36695451752431));
#4151=CARTESIAN_POINT('Ctrl Pts',(1.75136355503704,3.49976809576692,4.35960789827149));
#4152=CARTESIAN_POINT('Ctrl Pts',(1.71852226563977,3.49976809576692,4.33829235518668));
#4153=CARTESIAN_POINT('Ctrl Pts',(1.70431901603938,3.49976809576692,4.32450737106438));
#4154=CARTESIAN_POINT('Ctrl Pts',(1.6868181559346,3.49976809576692,4.29925265615079));
#4155=CARTESIAN_POINT('Ctrl Pts',(1.68151397953816,3.49976809576692,4.28943910149802));
#4156=CARTESIAN_POINT('Ctrl Pts',(1.67316000361005,3.49976809576692,4.26882744171189));
#4157=CARTESIAN_POINT('Ctrl Pts',(1.67013505517185,3.49976809576692,4.2580913548117));
#4158=CARTESIAN_POINT('Ctrl Pts',(1.66831812229519,3.49976809576692,4.24712131939216));
#4159=CARTESIAN_POINT('Ctrl Pts',(1.66699344950468,3.49976809576692,4.23912338638213));
#4160=CARTESIAN_POINT('Ctrl Pts',(1.6663189177643,3.49976809576692,4.23104973848617));
#4161=CARTESIAN_POINT('Ctrl Pts',(1.66629297064818,3.49976809576692,4.22297947790019));
#4162=CARTESIAN_POINT('Ctrl Pts',(1.66571966648679,3.50983499351343,4.22235819588776));
#4163=CARTESIAN_POINT('Ctrl Pts',(1.6846609424066,3.17734320592608,4.24456173584926));
#4164=CARTESIAN_POINT('Ctrl Pts',(1.72254349424622,2.49421612465522,3.92998981937583));
#4165=CARTESIAN_POINT('Ctrl Pts',(1.77936732200565,2.33638760590072,2.80523021444599));
#4166=CARTESIAN_POINT('Ctrl Pts',(1.83619114976508,3.19791721081469,2.06785492845846));
#4167=CARTESIAN_POINT('Ctrl Pts',(1.89301497752451,4.2836627947142,2.39235576259923));
#4168=CARTESIAN_POINT('Ctrl Pts',(1.94983880528395,4.59773562287832,3.48210692468503));
#4169=CARTESIAN_POINT('Ctrl Pts',(2.00666263304338,3.85060475811599,4.33494222448864));
#4170=CARTESIAN_POINT('Ctrl Pts',(2.06348646080281,2.72928843925467,4.16762866547662));
#4171=CARTESIAN_POINT('Ctrl Pts',(2.12031028856224,2.26389005099938,3.13368482661567));
#4172=CARTESIAN_POINT('Ctrl Pts',(2.17713411632167,2.88219305981694,2.18330419843804));
#4173=CARTESIAN_POINT('Ctrl Pts',(2.2339579440811,4.01597646274434,2.1897159546482));
#4174=CARTESIAN_POINT('Ctrl Pts',(2.29078177184053,4.62346066100012,3.14706092750928));
#4175=CARTESIAN_POINT('Ctrl Pts',(2.34760559959997,4.14641750448539,4.17563161665702));
#4176=CARTESIAN_POINT('Ctrl Pts',(2.4044294273594,3.02320540766606,4.33029832974239));
#4177=CARTESIAN_POINT('Ctrl Pts',(2.46125325511883,2.28592221122967,3.46893533934054));
#4178=CARTESIAN_POINT('Ctrl Pts',(2.51807708287826,2.61204961861666,2.38303908731894));
#4179=CARTESIAN_POINT('Ctrl Pts',(2.57490091063769,3.7019123767329,2.0704225768101));
#4180=CARTESIAN_POINT('Ctrl Pts',(2.63172473839712,4.5540522036774,2.81834527170825));
#4181=CARTESIAN_POINT('Ctrl Pts',(2.68854856615656,4.38544975804175,3.93955149707849));
#4182=CARTESIAN_POINT('Ctrl Pts',(2.74537239391599,3.35103160064997,4.40378130979752));
#4183=CARTESIAN_POINT('Ctrl Pts',(2.80219622167542,2.40130945289029,3.78446057015248));
#4184=CARTESIAN_POINT('Ctrl Pts',(2.85902004943485,2.40896927804293,2.65067417301644));
#4185=CARTESIAN_POINT('Ctrl Pts',(2.91584387719429,3.36697254194306,2.04424196145532));
#4186=CARTESIAN_POINT('Ctrl Pts',(2.97266770495371,4.39502396142311,2.5224057107965));
#4187=CARTESIAN_POINT('Ctrl Pts',(3.02949153271315,4.54846199379455,3.64578768156349));
#4188=CARTESIAN_POINT('Ctrl Pts',(3.08631536047258,3.68629466192206,4.38212848346713));
#4189=CARTESIAN_POINT('Ctrl Pts',(3.14313918823201,2.6007550158374,4.05481523474133));
#4190=CARTESIAN_POINT('Ctrl Pts',(3.19996301599144,2.28932968803063,2.96461133192082));
#4191=CARTESIAN_POINT('Ctrl Pts',(3.25678684375087,3.03818289322333,2.11328932346614));
#4192=CARTESIAN_POINT('Ctrl Pts',(3.3136106715103,4.15920428627836,2.28311665182438));
#4193=CARTESIAN_POINT('Ctrl Pts',(3.37043449926974,4.62230357330182,3.31804144874978));
#4194=CARTESIAN_POINT('Ctrl Pts',(3.42725832702917,4.00194553843583,4.26708633366943));
#4195=CARTESIAN_POINT('Ctrl Pts',(3.4840821547886,2.86816817938432,4.25818773103121));
#4196=CARTESIAN_POINT('Ctrl Pts',(3.54090598254803,2.2627830619651,3.29952243771732));
#4197=CARTESIAN_POINT('Ctrl Pts',(3.59772981030746,2.74206978731274,2.27199408291814));
#4198=CARTESIAN_POINT('Ctrl Pts',(3.65455363806689,3.86561873725825,2.11978356394007));
#4199=CARTESIAN_POINT('Ctrl Pts',(3.71137746582633,4.60101708273545,2.98275491831788));
#4200=CARTESIAN_POINT('Ctrl Pts',(3.76820129358576,4.27251795363573,4.06793628896065));
#4201=CARTESIAN_POINT('Ctrl Pts',(3.82502512134519,3.18197443364856,4.37817025876935));
#4202=CARTESIAN_POINT('Ctrl Pts',(3.88184894910462,2.33147114110825,3.62838733392584));
#4203=CARTESIAN_POINT('Ctrl Pts',(3.93867277686405,2.50252321197801,2.50755216582116));
#4204=CARTESIAN_POINT('Ctrl Pts',(3.99549660462348,3.5379533800497,2.04558392875712));
#4205=CARTESIAN_POINT('Ctrl Pts',(4.05232043238291,4.48631988645096,2.66697853329215));
#4206=CARTESIAN_POINT('Ctrl Pts',(4.10914426014235,4.47618250785281,3.80074549284079));
#4207=CARTESIAN_POINT('Ctrl Pts',(4.16596808790177,3.51685633437062,4.40508279756476));
#4208=CARTESIAN_POINT('Ctrl Pts',(4.22279191566121,2.48985226840543,3.92467366619862));
#4209=CARTESIAN_POINT('Ctrl Pts',(4.27961574342064,2.33886944585422,2.80095907952481));
#4210=CARTESIAN_POINT('Ctrl Pts',(4.33643957118007,3.20264379182062,2.06650406779207));
#4211=CARTESIAN_POINT('Ctrl Pts',(4.39326339893951,4.28746559189137,2.39618868541967));
#4212=CARTESIAN_POINT('Ctrl Pts',(4.45008722669893,4.59650783315018,3.48707052050848));
#4213=CARTESIAN_POINT('Ctrl Pts',(4.50691105445837,3.8457960838527,4.33675408188631));
#4214=CARTESIAN_POINT('Ctrl Pts',(4.56373488221779,2.72514847870506,4.16447747266179));
#4215=CARTESIAN_POINT('Ctrl Pts',(4.62055870997724,2.26431184312901,3.12854316957112));
#4216=CARTESIAN_POINT('Ctrl Pts',(4.67738253773665,2.8867422754936,2.18085617384128));
#4217=CARTESIAN_POINT('Ctrl Pts',(4.7342063654961,4.02049748204909,2.19223231630403));
#4218=CARTESIAN_POINT('Ctrl Pts',(4.79103019325552,4.6237862526121,3.15221822470142));
#4219=CARTESIAN_POINT('Ctrl Pts',(4.84785402101496,4.142255288745,4.17869677579065));
#4220=CARTESIAN_POINT('Ctrl Pts',(4.90467784877439,3.01837640683924,4.32845172166979));
#4221=CARTESIAN_POINT('Ctrl Pts',(4.96150167653382,2.2848656056485,3.4638754152945));
#4222=CARTESIAN_POINT('Ctrl Pts',(5.01832550429325,2.61573531822412,2.3794144808625));
#4223=CARTESIAN_POINT('Ctrl Pts',(5.07514933205268,3.70695416611321,2.07156433709025));
#4224=CARTESIAN_POINT('Ctrl Pts',(5.13197315981211,4.55581698197099,2.82320401463732));
#4225=CARTESIAN_POINT('Ctrl Pts',(5.18879698757155,4.3823160400566,3.94366271899184));
#4226=CARTESIAN_POINT('Ctrl Pts',(5.24562081533098,3.34587883865176,4.40336720293026));
#4227=CARTESIAN_POINT('Ctrl Pts',(5.3024446430904,2.39887248494797,3.77990168579742));
#4228=CARTESIAN_POINT('Ctrl Pts',(5.35926847084985,2.4114873776944,2.64615958571911));
#4229=CARTESIAN_POINT('Ctrl Pts',(5.41609229860927,3.37213187496987,2.04392006952694));
#4230=CARTESIAN_POINT('Ctrl Pts',(5.47291612636871,4.39808368576665,2.52657229104035));
#4231=CARTESIAN_POINT('Ctrl Pts',(5.52973995412813,4.54661057619533,3.65061412648447));
#4232=CARTESIAN_POINT('Ctrl Pts',(5.58656378188758,3.68123334154772,4.38317984146345));
#4233=CARTESIAN_POINT('Ctrl Pts',(5.64338760964699,2.59713456739067,4.05112542893412));
#4234=CARTESIAN_POINT('Ctrl Pts',(5.70021143740644,2.29047688861842,2.95957087094857));
#4235=CARTESIAN_POINT('Ctrl Pts',(5.75703526516585,3.04304359710294,2.11152981398859));
#4236=CARTESIAN_POINT('Ctrl Pts',(5.81385909292529,4.16331206305381,2.28625488146632));
#4237=CARTESIAN_POINT('Ctrl Pts',(5.87068292068473,4.62188384655648,3.32319374388019));
#4238=CARTESIAN_POINT('Ctrl Pts',(5.92750674844415,3.99738398895244,4.26951832501583));
#4239=CARTESIAN_POINT('Ctrl Pts',(5.9843305762036,2.86365634881964,4.25566469704546));
#4240=CARTESIAN_POINT('Ctrl Pts',(6.04115440396302,2.26246680595561,3.29436275771529));
#4241=CARTESIAN_POINT('Ctrl Pts',(6.09797823172246,2.74623970892208,2.2689389119986));
#4242=CARTESIAN_POINT('Ctrl Pts',(6.15480205948188,3.87044315601645,2.12164025433271));
#4243=CARTESIAN_POINT('Ctrl Pts',(6.21162588724132,4.60206291024216,2.98781738415993));
#4244=CARTESIAN_POINT('Ctrl Pts',(6.26844971500075,4.26882419416776,4.07155270383816));
#4245=CARTESIAN_POINT('Ctrl Pts',(6.32527354276017,3.17693522919037,4.37701755152056));
#4246=CARTESIAN_POINT('Ctrl Pts',(6.38209737051962,2.32971694352486,3.62352471051743));
#4247=CARTESIAN_POINT('Ctrl Pts',(6.43892119827904,2.50566592797804,2.50344782035367));
#4248=CARTESIAN_POINT('Ctrl Pts',(6.49574502603847,3.54310521349688,2.04600928473257));
#4249=CARTESIAN_POINT('Ctrl Pts',(6.55256885379791,4.48874689233622,2.67154273727602));
#4250=CARTESIAN_POINT('Ctrl Pts',(6.60939268155733,4.47365454568046,3.80525456401218));
#4251=CARTESIAN_POINT('Ctrl Pts',(6.66621650931678,3.51169631190383,4.40539341584427));
#4252=CARTESIAN_POINT('Ctrl Pts',(6.72304033707619,2.48680165542459,3.92050040895583));
#4253=CARTESIAN_POINT('Ctrl Pts',(6.77986416483564,2.34073140636752,2.7961366922923));
#4254=CARTESIAN_POINT('Ctrl Pts',(6.83668799259505,3.20770739732669,2.06546377223205));
#4255=CARTESIAN_POINT('Ctrl Pts',(6.89351182035451,4.29107796875617,2.39988639402908));
#4256=CARTESIAN_POINT('Ctrl Pts',(6.95033564811391,4.5953496206829,3.49210846249445));
#4257=CARTESIAN_POINT('Ctrl Pts',(7.00715947587337,3.84093154668556,4.33850296545107));
#4258=CARTESIAN_POINT('Ctrl Pts',(7.06398330363278,2.72104756946369,4.16133027407139));
#4259=CARTESIAN_POINT('Ctrl Pts',(7.12080713139223,2.26474282781712,3.12339180394907));
#4260=CARTESIAN_POINT('Ctrl Pts',(7.17763095915165,2.89130912853425,2.17843415631894));
#4261=CARTESIAN_POINT('Ctrl Pts',(7.23445478691108,4.02500378844154,2.19476520364276));
#4262=CARTESIAN_POINT('Ctrl Pts',(7.29127861467052,4.62409123279222,3.15737858347414));
#4263=CARTESIAN_POINT('Ctrl Pts',(7.34810244242995,4.13807870085008,4.18174282719032));
#4264=CARTESIAN_POINT('Ctrl Pts',(7.40492627018938,3.01355605688978,4.32658449325898));
#4265=CARTESIAN_POINT('Ctrl Pts',(7.46175009794881,2.28383084327687,3.45881067616917));
#4266=CARTESIAN_POINT('Ctrl Pts',(7.51857392570825,2.61943697156073,2.37580614632299));
#4267=CARTESIAN_POINT('Ctrl Pts',(7.57539775346767,3.71199083961261,2.07272805339331));
#4268=CARTESIAN_POINT('Ctrl Pts',(7.63222158122711,4.55756054942928,2.82807045975586));
#4269=CARTESIAN_POINT('Ctrl Pts',(7.68904540898653,4.37916436263299,3.9477601871114));
#4270=CARTESIAN_POINT('Ctrl Pts',(7.74586923674597,3.34072794700457,4.40293059004401));
#4271=CARTESIAN_POINT('Ctrl Pts',(7.8026930645054,2.39645545867997,3.77533218915194));
#4272=CARTESIAN_POINT('Ctrl Pts',(7.85951689226483,2.41402518717574,2.64165604948523));
#4273=CARTESIAN_POINT('Ctrl Pts',(7.91634072002426,3.37729256388803,2.04362072781031));
#4274=CARTESIAN_POINT('Ctrl Pts',(7.97316454778369,4.40112517194874,2.53075220460135));
#4275=CARTESIAN_POINT('Ctrl Pts',(8.02998837554313,4.54473808211612,3.65543243339631));
#4276=CARTESIAN_POINT('Ctrl Pts',(8.08681220330256,3.67616747484946,4.38420906941138));
#4277=CARTESIAN_POINT('Ctrl Pts',(8.14363603106199,2.59353027948411,4.04741983528937));
#4278=CARTESIAN_POINT('Ctrl Pts',(8.20045985882142,2.291646107368,2.9545354719486));
#4279=CARTESIAN_POINT('Ctrl Pts',(8.25728368658086,3.04791194436329,2.10979156471823));
#4280=CARTESIAN_POINT('Ctrl Pts',(8.31410751434028,4.16740608515997,2.28941103396067));
#4281=CARTESIAN_POINT('Ctrl Pts',(8.37093134209971,4.62144160599333,3.32834415540333));
#4282=CARTESIAN_POINT('Ctrl Pts',(8.42775516985915,3.99281185415719,4.27193035714403));
#4283=CARTESIAN_POINT('Ctrl Pts',(8.48457899761858,2.85915558812072,4.25312196845116));
#4284=CARTESIAN_POINT('Ctrl Pts',(8.54140282537801,2.26217310305981,3.28920174481255));
#4285=CARTESIAN_POINT('Ctrl Pts',(8.59822665313744,2.75042294315918,2.26590199466503));
#4286=CARTESIAN_POINT('Ctrl Pts',(8.65505048089688,3.87525941413854,2.12351801184493));
#4287=CARTESIAN_POINT('Ctrl Pts',(8.71187430865631,4.60308660253768,2.99288437238345));
#4288=CARTESIAN_POINT('Ctrl Pts',(8.76869813641574,4.26511466463863,4.07515294080895));
#4289=CARTESIAN_POINT('Ctrl Pts',(8.82552196417517,3.17190111070109,4.3758428317203));
#4290=CARTESIAN_POINT('Ctrl Pts',(8.8823457919346,2.32798401451756,3.6186544669271));
#4291=CARTESIAN_POINT('Ctrl Pts',(8.93916961969403,2.5088265517753,2.49935724914838));
#4292=CARTESIAN_POINT('Ctrl Pts',(8.99599344745347,3.54825513874738,2.04645715244468));
#4293=CARTESIAN_POINT('Ctrl Pts',(9.05281727521289,4.49115392744512,2.67611750476276));
#4294=CARTESIAN_POINT('Ctrl Pts',(9.10964110297234,4.47110690100874,3.80975254380313));
#4295=CARTESIAN_POINT('Ctrl Pts',(9.16646493073175,3.50653498117776,4.4056814795686));
#4296=CARTESIAN_POINT('Ctrl Pts',(9.2232887584912,2.48376931056503,3.91631385903664));
#4297=CARTESIAN_POINT('Ctrl Pts',(9.28011258625062,2.34261442507107,2.79132248870964));
#4298=CARTESIAN_POINT('Ctrl Pts',(9.33693641401005,3.21277550102647,2.06444561681102));
#4299=CARTESIAN_POINT('Ctrl Pts',(9.39376024176949,4.2946741504932,2.40359985501411));
#4300=CARTESIAN_POINT('Ctrl Pts',(9.45058406952891,4.59416940123429,3.49714129446329));
#4301=CARTESIAN_POINT('Ctrl Pts',(9.50740789728835,3.83605941257949,4.34023057212645));
#4302=CARTESIAN_POINT('Ctrl Pts',(9.56423172504778,2.71696045404253,4.15816518274451));
#4303=CARTESIAN_POINT('Ctrl Pts',(9.62105555280721,2.2651963221437,3.11824237111903));
#4304=CARTESIAN_POINT('Ctrl Pts',(9.67787938056664,2.89588652325076,2.17603212110324));
#4305=CARTESIAN_POINT('Ctrl Pts',(9.73470320832608,4.02949898195549,2.1973177613498));
#4306=CARTESIAN_POINT('Ctrl Pts',(9.7915270360855,4.62437365699994,3.1625402258633));
#4307=CARTESIAN_POINT('Ctrl Pts',(9.84835086384494,4.13388884024909,4.18477059595321));
#4308=CARTESIAN_POINT('Ctrl Pts',(9.90517469160437,3.00874391358923,4.32469621561703));
#4309=CARTESIAN_POINT('Ctrl Pts',(9.9619985193638,2.28281822595445,3.453741463034));
#4310=CARTESIAN_POINT('Ctrl Pts',(10.0188223471232,2.62315435955212,2.37221402413081));
#4311=CARTESIAN_POINT('Ctrl Pts',(10.0756461748827,3.71702237908398,2.07391377104713));
#4312=CARTESIAN_POINT('Ctrl Pts',(10.1324700026421,4.55928283165105,2.83294447862632));
#4313=CARTESIAN_POINT('Ctrl Pts',(10.1892938304015,4.37599480766768,3.95184384174566));
#4314=CARTESIAN_POINT('Ctrl Pts',(10.246117658161,3.33557901252817,4.40247146987927));
#4315=CARTESIAN_POINT('Ctrl Pts',(10.3029414859204,2.39405842663237,3.77075217222352));
#4316=CARTESIAN_POINT('Ctrl Pts',(10.3597653136798,2.41658265409642,2.63716364846392));
#4317=CARTESIAN_POINT('Ctrl Pts',(10.4165891414393,3.38245451325067,2.04334394184175));
#4318=CARTESIAN_POINT('Ctrl Pts',(10.4734129691987,4.40414835820091,2.53494537395213));
#4319=CARTESIAN_POINT('Ctrl Pts',(10.5302367969581,4.54284455311275,3.66024250483319));
#4320=CARTESIAN_POINT('Ctrl Pts',(10.5870606247175,3.67109714821037,4.38521615852393));
#4321=CARTESIAN_POINT('Ctrl Pts',(10.643884452477,2.58994224036678,4.0436985036294));
#4322=CARTESIAN_POINT('Ctrl Pts',(10.7007082802364,2.29283728522696,2.94950527109928));
#4323=CARTESIAN_POINT('Ctrl Pts',(10.7575321079958,3.05278791173827,2.10807453272933));
#4324=CARTESIAN_POINT('Ctrl Pts',(10.8143559357553,4.17148614187909,2.29258519380685));
#4325=CARTESIAN_POINT('Ctrl Pts',(10.8711797635147,4.62097711199351,3.33349230963857));
#4326=CARTESIAN_POINT('Ctrl Pts',(10.9280035912741,3.98822874238918,4.27432290743207));
#4327=CARTESIAN_POINT('Ctrl Pts',(10.9848274190336,2.85466689396532,4.25055859856696));
#4328=CARTESIAN_POINT('Ctrl Pts',(11.041651246793,2.2619002273453,3.28404138987608));
#4329=CARTESIAN_POINT('Ctrl Pts',(11.0984750745524,2.75462270232774,2.26287979108773));
#4330=CARTESIAN_POINT('Ctrl Pts',(11.1552989023119,3.88006116010329,2.12542364123935));
#4331=CARTESIAN_POINT('Ctrl Pts',(11.2121227300713,4.60410004142361,2.99794277997762));
#4332=CARTESIAN_POINT('Ctrl Pts',(11.2689465578308,4.2613668075055,4.07876166030733));
#4333=CARTESIAN_POINT('Ctrl Pts',(11.3257703855901,3.16691519947703,4.3745991015785));
#4334=CARTESIAN_POINT('Ctrl Pts',(11.3825942133496,2.3261905707245,3.61386611538654));
#4335=CARTESIAN_POINT('Ctrl Pts',(11.439418041109,2.51216068545704,2.4951103542462));
#4336=CARTESIAN_POINT('Ctrl Pts',(11.4962418688685,3.55310620708507,2.04725246906621));
#4337=CARTESIAN_POINT('Ctrl Pts',(11.5530656966279,4.49411294934636,2.68007304675566));
#4338=CARTESIAN_POINT('Ctrl Pts',(11.6098895243873,4.46738696120111,3.81553759123596));
#4339=CARTESIAN_POINT('Ctrl Pts',(11.6477720762269,3.82521183978239,4.2069826234311));
#4340=CARTESIAN_POINT('Ctrl Pts',(11.6667133521467,3.49238271927725,4.22337050137872));
#4341=CARTESIAN_POINT('Ctrl Pts',(1.66571966648679,3.50759220570646,4.18877307709985));
#4342=CARTESIAN_POINT('Ctrl Pts',(1.6846609424066,3.18647614469304,4.21021695499147));
#4343=CARTESIAN_POINT('Ctrl Pts',(1.72254349424622,2.52603632603649,3.90624962683051));
#4344=CARTESIAN_POINT('Ctrl Pts',(1.77936732200565,2.37370630562924,2.81934396586739));
#4345=CARTESIAN_POINT('Ctrl Pts',(1.83619114976508,3.20614355279835,2.10679530890431));
#4346=CARTESIAN_POINT('Ctrl Pts',(1.89301497752451,4.25538648925171,2.42037022041443));
#4347=CARTESIAN_POINT('Ctrl Pts',(1.94983880528395,4.55886211406905,3.47343820202766));
#4348=CARTESIAN_POINT('Ctrl Pts',(2.00666263304338,3.83689485763784,4.29756384743883));
#4349=CARTESIAN_POINT('Ctrl Pts',(2.06348646080281,2.75331868399192,4.13588289688844));
#4350=CARTESIAN_POINT('Ctrl Pts',(2.12031028856224,2.30359059453682,3.13674459375311));
#4351=CARTESIAN_POINT('Ctrl Pts',(2.17713411632167,2.90107775989096,2.21835676803618));
#4352=CARTESIAN_POINT('Ctrl Pts',(2.2339579440811,3.9966955396498,2.22455263792064));
#4353=CARTESIAN_POINT('Ctrl Pts',(2.29078177184053,4.58372944625417,3.14967048139763));
#4354=CARTESIAN_POINT('Ctrl Pts',(2.34760559959997,4.1227452916391,4.14361632837864));
#4355=CARTESIAN_POINT('Ctrl Pts',(2.4044294273594,3.03734379903934,4.29307649461837));
#4356=CARTESIAN_POINT('Ctrl Pts',(2.46125325511883,2.32487988111883,3.46070960822272));
#4357=CARTESIAN_POINT('Ctrl Pts',(2.51807708287826,2.64002880472749,2.4113679406839));
#4358=CARTESIAN_POINT('Ctrl Pts',(2.57490091063769,3.69320347644567,2.10927505519886));
#4359=CARTESIAN_POINT('Ctrl Pts',(2.63172473839712,4.51665766463098,2.83202038964318));
#4360=CARTESIAN_POINT('Ctrl Pts',(2.68854856615656,4.35373089776185,3.91548339066019));
#4361=CARTESIAN_POINT('Ctrl Pts',(2.74537239391599,3.35413441011529,4.36408581094584));
#4362=CARTESIAN_POINT('Ctrl Pts',(2.80219622167542,2.43638281051712,3.76561329782514));
#4363=CARTESIAN_POINT('Ctrl Pts',(2.85902004943485,2.44378478173224,2.66999361179012));
#4364=CARTESIAN_POINT('Ctrl Pts',(2.91584387719429,3.36953873186425,2.08397575961035));
#4365=CARTESIAN_POINT('Ctrl Pts',(2.97266770495371,4.36298280215934,2.5460430575437));
#4366=CARTESIAN_POINT('Ctrl Pts',(3.02949153271315,4.5112556421071,3.63160856199545));
#4367=CARTESIAN_POINT('Ctrl Pts',(3.08631536047258,3.67811149436517,4.34316188479708));
#4368=CARTESIAN_POINT('Ctrl Pts',(3.14313918823201,2.62911442645957,4.02686699916001));
#4369=CARTESIAN_POINT('Ctrl Pts',(3.19996301599144,2.32817262580863,2.97336268760514));
#4370=CARTESIAN_POINT('Ctrl Pts',(3.25678684375087,3.05181714621623,2.15069877665285));
#4371=CARTESIAN_POINT('Ctrl Pts',(3.3136106715103,4.13510153720848,2.31480919873333));
#4372=CARTESIAN_POINT('Ctrl Pts',(3.37043449926974,4.58261148860218,3.31489526784016));
#4373=CARTESIAN_POINT('Ctrl Pts',(3.42725832702917,3.98313659885888,4.23199240493181));
#4374=CARTESIAN_POINT('Ctrl Pts',(3.4840821547886,2.88752564661952,4.22339335642173));
#4375=CARTESIAN_POINT('Ctrl Pts',(3.54090598254803,2.30251964021722,3.29699966324922));
#4376=CARTESIAN_POINT('Ctrl Pts',(3.59772981030746,2.76567211134583,2.30406104944852));
#4377=CARTESIAN_POINT('Ctrl Pts',(3.65455363806689,3.85139897395299,2.15697440116863));
#4378=CARTESIAN_POINT('Ctrl Pts',(3.71137746582633,4.56204156628535,2.99089550549967));
#4379=CARTESIAN_POINT('Ctrl Pts',(3.76820129358576,4.24460072062929,4.03954635864226));
#4380=CARTESIAN_POINT('Ctrl Pts',(3.82502512134519,3.19076822445745,4.33933690602421));
#4381=CARTESIAN_POINT('Ctrl Pts',(3.88184894910462,2.36889546894314,3.61479396317664));
#4382=CARTESIAN_POINT('Ctrl Pts',(3.93867277686405,2.53418940496337,2.53168952822951));
#4383=CARTESIAN_POINT('Ctrl Pts',(3.99549660462348,3.53476383288117,2.08527255220362));
#4384=CARTESIAN_POINT('Ctrl Pts',(4.05232043238291,4.45120542774607,2.68574911751535));
#4385=CARTESIAN_POINT('Ctrl Pts',(4.10914426014235,4.44140930425633,3.78135002033158));
#4386=CARTESIAN_POINT('Ctrl Pts',(4.16596808790177,3.51437697815932,4.36534348661206));
#4387=CARTESIAN_POINT('Ctrl Pts',(4.22279191566121,2.52194500403006,3.90110639307792));
#4388=CARTESIAN_POINT('Ctrl Pts',(4.27961574342064,2.3760447241677,2.81521946958025));
#4389=CARTESIAN_POINT('Ctrl Pts',(4.33643957118007,3.2107417889393,2.105488455499));
#4390=CARTESIAN_POINT('Ctrl Pts',(4.39326339893951,4.25904517575292,2.4240748825203));
#4391=CARTESIAN_POINT('Ctrl Pts',(4.45008722669893,4.55768411180579,3.47823430507476));
#4392=CARTESIAN_POINT('Ctrl Pts',(4.50691105445837,3.83224361157063,4.29931492407979));
#4393=CARTESIAN_POINT('Ctrl Pts',(4.56373488221779,2.74932042563888,4.13283767140376));
#4394=CARTESIAN_POINT('Ctrl Pts',(4.62055870997724,2.30399695794062,3.13177607919062));
#4395=CARTESIAN_POINT('Ctrl Pts',(4.67738253773665,2.90547448195526,2.21599112059371));
#4396=CARTESIAN_POINT('Ctrl Pts',(4.7342063654961,4.00106402741995,2.22698430737498));
#4397=CARTESIAN_POINT('Ctrl Pts',(4.79103019325552,4.58404425640004,3.15465415969608));
#4398=CARTESIAN_POINT('Ctrl Pts',(4.84785402101496,4.11872309467136,4.14657830938425));
#4399=CARTESIAN_POINT('Ctrl Pts',(4.90467784877439,3.03267740662078,4.29129204665148));
#4400=CARTESIAN_POINT('Ctrl Pts',(4.96150167653382,2.32385881807242,3.45582001790637));
#4401=CARTESIAN_POINT('Ctrl Pts',(5.01832550429325,2.64359044612825,2.40786534889254));
#4402=CARTESIAN_POINT('Ctrl Pts',(5.07514933205268,3.69807553660338,2.11037838068591));
#4403=CARTESIAN_POINT('Ctrl Pts',(5.13197315981211,4.51836303888792,2.83671557227323));
#4404=CARTESIAN_POINT('Ctrl Pts',(5.18879698757155,4.35070266829771,3.9194562163892));
#4405=CARTESIAN_POINT('Ctrl Pts',(5.24562081533098,3.34915510686276,4.36368564412988));
#4406=CARTESIAN_POINT('Ctrl Pts',(5.3024446430904,2.43402787780361,3.76120787945993));
#4407=CARTESIAN_POINT('Ctrl Pts',(5.35926847084985,2.44621811475268,2.66563099926839));
#4408=CARTESIAN_POINT('Ctrl Pts',(5.41609229860927,3.37452438583984,2.08366470355413));
#4409=CARTESIAN_POINT('Ctrl Pts',(5.47291612636871,4.36593952692172,2.55006937797405));
#4410=CARTESIAN_POINT('Ctrl Pts',(5.52973995412813,4.50946654883363,3.63627253404947));
#4411=CARTESIAN_POINT('Ctrl Pts',(5.58656378188758,3.67322055350672,4.34417785087286));
#4412=CARTESIAN_POINT('Ctrl Pts',(5.64338760964699,2.62561585334747,4.02330140348012));
#4413=CARTESIAN_POINT('Ctrl Pts',(5.70021143740644,2.32928120812889,2.96849190393516));
#4414=CARTESIAN_POINT('Ctrl Pts',(5.75703526516585,3.05651422396251,2.14899849763545));
#4415=CARTESIAN_POINT('Ctrl Pts',(5.81385909292529,4.13907103368019,2.31784178598585));
#4416=CARTESIAN_POINT('Ctrl Pts',(5.87068292068473,4.58220589113943,3.31987412098891));
#4417=CARTESIAN_POINT('Ctrl Pts',(5.92750674844415,3.97872860505589,4.2343425280257));
#4418=CARTESIAN_POINT('Ctrl Pts',(5.9843305762036,2.88316569804397,4.22095525546163));
#4419=CARTESIAN_POINT('Ctrl Pts',(6.04115440396302,2.30221403035053,3.2920136738262));
#4420=CARTESIAN_POINT('Ctrl Pts',(6.09797823172246,2.76970166066487,2.30110872490818));
#4421=CARTESIAN_POINT('Ctrl Pts',(6.15480205948188,3.85606098804906,2.15876858969502));
#4422=CARTESIAN_POINT('Ctrl Pts',(6.21162588724132,4.56305218804574,2.99578755328807));
#4423=CARTESIAN_POINT('Ctrl Pts',(6.26844971500075,4.24103130438038,4.04304103395573));
#4424=CARTESIAN_POINT('Ctrl Pts',(6.32527354276017,3.18589865500372,4.33822300242012));
#4425=CARTESIAN_POINT('Ctrl Pts',(6.38209737051962,2.36720032300516,3.61009503051553));
#4426=CARTESIAN_POINT('Ctrl Pts',(6.43892119827904,2.53722632754956,2.52772334755916));
#4427=CARTESIAN_POINT('Ctrl Pts',(6.49574502603847,3.53974223988832,2.08568358939851));
#4428=CARTESIAN_POINT('Ctrl Pts',(6.55256885379791,4.45355073320469,2.6901596764607));
#4429=CARTESIAN_POINT('Ctrl Pts',(6.60939268155733,4.43896644100741,3.78570730240318));
#4430=CARTESIAN_POINT('Ctrl Pts',(6.66621650931678,3.50939065779996,4.36564364853211));
#4431=CARTESIAN_POINT('Ctrl Pts',(6.72304033707619,2.51899708399428,3.89707362041297));
#4432=CARTESIAN_POINT('Ctrl Pts',(6.77986416483564,2.37784400540641,2.81055941862254));
#4433=CARTESIAN_POINT('Ctrl Pts',(6.83668799259505,3.21563493802716,2.10448317946307));
#4434=CARTESIAN_POINT('Ctrl Pts',(6.89351182035451,4.26253594898551,2.42764811497051));
#4435=CARTESIAN_POINT('Ctrl Pts',(6.95033564811391,4.55656488830566,3.48310265455494));
#4436=CARTESIAN_POINT('Ctrl Pts',(7.00715947587337,3.82754282957376,4.30100493488521));
#4437=CARTESIAN_POINT('Ctrl Pts',(7.06398330363278,2.74535756552076,4.12979641712488));
#4438=CARTESIAN_POINT('Ctrl Pts',(7.12080713139223,2.30441343436853,3.12679812426017));
#4439=CARTESIAN_POINT('Ctrl Pts',(7.17763095915165,2.90988760078204,2.21365063557449));
#4440=CARTESIAN_POINT('Ctrl Pts',(7.23445478691108,4.00541863778353,2.22943192999413));
#4441=CARTESIAN_POINT('Ctrl Pts',(7.29127861467052,4.58433897001633,3.15964080504028));
#4442=CARTESIAN_POINT('Ctrl Pts',(7.34810244242995,4.1146871034742,4.1495218213956));
#4443=CARTESIAN_POINT('Ctrl Pts',(7.40492627018938,3.02801932436495,4.28948767484877));
#4444=CARTESIAN_POINT('Ctrl Pts',(7.46175009794881,2.32285888896088,3.45092577336034));
#4445=CARTESIAN_POINT('Ctrl Pts',(7.51857392570825,2.6471674905141,2.40437848190823));
#4446=CARTESIAN_POINT('Ctrl Pts',(7.57539775346767,3.70294266029811,2.11150292274591));
#4447=CARTESIAN_POINT('Ctrl Pts',(7.63222158122711,4.52004791254325,2.84141819799404));
#4448=CARTESIAN_POINT('Ctrl Pts',(7.68904540898653,4.34765708595681,3.92341575122415));
#4449=CARTESIAN_POINT('Ctrl Pts',(7.74586923674597,3.34417760995175,4.36326372896616));
#4450=CARTESIAN_POINT('Ctrl Pts',(7.8026930645054,2.43169221601787,3.75679220602012));
#4451=CARTESIAN_POINT('Ctrl Pts',(7.85951689226483,2.44867049382011,2.66127906581139));
#4452=CARTESIAN_POINT('Ctrl Pts',(7.91634072002426,3.37951135021578,2.08337543859344));
#4453=CARTESIAN_POINT('Ctrl Pts',(7.97316454778369,4.36887862739464,2.55410858288522));
#4454=CARTESIAN_POINT('Ctrl Pts',(8.02998837554313,4.507657088621,3.64092864204255));
#4455=CARTESIAN_POINT('Ctrl Pts',(8.08681220330256,3.66832521934531,4.3451724318663));
#4456=CARTESIAN_POINT('Ctrl Pts',(8.14363603106199,2.6221328967741,4.01972055142894));
#4457=CARTESIAN_POINT('Ctrl Pts',(8.20045985882142,2.33041106740627,2.9636260118363));
#4458=CARTESIAN_POINT('Ctrl Pts',(8.25728368658086,3.06121868779322,2.14731876314162));
#4459=CARTESIAN_POINT('Ctrl Pts',(8.31410751434028,4.14302723850508,2.32089169275294));
#4460=CARTESIAN_POINT('Ctrl Pts',(8.37093134209971,4.58177853774359,3.32485115393833));
#4461=CARTESIAN_POINT('Ctrl Pts',(8.42775516985915,3.97431038227451,4.23667336378963));
#4462=CARTESIAN_POINT('Ctrl Pts',(8.48457899761858,2.87881644668894,4.21849812287361));
#4463=CARTESIAN_POINT('Ctrl Pts',(8.54140282537801,2.30193021439074,3.28702639637198));
#4464=CARTESIAN_POINT('Ctrl Pts',(8.59822665313744,2.77374407446804,2.29817403948238));
#4465=CARTESIAN_POINT('Ctrl Pts',(8.65505048089688,3.86071511622092,2.16058313615744));
#4466=CARTESIAN_POINT('Ctrl Pts',(8.71187430865631,4.56404141973372,3.00068397122079));
#4467=CARTESIAN_POINT('Ctrl Pts',(8.76869813641574,4.23744664893871,4.04652007596019));
#4468=CARTESIAN_POINT('Ctrl Pts',(8.82552196417517,3.18103400030965,4.33708782727422));
#4469=CARTESIAN_POINT('Ctrl Pts',(8.8823457919346,2.3655257296781,3.60538873419108));
#4470=CARTESIAN_POINT('Ctrl Pts',(8.93916961969403,2.54028055510186,2.52377047746729));
#4471=CARTESIAN_POINT('Ctrl Pts',(8.99599344745347,3.54471880293451,2.0861163805163));
#4472=CARTESIAN_POINT('Ctrl Pts',(9.05281727521289,4.45587674016423,2.69458044330915));
#4473=CARTESIAN_POINT('Ctrl Pts',(9.10964110297234,4.43650455783215,3.79005386646409));
#4474=CARTESIAN_POINT('Ctrl Pts',(9.16646493073175,3.50440307322132,4.36592201515214));
#4475=CARTESIAN_POINT('Ctrl Pts',(9.2232887584912,2.51606681711907,3.89302800254369));
#4476=CARTESIAN_POINT('Ctrl Pts',(9.28011258625062,2.3796636359524,2.80590727582804));
#4477=CARTESIAN_POINT('Ctrl Pts',(9.33693641401005,3.2205324338858,2.10349929826149));
#4478=CARTESIAN_POINT('Ctrl Pts',(9.39376024176949,4.26601107226777,2.43123656952328));
#4479=CARTESIAN_POINT('Ctrl Pts',(9.45058406952891,4.55542439864637,3.48796606603677));
#4480=CARTESIAN_POINT('Ctrl Pts',(9.50740789728835,3.82283470637409,4.3026743850463));
#4481=CARTESIAN_POINT('Ctrl Pts',(9.56423172504778,2.7414080348808,4.12673787243366));
#4482=CARTESIAN_POINT('Ctrl Pts',(9.62105555280721,2.30485166269174,3.12182203705806));
#4483=CARTESIAN_POINT('Ctrl Pts',(9.67787938056664,2.91431090641973,2.21132946019647));
#4484=CARTESIAN_POINT('Ctrl Pts',(9.73470320832608,4.00976250936195,2.23189856081697));
#4485=CARTESIAN_POINT('Ctrl Pts',(9.7915270360855,4.58461188696323,3.16462869079047));
#4486=CARTESIAN_POINT('Ctrl Pts',(9.84835086384494,4.11063828637053,4.15244766621956));
#4487=CARTESIAN_POINT('Ctrl Pts',(9.90517469160437,3.02336917249764,4.28766296239626));
#4488=CARTESIAN_POINT('Ctrl Pts',(9.9619985193638,2.3218803594277,3.44602720541337));
#4489=CARTESIAN_POINT('Ctrl Pts',(10.0188223471232,2.6507597398799,2.40090728151403));
#4490=CARTESIAN_POINT('Ctrl Pts',(10.0756461748827,3.70780482278866,2.11264872552426));
#4491=CARTESIAN_POINT('Ctrl Pts',(10.1324700026421,4.52171221749423,2.84612814251074));
#4492=CARTESIAN_POINT('Ctrl Pts',(10.1892938304015,4.34459422787518,3.92736193757868));
#4493=CARTESIAN_POINT('Ctrl Pts',(10.246117658161,3.33920200434932,4.36282006418613));
#4494=CARTESIAN_POINT('Ctrl Pts',(10.3029414859204,2.42937587534392,3.75236636644511));
#4495=CARTESIAN_POINT('Ctrl Pts',(10.3597653136798,2.45114186867753,2.65693789271623));
#4496=CARTESIAN_POINT('Ctrl Pts',(10.4165891414393,3.38449953245354,2.08310797009589));
#4497=CARTESIAN_POINT('Ctrl Pts',(10.4734129691987,4.37180004425865,2.55816059733602));
#4498=CARTESIAN_POINT('Ctrl Pts',(10.5302367969581,4.50582730103353,3.64557679182954));
#4499=CARTESIAN_POINT('Ctrl Pts',(10.5870606247175,3.66342557642482,4.3461456192136));
#4500=CARTESIAN_POINT('Ctrl Pts',(10.643884452477,2.6186656400163,4.0161244912882));
#4501=CARTESIAN_POINT('Ctrl Pts',(10.7007082802364,2.33156215036563,2.95876514264384));
#4502=CARTESIAN_POINT('Ctrl Pts',(10.7575321079958,3.06593050802909,2.14565953218255));
#4503=CARTESIAN_POINT('Ctrl Pts',(10.8143559357553,4.14696996173694,2.32395899975442));
#4504=CARTESIAN_POINT('Ctrl Pts',(10.8711797635147,4.58132965402642,3.32982600736479));
#4505=CARTESIAN_POINT('Ctrl Pts',(10.9280035912741,3.96988160147919,4.23898537015154));
#4506=CARTESIAN_POINT('Ctrl Pts',(10.9848274190336,2.87447876167886,4.21602105027108));
#4507=CARTESIAN_POINT('Ctrl Pts',(11.041651246793,2.30166670323304,3.28203974251593));
#4508=CARTESIAN_POINT('Ctrl Pts',(11.0984750745524,2.77780211710598,2.29525359573501));
#4509=CARTESIAN_POINT('Ctrl Pts',(11.1552989023119,3.86535586685889,2.16242457207784));
#4510=CARTESIAN_POINT('Ctrl Pts',(11.2121227300713,4.56501951472974,3.00557218135869));
#4511=CARTESIAN_POINT('Ctrl Pts',(11.2689465578308,4.2338272918059,4.05000715526174));
#4512=CARTESIAN_POINT('Ctrl Pts',(11.3257703855901,3.17621148893951,4.33588626850949));
#4513=CARTESIAN_POINT('Ctrl Pts',(11.3825942133496,2.36380110487427,3.60076099575245));
#4514=CARTESIAN_POINT('Ctrl Pts',(11.439418041109,2.5434863740046,2.5196676451047));
#4515=CARTESIAN_POINT('Ctrl Pts',(11.4962418688685,3.54943729904655,2.08688282416813));
#4516=CARTESIAN_POINT('Ctrl Pts',(11.5530656966279,4.45867634821828,2.69840691239009));
#4517=CARTESIAN_POINT('Ctrl Pts',(11.6098895243873,4.43303533169453,3.79563564388711));
#4518=CARTESIAN_POINT('Ctrl Pts',(11.6477720762269,3.81216922621972,4.17392411810878));
#4519=CARTESIAN_POINT('Ctrl Pts',(11.6667133521467,3.49072737364737,4.18975130846766));
#4520=CARTESIAN_POINT('Ctrl Pts',(1.68152778174461,3.50462306156526,4.14431097579421));
#4521=CARTESIAN_POINT('Ctrl Pts',(1.70046905766442,3.1980775788293,4.16478184193299));
#4522=CARTESIAN_POINT('Ctrl Pts',(1.73835160950404,2.56848798348572,3.87481068036249));
#4523=CARTESIAN_POINT('Ctrl Pts',(1.79517543726348,2.42294278191713,2.83803275125957));
#4524=CARTESIAN_POINT('Ctrl Pts',(1.85199926502291,3.2171138463846,2.15833351644359));
#4525=CARTESIAN_POINT('Ctrl Pts',(1.90882309278234,4.21791673647914,2.45745264109328));
#4526=CARTESIAN_POINT('Ctrl Pts',(1.96564692054177,4.5074309968975,3.46196307181735));
#4527=CARTESIAN_POINT('Ctrl Pts',(2.02247074830121,3.81873639683375,4.24808979679708));
#4528=CARTESIAN_POINT('Ctrl Pts',(2.07929457606063,2.7851317134848,4.09386339689814));
#4529=CARTESIAN_POINT('Ctrl Pts',(2.13611840382007,2.35613559574907,3.14079470594717));
#4530=CARTESIAN_POINT('Ctrl Pts',(2.19294223157949,2.92607556839951,2.26475282425178));
#4531=CARTESIAN_POINT('Ctrl Pts',(2.24976605933893,3.97117409912837,2.27066306859555));
#4532=CARTESIAN_POINT('Ctrl Pts',(2.30658988709836,4.53114105466015,3.15312450572792));
#4533=CARTESIAN_POINT('Ctrl Pts',(2.36341371485779,4.09141212437704,4.10124039596903));
#4534=CARTESIAN_POINT('Ctrl Pts',(2.42023754261722,3.05605773010867,4.24380907587407));
#4535=CARTESIAN_POINT('Ctrl Pts',(2.47706137037666,2.37644480287373,3.44982190309507));
#4536=CARTESIAN_POINT('Ctrl Pts',(2.53388519813608,2.67706253648564,2.44886445944637));
#4537=CARTESIAN_POINT('Ctrl Pts',(2.59070902589552,3.68167621848725,2.16070081392379));
#4538=CARTESIAN_POINT('Ctrl Pts',(2.64753285365495,4.46716166856828,2.85012099257781));
#4539=CARTESIAN_POINT('Ctrl Pts',(2.70435668141438,4.31174730494544,3.8836264627832));
#4540=CARTESIAN_POINT('Ctrl Pts',(2.76118050917381,3.35824134081635,4.31154421771898));
#4541=CARTESIAN_POINT('Ctrl Pts',(2.81800433693325,2.48280646256933,3.74066674873436));
#4542=CARTESIAN_POINT('Ctrl Pts',(2.87482816469267,2.4898671364503,2.69556512792572));
#4543=CARTESIAN_POINT('Ctrl Pts',(2.93165199245211,3.3729353812189,2.13656804629035));
#4544=CARTESIAN_POINT('Ctrl Pts',(2.98847582021154,4.32057261479447,2.57732982531688));
#4545=CARTESIAN_POINT('Ctrl Pts',(3.04529964797097,4.46200872364329,3.61284085401557));
#4546=CARTESIAN_POINT('Ctrl Pts',(3.10212347573041,3.66728012380446,4.2915850755637));
#4547=CARTESIAN_POINT('Ctrl Pts',(3.15894730348983,2.66665139299668,3.98987427041157));
#4548=CARTESIAN_POINT('Ctrl Pts',(3.21577113124927,2.37958575553363,2.98494612105876));
#4549=CARTESIAN_POINT('Ctrl Pts',(3.27259495900869,3.06986366013539,2.20021452337697));
#4550=CARTESIAN_POINT('Ctrl Pts',(3.32941878676813,4.10319875551949,2.35675795745834));
#4551=CARTESIAN_POINT('Ctrl Pts',(3.38624261452756,4.53007441453155,3.31073093279132));
#4552=CARTESIAN_POINT('Ctrl Pts',(3.443066442287,3.9582407875371,4.18554152316561));
#4553=CARTESIAN_POINT('Ctrl Pts',(3.49989027004642,2.91314749786717,4.17733896925995));
#4554=CARTESIAN_POINT('Ctrl Pts',(3.55671409780586,2.35511560665895,3.29366047887298));
#4555=CARTESIAN_POINT('Ctrl Pts',(3.61353792556529,2.79691252250806,2.34650539593472));
#4556=CARTESIAN_POINT('Ctrl Pts',(3.67036175332472,3.83257746927136,2.20620078433602));
#4557=CARTESIAN_POINT('Ctrl Pts',(3.72718558108416,4.51045295333937,3.00167051605821));
#4558=CARTESIAN_POINT('Ctrl Pts',(3.78400940884358,4.20764902738016,4.00196899571924));
#4559=CARTESIAN_POINT('Ctrl Pts',(3.84083323660302,3.20240782571708,4.28793646321734));
#4560=CARTESIAN_POINT('Ctrl Pts',(3.89765706436245,2.41843090398754,3.59680156163633));
#4561=CARTESIAN_POINT('Ctrl Pts',(3.95448089212187,2.57610328121655,2.56363812468787));
#4562=CARTESIAN_POINT('Ctrl Pts',(4.01130471988131,3.53054209756279,2.1378050449022));
#4563=CARTESIAN_POINT('Ctrl Pts',(4.06812854764074,4.404727372189,2.71059416108264));
#4564=CARTESIAN_POINT('Ctrl Pts',(4.12495237540018,4.39538293938376,3.75567786469862));
#4565=CARTESIAN_POINT('Ctrl Pts',(4.1817762031596,3.51109526287778,4.31274390312476));
#4566=CARTESIAN_POINT('Ctrl Pts',(4.23860003091905,2.56442345889891,3.86991237586018));
#4567=CARTESIAN_POINT('Ctrl Pts',(4.29542385867846,2.42525051330784,2.83409474847413));
#4568=CARTESIAN_POINT('Ctrl Pts',(4.3522476864379,3.22146042661348,2.15708881058146));
#4569=CARTESIAN_POINT('Ctrl Pts',(4.40907151419733,4.22142746131401,2.46098549615132));
#4570=CARTESIAN_POINT('Ctrl Pts',(4.46589534195676,4.506296417274,3.46653854990751));
#4571=CARTESIAN_POINT('Ctrl Pts',(4.5227191697162,3.81430534389135,4.24975985984925));
#4572=CARTESIAN_POINT('Ctrl Pts',(4.57954299747562,2.78131479872472,4.09095872766029));
#4573=CARTESIAN_POINT('Ctrl Pts',(4.63636682523506,2.35652480655431,3.1360552097382));
#4574=CARTESIAN_POINT('Ctrl Pts',(4.69319065299448,2.93026872810749,2.26249629445607));
#4575=CARTESIAN_POINT('Ctrl Pts',(4.75001448075393,3.97534159804949,2.27298259501166));
#4576=CARTESIAN_POINT('Ctrl Pts',(4.80683830851335,4.53144111866078,3.15787840196524));
#4577=CARTESIAN_POINT('Ctrl Pts',(4.86366213627278,4.08757550863776,4.10406579684376));
#4578=CARTESIAN_POINT('Ctrl Pts',(4.92048596403221,3.05160643719345,4.24210691028078));
#4579=CARTESIAN_POINT('Ctrl Pts',(4.97730979179165,2.37547085369053,3.4451577659125));
#4580=CARTESIAN_POINT('Ctrl Pts',(5.03413361955107,2.68045993607704,2.44552336993908));
#4581=CARTESIAN_POINT('Ctrl Pts',(5.09095744731052,3.68632364149098,2.16175326559569));
#4582=CARTESIAN_POINT('Ctrl Pts',(5.14778127506994,4.46878840463039,2.85459968467666));
#4583=CARTESIAN_POINT('Ctrl Pts',(5.20460510282937,4.30885870705928,3.88741610487094));
#4584=CARTESIAN_POINT('Ctrl Pts',(5.26142893058881,3.35349162753107,4.31116250230916));
#4585=CARTESIAN_POINT('Ctrl Pts',(5.31825275834822,2.48056011445311,3.73646446032228));
#4586=CARTESIAN_POINT('Ctrl Pts',(5.37507658610769,2.49218827024043,2.69140367166877));
#4587=CARTESIAN_POINT('Ctrl Pts',(5.43190041386708,3.37769115124751,2.1362713327474));
#4588=CARTESIAN_POINT('Ctrl Pts',(5.48872424162655,4.3233930074613,2.58117049563932));
#4589=CARTESIAN_POINT('Ctrl Pts',(5.54554806938595,4.46030212394988,3.6172897743956));
#4590=CARTESIAN_POINT('Ctrl Pts',(5.60237189714541,3.66261469992184,4.29255419633388));
#4591=CARTESIAN_POINT('Ctrl Pts',(5.6591957249048,2.66331413604526,3.98647308122858));
#4592=CARTESIAN_POINT('Ctrl Pts',(5.71601955266427,2.38064322208499,2.98029992496323));
#4593=CARTESIAN_POINT('Ctrl Pts',(5.77284338042368,3.07434415973993,2.19859264273745));
#4594=CARTESIAN_POINT('Ctrl Pts',(5.82966720818312,4.10698522197921,2.35965071476565));
#4595=CARTESIAN_POINT('Ctrl Pts',(5.88649103594255,4.52968751881414,3.31548021537682));
#4596=CARTESIAN_POINT('Ctrl Pts',(5.94331486370198,3.95403604247167,4.18778328413956));
#4597=CARTESIAN_POINT('Ctrl Pts',(6.00013869146142,2.90898858270669,4.17501328700226));
#4598=CARTESIAN_POINT('Ctrl Pts',(6.05696251922084,2.3548240881957,3.28890438906053));
#4599=CARTESIAN_POINT('Ctrl Pts',(6.11378634698028,2.80075627283312,2.34368920049625));
#4600=CARTESIAN_POINT('Ctrl Pts',(6.17061017473971,3.83702452197573,2.207912244399));
#4601=CARTESIAN_POINT('Ctrl Pts',(6.22743400249914,4.5114169762145,3.00633699580265));
#4602=CARTESIAN_POINT('Ctrl Pts',(6.28425783025857,4.20424419379197,4.00530253461112));
#4603=CARTESIAN_POINT('Ctrl Pts',(6.341081658018,3.19776278785098,4.286873920734));
#4604=CARTESIAN_POINT('Ctrl Pts',(6.39790548577744,2.41681391974585,3.5923192926496));
#4605=CARTESIAN_POINT('Ctrl Pts',(6.45472931353687,2.57900017395899,2.55985482113862));
#4606=CARTESIAN_POINT('Ctrl Pts',(6.51155314129631,3.53529095457793,2.13819712953162));
#4607=CARTESIAN_POINT('Ctrl Pts',(6.56837696905573,4.4069645376646,2.71480135301336));
#4608=CARTESIAN_POINT('Ctrl Pts',(6.62520079681517,4.39305271442224,3.75983423630565));
#4609=CARTESIAN_POINT('Ctrl Pts',(6.68202462457459,3.50633885738818,4.31303022484126));
#4610=CARTESIAN_POINT('Ctrl Pts',(6.73884845233403,2.56161146487715,3.86606555081495));
#4611=CARTESIAN_POINT('Ctrl Pts',(6.79567228009345,2.42696683126264,2.82964956838947));
#4612=CARTESIAN_POINT('Ctrl Pts',(6.85249610785288,3.22612795687741,2.15612988694413));
#4613=CARTESIAN_POINT('Ctrl Pts',(6.90931993561232,4.22475727804657,2.4643939699791));
#4614=CARTESIAN_POINT('Ctrl Pts',(6.96614376337175,4.50522880019035,3.47118242405198));
#4615=CARTESIAN_POINT('Ctrl Pts',(7.02296759113118,3.80982131084012,4.25137194573486));
#4616=CARTESIAN_POINT('Ctrl Pts',(7.07979141889061,2.77753466261996,4.08805770295572));
#4617=CARTESIAN_POINT('Ctrl Pts',(7.13661524665004,2.35692207961846,3.1313067839549));
#4618=CARTESIAN_POINT('Ctrl Pts',(7.19343907440948,2.93447836188576,2.26026372715363));
#4619=CARTESIAN_POINT('Ctrl Pts',(7.25026290216891,3.97949542113861,2.27531735989302));
#4620=CARTESIAN_POINT('Ctrl Pts',(7.30708672992834,4.53172224329003,3.16263511745492));
#4621=CARTESIAN_POINT('Ctrl Pts',(7.36391055768777,4.08372561346402,4.10687358609125));
#4622=CARTESIAN_POINT('Ctrl Pts',(7.42073438544721,3.04716313503555,4.24038573648343));
#4623=CARTESIAN_POINT('Ctrl Pts',(7.47755821320663,2.37451703043559,3.44048919070102));
#4624=CARTESIAN_POINT('Ctrl Pts',(7.53438204096607,2.68387204607544,2.44219727934112));
#4625=CARTESIAN_POINT('Ctrl Pts',(7.5912058687255,3.6909663463699,2.16282595600505));
#4626=CARTESIAN_POINT('Ctrl Pts',(7.64802969648493,4.4703955902354,2.85908547643933));
#4627=CARTESIAN_POINT('Ctrl Pts',(7.70485352424437,4.30595355385585,3.89119306901845));
#4628=CARTESIAN_POINT('Ctrl Pts',(7.76167735200379,3.34874363864833,4.31076004128456));
#4629=CARTESIAN_POINT('Ctrl Pts',(7.81850117976323,2.47833214798907,3.73225238972196));
#4630=CARTESIAN_POINT('Ctrl Pts',(7.87532500752265,2.49452757225439,2.68725240205641));
#4631=CARTESIAN_POINT('Ctrl Pts',(7.93214883528209,3.38244817105866,2.135995405541));
#4632=CARTESIAN_POINT('Ctrl Pts',(7.98897266304152,4.32619658858253,2.58502345634553));
#4633=CARTESIAN_POINT('Ctrl Pts',(8.04579649080095,4.45857609636475,3.62173119332228));
#4634=CARTESIAN_POINT('Ctrl Pts',(8.10262031856039,3.65794508533618,4.29350291806775));
#4635=CARTESIAN_POINT('Ctrl Pts',(8.15944414631982,2.65999177555261,3.98305733913296));
#4636=CARTESIAN_POINT('Ctrl Pts',(8.21626797407926,2.38172098453948,2.97565839489238));
#4637=CARTESIAN_POINT('Ctrl Pts',(8.27309180183867,3.07883170485887,2.1969903593317));
#4638=CARTESIAN_POINT('Ctrl Pts',(8.32991562959811,4.11075900966049,2.36255999299976));
#4639=CARTESIAN_POINT('Ctrl Pts',(8.38673945735754,4.52927987030954,3.32022776169083));
#4640=CARTESIAN_POINT('Ctrl Pts',(8.44356328511698,3.94982154007768,4.19000664710542));
#4641=CARTESIAN_POINT('Ctrl Pts',(8.50038711287639,2.90483987152693,4.17266945064838));
#4642=CARTESIAN_POINT('Ctrl Pts',(8.55721094063585,2.35455335874153,3.28414707060687));
#4643=CARTESIAN_POINT('Ctrl Pts',(8.61403476839526,2.80461229447211,2.34088983084818));
#4644=CARTESIAN_POINT('Ctrl Pts',(8.67085859615471,3.84146405236901,2.2096431237114));
#4645=CARTESIAN_POINT('Ctrl Pts',(8.72768242391412,4.51236059529471,3.01100764418785));
#4646=CARTESIAN_POINT('Ctrl Pts',(8.78450625167357,4.20082482367687,4.00862116103222));
#4647=CARTESIAN_POINT('Ctrl Pts',(8.84133007943299,3.19312243812926,4.28579108752102));
#4648=CARTESIAN_POINT('Ctrl Pts',(8.89815390719243,2.41521654045217,3.58782999953162));
#4649=CARTESIAN_POINT('Ctrl Pts',(8.95497773495186,2.58191357375068,2.55608421442873));
#4650=CARTESIAN_POINT('Ctrl Pts',(9.01180156271129,3.54003805265554,2.13860996502957));
#4651=CARTESIAN_POINT('Ctrl Pts',(9.06862539047072,4.40918329447803,2.7190182821697));
#4652=CARTESIAN_POINT('Ctrl Pts',(9.12544921823016,4.39070434652654,3.76398038410007));
#4653=CARTESIAN_POINT('Ctrl Pts',(9.18227304598957,3.50158124597133,4.31329575621996));
#4654=CARTESIAN_POINT('Ctrl Pts',(9.23909687374903,2.55881631004416,3.86220647284653));
#4655=CARTESIAN_POINT('Ctrl Pts',(9.29592070150845,2.42870256023596,2.82521193182955));
#4656=CARTESIAN_POINT('Ctrl Pts',(9.35274452926788,3.23079963348633,2.15519137164406));
#4657=CARTESIAN_POINT('Ctrl Pts',(9.40956835702731,4.22807216643431,2.4678169640316));
#4658=CARTESIAN_POINT('Ctrl Pts',(9.46639218478674,4.50414089751155,3.47582158788489));
#4659=CARTESIAN_POINT('Ctrl Pts',(9.52321601254618,3.80533027508255,4.25296441900945));
#4660=CARTESIAN_POINT('Ctrl Pts',(9.5800398403056,2.77376724138275,4.08514018508461));
#4661=CARTESIAN_POINT('Ctrl Pts',(9.63686366806503,2.35734010161707,3.12656013978061));
#4662=CARTESIAN_POINT('Ctrl Pts',(9.69368749582447,2.93869771276994,2.25804957914174));
#4663=CARTESIAN_POINT('Ctrl Pts',(9.7505113235839,3.98363900059863,2.27767025652641));
#4664=CARTESIAN_POINT('Ctrl Pts',(9.80733515134333,4.5319825762751,3.16739301615657));
#4665=CARTESIAN_POINT('Ctrl Pts',(9.86415897910277,4.07986348377543,4.10966452276987));
#4666=CARTESIAN_POINT('Ctrl Pts',(9.92098280686218,3.04272739760231,4.2386451599259));
#4667=CARTESIAN_POINT('Ctrl Pts',(9.97780663462164,2.37358362004431,3.43581649143674));
#4668=CARTESIAN_POINT('Ctrl Pts',(10.034630462381,2.6872986599633,2.43888613296065));
#4669=CARTESIAN_POINT('Ctrl Pts',(10.0914542901405,3.69560431880555,2.16391892681935));
#4670=CARTESIAN_POINT('Ctrl Pts',(10.1482781178999,4.47198315553314,2.86357824953516));
#4671=CARTESIAN_POINT('Ctrl Pts',(10.2051019456593,4.30303192149599,3.89495730017125));
#4672=CARTESIAN_POINT('Ctrl Pts',(10.2619257734188,3.34399745383906,4.31033683350137));
#4673=CARTESIAN_POINT('Ctrl Pts',(10.3187496011782,2.47612261181152,3.72803062173432));
#4674=CARTESIAN_POINT('Ctrl Pts',(10.3755734289376,2.49688499407593,2.68311139666209));
#4675=CARTESIAN_POINT('Ctrl Pts',(10.4323972566971,3.38720635277322,2.13574026976847));
#4676=CARTESIAN_POINT('Ctrl Pts',(10.4892210844565,4.32898330109764,2.5888886359802));
#4677=CARTESIAN_POINT('Ctrl Pts',(10.5460449122159,4.45683067939135,3.62616502094029));
#4678=CARTESIAN_POINT('Ctrl Pts',(10.6028687399754,3.65327135931634,4.29443123268999));
#4679=CARTESIAN_POINT('Ctrl Pts',(10.6596925677348,2.65668439353417,3.97962709000423));
#4680=CARTESIAN_POINT('Ctrl Pts',(10.7165163954942,2.3828189871967,2.97102165645932));
#4681=CARTESIAN_POINT('Ctrl Pts',(10.7733402232537,3.08332627645227,2.19540763342713));
#4682=CARTESIAN_POINT('Ctrl Pts',(10.8301640510131,4.11451991975425,2.36548587036323));
#4683=CARTESIAN_POINT('Ctrl Pts',(10.8869878787725,4.52885171772711,3.32497322668756));
#4684=CARTESIAN_POINT('Ctrl Pts',(10.943811706532,3.94559690279794,4.19221205323096));
#4685=CARTESIAN_POINT('Ctrl Pts',(11.0006355342914,2.90070231447786,4.17030658541746));
#4686=CARTESIAN_POINT('Ctrl Pts',(11.0574593620508,2.35430176760384,3.27939036273913));
#4687=CARTESIAN_POINT('Ctrl Pts',(11.1142831898102,2.80848366209,2.33810401627797));
#4688=CARTESIAN_POINT('Ctrl Pts',(11.1711070175697,3.84588998970382,2.21139970953732));
#4689=CARTESIAN_POINT('Ctrl Pts',(11.2279308453291,4.51329517375257,3.01567035503796));
#4690=CARTESIAN_POINT('Ctrl Pts',(11.2847546730886,4.19736934293824,4.01194765987212));
#4691=CARTESIAN_POINT('Ctrl Pts',(11.341578500848,3.1885280099227,4.28464454043026));
#4692=CARTESIAN_POINT('Ctrl Pts',(11.3984023286074,2.41356055561017,3.58341638594652));
#4693=CARTESIAN_POINT('Ctrl Pts',(11.4552261563669,2.5849922875127,2.55216914414857));
#4694=CARTESIAN_POINT('Ctrl Pts',(11.5120499841263,3.54449939510072,2.13934377423913));
#4695=CARTESIAN_POINT('Ctrl Pts',(11.5688738118857,4.41193085891222,2.72266305648228));
#4696=CARTESIAN_POINT('Ctrl Pts',(11.6256976396451,4.38723341951303,3.76931577656747));
#4697=CARTESIAN_POINT('Ctrl Pts',(11.6635801914848,3.7953924141267,4.13013506298481));
#4698=CARTESIAN_POINT('Ctrl Pts',(11.6825214674046,3.48853592255988,4.14524409768587));
#4699=CARTESIAN_POINT('Ctrl Pts',(1.74516213033191,3.50033695079971,4.08012766841587));
#4700=CARTESIAN_POINT('Ctrl Pts',(1.76410340625172,3.21528312763499,4.0991633384387));
#4701=CARTESIAN_POINT('Ctrl Pts',(1.80198595809134,2.62946373058285,3.8294364946866));
#4702=CARTESIAN_POINT('Ctrl Pts',(1.85880978585077,2.49417583753625,2.86500711545103));
#4703=CARTESIAN_POINT('Ctrl Pts',(1.91563361361021,3.2328753395327,2.23274421279364));
#4704=CARTESIAN_POINT('Ctrl Pts',(1.97245744136964,4.16386076361789,2.51098758146411));
#4705=CARTESIAN_POINT('Ctrl Pts',(2.02928126912907,4.43315750687164,3.44539713271689));
#4706=CARTESIAN_POINT('Ctrl Pts',(2.0861050968885,3.79253162803539,4.17666230180222));
#4707=CARTESIAN_POINT('Ctrl Pts',(2.14292892464793,2.83105518505655,4.03319903467245));
#4708=CARTESIAN_POINT('Ctrl Pts',(2.19975275240736,2.43199923629262,3.14664181181507));
#4709=CARTESIAN_POINT('Ctrl Pts',(2.2565765801668,2.96216394091791,2.3317360881956));
#4710=CARTESIAN_POINT('Ctrl Pts',(2.31340040792622,3.93432898200603,2.33723385043206));
#4711=CARTESIAN_POINT('Ctrl Pts',(2.37022423568566,4.45521738707387,3.15811119128314));
#4712=CARTESIAN_POINT('Ctrl Pts',(2.42704806344509,4.04617585416108,4.04006115439987));
#4713=CARTESIAN_POINT('Ctrl Pts',(2.48387189120452,3.08307539350411,4.17268043415684));
#4714=CARTESIAN_POINT('Ctrl Pts',(2.54069571896395,2.45089047984708,3.43410303831542));
#4715=CARTESIAN_POINT('Ctrl Pts',(2.59751954672339,2.73052905944622,2.50299915570096));
#4716=CARTESIAN_POINT('Ctrl Pts',(2.65434337448281,3.66503403575323,2.23494551195241));
#4717=CARTESIAN_POINT('Ctrl Pts',(2.71116720224225,4.39570300855606,2.87625330196746));
#4718=CARTESIAN_POINT('Ctrl Pts',(2.76799103000168,4.25113451032876,3.83763379124329));
#4719=CARTESIAN_POINT('Ctrl Pts',(2.82481485776112,3.36417062035704,4.23568855980948));
#4720=CARTESIAN_POINT('Ctrl Pts',(2.88163868552054,2.54982949195565,3.70465077007492));
#4721=CARTESIAN_POINT('Ctrl Pts',(2.93846251327998,2.55639742394795,2.7324833876523));
#4722=CARTESIAN_POINT('Ctrl Pts',(2.99528634103941,3.37783921218454,2.21249689175641));
#4723=CARTESIAN_POINT('Ctrl Pts',(3.05211016879884,4.25934392942707,2.62249934173104));
#4724=CARTESIAN_POINT('Ctrl Pts',(3.10893399655827,4.39090967294331,3.58574542825033));
#4725=CARTESIAN_POINT('Ctrl Pts',(3.1657578243177,3.65164259373101,4.21712230115466));
#4726=CARTESIAN_POINT('Ctrl Pts',(3.22258165207713,2.72084448315473,3.9364669104627));
#4727=CARTESIAN_POINT('Ctrl Pts',(3.27940547983656,2.45381222158744,3.00166942374126));
#4728=CARTESIAN_POINT('Ctrl Pts',(3.33622930759599,3.09591787937204,2.2717016884988));
#4729=CARTESIAN_POINT('Ctrl Pts',(3.39305313535543,4.05713988387659,2.41732046615616));
#4730=CARTESIAN_POINT('Ctrl Pts',(3.44987696311486,4.45422528092276,3.30471877449905));
#4731=CARTESIAN_POINT('Ctrl Pts',(3.50670079087429,3.92229806037224,4.11847918290863));
#4732=CARTESIAN_POINT('Ctrl Pts',(3.56352461863372,2.950138427664,4.11084905852544));
#4733=CARTESIAN_POINT('Ctrl Pts',(3.62034844639315,2.43104976471005,3.28883961196358));
#4734=CARTESIAN_POINT('Ctrl Pts',(3.67717227415258,2.8420151126738,2.40778339751003));
#4735=CARTESIAN_POINT('Ctrl Pts',(3.73399610191202,3.80540437582039,2.27727018780204));
#4736=CARTESIAN_POINT('Ctrl Pts',(3.79081992967145,4.43597313760231,3.01722667768258));
#4737=CARTESIAN_POINT('Ctrl Pts',(3.84764375743088,4.15430091144516,3.94771758428231));
#4738=CARTESIAN_POINT('Ctrl Pts',(3.90446758519031,3.21921221931412,4.21372831358035));
#4739=CARTESIAN_POINT('Ctrl Pts',(3.96129141294974,2.48994649364734,3.57082546584957));
#4740=CARTESIAN_POINT('Ctrl Pts',(4.01811524070918,2.63661542918674,2.60976314029488));
#4741=CARTESIAN_POINT('Ctrl Pts',(4.07493906846861,3.5244470690158,2.21364756426781));
#4742=CARTESIAN_POINT('Ctrl Pts',(4.13176289622804,4.33762580042679,2.74646359352521));
#4743=CARTESIAN_POINT('Ctrl Pts',(4.18858672398747,4.32893348515348,3.71861430915936));
#4744=CARTESIAN_POINT('Ctrl Pts',(4.2454105517469,3.50635736558782,4.23680452305105));
#4745=CARTESIAN_POINT('Ctrl Pts',(4.30223437950633,2.62575070362907,3.82487676583301));
#4746=CARTESIAN_POINT('Ctrl Pts',(4.35905820726577,2.49629018464371,2.86134547714704));
#4747=CARTESIAN_POINT('Ctrl Pts',(4.41588203502519,3.23693520124567,2.23158557874487));
#4748=CARTESIAN_POINT('Ctrl Pts',(4.47270586278463,4.16711779334923,2.51427430437843));
#4749=CARTESIAN_POINT('Ctrl Pts',(4.52952969054406,4.43210667265166,3.44965308546064));
#4750=CARTESIAN_POINT('Ctrl Pts',(4.58635351830349,3.78840740256088,4.17821593102539));
#4751=CARTESIAN_POINT('Ctrl Pts',(4.64317734606293,2.82750590323363,4.03049701265848));
#4752=CARTESIAN_POINT('Ctrl Pts',(4.70000117382235,2.43236062113435,3.14223310126308));
#4753=CARTESIAN_POINT('Ctrl Pts',(4.75682500158179,2.96606482300719,2.32963701761752));
#4754=CARTESIAN_POINT('Ctrl Pts',(4.81364882934121,3.9382054610142,2.33939151340978));
#4755=CARTESIAN_POINT('Ctrl Pts',(4.87047265710065,4.45549660722149,3.16253332397971));
#4756=CARTESIAN_POINT('Ctrl Pts',(4.92729648486008,4.04260693251289,4.04268938217157));
#4757=CARTESIAN_POINT('Ctrl Pts',(4.98412031261951,3.07893476855622,4.17109705588268));
#4758=CARTESIAN_POINT('Ctrl Pts',(5.04094414037893,2.44998448534561,3.42976439674639));
#4759=CARTESIAN_POINT('Ctrl Pts',(5.09776796813839,2.73368937297975,2.49989122959652));
#4760=CARTESIAN_POINT('Ctrl Pts',(5.1545917958978,3.66935712635227,2.23592451663516));
#4761=CARTESIAN_POINT('Ctrl Pts',(5.21141562365725,4.39721622205204,2.88041944063373));
#4762=CARTESIAN_POINT('Ctrl Pts',(5.26823945141667,4.24844749720543,3.84115896660335));
#4763=CARTESIAN_POINT('Ctrl Pts',(5.32506327917611,3.35975237465864,4.23533348304795));
#4764=CARTESIAN_POINT('Ctrl Pts',(5.38188710693552,2.54773990886079,3.70074174569905));
#4765=CARTESIAN_POINT('Ctrl Pts',(5.43871093469497,2.55855657352702,2.72861234586675));
#4766=CARTESIAN_POINT('Ctrl Pts',(5.49553476245439,3.38226309242941,2.21222088488921));
#4767=CARTESIAN_POINT('Ctrl Pts',(5.55235859021383,4.26196749611861,2.62607198417814));
#4768=CARTESIAN_POINT('Ctrl Pts',(5.60918241797325,4.38932217126158,3.58988387296767));
#4769=CARTESIAN_POINT('Ctrl Pts',(5.66600624573271,3.64730275459848,4.21802379014198));
#4770=CARTESIAN_POINT('Ctrl Pts',(5.72283007349212,2.71774012249068,3.93330307919591));
#4771=CARTESIAN_POINT('Ctrl Pts',(5.77965390125155,2.4547958909955,2.99734747053905));
#4772=CARTESIAN_POINT('Ctrl Pts',(5.83647772901099,3.10008569949982,2.27019299362697));
#4773=CARTESIAN_POINT('Ctrl Pts',(5.89330155677042,4.060662105175,2.42001134735226));
#4774=CARTESIAN_POINT('Ctrl Pts',(5.95012538452985,4.45386538539692,3.30913662012068));
#4775=CARTESIAN_POINT('Ctrl Pts',(6.00694921228929,3.9183867507709,4.12056449868529));
#4776=CARTESIAN_POINT('Ctrl Pts',(6.06377304004871,2.94626974964741,4.10868567805811));
#4777=CARTESIAN_POINT('Ctrl Pts',(6.12059686780815,2.43077859037098,3.28441543416919));
#4778=CARTESIAN_POINT('Ctrl Pts',(6.17742069556757,2.84559062018221,2.40516373517927));
#4779=CARTESIAN_POINT('Ctrl Pts',(6.23424452332702,3.80954108319998,2.27886221064121));
#4780=CARTESIAN_POINT('Ctrl Pts',(6.29106835108644,4.43686988446066,3.02156749900374));
#4781=CARTESIAN_POINT('Ctrl Pts',(6.34789217884588,4.15113369010401,3.95081848635182));
#4782=CARTESIAN_POINT('Ctrl Pts',(6.4047160066053,3.21489134351245,4.21273992247636));
#4783=CARTESIAN_POINT('Ctrl Pts',(6.46153983436474,2.48844235346959,3.5666559998173));
#4784=CARTESIAN_POINT('Ctrl Pts',(6.51836366212416,2.63931015721946,2.60624386117863));
#4785=CARTESIAN_POINT('Ctrl Pts',(6.5751874898836,3.52886451876624,2.21401228658791));
#4786=CARTESIAN_POINT('Ctrl Pts',(6.63201131764302,4.33970684140997,2.75037717923332));
#4787=CARTESIAN_POINT('Ctrl Pts',(6.68883514540246,4.32676587900281,3.72248062112867));
#4788=CARTESIAN_POINT('Ctrl Pts',(6.7456589731619,3.50193289414637,4.23707086330745));
#4789=CARTESIAN_POINT('Ctrl Pts',(6.80248280092132,2.62313494951181,3.82129839817911));
#4790=CARTESIAN_POINT('Ctrl Pts',(6.85930662868076,2.49788672635825,2.85721051170315));
#4791=CARTESIAN_POINT('Ctrl Pts',(6.91613045644019,3.24127699977399,2.23069357526512));
#4792=CARTESIAN_POINT('Ctrl Pts',(6.97295428419962,4.17021523301675,2.5174449119187));
#4793=CARTESIAN_POINT('Ctrl Pts',(7.02977811195905,4.43111356108722,3.45397287875303));
#4794=CARTESIAN_POINT('Ctrl Pts',(7.08660193971848,3.78423629557242,4.17971551468736));
#4795=CARTESIAN_POINT('Ctrl Pts',(7.14342576747792,2.82398957051624,4.02779844101982));
#4796=CARTESIAN_POINT('Ctrl Pts',(7.20024959523734,2.43273016980522,3.13781605265022));
#4797=CARTESIAN_POINT('Ctrl Pts',(7.25707342299678,2.96998068015427,2.32756025391597));
#4798=CARTESIAN_POINT('Ctrl Pts',(7.31389725075621,3.94206940231835,2.34156334265407));
#4799=CARTESIAN_POINT('Ctrl Pts',(7.37072107851565,4.45575811307846,3.16695808378734));
#4800=CARTESIAN_POINT('Ctrl Pts',(7.42754490627506,4.03902570898475,4.04530122495205));
#4801=CARTESIAN_POINT('Ctrl Pts',(7.4843687340345,3.07480154998471,4.16949599719902));
#4802=CARTESIAN_POINT('Ctrl Pts',(7.54119256179394,2.44909722630916,3.425421626194));
#4803=CARTESIAN_POINT('Ctrl Pts',(7.59801638955337,2.73686336293412,2.49679725602878));
#4804=CARTESIAN_POINT('Ctrl Pts',(7.6548402173128,3.67367583197834,2.23692234747445));
#4805=CARTESIAN_POINT('Ctrl Pts',(7.71166404507221,4.39871124740804,2.8845921835989));
#4806=CARTESIAN_POINT('Ctrl Pts',(7.76848787283167,4.2457450851824,3.84467234872405));
#4807=CARTESIAN_POINT('Ctrl Pts',(7.82531170059108,3.35533573245647,4.2349591084675));
#4808=CARTESIAN_POINT('Ctrl Pts',(7.88213552835053,2.54566742492011,3.69682362178779));
#4809=CARTESIAN_POINT('Ctrl Pts',(7.93895935610994,2.56073262327221,2.72475077984052));
#4810=CARTESIAN_POINT('Ctrl Pts',(7.99578318386939,3.3866881353209,2.21196421374389));
#4811=CARTESIAN_POINT('Ctrl Pts',(8.05260701162882,4.26457542444427,2.62965605930521));
#4812=CARTESIAN_POINT('Ctrl Pts',(8.10943083938825,4.38771659752018,3.59401533973255));
#4813=CARTESIAN_POINT('Ctrl Pts',(8.16625466714769,3.64295901720647,4.21890630367592));
#4814=CARTESIAN_POINT('Ctrl Pts',(8.2230784949071,2.71464961871634,3.93012571061653));
#4815=CARTESIAN_POINT('Ctrl Pts',(8.27990232266655,2.45579843991842,2.99302985773503));
#4816=CARTESIAN_POINT('Ctrl Pts',(8.33672615042597,3.10426007346021,2.26870252836169));
#4817=CARTESIAN_POINT('Ctrl Pts',(8.39354997818541,4.06417253250472,2.42271759653353));
#4818=CARTESIAN_POINT('Ctrl Pts',(8.45037380594483,4.45348618535379,3.31355285063953));
#4819=CARTESIAN_POINT('Ctrl Pts',(8.50719763370427,3.91446636477294,4.12263270039097));
#4820=CARTESIAN_POINT('Ctrl Pts',(8.56402146146372,2.9424105635091,4.1065054104098));
#4821=CARTESIAN_POINT('Ctrl Pts',(8.62084528922311,2.4305267542437,3.2799901134765));
#4822=CARTESIAN_POINT('Ctrl Pts',(8.67766911698258,2.84917754262955,2.40255972442176));
#4823=CARTESIAN_POINT('Ctrl Pts',(8.73449294474199,3.81367079322605,2.28047229752364));
#4824=CARTESIAN_POINT('Ctrl Pts',(8.79131677250144,4.43774765143853,3.0259121980498));
#4825=CARTESIAN_POINT('Ctrl Pts',(8.84814060026086,4.14795294669282,3.9539055166433));
#4826=CARTESIAN_POINT('Ctrl Pts',(8.9049644280203,3.21057482868484,4.21173265666667));
#4827=CARTESIAN_POINT('Ctrl Pts',(8.96178825577972,2.48695645007437,3.56247999984503));
#4828=CARTESIAN_POINT('Ctrl Pts',(9.01861208353915,2.64202024032823,2.60273639283067));
#4829=CARTESIAN_POINT('Ctrl Pts',(9.07543591129859,3.53328033232966,2.21439631164101));
#4830=CARTESIAN_POINT('Ctrl Pts',(9.13225973905801,4.34177075841157,2.7542998226378));
#4831=CARTESIAN_POINT('Ctrl Pts',(9.18908356681747,4.32458139605425,3.72633742277196));
#4832=CARTESIAN_POINT('Ctrl Pts',(9.24590739457687,3.49750730093541,4.23731786411603));
#4833=CARTESIAN_POINT('Ctrl Pts',(9.30273122233632,2.62053485943119,3.81770863269362));
#4834=CARTESIAN_POINT('Ctrl Pts',(9.35955505009574,2.49950132445955,2.85308256334597));
#4835=CARTESIAN_POINT('Ctrl Pts',(9.41637887785517,3.24562265528737,2.22982055589122));
#4836=CARTESIAN_POINT('Ctrl Pts',(9.47320270561461,4.17329878614006,2.52062902636451));
#4837=CARTESIAN_POINT('Ctrl Pts',(9.53002653337404,4.43010157959322,3.45828829045114));
#4838=CARTESIAN_POINT('Ctrl Pts',(9.58685036113346,3.78005867457368,4.18119685443859));
#4839=CARTESIAN_POINT('Ctrl Pts',(9.64367418889292,2.82048506533722,4.02508452721897));
#4840=CARTESIAN_POINT('Ctrl Pts',(9.70049801665233,2.43311901940997,3.13340066131369));
#4841=CARTESIAN_POINT('Ctrl Pts',(9.75732184441177,2.97390557628211,2.32550062408265));
#4842=CARTESIAN_POINT('Ctrl Pts',(9.81414567217119,3.94592381486289,2.34375203829448));
#4843=CARTESIAN_POINT('Ctrl Pts',(9.87096949993064,4.45600027827243,3.17138394423442));
#4844=CARTESIAN_POINT('Ctrl Pts',(9.92779332769004,4.03543310474857,4.04789739124957));
#4845=CARTESIAN_POINT('Ctrl Pts',(9.98461715544952,3.07067536822059,4.16787688981061));
#4846=CARTESIAN_POINT('Ctrl Pts',(10.0414409832089,2.44822895558862,3.42107501939308));
#4847=CARTESIAN_POINT('Ctrl Pts',(10.0982648109684,2.74005084459968,2.49371718377019));
#4848=CARTESIAN_POINT('Ctrl Pts',(10.1550886387278,3.67799013542121,2.2379390434154));
#4849=CARTESIAN_POINT('Ctrl Pts',(10.2119124664872,4.40018802169744,2.88877142069247));
#4850=CARTESIAN_POINT('Ctrl Pts',(10.2687362942466,4.24302734402329,3.84817388644472));
#4851=CARTESIAN_POINT('Ctrl Pts',(10.3255601220061,3.35092076843933,4.23456543497634));
#4852=CARTESIAN_POINT('Ctrl Pts',(10.3823839497655,2.54361208505348,3.69289647723985));
#4853=CARTESIAN_POINT('Ctrl Pts',(10.4392077775249,2.56292552834587,2.72089876172303));
#4854=CARTESIAN_POINT('Ctrl Pts',(10.4960316052844,3.39111425894812,2.21172688307161));
#4855=CARTESIAN_POINT('Ctrl Pts',(10.5528554330438,4.26716766152524,2.63325150063085));
#4856=CARTESIAN_POINT('Ctrl Pts',(10.6096792608033,4.3860929872155,3.59813974498177));
#4857=CARTESIAN_POINT('Ctrl Pts',(10.6665030885626,3.63861145586905,4.21976983420542));
#4858=CARTESIAN_POINT('Ctrl Pts',(10.7233269163221,2.7115730470427,3.92693484747612));
#4859=CARTESIAN_POINT('Ctrl Pts',(10.7801507440815,2.45681981858936,2.98871670203631));
#4860=CARTESIAN_POINT('Ctrl Pts',(10.836974571841,3.1084409796557,2.26723025600886));
#4861=CARTESIAN_POINT('Ctrl Pts',(10.8937983996004,4.06767098831769,2.42543928594003));
#4862=CARTESIAN_POINT('Ctrl Pts',(10.9506222273599,4.45308789810275,3.31796714604954));
#4863=CARTESIAN_POINT('Ctrl Pts',(11.0074460551193,3.91053657786992,4.12468419658031));
#4864=CARTESIAN_POINT('Ctrl Pts',(11.0642698828787,2.93856170232583,4.10430744531846));
#4865=CARTESIAN_POINT('Ctrl Pts',(11.1210937106381,2.4302928173528,3.27556535416012));
#4866=CARTESIAN_POINT('Ctrl Pts',(11.1779175383975,2.85277855659355,2.39996833532379));
#4867=CARTESIAN_POINT('Ctrl Pts',(11.234741366157,3.81778820773167,2.28210627309109));
#4868=CARTESIAN_POINT('Ctrl Pts',(11.2915651939164,4.4386163452954,3.0302495588508));
#4869=CARTESIAN_POINT('Ctrl Pts',(11.3483890216759,4.1447398740769,3.95699978372729));
#4870=CARTESIAN_POINT('Ctrl Pts',(11.4052128494353,3.20629863224719,4.21066628733371));
#4871=CARTESIAN_POINT('Ctrl Pts',(11.4620366771947,2.48542059234369,3.55837408614087));
#4872=CARTESIAN_POINT('Ctrl Pts',(11.5188605049542,2.64487541803001,2.59909513611391));
#4873=CARTESIAN_POINT('Ctrl Pts',(11.5756843327136,3.53744692753794,2.21507777650254));
#4874=CARTESIAN_POINT('Ctrl Pts',(11.632508160473,4.34429428237322,2.75769244486479));
#4875=CARTESIAN_POINT('Ctrl Pts',(11.6893319882324,4.32142046346057,3.73129587026247));
#4876=CARTESIAN_POINT('Ctrl Pts',(11.7272145400721,3.77071547873403,4.06694592016612));
#4877=CARTESIAN_POINT('Ctrl Pts',(11.7461558159919,3.48537245131981,4.08099567248158));
#4878=CARTESIAN_POINT('Ctrl Pts',(1.85377880897143,3.49868566264495,4.05540009113097));
#4879=CARTESIAN_POINT('Ctrl Pts',(1.87272008489124,3.22180888384756,4.07388970456487));
#4880=CARTESIAN_POINT('Ctrl Pts',(1.91060263673086,2.65302414079683,3.81195327072198));
#4881=CARTESIAN_POINT('Ctrl Pts',(1.96742646449029,2.52158401495104,2.87540025651485));
#4882=CARTESIAN_POINT('Ctrl Pts',(2.02425029224972,3.23896446526019,2.26140919864126));
#4883=CARTESIAN_POINT('Ctrl Pts',(2.08107412000915,4.14302736329161,2.53161168816613));
#4884=CARTESIAN_POINT('Ctrl Pts',(2.13789794776859,4.40454928653189,3.43901508296436));
#4885=CARTESIAN_POINT('Ctrl Pts',(2.19472177552802,3.78243407655255,4.14914585585546));
#4886=CARTESIAN_POINT('Ctrl Pts',(2.25154560328745,2.84874794563463,4.00982877251583));
#4887=CARTESIAN_POINT('Ctrl Pts',(2.30836943104689,2.46122408351281,3.14889437025074));
#4888=CARTESIAN_POINT('Ctrl Pts',(2.3651932588063,2.9760669045466,2.35754055001143));
#4889=CARTESIAN_POINT('Ctrl Pts',(2.42201708656575,3.92013466329674,2.36287943489048));
#4890=CARTESIAN_POINT('Ctrl Pts',(2.47884091432517,4.42596882747788,3.16003224582689));
#4891=CARTESIAN_POINT('Ctrl Pts',(2.53566474208461,4.02874908449174,4.016492606129));
#4892=CARTESIAN_POINT('Ctrl Pts',(2.59248856984403,3.09348364389684,4.14527899795331));
#4893=CARTESIAN_POINT('Ctrl Pts',(2.64931239760347,2.47956974723165,3.42804753957436));
#4894=CARTESIAN_POINT('Ctrl Pts',(2.70613622536289,2.75112638784531,2.52385388162636));
#4895=CARTESIAN_POINT('Ctrl Pts',(2.76296005312234,3.65862283539906,2.26354736941915));
#4896=CARTESIAN_POINT('Ctrl Pts',(2.81978388088175,4.36817444029824,2.88632045283181));
#4897=CARTESIAN_POINT('Ctrl Pts',(2.8766077086412,4.22778417516143,3.81991567994295));
#4898=CARTESIAN_POINT('Ctrl Pts',(2.93343153640063,3.36645480300132,4.20646610001507));
#4899=CARTESIAN_POINT('Ctrl Pts',(2.99025536416006,2.57564928984905,3.69077605703154));
#4900=CARTESIAN_POINT('Ctrl Pts',(3.04707919191948,2.58202739955593,2.7467056933926));
#4901=CARTESIAN_POINT('Ctrl Pts',(3.10390301967892,3.37972835269928,2.2417475461335));
#4902=CARTESIAN_POINT('Ctrl Pts',(3.16072684743835,4.23575633107761,2.63990034268863));
#4903=CARTESIAN_POINT('Ctrl Pts',(3.21755067519779,4.3635196376109,3.57530724854146));
#4904=CARTESIAN_POINT('Ctrl Pts',(3.27437450295722,3.64561842750436,4.18843643263432));
#4905=CARTESIAN_POINT('Ctrl Pts',(3.33119833071665,2.74172170497201,3.91589238154388));
#4906=CARTESIAN_POINT('Ctrl Pts',(3.38802215847608,2.48240705522151,3.00811187053109));
#4907=CARTESIAN_POINT('Ctrl Pts',(3.44484598623552,3.10595494706398,2.29924124011792));
#4908=CARTESIAN_POINT('Ctrl Pts',(3.50166981399494,4.03939626974818,2.44065142817731));
#4909=CARTESIAN_POINT('Ctrl Pts',(3.55849364175438,4.42500533456243,3.30240266442043));
#4910=CARTESIAN_POINT('Ctrl Pts',(3.6153174695138,3.90845156655226,4.09264424067736));
#4911=CARTESIAN_POINT('Ctrl Pts',(3.67214129727324,2.96438872866319,4.08523463773121));
#4912=CARTESIAN_POINT('Ctrl Pts',(3.72896512503267,2.46030246569122,3.28698243224643));
#4913=CARTESIAN_POINT('Ctrl Pts',(3.7857889527921,2.85939033111898,2.43138999436722));
#4914=CARTESIAN_POINT('Ctrl Pts',(3.84261278055153,3.79493627558919,2.30464880187843));
#4915=CARTESIAN_POINT('Ctrl Pts',(3.89943660831096,4.40728070412043,3.02321949772684));
#4916=CARTESIAN_POINT('Ctrl Pts',(3.9562604360704,4.1337492055541,3.92681789490275));
#4917=CARTESIAN_POINT('Ctrl Pts',(4.01308426382983,3.22568590538216,4.18514053612411));
#4918=CARTESIAN_POINT('Ctrl Pts',(4.06990809158925,2.5174969954702,3.5608184942546));
#4919=CARTESIAN_POINT('Ctrl Pts',(4.1267319193487,2.65992699035667,2.62753223557334));
#4920=CARTESIAN_POINT('Ctrl Pts',(4.18355574710811,3.52209903419022,2.24286496257178));
#4921=CARTESIAN_POINT('Ctrl Pts',(4.24037957486756,4.31177574474036,2.76028185145463));
#4922=CARTESIAN_POINT('Ctrl Pts',(4.29720340262698,4.30333464973022,3.70433602998551));
#4923=CARTESIAN_POINT('Ctrl Pts',(4.35402723038642,3.50453214889667,4.20754981034992));
#4924=CARTESIAN_POINT('Ctrl Pts',(4.41085105814585,2.64937627080635,3.80752735066285));
#4925=CARTESIAN_POINT('Ctrl Pts',(4.46767488590527,2.52365734478242,2.87184348539318));
#4926=CARTESIAN_POINT('Ctrl Pts',(4.52449871366472,3.24289666795161,2.26028454294062));
#4927=CARTESIAN_POINT('Ctrl Pts',(4.58132254142414,4.1461956613584,2.53480316270406));
#4928=CARTESIAN_POINT('Ctrl Pts',(4.63814636918358,4.4035259855011,3.44314816784427));
#4929=CARTESIAN_POINT('Ctrl Pts',(4.69497019694301,3.77843053900947,4.15065451188791));
#4930=CARTESIAN_POINT('Ctrl Pts',(4.75179402470243,2.84530045844917,4.00720488016969));
#4931=CARTESIAN_POINT('Ctrl Pts',(4.80861785246187,2.46157543650209,3.14461305803232));
#4932=CARTESIAN_POINT('Ctrl Pts',(4.86544168022129,2.97985482854973,2.35550215589923));
#4933=CARTESIAN_POINT('Ctrl Pts',(4.92226550798074,3.92389922071118,2.364974732902));
#4934=CARTESIAN_POINT('Ctrl Pts',(4.97908933574017,4.42623991772487,3.16432657546592));
#4935=CARTESIAN_POINT('Ctrl Pts',(5.03591316349959,4.02528334132957,4.01904487287855));
#4936=CARTESIAN_POINT('Ctrl Pts',(5.09273699125903,3.08946267228474,4.14374138235272));
#4937=CARTESIAN_POINT('Ctrl Pts',(5.14956081901846,2.47868994599422,3.42383429049558));
#4938=CARTESIAN_POINT('Ctrl Pts',(5.20638464677789,2.75419535923246,2.52083577922163));
#4939=CARTESIAN_POINT('Ctrl Pts',(5.26320847453732,3.66282098495316,2.26449807936026));
#4940=CARTESIAN_POINT('Ctrl Pts',(5.32003230229676,4.36964391850296,2.89036618423112));
#4941=CARTESIAN_POINT('Ctrl Pts',(5.37685613005617,4.22517482120406,3.82333897269398));
#4942=CARTESIAN_POINT('Ctrl Pts',(5.43367995781563,3.36216425053034,4.20612128549328));
#4943=CARTESIAN_POINT('Ctrl Pts',(5.49050378557505,2.57362009885982,3.68698000900601));
#4944=CARTESIAN_POINT('Ctrl Pts',(5.54732761333447,2.58412414654677,2.74294653022005));
#4945=CARTESIAN_POINT('Ctrl Pts',(5.60415144109393,3.38402437656991,2.24147951625452));
#4946=CARTESIAN_POINT('Ctrl Pts',(5.66097526885335,4.23830407293678,2.64336973069359));
#4947=CARTESIAN_POINT('Ctrl Pts',(5.71779909661278,4.36197801699775,3.57932608632507));
#4948=CARTESIAN_POINT('Ctrl Pts',(5.77462292437221,3.64140401588221,4.18931186730927));
#4949=CARTESIAN_POINT('Ctrl Pts',(5.83144675213164,2.73870706474633,3.91281998949628));
#4950=CARTESIAN_POINT('Ctrl Pts',(5.88827057989106,2.48336229518385,3.00391482791801));
#4951=CARTESIAN_POINT('Ctrl Pts',(5.94509440765051,3.1100023112687,2.29777614867168));
#4952=CARTESIAN_POINT('Ctrl Pts',(6.00191823540992,4.04281669384543,2.44326453908314));
#4953=CARTESIAN_POINT('Ctrl Pts',(6.05874206316937,4.42465584052898,3.30669282802585));
#4954=CARTESIAN_POINT('Ctrl Pts',(6.11556589092879,3.9046532993562,4.09466928786486));
#4955=CARTESIAN_POINT('Ctrl Pts',(6.17238971868822,2.96063186093874,4.08313378203353));
#4956=CARTESIAN_POINT('Ctrl Pts',(6.22921354644765,2.46003912867584,3.28268611947706));
#4957=CARTESIAN_POINT('Ctrl Pts',(6.2860373742071,2.86286250137963,2.42884604400033));
#4958=CARTESIAN_POINT('Ctrl Pts',(6.34286120196652,3.79895342624725,2.3061948129953));
#4959=CARTESIAN_POINT('Ctrl Pts',(6.39968502972596,4.40815153372031,3.02743486314352));
#4960=CARTESIAN_POINT('Ctrl Pts',(6.45650885748537,4.13067352141031,3.92982917649608));
#4961=CARTESIAN_POINT('Ctrl Pts',(6.51333268524483,3.22148990903109,4.18418071092753));
#4962=CARTESIAN_POINT('Ctrl Pts',(6.57015651300424,2.51603632708097,3.55676953171545));
#4963=CARTESIAN_POINT('Ctrl Pts',(6.62698034076368,2.66254383692005,2.62411466862443));
#4964=CARTESIAN_POINT('Ctrl Pts',(6.68380416852311,3.52638881336568,2.24321914389856));
#4965=CARTESIAN_POINT('Ctrl Pts',(6.74062799628255,4.31379664068201,2.7640823289746));
#4966=CARTESIAN_POINT('Ctrl Pts',(6.79745182404197,4.30122969047744,3.70809060004488));
#4967=CARTESIAN_POINT('Ctrl Pts',(6.85427565180141,3.50023555096704,4.20780845299445));
#4968=CARTESIAN_POINT('Ctrl Pts',(6.91109947956084,2.64683611570005,3.80405240291899));
#4969=CARTESIAN_POINT('Ctrl Pts',(6.96792330732028,2.52520774417274,2.86782802632638));
#4970=CARTESIAN_POINT('Ctrl Pts',(7.02474713507968,3.24711298233278,2.25941831962897));
#4971=CARTESIAN_POINT('Ctrl Pts',(7.08157096283915,4.14920358061811,2.53788213518099));
#4972=CARTESIAN_POINT('Ctrl Pts',(7.13839479059855,4.40256157627207,3.4473431129721));
#4973=CARTESIAN_POINT('Ctrl Pts',(7.195218618358,3.7743799829401,4.15211075545116));
#4974=CARTESIAN_POINT('Ctrl Pts',(7.25204244611742,2.84188575274401,4.00458430108604));
#4975=CARTESIAN_POINT('Ctrl Pts',(7.30886627387686,2.46193430469123,3.14032366840098));
#4976=CARTESIAN_POINT('Ctrl Pts',(7.3656901016363,2.98365751186083,2.35348541361972));
#4977=CARTESIAN_POINT('Ctrl Pts',(7.42251392939572,3.92765148862101,2.36708379319497));
#4978=CARTESIAN_POINT('Ctrl Pts',(7.47933775715515,4.42649386569096,3.16862345342755));
#4979=CARTESIAN_POINT('Ctrl Pts',(7.53616158491458,4.02180562025029,4.02158122969125));
#4980=CARTESIAN_POINT('Ctrl Pts',(7.59298541267401,3.08544890960323,4.14218659654012));
#4981=CARTESIAN_POINT('Ctrl Pts',(7.64980924043345,2.47782833000471,3.41961703218322));
#4982=CARTESIAN_POINT('Ctrl Pts',(7.70663306819287,2.75727761636694,2.51783122588651));
#4983=CARTESIAN_POINT('Ctrl Pts',(7.76345689595231,3.66701487384977,2.26546707147039));
#4984=CARTESIAN_POINT('Ctrl Pts',(7.82028072371174,4.37109573550177,2.89441832899512));
#4985=CARTESIAN_POINT('Ctrl Pts',(7.87710455147119,4.22255051272859,3.8267508130789));
#4986=CARTESIAN_POINT('Ctrl Pts',(7.9339283792306,3.35787525556384,4.20575773087016));
#4987=CARTESIAN_POINT('Ctrl Pts',(7.99075220699005,2.57160751265002,3.68317512444343));
#4988=CARTESIAN_POINT('Ctrl Pts',(8.04757603474947,2.58623730536217,2.73919656893924));
#4989=CARTESIAN_POINT('Ctrl Pts',(8.1043998625089,3.38832152943387,2.24123026327003));
#4990=CARTESIAN_POINT('Ctrl Pts',(8.16122369026833,4.24083662842799,2.64685022095654));
#4991=CARTESIAN_POINT('Ctrl Pts',(8.21804751802777,4.36041884661898,3.58333814782964));
#4992=CARTESIAN_POINT('Ctrl Pts',(8.2748713457872,3.63718581867327,4.19016887494803));
#4993=CARTESIAN_POINT('Ctrl Pts',(8.33169517354662,2.73570588092265,3.90973445138389));
#4994=CARTESIAN_POINT('Ctrl Pts',(8.38851900130607,2.48433586901828,2.99972200025932));
#4995=CARTESIAN_POINT('Ctrl Pts',(8.44534282906547,3.11405603988987,2.2963287599705));
#4996=CARTESIAN_POINT('Ctrl Pts',(8.50216665682493,4.04622566483702,2.44589257381751));
#4997=CARTESIAN_POINT('Ctrl Pts',(8.55899048458437,4.42428759990595,3.31098142320727));
#4998=CARTESIAN_POINT('Ctrl Pts',(8.61581431234378,3.90084621808443,4.09667771560232));
#4999=CARTESIAN_POINT('Ctrl Pts',(8.67263814010321,2.95688421076371,4.08101652721843));
#5000=CARTESIAN_POINT('Ctrl Pts',(8.72946196786265,2.4597945709705,3.27838869684072));
#5001=CARTESIAN_POINT('Ctrl Pts',(8.78628579562208,2.86634575667124,2.42631729285402));
#5002=CARTESIAN_POINT('Ctrl Pts',(8.8431096233815,3.80296378178527,2.30775836607888));
#5003=CARTESIAN_POINT('Ctrl Pts',(8.89993345114095,4.4090039319852,3.03165399421336));
#5004=CARTESIAN_POINT('Ctrl Pts',(8.95675727890037,4.12758470600353,3.93282698722548));
#5005=CARTESIAN_POINT('Ctrl Pts',(9.01358110665982,3.21729814761574,4.18320255653107));
#5006=CARTESIAN_POINT('Ctrl Pts',(9.07040493441922,2.51459336840533,3.55271422407643));
#5007=CARTESIAN_POINT('Ctrl Pts',(9.12722876217869,2.66517559477596,2.62070857109584));
#5008=CARTESIAN_POINT('Ctrl Pts',(9.18405258993809,3.53067700364227,2.24359207008192));
#5009=CARTESIAN_POINT('Ctrl Pts',(9.24087641769754,4.31580090754944,2.76789160241063));
#5010=CARTESIAN_POINT('Ctrl Pts',(9.29770024545695,4.29910834219023,3.71183593464017));
#5011=CARTESIAN_POINT('Ctrl Pts',(9.35452407321639,3.49593786368864,4.20804831512869));
#5012=CARTESIAN_POINT('Ctrl Pts',(9.41134790097582,2.64431117191746,3.80056638675706));
#5013=CARTESIAN_POINT('Ctrl Pts',(9.46817172873527,2.52677567809459,2.86381938154254));
#5014=CARTESIAN_POINT('Ctrl Pts',(9.52499555649468,3.25133304222666,2.25857053175553));
#5015=CARTESIAN_POINT('Ctrl Pts',(9.58181938425413,4.15219801467444,2.5409742241947));
#5016=CARTESIAN_POINT('Ctrl Pts',(9.63864321201354,4.40157884248126,3.45153380313996));
#5017=CARTESIAN_POINT('Ctrl Pts',(9.69546703977301,3.77032310112461,4.15354928237861));
#5018=CARTESIAN_POINT('Ctrl Pts',(9.7522908675324,2.83848253274452,4.00194882325048));
#5019=CARTESIAN_POINT('Ctrl Pts',(9.80911469529183,2.46231191598988,3.13603588814833));
#5020=CARTESIAN_POINT('Ctrl Pts',(9.86593852305128,2.98746897291331,2.3514853100153));
#5021=CARTESIAN_POINT('Ctrl Pts',(9.92276235081072,3.93139450316593,2.36920923242125));
#5022=CARTESIAN_POINT('Ctrl Pts',(9.97958617857014,4.42672903196669,3.17292140021858));
#5023=CARTESIAN_POINT('Ctrl Pts',(10.0364100063296,4.01831684738169,4.02410236309364));
#5024=CARTESIAN_POINT('Ctrl Pts',(10.093233834089,3.08144198035522,4.14061428365599));
#5025=CARTESIAN_POINT('Ctrl Pts',(10.1500576618485,2.4769851535421,3.41539604849533));
#5026=CARTESIAN_POINT('Ctrl Pts',(10.2068814896079,2.76037297528239,2.514840172093));
#5027=CARTESIAN_POINT('Ctrl Pts',(10.2637053173673,3.67120448779362,2.26645438345385));
#5028=CARTESIAN_POINT('Ctrl Pts',(10.3205291451267,4.37252982891365,2.89847678019817));
#5029=CARTESIAN_POINT('Ctrl Pts',(10.3773529728862,4.21991131815479,3.83015115138351));
#5030=CARTESIAN_POINT('Ctrl Pts',(10.4341768006456,3.353587890273,4.20537543510283));
#5031=CARTESIAN_POINT('Ctrl Pts',(10.491000628405,2.5696115750403,3.67936147995241));
#5032=CARTESIAN_POINT('Ctrl Pts',(10.5478244561644,2.58836683233622,2.73545587962087));
#5033=CARTESIAN_POINT('Ctrl Pts',(10.6046482839239,3.39261973184986,2.24099979178793));
#5034=CARTESIAN_POINT('Ctrl Pts',(10.6614721116834,4.2433539460766,2.6503417489254));
#5035=CARTESIAN_POINT('Ctrl Pts',(10.7182959394427,4.35884216114396,3.5873433518938));
#5036=CARTESIAN_POINT('Ctrl Pts',(10.7751197672022,3.6329639076852,4.19100744824215));
#5037=CARTESIAN_POINT('Ctrl Pts',(10.8319435949616,2.73271822720983,3.90663580867679));
#5038=CARTESIAN_POINT('Ctrl Pts',(10.8887674227211,2.48532772712482,2.99553350097605));
#5039=CARTESIAN_POINT('Ctrl Pts',(10.9455912504805,3.11811611436883,2.29489903821576));
#5040=CARTESIAN_POINT('Ctrl Pts',(11.0024150782399,4.04962300571674,2.44853560284637));
#5041=CARTESIAN_POINT('Ctrl Pts',(11.0592389059993,4.42390083244749,3.31526813861073));
#5042=CARTESIAN_POINT('Ctrl Pts',(11.1160627337587,3.89702999101798,4.09866992177079));
#5043=CARTESIAN_POINT('Ctrl Pts',(11.1728865615182,2.95314661867903,4.07888208428515));
#5044=CARTESIAN_POINT('Ctrl Pts',(11.2297103892776,2.45956733521842,3.27409182345608));
#5045=CARTESIAN_POINT('Ctrl Pts',(11.2865342170371,2.86984281023612,2.42380079078806));
#5046=CARTESIAN_POINT('Ctrl Pts',(11.3433580447965,3.80696198036993,2.30934513225181));
#5047=CARTESIAN_POINT('Ctrl Pts',(11.4001818725559,4.40984793154439,3.0358659709439));
#5048=CARTESIAN_POINT('Ctrl Pts',(11.4570057003154,4.12446371204018,3.93583187917342));
#5049=CARTESIAN_POINT('Ctrl Pts',(11.5138295280748,3.21314702950102,4.18216690490981));
#5050=CARTESIAN_POINT('Ctrl Pts',(11.5706533558342,2.51309906512753,3.54872717086159));
#5051=CARTESIAN_POINT('Ctrl Pts',(11.6274771835937,2.66795364844776,2.61717218308505));
#5052=CARTESIAN_POINT('Ctrl Pts',(11.6843010113531,3.53471286740602,2.24425454433182));
#5053=CARTESIAN_POINT('Ctrl Pts',(11.7411248391125,4.31827156462976,2.77118480313229));
#5054=CARTESIAN_POINT('Ctrl Pts',(11.797948666872,4.29599665869338,3.71665393730235));
#5055=CARTESIAN_POINT('Ctrl Pts',(11.8358312187116,3.76131136374435,4.04259628598828));
#5056=CARTESIAN_POINT('Ctrl Pts',(11.8547724946314,3.48415367680082,4.05624300758218));
#5057=CARTESIAN_POINT('Ctrl Pts',(1.97055403869035,3.50486988947773,4.14800715460111));
#5058=CARTESIAN_POINT('Ctrl Pts',(1.98949531461016,3.19716618212279,4.16855536606862));
#5059=CARTESIAN_POINT('Ctrl Pts',(2.02737786644978,2.56492359004991,3.87742533484627));
#5060=CARTESIAN_POINT('Ctrl Pts',(2.08420169420922,2.41886795610377,2.83647868839223));
#5061=CARTESIAN_POINT('Ctrl Pts',(2.14102552196865,3.21619323100876,2.15405056021008));
#5062=CARTESIAN_POINT('Ctrl Pts',(2.19784934972808,4.22103551436133,2.45437047232374));
#5063=CARTESIAN_POINT('Ctrl Pts',(2.25467317748751,4.51170303857509,3.46291689459494));
#5064=CARTESIAN_POINT('Ctrl Pts',(2.31149700524695,3.82024684143831,4.25220156105062));
#5065=CARTESIAN_POINT('Ctrl Pts',(2.36832083300637,2.78248703493878,4.09735570105356));
#5066=CARTESIAN_POINT('Ctrl Pts',(2.4251446607658,2.35176889586742,3.14045808120629));
#5067=CARTESIAN_POINT('Ctrl Pts',(2.48196848852524,2.92399779544282,2.26089682223566));
#5068=CARTESIAN_POINT('Ctrl Pts',(2.53879231628467,3.97329530316405,2.26683079157595));
#5069=CARTESIAN_POINT('Ctrl Pts',(2.59561614404411,4.53551166361343,3.15283744164232));
#5070=CARTESIAN_POINT('Ctrl Pts',(2.65243997180353,4.094016274442,4.10476229008271));
#5071=CARTESIAN_POINT('Ctrl Pts',(2.70926379956297,3.05450238704976,4.24790372853859));
#5072=CARTESIAN_POINT('Ctrl Pts',(2.76608762732239,2.37215921119953,3.45072678804607));
#5073=CARTESIAN_POINT('Ctrl Pts',(2.82291145508183,2.67398463142145,2.44574809594243));
#5074=CARTESIAN_POINT('Ctrl Pts',(2.87973528284125,3.68263425958478,2.15642678059162));
#5075=CARTESIAN_POINT('Ctrl Pts',(2.93655911060069,4.47127531669323,2.84861663799505));
#5076=CARTESIAN_POINT('Ctrl Pts',(2.99338293836012,4.3152365932889,3.88627411583539));
#5077=CARTESIAN_POINT('Ctrl Pts',(3.05020676611955,3.35790001043513,4.31591098880586));
#5078=CARTESIAN_POINT('Ctrl Pts',(3.10703059387899,2.47894815831803,3.74274007506193));
#5079=CARTESIAN_POINT('Ctrl Pts',(3.16385442163842,2.48603719743314,2.6934398601165));
#5080=CARTESIAN_POINT('Ctrl Pts',(3.22067824939785,3.37265308319696,2.13219706204499));
#5081=CARTESIAN_POINT('Ctrl Pts',(3.27750207715728,4.32409735713242,2.5747295586707));
#5082=CARTESIAN_POINT('Ctrl Pts',(3.33432590491671,4.46610167184656,3.61440065224853));
#5083=CARTESIAN_POINT('Ctrl Pts',(3.39114973267615,3.66818032709865,4.29587166271791));
#5084=CARTESIAN_POINT('Ctrl Pts',(3.44797356043557,2.66353166766329,3.99294876373888));
#5085=CARTESIAN_POINT('Ctrl Pts',(3.50479738819501,2.37531277190422,2.98398341324931));
#5086=CARTESIAN_POINT('Ctrl Pts',(3.56162121595443,3.06836380088003,2.1960992326682));
#5087=CARTESIAN_POINT('Ctrl Pts',(3.61844504371388,4.10585021954313,2.35327156477636));
#5088=CARTESIAN_POINT('Ctrl Pts',(3.6752688714733,4.53444081001385,3.31107703378884));
#5089=CARTESIAN_POINT('Ctrl Pts',(3.73209269923274,3.96030989701823,4.18940209065759));
#5090=CARTESIAN_POINT('Ctrl Pts',(3.78891652699216,2.91101804666525,4.18116658378909));
#5091=CARTESIAN_POINT('Ctrl Pts',(3.8457403547516,2.35074431658791,3.29393800098156));
#5092=CARTESIAN_POINT('Ctrl Pts',(3.90256418251104,2.79431610859336,2.34297781458357));
#5093=CARTESIAN_POINT('Ctrl Pts',(3.95938801027046,3.83414173858899,2.20210954284872));
#5094=CARTESIAN_POINT('Ctrl Pts',(4.0162118380299,4.51474052150865,3.00077499687954));
#5095=CARTESIAN_POINT('Ctrl Pts',(4.07303566578932,4.21072011021665,4.0050920784298));
#5096=CARTESIAN_POINT('Ctrl Pts',(4.12985949354876,3.2014404497592,4.29220839242576));
#5097=CARTESIAN_POINT('Ctrl Pts',(4.18668332130819,2.41431397696782,3.59829692357237));
#5098=CARTESIAN_POINT('Ctrl Pts',(4.24350714906762,2.57261978764284,2.56098285296404));
#5099=CARTESIAN_POINT('Ctrl Pts',(4.30033097682706,3.5308929691396,2.13343903018142));
#5100=CARTESIAN_POINT('Ctrl Pts',(4.35715480458648,4.40859019811505,2.7085292709474));
#5101=CARTESIAN_POINT('Ctrl Pts',(4.41397863234592,4.39920822495951,3.75781149673566));
#5102=CARTESIAN_POINT('Ctrl Pts',(4.47080246010534,3.51136800868696,4.31711549381116));
#5103=CARTESIAN_POINT('Ctrl Pts',(4.52762628786478,2.5608930427746,3.87250493393949));
#5104=CARTESIAN_POINT('Ctrl Pts',(4.58445011562421,2.42116098340554,2.83252600994156));
#5105=CARTESIAN_POINT('Ctrl Pts',(4.64127394338364,3.22056959262735,2.15280026651444));
#5106=CARTESIAN_POINT('Ctrl Pts',(4.69809777114307,4.22455389766923,2.45791782747262));
#5107=CARTESIAN_POINT('Ctrl Pts',(4.75492159890249,4.51056728696374,3.4675105928586));
#5108=CARTESIAN_POINT('Ctrl Pts',(4.81174542666194,3.81579620672176,4.25387841826531));
#5109=CARTESIAN_POINT('Ctrl Pts',(4.86856925442137,2.77865572247117,4.09443931796701));
#5110=CARTESIAN_POINT('Ctrl Pts',(4.92539308218079,2.3521591778069,3.135699568001));
#5111=CARTESIAN_POINT('Ctrl Pts',(4.98221690994023,2.92820805978337,2.25863121470741));
#5112=CARTESIAN_POINT('Ctrl Pts',(5.03904073769966,3.97747940837443,2.26915964295597));
#5113=CARTESIAN_POINT('Ctrl Pts',(5.09586456545908,4.53581300474367,3.15761043278108));
#5114=CARTESIAN_POINT('Ctrl Pts',(5.15268839321855,4.09016420778669,4.10759904352662));
#5115=CARTESIAN_POINT('Ctrl Pts',(5.20951222097793,3.05003323131867,4.24619472371599));
#5116=CARTESIAN_POINT('Ctrl Pts',(5.2663360487374,2.37118133884548,3.44604391364261));
#5117=CARTESIAN_POINT('Ctrl Pts',(5.32315987649681,2.67739568521829,2.4423935836716));
#5118=CARTESIAN_POINT('Ctrl Pts',(5.37998370425627,3.68730035027487,2.1574834605232));
#5119=CARTESIAN_POINT('Ctrl Pts',(5.43680753201568,4.47290858952602,2.85311332273169));
#5120=CARTESIAN_POINT('Ctrl Pts',(5.49363135977512,4.31233638994388,3.89007898247979));
#5121=CARTESIAN_POINT('Ctrl Pts',(5.55045518753455,3.35313121605806,4.31552773987151));
#5122=CARTESIAN_POINT('Ctrl Pts',(5.60727901529398,2.476692785496,3.73852090437524));
#5123=CARTESIAN_POINT('Ctrl Pts',(5.66410284305342,2.48836765626866,2.68926168560808));
#5124=CARTESIAN_POINT('Ctrl Pts',(5.72092667081283,3.37742795900825,2.13189915648715));
#5125=CARTESIAN_POINT('Ctrl Pts',(5.77775049857227,4.32692908048468,2.57858565851121));
#5126=CARTESIAN_POINT('Ctrl Pts',(5.8345743263317,4.46438821603794,3.61886744573448));
#5127=CARTESIAN_POINT('Ctrl Pts',(5.89139815409114,3.66349616033804,4.29684467683612));
#5128=CARTESIAN_POINT('Ctrl Pts',(5.94822198185057,2.66018100360185,3.98953391060927));
#5129=CARTESIAN_POINT('Ctrl Pts',(6.00504580961001,2.37637448672709,2.97931855151256));
#5130=CARTESIAN_POINT('Ctrl Pts',(6.06186963736943,3.07286230045482,2.19447083628098));
#5131=CARTESIAN_POINT('Ctrl Pts',(6.11869346512887,4.10965189776441,2.35617594345488));
#5132=CARTESIAN_POINT('Ctrl Pts',(6.17551729288829,4.53405235998015,3.3158453961554));
#5133=CARTESIAN_POINT('Ctrl Pts',(6.23234112064773,3.95608825979848,4.19165285768829));
#5134=CARTESIAN_POINT('Ctrl Pts',(6.28916494840717,2.90684242346736,4.17883155832905));
#5135=CARTESIAN_POINT('Ctrl Pts',(6.34598877616659,2.35045162697762,3.28916280404069));
#5136=CARTESIAN_POINT('Ctrl Pts',(6.40281260392603,2.79817530081163,2.34015030535373));
#5137=CARTESIAN_POINT('Ctrl Pts',(6.45963643168545,3.83860665689525,2.20382787853612));
#5138=CARTESIAN_POINT('Ctrl Pts',(6.51646025944489,4.51570841725195,3.00546022375265));
#5139=CARTESIAN_POINT('Ctrl Pts',(6.57328408720432,4.20730159804053,4.00843900949011));
#5140=CARTESIAN_POINT('Ctrl Pts',(6.63010791496374,3.19677675090508,4.29114158128128));
#5141=CARTESIAN_POINT('Ctrl Pts',(6.68693174272319,2.41269049664915,3.59379664750579));
#5142=CARTESIAN_POINT('Ctrl Pts',(6.74375557048261,2.57552831837022,2.5571843503606));
#5143=CARTESIAN_POINT('Ctrl Pts',(6.80057939824204,3.53566090422611,2.13383268997271));
#5144=CARTESIAN_POINT('Ctrl Pts',(6.85740322600148,4.41083635118542,2.71275336486266));
#5145=CARTESIAN_POINT('Ctrl Pts',(6.9142270537609,4.39686863854576,3.76198456616153));
#5146=CARTESIAN_POINT('Ctrl Pts',(6.97105088152034,3.50659249480074,4.31740296579729));
#5147=CARTESIAN_POINT('Ctrl Pts',(7.02787470927976,2.55806975184024,3.86864265464866));
#5148=CARTESIAN_POINT('Ctrl Pts',(7.08469853703922,2.42288419650086,2.82806297177808));
#5149=CARTESIAN_POINT('Ctrl Pts',(7.14152236479864,3.22525587424032,2.15183749049464));
#5150=CARTESIAN_POINT('Ctrl Pts',(7.19834619255805,4.22789709161676,2.46133999451261));
#5151=CARTESIAN_POINT('Ctrl Pts',(7.25517002031752,4.50949538083226,3.47217312331596));
#5152=CARTESIAN_POINT('Ctrl Pts',(7.31199384807692,3.81129415950371,4.25549698054921));
#5153=CARTESIAN_POINT('Ctrl Pts',(7.36881767583637,2.77486040003712,4.09152663867776));
#5154=CARTESIAN_POINT('Ctrl Pts',(7.42564150359579,2.35255804687695,3.13093206587877));
#5155=CARTESIAN_POINT('Ctrl Pts',(7.48246533135522,2.93243460535606,2.25638967828291));
#5156=CARTESIAN_POINT('Ctrl Pts',(7.53928915911465,3.98164991904395,2.27150378752825));
#5157=CARTESIAN_POINT('Ctrl Pts',(7.5961129868741,4.53609525876381,3.16238625791278));
#5158=CARTESIAN_POINT('Ctrl Pts',(7.65293681463353,4.08629884603339,4.11041811279442));
#5159=CARTESIAN_POINT('Ctrl Pts',(7.70976064239296,3.04557207862635,4.24446663527024));
#5160=CARTESIAN_POINT('Ctrl Pts',(7.76658447015238,2.37022368369834,3.44135658288411));
#5161=CARTESIAN_POINT('Ctrl Pts',(7.82340829791183,2.68082150303687,2.43905413082804));
#5162=CARTESIAN_POINT('Ctrl Pts',(7.88023212567125,3.69196170676925,2.15856046036199));
#5163=CARTESIAN_POINT('Ctrl Pts',(7.93705595343067,4.47452223184293,2.85761713572665));
#5164=CARTESIAN_POINT('Ctrl Pts',(7.99387978119011,4.3094195655699,3.89387112021356));
#5165=CARTESIAN_POINT('Ctrl Pts',(8.05070360894954,3.3483641525916,4.31512366199886));
#5166=CARTESIAN_POINT('Ctrl Pts',(8.10752743670898,2.47445586839331,3.73429191219081));
#5167=CARTESIAN_POINT('Ctrl Pts',(8.16435126446841,2.49071635620103,2.68509373867365));
#5168=CARTESIAN_POINT('Ctrl Pts',(8.22117509222783,3.382204089684,2.13162212077003));
#5169=CARTESIAN_POINT('Ctrl Pts',(8.27799891998729,4.32974392472048,2.58245409811245));
#5170=CARTESIAN_POINT('Ctrl Pts',(8.33482274774668,4.4626552543048,3.62332670762988));
#5171=CARTESIAN_POINT('Ctrl Pts',(8.39164657550615,3.65880778602978,4.29779720996733));
#5172=CARTESIAN_POINT('Ctrl Pts',(8.44847040326555,2.65684529584894,3.98610444610186));
#5173=CARTESIAN_POINT('Ctrl Pts',(8.505294231025,2.37745657898745,2.97465837454592));
#5174=CARTESIAN_POINT('Ctrl Pts',(8.56211805878443,3.07736787384998,2.19286211585743));
#5175=CARTESIAN_POINT('Ctrl Pts',(8.61894188654387,4.1134408462708,2.35909690943144));
#5176=CARTESIAN_POINT('Ctrl Pts',(8.67576571430327,4.5336430737873,3.32061201527515));
#5177=CARTESIAN_POINT('Ctrl Pts',(8.73258954206273,3.95185682605089,4.19388515279871));
#5178=CARTESIAN_POINT('Ctrl Pts',(8.78941336982216,2.90267704524378,4.17647830584049));
#5179=CARTESIAN_POINT('Ctrl Pts',(8.84623719758157,2.3501798098942,3.28438637352267));
#5180=CARTESIAN_POINT('Ctrl Pts',(8.90306102534102,2.80204681364265,2.33733968951026));
#5181=CARTESIAN_POINT('Ctrl Pts',(8.95988485310045,3.84306402267026,2.20556571148787));
#5182=CARTESIAN_POINT('Ctrl Pts',(9.01670868085987,4.51665582723009,3.01014963601365));
#5183=CARTESIAN_POINT('Ctrl Pts',(9.07353250861931,4.20386849093843,4.0117709681702));
#5184=CARTESIAN_POINT('Ctrl Pts',(9.13035633637876,3.19211775902953,4.29005439789114));
#5185=CARTESIAN_POINT('Ctrl Pts',(9.18718016413815,2.41108670003946,3.58928931908918));
#5186=CARTESIAN_POINT('Ctrl Pts',(9.24400399189761,2.57845342246233,2.55339859560484));
#5187=CARTESIAN_POINT('Ctrl Pts',(9.30082781965704,3.54042707330872,2.13424718399714));
#5188=CARTESIAN_POINT('Ctrl Pts',(9.35765164741647,4.41306402163864,2.7169872351219));
#5189=CARTESIAN_POINT('Ctrl Pts',(9.41447547517592,4.39451083631035,3.76614737070162));
#5190=CARTESIAN_POINT('Ctrl Pts',(9.47129930293533,3.50181577014257,4.31766956392249));
#5191=CARTESIAN_POINT('Ctrl Pts',(9.52812313069478,2.55526336774448,3.86476807320971));
#5192=CARTESIAN_POINT('Ctrl Pts',(9.58494695845419,2.42462689859657,2.8236075074447));
#5193=CARTESIAN_POINT('Ctrl Pts',(9.64177078621362,3.22994631885581,2.1508952048006));
#5194=CARTESIAN_POINT('Ctrl Pts',(9.69859461397307,4.23122529724632,2.46477674011093));
#5195=CARTESIAN_POINT('Ctrl Pts',(9.75541844173248,4.50840310761021,3.47683092453852));
#5196=CARTESIAN_POINT('Ctrl Pts',(9.81224226949191,3.80678508144661,4.25709585143036));
#5197=CARTESIAN_POINT('Ctrl Pts',(9.86906609725136,2.77107784355139,4.08859739996224));
#5198=CARTESIAN_POINT('Ctrl Pts',(9.92588992501079,2.35297774823829,3.126166352523));
#5199=CARTESIAN_POINT('Ctrl Pts',(9.98271375277023,2.93667090707222,2.25416663514664));
#5200=CARTESIAN_POINT('Ctrl Pts',(10.0395375805296,3.98581014493159,2.27386613669511));
#5201=CARTESIAN_POINT('Ctrl Pts',(10.0963614082891,4.53635663761136,3.16716327100988));
#5202=CARTESIAN_POINT('Ctrl Pts',(10.1531852360485,4.08242120061418,4.11322026178981));
#5203=CARTESIAN_POINT('Ctrl Pts',(10.210009063808,3.0411185210494,4.2427190661156));
#5204=CARTESIAN_POINT('Ctrl Pts',(10.2668328915673,2.36928652342123,3.43666511150488));
#5205=CARTESIAN_POINT('Ctrl Pts',(10.3236567193268,2.68426188301354,2.43572968223885));
#5206=CARTESIAN_POINT('Ctrl Pts',(10.3804805470862,3.69661831180697,2.15965782208037));
#5207=CARTESIAN_POINT('Ctrl Pts',(10.4373043748457,4.47611617503234,2.86212795810141));
#5208=CARTESIAN_POINT('Ctrl Pts',(10.4941282026051,4.30648619583143,3.89765047379937));
#5209=CARTESIAN_POINT('Ctrl Pts',(10.5509520303645,3.34359890045515,4.31469875401893));
#5210=CARTESIAN_POINT('Ctrl Pts',(10.607775858124,2.47223745560213,3.7300531836619));
#5211=CARTESIAN_POINT('Ctrl Pts',(10.6645996858834,2.4930832487676,2.68093609719056));
#5212=CARTESIAN_POINT('Ctrl Pts',(10.7214235136428,3.38698138687003,2.13136596001851));
#5213=CARTESIAN_POINT('Ctrl Pts',(10.7782473414022,4.33254183269812,2.58633480572259));
#5214=CARTESIAN_POINT('Ctrl Pts',(10.8350711691617,4.46090282506799,3.62777834773434));
#5215=CARTESIAN_POINT('Ctrl Pts',(10.8918949969211,3.65411528418911,4.29872925397465));
#5216=CARTESIAN_POINT('Ctrl Pts',(10.9487188246805,2.65352462594805,3.98266041633524));
#5217=CARTESIAN_POINT('Ctrl Pts',(11.00554265244,2.37855899427848,2.97000300836344));
#5218=CARTESIAN_POINT('Ctrl Pts',(11.0623664801994,3.08188049906751,2.19127303170232));
#5219=CARTESIAN_POINT('Ctrl Pts',(11.1191903079589,4.11721687093152,2.36203454084835));
#5220=CARTESIAN_POINT('Ctrl Pts',(11.1760141357183,4.5332131907313,3.32537654542798));
#5221=CARTESIAN_POINT('Ctrl Pts',(11.2328379634777,3.94761523649852,4.19609941757549));
#5222=CARTESIAN_POINT('Ctrl Pts',(11.2896617912371,2.89852282832133,4.17410595060155));
#5223=CARTESIAN_POINT('Ctrl Pts',(11.3464856189966,2.3499272795795,3.27961055115082));
#5224=CARTESIAN_POINT('Ctrl Pts',(11.403309446756,2.8059335980341,2.33454269250347));
#5225=CARTESIAN_POINT('Ctrl Pts',(11.4601332745155,3.84750799948917,2.20732933653938));
#5226=CARTESIAN_POINT('Ctrl Pts',(11.5169571022748,4.517593668373,3.01483111248028));
#5227=CARTESIAN_POINT('Ctrl Pts',(11.5737809300343,4.2004000633978,4.01511076695563));
#5228=CARTESIAN_POINT('Ctrl Pts',(11.6306047577937,3.1875030948351,4.28890336623597));
#5229=CARTESIAN_POINT('Ctrl Pts',(11.6874285855532,2.40942744446334,3.58485774302718));
#5230=CARTESIAN_POINT('Ctrl Pts',(11.7442524133126,2.5815380668442,2.54946823700917));
#5231=CARTESIAN_POINT('Ctrl Pts',(11.801076241072,3.54491864347941,2.1349831002585));
#5232=CARTESIAN_POINT('Ctrl Pts',(11.8579000688315,4.4157986773877,2.72064828675705));
#5233=CARTESIAN_POINT('Ctrl Pts',(11.9147238965909,4.39107621351615,3.77150078294835));
#5234=CARTESIAN_POINT('Ctrl Pts',(11.9526064484305,3.79673399134783,4.13377790513326));
#5235=CARTESIAN_POINT('Ctrl Pts',(11.9715477243503,3.4887181000735,4.14894402648848));
#5236=CARTESIAN_POINT('Ctrl Pts',(1.97031002768924,3.51479530913243,4.29663753197648));
#5237=CARTESIAN_POINT('Ctrl Pts',(1.98925130360905,3.15753684955226,4.32049497080656));
#5238=CARTESIAN_POINT('Ctrl Pts',(2.02713385544867,2.42357851492021,3.98250355800704));
#5239=CARTESIAN_POINT('Ctrl Pts',(2.0839576832081,2.25398594145631,2.77401189794966));
#5240=CARTESIAN_POINT('Ctrl Pts',(2.14078151096753,3.17965922331387,1.98174235594622));
#5241=CARTESIAN_POINT('Ctrl Pts',(2.19760533872696,4.34622949372317,2.33040083579015));
#5242=CARTESIAN_POINT('Ctrl Pts',(2.2544291664864,4.68368539993322,3.50127845311169));
#5243=CARTESIAN_POINT('Ctrl Pts',(2.31125299424582,3.8809333541648,4.41760314170978));
#5244=CARTESIAN_POINT('Ctrl Pts',(2.36807682200525,2.67614115044825,4.23783389621244));
#5245=CARTESIAN_POINT('Ctrl Pts',(2.42490064976469,2.17609589094025,3.12691810118113));
#5246=CARTESIAN_POINT('Ctrl Pts',(2.48172447752411,2.84042862621197,2.10578636140704));
#5247=CARTESIAN_POINT('Ctrl Pts',(2.53854830528355,4.05861647972862,2.11267544461335));
#5248=CARTESIAN_POINT('Ctrl Pts',(2.59537213304298,4.71132489170138,3.14128998091902));
#5249=CARTESIAN_POINT('Ctrl Pts',(2.65219596080242,4.19876822664059,4.24643263631699));
#5250=CARTESIAN_POINT('Ctrl Pts',(2.70901978856184,2.9919385943598,4.41261351537215));
#5251=CARTESIAN_POINT('Ctrl Pts',(2.76584361632128,2.19976832992159,3.48712634044893));
#5252=CARTESIAN_POINT('Ctrl Pts',(2.8226674440807,2.55017430168815,2.32039052038831));
#5253=CARTESIAN_POINT('Ctrl Pts',(2.87949127184014,3.72117191268576,1.98450126766904));
#5254=CARTESIAN_POINT('Ctrl Pts',(2.93631509959957,4.63674930670711,2.78810308229377));
#5255=CARTESIAN_POINT('Ctrl Pts',(2.99313892735901,4.45559524822998,3.99277752723863));
#5256=CARTESIAN_POINT('Ctrl Pts',(3.04996275511843,3.34416981095461,4.49156693750682));
#5257=CARTESIAN_POINT('Ctrl Pts',(3.10678658287787,2.32374557905546,3.82614085319452));
#5258=CARTESIAN_POINT('Ctrl Pts',(3.16361041063729,2.33197564010837,2.60794970536712));
#5259=CARTESIAN_POINT('Ctrl Pts',(3.22043423839673,3.36129747584268,1.95637163586174));
#5260=CARTESIAN_POINT('Ctrl Pts',(3.27725806615616,4.46588220353289,2.4701322949491));
#5261=CARTESIAN_POINT('Ctrl Pts',(3.33408189391559,4.63074293323981,3.67714445867858));
#5262=CARTESIAN_POINT('Ctrl Pts',(3.39090572167503,3.70439153735284,4.46830216609718));
#5263=CARTESIAN_POINT('Ctrl Pts',(3.44772954943446,2.53803887091057,4.11662207611691));
#5264=CARTESIAN_POINT('Ctrl Pts',(3.50455337719388,2.20342947843664,2.9452579222567));
#5265=CARTESIAN_POINT('Ctrl Pts',(3.56137720495332,3.00803107525336,2.03055923009822));
#5266=CARTESIAN_POINT('Ctrl Pts',(3.61820103271274,4.2125069280165,2.21302935726433));
#5267=CARTESIAN_POINT('Ctrl Pts',(3.67502486047218,4.71008165059257,3.32499915110115));
#5268=CARTESIAN_POINT('Ctrl Pts',(3.73184868823161,4.04354104959026,4.34469570118974));
#5269=CARTESIAN_POINT('Ctrl Pts',(3.78867251599105,2.82535961269088,4.33513464190268));
#5270=CARTESIAN_POINT('Ctrl Pts',(3.84549634375048,2.1749065882698,3.30510149192725));
#5271=CARTESIAN_POINT('Ctrl Pts',(3.9023201715099,2.68987382333542,2.2010787684966));
#5272=CARTESIAN_POINT('Ctrl Pts',(3.95914399926934,3.89706539701121,2.03753693443225));
#5273=CARTESIAN_POINT('Ctrl Pts',(4.01596782702878,4.68721048681637,2.96475220830083));
#5274=CARTESIAN_POINT('Ctrl Pts',(4.0727916547882,4.33425623357421,4.13071992747622));
#5275=CARTESIAN_POINT('Ctrl Pts',(4.12961548254763,3.16252717974075,4.46404927128382));
#5276=CARTESIAN_POINT('Ctrl Pts',(4.18643931030706,2.248708152819,3.65844874181783));
#5277=CARTESIAN_POINT('Ctrl Pts',(4.24326313806649,2.43249419847706,2.45417297752552));
#5278=CARTESIAN_POINT('Ctrl Pts',(4.30008696582592,3.54500698582512,1.9578135059452));
#5279=CARTESIAN_POINT('Ctrl Pts',(4.35691079358536,4.56397465549312,2.62546784406609));
#5280=CARTESIAN_POINT('Ctrl Pts',(4.41373462134478,4.55308259954539,3.84363810727137));
#5281=CARTESIAN_POINT('Ctrl Pts',(4.47055844910423,3.5223393701645,4.49296531456045));
#5282=CARTESIAN_POINT('Ctrl Pts',(4.52738227686365,2.41887996626042,3.97679211593817));
#5283=CARTESIAN_POINT('Ctrl Pts',(4.58420610462308,2.25665722450763,2.76942257470456));
#5284=CARTESIAN_POINT('Ctrl Pts',(4.64102993238253,3.18473526868944,1.98029104514308));
#5285=CARTESIAN_POINT('Ctrl Pts',(4.69785376014195,4.3503166490545,2.33451904062992));
#5286=CARTESIAN_POINT('Ctrl Pts',(4.75467758790139,4.68236554605683,3.50661159543945));
#5287=CARTESIAN_POINT('Ctrl Pts',(4.81150141566081,3.87576704578206,4.41954986629617));
#5288=CARTESIAN_POINT('Ctrl Pts',(4.86832524342024,2.67169280757484,4.23444812150138));
#5289=CARTESIAN_POINT('Ctrl Pts',(4.92514907117969,2.17654917957759,3.12139366879292));
#5290=CARTESIAN_POINT('Ctrl Pts',(4.9819728989391,2.84531645775123,2.10315609598165));
#5291=CARTESIAN_POINT('Ctrl Pts',(5.03879672669854,4.06347409301156,2.11537913559432));
#5292=CARTESIAN_POINT('Ctrl Pts',(5.09562055445799,4.71167470799339,3.14683121386918));
#5293=CARTESIAN_POINT('Ctrl Pts',(5.15244438221738,4.19429616202747,4.24972598093201));
#5294=CARTESIAN_POINT('Ctrl Pts',(5.20926820997684,2.98675009460016,4.41062943670965));
#5295=CARTESIAN_POINT('Ctrl Pts',(5.26609203773626,2.19863306735307,3.48168973016051));
#5296=CARTESIAN_POINT('Ctrl Pts',(5.3229158654957,2.55413438220472,2.31649608008378));
#5297=CARTESIAN_POINT('Ctrl Pts',(5.37973969325511,3.72658903873909,1.98572802628893));
#5298=CARTESIAN_POINT('Ctrl Pts',(5.43656352101457,4.63864546365933,2.7933235344501));
#5299=CARTESIAN_POINT('Ctrl Pts',(5.49338734877398,4.45222824070344,3.99719480914096));
#5300=CARTESIAN_POINT('Ctrl Pts',(5.55021117653343,3.33863345140591,4.49112200244956));
#5301=CARTESIAN_POINT('Ctrl Pts',(5.60703500429285,2.32112719102972,3.82124258260171));
#5302=CARTESIAN_POINT('Ctrl Pts',(5.66385883205229,2.33468119971537,2.60309902953051));
#5303=CARTESIAN_POINT('Ctrl Pts',(5.72068265981171,3.36684089553032,1.95602578068183));
#5304=CARTESIAN_POINT('Ctrl Pts',(5.77750648757117,4.46916970910924,2.47460905634165));
#5305=CARTESIAN_POINT('Ctrl Pts',(5.83433031533058,4.6287536868242,3.6823302083867));
#5306=CARTESIAN_POINT('Ctrl Pts',(5.89115414309003,3.69895342688171,4.46943179246036));
#5307=CARTESIAN_POINT('Ctrl Pts',(5.94797797084944,2.53414889810875,4.11265758264359));
#5308=CARTESIAN_POINT('Ctrl Pts',(6.00480179860887,2.20466208239433,2.93984222406802));
#5309=CARTESIAN_POINT('Ctrl Pts',(6.06162562636832,3.01325363432937,2.02866873390291));
#5310=CARTESIAN_POINT('Ctrl Pts',(6.11844945412773,4.21692050831485,2.21640121247384));
#5311=CARTESIAN_POINT('Ctrl Pts',(6.17527328188717,4.70963067728145,3.33053500894411));
#5312=CARTESIAN_POINT('Ctrl Pts',(6.23209710964661,4.03863991546561,4.34730874217987));
#5313=CARTESIAN_POINT('Ctrl Pts',(6.28892093740602,2.82051189881088,4.33242378060212));
#5314=CARTESIAN_POINT('Ctrl Pts',(6.34574476516547,2.17456678857544,3.29955769944574));
#5315=CARTESIAN_POINT('Ctrl Pts',(6.40256859292489,2.69435417484119,2.19779615531772));
#5316=CARTESIAN_POINT('Ctrl Pts',(6.45939242068433,3.90224896971896,2.03953184617777));
#5317=CARTESIAN_POINT('Ctrl Pts',(6.51621624844376,4.68833417097244,2.97019154951229));
#5318=CARTESIAN_POINT('Ctrl Pts',(6.57304007620319,4.33028749210981,4.13460556643059));
#5319=CARTESIAN_POINT('Ctrl Pts',(6.62986390396263,3.15711283160733,4.46281075072117));
#5320=CARTESIAN_POINT('Ctrl Pts',(6.68668773172205,2.24682336396192,3.65322412031391));
#5321=CARTESIAN_POINT('Ctrl Pts',(6.74351155948148,2.43587087403168,2.44976308397878));
#5322=CARTESIAN_POINT('Ctrl Pts',(6.80033538724092,3.55054234761483,1.95827052755464));
#5323=CARTESIAN_POINT('Ctrl Pts',(6.85715921500035,4.56658233987939,2.63037183030553));
#5324=CARTESIAN_POINT('Ctrl Pts',(6.91398304275978,4.55036644317927,3.848482856335));
#5325=CARTESIAN_POINT('Ctrl Pts',(6.97080687051922,3.51679520972344,4.49329905682391));
#5326=CARTESIAN_POINT('Ctrl Pts',(7.02763069827864,2.41560225033607,3.97230818047764));
#5327=CARTESIAN_POINT('Ctrl Pts',(7.08445452603808,2.25865779870806,2.76424118475945));
#5328=CARTESIAN_POINT('Ctrl Pts',(7.1412783537975,3.19017583440726,1.97917330475958));
#5329=CARTESIAN_POINT('Ctrl Pts',(7.19810218155696,4.35419794938621,2.33849202522967));
#5330=CARTESIAN_POINT('Ctrl Pts',(7.25492600931635,4.68112111043959,3.51202458711589));
#5331=CARTESIAN_POINT('Ctrl Pts',(7.31174983707581,3.87054036804961,4.42142894553239));
#5332=CARTESIAN_POINT('Ctrl Pts',(7.36857366483523,2.66728660606413,4.23106662964987));
#5333=CARTESIAN_POINT('Ctrl Pts',(7.42539749259467,2.17701224892931,3.11585880965558));
#5334=CARTESIAN_POINT('Ctrl Pts',(7.48222132035411,2.85022329025653,2.10055377131711));
#5335=CARTESIAN_POINT('Ctrl Pts',(7.53904514811353,4.06831587147223,2.11810058378093));
#5336=CARTESIAN_POINT('Ctrl Pts',(7.59586897587294,4.71200239242904,3.15237573565247));
#5337=CARTESIAN_POINT('Ctrl Pts',(7.6526928036324,4.18980864796436,4.25299879568818));
#5338=CARTESIAN_POINT('Ctrl Pts',(7.70951663139181,2.98157089360368,4.40862320244298));
#5339=CARTESIAN_POINT('Ctrl Pts',(7.76634045915127,2.1975212720763,3.47624794643114));
#5340=CARTESIAN_POINT('Ctrl Pts',(7.82316428691067,2.55811160519696,2.31261912300834));
#5341=CARTESIAN_POINT('Ctrl Pts',(7.87998811467012,3.73200066749645,1.98697837547512));
#5342=CARTESIAN_POINT('Ctrl Pts',(7.93681194242954,4.64051883103143,2.79855226217143));
#5343=CARTESIAN_POINT('Ctrl Pts',(7.993635770189,4.4488419365919,4.00159731335546));
#5344=CARTESIAN_POINT('Ctrl Pts',(8.0504595979484,3.33309910152849,4.49065288590839));
#5345=CARTESIAN_POINT('Ctrl Pts',(8.10728342570785,2.31853022919355,3.81633290968835));
#5346=CARTESIAN_POINT('Ctrl Pts',(8.16410725346727,2.33740793647358,2.59826022745292));
#5347=CARTESIAN_POINT('Ctrl Pts',(8.2209310812267,3.37238577203674,1.95570415446521));
#5348=CARTESIAN_POINT('Ctrl Pts',(8.27775490898614,4.47243761879013,2.47910014365011));
#5349=CARTESIAN_POINT('Ctrl Pts',(8.33457873674558,4.62674179488634,3.68750721425158));
#5350=CARTESIAN_POINT('Ctrl Pts',(8.391402564505,3.69351043163722,4.47053764130315));
#5351=CARTESIAN_POINT('Ctrl Pts',(8.44822639226443,2.53027628891793,4.1086761260069));
#5352=CARTESIAN_POINT('Ctrl Pts',(8.50505022002388,2.20591834365677,2.93443196469021));
#5353=CARTESIAN_POINT('Ctrl Pts',(8.56187404778328,3.0184844057975,2.02680108063135));
#5354=CARTESIAN_POINT('Ctrl Pts',(8.61869787554273,4.22131930997743,2.21979232480286));
#5355=CARTESIAN_POINT('Ctrl Pts',(8.67552170330217,4.70915551411086,3.33606884295464));
#5356=CARTESIAN_POINT('Ctrl Pts',(8.73234553106159,4.0337274080054,4.34990033808741));
#5357=CARTESIAN_POINT('Ctrl Pts',(8.78916935882103,2.81567607889297,4.32969175852748));
#5358=CARTESIAN_POINT('Ctrl Pts',(8.84599318658045,2.17425122096178,3.2940124748357));
#5359=CARTESIAN_POINT('Ctrl Pts',(8.90281701433989,2.69884883003354,2.19453315461337));
#5360=CARTESIAN_POINT('Ctrl Pts',(8.95964084209931,3.90742377427192,2.04154939338502));
#5361=CARTESIAN_POINT('Ctrl Pts',(9.01646466985876,4.68943407206107,2.97563574977401));
#5362=CARTESIAN_POINT('Ctrl Pts',(9.07328849761818,4.32630180658176,4.13847382311365));
#5363=CARTESIAN_POINT('Ctrl Pts',(9.13011232537763,3.15170394806785,4.46154857888222));
#5364=CARTESIAN_POINT('Ctrl Pts',(9.18693615313704,2.24496142702051,3.64799131134347));
#5365=CARTESIAN_POINT('Ctrl Pts',(9.24375998089648,2.43926679052984,2.44536799011947));
#5366=CARTESIAN_POINT('Ctrl Pts',(9.30058380865591,3.55607565915213,1.95875173678741));
#5367=CARTESIAN_POINT('Ctrl Pts',(9.35740763641533,4.56916856676442,2.63528716644801));
#5368=CARTESIAN_POINT('Ctrl Pts',(9.41423146417477,4.54762913904973,3.85331568832017));
#5369=CARTESIAN_POINT('Ctrl Pts',(9.47105529193419,3.51124964362971,4.49360856545788));
#5370=CARTESIAN_POINT('Ctrl Pts',(9.52787911969363,2.41234416250365,3.96780996276716));
#5371=CARTESIAN_POINT('Ctrl Pts',(9.58470294745307,2.26068099877613,2.75906858769617));
#5372=CARTESIAN_POINT('Ctrl Pts',(9.64152677521249,3.19562123318688,1.97807935273816));
#5373=CARTESIAN_POINT('Ctrl Pts',(9.69835060297193,4.35806184894357,2.34248193489094));
#5374=CARTESIAN_POINT('Ctrl Pts',(9.75517443073137,4.67985302953086,3.51743208835988));
#5375=CARTESIAN_POINT('Ctrl Pts',(9.8119982584908,3.86530552782395,4.42328516392079));
#5376=CARTESIAN_POINT('Ctrl Pts',(9.86882208625023,2.66289522525486,4.22766591303676));
#5377=CARTESIAN_POINT('Ctrl Pts',(9.92564591400963,2.17749950364997,3.11032602719699));
#5378=CARTESIAN_POINT('Ctrl Pts',(9.98246974176908,2.85514144921295,2.09797291654242));
#5379=CARTESIAN_POINT('Ctrl Pts',(10.0392935695285,4.07314570975595,2.12084316669679));
#5380=CARTESIAN_POINT('Ctrl Pts',(10.0961173972879,4.71230584171246,3.15792163661106));
#5381=CARTESIAN_POINT('Ctrl Pts',(10.1529412250474,4.18530687310835,4.25625196675632));
#5382=CARTESIAN_POINT('Ctrl Pts',(10.2097650528068,2.97640051020021,4.40659435193476));
#5383=CARTESIAN_POINT('Ctrl Pts',(10.2665888805663,2.1964332704374,3.47080135562417));
#5384=CARTESIAN_POINT('Ctrl Pts',(10.3234127083257,2.56210573421053,2.30875958520875));
#5385=CARTESIAN_POINT('Ctrl Pts',(10.3802365360851,3.7374067800232,1.98825236390303));
#5386=CARTESIAN_POINT('Ctrl Pts',(10.4370603638445,4.64236932858671,2.80378912747284));
#5387=CARTESIAN_POINT('Ctrl Pts',(10.493884191604,4.44543642404559,4.00598497573941));
#5388=CARTESIAN_POINT('Ctrl Pts',(10.5507080193634,3.32756685452175,4.49015958653405));
#5389=CARTESIAN_POINT('Ctrl Pts',(10.6075318471228,2.31595475005119,3.81141193330918));
#5390=CARTESIAN_POINT('Ctrl Pts',(10.6643556748823,2.34015579406334,2.59343338954944));
#5391=CARTESIAN_POINT('Ctrl Pts',(10.7211795026417,3.37793200283336,1.95540676315894));
#5392=CARTESIAN_POINT('Ctrl Pts',(10.7780033304012,4.47568586617981,2.48360547357743));
#5393=CARTESIAN_POINT('Ctrl Pts',(10.8348271581605,4.62470730212202,3.69267537154847));
#5394=CARTESIAN_POINT('Ctrl Pts',(10.89165098592,3.68806264434967,4.47161970319014));
#5395=CARTESIAN_POINT('Ctrl Pts',(10.9484748136794,2.52642113831338,4.10467775972749));
#5396=CARTESIAN_POINT('Ctrl Pts',(11.0052986414388,2.20719819847906,2.92902729045972));
#5397=CARTESIAN_POINT('Ctrl Pts',(11.0621224691983,3.02372336522238,2.02495622412372));
#5398=CARTESIAN_POINT('Ctrl Pts',(11.1189462969577,4.22570310552988,2.22320278511449));
#5399=CARTESIAN_POINT('Ctrl Pts',(11.1757701247172,4.70865644287963,3.34160025149439));
#5400=CARTESIAN_POINT('Ctrl Pts',(11.2325939524766,4.028803102525,4.35247100209316));
#5401=CARTESIAN_POINT('Ctrl Pts',(11.289417780236,2.81085323116402,4.32693755801911));
#5402=CARTESIAN_POINT('Ctrl Pts',(11.3462416079954,2.17395801703213,3.28846795812983));
#5403=CARTESIAN_POINT('Ctrl Pts',(11.4030654357549,2.70336126693126,2.19128596121432));
#5404=CARTESIAN_POINT('Ctrl Pts',(11.4598892635143,3.91258293578209,2.04359689085168));
#5405=CARTESIAN_POINT('Ctrl Pts',(11.5167130912738,4.69052305249405,2.98107072405334));
#5406=CARTESIAN_POINT('Ctrl Pts',(11.5735369190332,4.32227475749025,4.14235120629408));
#5407=CARTESIAN_POINT('Ctrl Pts',(11.6303607467926,3.14634720789919,4.46021223548088));
#5408=CARTESIAN_POINT('Ctrl Pts',(11.687184574552,2.24303380974245,3.64284653603522));
#5409=CARTESIAN_POINT('Ctrl Pts',(11.7440084023115,2.44285039119691,2.44080484908905));
#5410=CARTESIAN_POINT('Ctrl Pts',(11.8008322300709,3.56128546219433,1.95960642501336));
#5411=CARTESIAN_POINT('Ctrl Pts',(11.8576560578303,4.57235255003295,2.63953685955858));
#5412=CARTESIAN_POINT('Ctrl Pts',(11.9144798855898,4.54362245449544,3.85953207061996));
#5413=CARTESIAN_POINT('Ctrl Pts',(11.9523624374294,3.85366472404671,4.28011661895254));
#5414=CARTESIAN_POINT('Ctrl Pts',(11.9713037133492,3.49604380427031,4.29772519832179));
#5415=CARTESIAN_POINT('Ctrl Pts',(1.85398456082555,3.52099652001664,4.38949892685635));
#5416=CARTESIAN_POINT('Ctrl Pts',(1.87292583674536,3.13283486227334,4.41542005694429));
#5417=CARTESIAN_POINT('Ctrl Pts',(1.91080838858498,2.33523041722404,4.04815560592646));
#5418=CARTESIAN_POINT('Ctrl Pts',(1.96763221634441,2.15099067598583,2.73498336709325));
#5419=CARTESIAN_POINT('Ctrl Pts',(2.02445604410385,3.15682408370305,1.87408910511068));
#5420=CARTESIAN_POINT('Ctrl Pts',(2.08127987186327,4.42445249634144,2.25294757235963));
#5421=CARTESIAN_POINT('Ctrl Pts',(2.13810369962271,4.79113288336285,3.52524588909279));
#5422=CARTESIAN_POINT('Ctrl Pts',(2.19492752738214,3.91885011068967,4.520941705778));
#5423=CARTESIAN_POINT('Ctrl Pts',(2.25175135514157,2.60969825940242,4.32560107479164));
#5424=CARTESIAN_POINT('Ctrl Pts',(2.308575182901,2.06634032545633,3.11845865343752));
#5425=CARTESIAN_POINT('Ctrl Pts',(2.36539901066044,2.78821656770396,2.00887736617588));
#5426=CARTESIAN_POINT('Ctrl Pts',(2.42222283841987,4.11192305106701,2.0163631650939));
#5427=CARTESIAN_POINT('Ctrl Pts',(2.4790466661793,4.8211683941669,3.13407542873856));
#5428=CARTESIAN_POINT('Ctrl Pts',(2.53587049393873,4.2642145670456,4.33494460375124));
#5429=CARTESIAN_POINT('Ctrl Pts',(2.59269432169816,2.95285033903572,4.51551993165382));
#5430=CARTESIAN_POINT('Ctrl Pts',(2.6495181494576,2.09206297335145,3.50986783913673));
#5431=CARTESIAN_POINT('Ctrl Pts',(2.70634197721703,2.47282080502371,2.24207034903873));
#5432=CARTESIAN_POINT('Ctrl Pts',(2.76316580497646,3.74524924404429,1.87708665295151));
#5433=CARTESIAN_POINT('Ctrl Pts',(2.81998963273589,4.74013317544897,2.750295777583));
#5434=CARTESIAN_POINT('Ctrl Pts',(2.87681346049532,4.54328770689228,4.05931810455583));
#5435=CARTESIAN_POINT('Ctrl Pts',(2.93363728825475,3.33559153704361,4.60131223194059));
#5436=CARTESIAN_POINT('Ctrl Pts',(2.99046111601418,2.22677902112633,3.87824750268237));
#5437=CARTESIAN_POINT('Ctrl Pts',(3.04728494377362,2.23572196291666,2.55453766739491));
#5438=CARTESIAN_POINT('Ctrl Pts',(3.10410877153304,3.3542027860629,1.84652045629297));
#5439=CARTESIAN_POINT('Ctrl Pts',(3.16093259929248,4.55446570908971,2.40478262938332));
#5440=CARTESIAN_POINT('Ctrl Pts',(3.21775642705191,4.73360653587277,3.71634516642797));
#5441=CARTESIAN_POINT('Ctrl Pts',(3.27458025481134,3.72701536511817,4.57603228568624));
#5442=CARTESIAN_POINT('Ctrl Pts',(3.33140408257077,2.4596342166521,4.19388996359203));
#5443=CARTESIAN_POINT('Ctrl Pts',(3.3882279103302,2.0960412414484,2.92106323689658));
#5444=CARTESIAN_POINT('Ctrl Pts',(3.44505173808964,2.97033674844158,1.92713411723193));
#5445=CARTESIAN_POINT('Ctrl Pts',(3.50187556584907,4.27914328140816,2.12540965256848));
#5446=CARTESIAN_POINT('Ctrl Pts',(3.5586993936085,4.81981750584689,3.33369732998241));
#5447=CARTESIAN_POINT('Ctrl Pts',(3.61552322136793,4.09554172142238,4.44171913327471));
#5448=CARTESIAN_POINT('Ctrl Pts',(3.67234704912736,2.7718424382062,4.43132990311429));
#5449=CARTESIAN_POINT('Ctrl Pts',(3.7291708768868,2.06504772264753,3.3120761523907));
#5450=CARTESIAN_POINT('Ctrl Pts',(3.78599470464623,2.62462098430493,2.11242391390365));
#5451=CARTESIAN_POINT('Ctrl Pts',(3.84281853240566,3.93637847163512,1.93471622441708));
#5452=CARTESIAN_POINT('Ctrl Pts',(3.89964236016508,4.79496526119753,2.94224610151896));
#5453=CARTESIAN_POINT('Ctrl Pts',(3.95646618792452,4.41143840889714,4.2092089589191));
#5454=CARTESIAN_POINT('Ctrl Pts',(4.01329001568395,3.13821517490102,4.57141100871894));
#5455=CARTESIAN_POINT('Ctrl Pts',(4.07011384344338,2.14524191633241,3.69603004237699));
#5456=CARTESIAN_POINT('Ctrl Pts',(4.12693767120282,2.34494735390825,2.38744092937429));
#5457=CARTESIAN_POINT('Ctrl Pts',(4.18376149896225,3.55382505847239,1.8480872199459));
#5458=CARTESIAN_POINT('Ctrl Pts',(4.24058532672168,4.66105484633821,2.57357321245645));
#5459=CARTESIAN_POINT('Ctrl Pts',(4.29740915448112,4.64921932971147,3.89726035412273));
#5460=CARTESIAN_POINT('Ctrl Pts',(4.35423298224053,3.52919399310456,4.60283173522104));
#5461=CARTESIAN_POINT('Ctrl Pts',(4.41105680999998,2.3301538684053,4.04194805046311));
#5462=CARTESIAN_POINT('Ctrl Pts',(4.46788063775941,2.15387952989126,2.72999718017571));
#5463=CARTESIAN_POINT('Ctrl Pts',(4.52470446551883,3.16234690974159,1.87251174458848));
#5464=CARTESIAN_POINT('Ctrl Pts',(4.58152829327826,4.42888996399023,2.25742266961009));
#5465=CARTESIAN_POINT('Ctrl Pts',(4.6383521210377,4.7897006557649,3.53104089072955));
#5466=CARTESIAN_POINT('Ctrl Pts',(4.69517594879713,3.91323527522631,4.52305710288729));
#5467=CARTESIAN_POINT('Ctrl Pts',(4.75199977655657,2.60486514432785,4.32192200142768));
#5468=CARTESIAN_POINT('Ctrl Pts',(4.80882360431599,2.06683259382592,3.11245571290749));
#5469=CARTESIAN_POINT('Ctrl Pts',(4.86564743207542,2.7935279283158,2.00601926227099));
#5470=CARTESIAN_POINT('Ctrl Pts',(4.92247125983486,4.1172013482152,2.01930105124261));
#5471=CARTESIAN_POINT('Ctrl Pts',(4.97929508759428,4.82154855253294,3.1400966366355));
#5472=CARTESIAN_POINT('Ctrl Pts',(5.03611891535373,4.25935511426341,4.33852321612759));
#5473=CARTESIAN_POINT('Ctrl Pts',(5.09294274311315,2.94721242723259,4.51336399323055));
#5474=CARTESIAN_POINT('Ctrl Pts',(5.14976657087258,2.09082936929267,3.50396031454699));
#5475=CARTESIAN_POINT('Ctrl Pts',(5.20659039863202,2.47712390752609,2.23783857545653));
#5476=CARTESIAN_POINT('Ctrl Pts',(5.26341422639145,3.75113559531572,1.87841967244523));
#5477=CARTESIAN_POINT('Ctrl Pts',(5.32023805415089,4.74219357678739,2.75596842085055));
#5478=CARTESIAN_POINT('Ctrl Pts',(5.37706188191031,4.53962905156039,4.06411800770443));
#5479=CARTESIAN_POINT('Ctrl Pts',(5.43388570966975,3.32957562295248,4.60082875697327));
#5480=CARTESIAN_POINT('Ctrl Pts',(5.49070953742917,2.22393383041605,3.87292494803745));
#5481=CARTESIAN_POINT('Ctrl Pts',(5.5475333651886,2.23866187587663,2.54926683011451));
#5482=CARTESIAN_POINT('Ctrl Pts',(5.60435719294805,3.36022637204279,1.8461446434314));
#5483=CARTESIAN_POINT('Ctrl Pts',(5.66118102070745,4.5580379756386,2.40964716406253));
#5484=CARTESIAN_POINT('Ctrl Pts',(5.7180048484669,4.73144498260447,3.7219801013927));
#5485=CARTESIAN_POINT('Ctrl Pts',(5.77482867622633,3.72110621012006,4.57725975932985));
#5486=CARTESIAN_POINT('Ctrl Pts',(5.83165250398577,2.45540729769176,4.18958206904544));
#5487=CARTESIAN_POINT('Ctrl Pts',(5.8884763317452,2.09738061252038,2.9151784355087));
#5488=CARTESIAN_POINT('Ctrl Pts',(5.94530015950462,2.97601168116929,1.9250798678543));
#5489=CARTESIAN_POINT('Ctrl Pts',(6.00212398726407,4.28393916230148,2.12907357502592));
#5490=CARTESIAN_POINT('Ctrl Pts',(6.05894781502349,4.81932746960859,3.33971269915222));
#5491=CARTESIAN_POINT('Ctrl Pts',(6.11577164278292,4.09021605520294,4.44455851366654));
#5492=CARTESIAN_POINT('Ctrl Pts',(6.17259547054237,2.76657481944771,4.42838422929942));
#5493=CARTESIAN_POINT('Ctrl Pts',(6.22941929830177,2.0646784897909,3.30605216129068));
#5494=CARTESIAN_POINT('Ctrl Pts',(6.28624312606123,2.62948942007081,2.10885696354607));
#5495=CARTESIAN_POINT('Ctrl Pts',(6.34306695382065,3.94201104102907,1.93688393373166));
#5496=CARTESIAN_POINT('Ctrl Pts',(6.39989078158009,4.79618627792533,2.9481565938682));
#5497=CARTESIAN_POINT('Ctrl Pts',(6.45671460933951,4.40712589840195,4.21343116863511));
#5498=CARTESIAN_POINT('Ctrl Pts',(6.51353843709894,3.1323318405091,4.5700652085521));
#5499=CARTESIAN_POINT('Ctrl Pts',(6.57036226485838,2.14319386865777,3.69035286857484));
#5500=CARTESIAN_POINT('Ctrl Pts',(6.62718609261781,2.34861651424505,2.38264905457628));
#5501=CARTESIAN_POINT('Ctrl Pts',(6.68400992037724,3.55983988862123,1.84858382838081));
#5502=CARTESIAN_POINT('Ctrl Pts',(6.74083374813667,4.66388840614166,2.57890197783853));
#5503=CARTESIAN_POINT('Ctrl Pts',(6.7976575758961,4.64626790217694,3.90252475125492));
#5504=CARTESIAN_POINT('Ctrl Pts',(6.85448140365554,3.52316960217265,4.60319438595722));
#5505=CARTESIAN_POINT('Ctrl Pts',(6.91130523141495,2.32659223949829,4.03707572030335));
#5506=CARTESIAN_POINT('Ctrl Pts',(6.96812905917441,2.1560533921378,2.72436698261345));
#5507=CARTESIAN_POINT('Ctrl Pts',(7.02495288693382,3.16825873266289,1.87129718647781));
#5508=CARTESIAN_POINT('Ctrl Pts',(7.08177671469326,4.43310745927575,2.26173979077744));
#5509=CARTESIAN_POINT('Ctrl Pts',(7.13860054245269,4.78834842818643,3.53692275116934));
#5510=CARTESIAN_POINT('Ctrl Pts',(7.19542437021214,3.90755586708687,4.52509894637852));
#5511=CARTESIAN_POINT('Ctrl Pts',(7.25224819797156,2.60007728136691,4.31824760761043));
#5512=CARTESIAN_POINT('Ctrl Pts',(7.30907202573098,2.06733577385344,3.10644142895036));
#5513=CARTESIAN_POINT('Ctrl Pts',(7.36589585349042,2.7988597865049,2.00319152644381));
#5514=CARTESIAN_POINT('Ctrl Pts',(7.42271968124984,4.12246251743331,2.02225822897064));
#5515=CARTESIAN_POINT('Ctrl Pts',(7.4795435090093,4.82190462071739,3.14612142020879));
#5516=CARTESIAN_POINT('Ctrl Pts',(7.53636733676871,4.25447889552551,4.34207951933138));
#5517=CARTESIAN_POINT('Ctrl Pts',(7.59319116452816,2.94158460822384,4.5111839806476));
#5518=CARTESIAN_POINT('Ctrl Pts',(7.65001499228756,2.08962127124883,3.498047168111));
#5519=CARTESIAN_POINT('Ctrl Pts',(7.70683882004703,2.48144563421192,2.23362579963647));
#5520=CARTESIAN_POINT('Ctrl Pts',(7.76366264780643,3.75701597478151,1.87977832582097));
#5521=CARTESIAN_POINT('Ctrl Pts',(7.82048647556588,4.74422921365768,2.76165005654719));
#5522=CARTESIAN_POINT('Ctrl Pts',(7.87731030332529,4.53594942864917,4.0689018531125));
#5523=CARTESIAN_POINT('Ctrl Pts',(7.93413413108474,3.32356189236697,4.60031900595385));
#5524=CARTESIAN_POINT('Ctrl Pts',(7.99095795884417,2.22111192194087,3.86759000340657));
#5525=CARTESIAN_POINT('Ctrl Pts',(8.0477817866036,2.2416248002679,2.54400889509125));
#5526=CARTESIAN_POINT('Ctrl Pts',(8.10460561436304,3.36625154106501,1.84579515822378));
#5527=CARTESIAN_POINT('Ctrl Pts',(8.16142944212246,4.56158894889362,2.41452726555727));
#5528=CARTESIAN_POINT('Ctrl Pts',(8.21825326988191,4.72925882228764,3.72760553512939));
#5529=CARTESIAN_POINT('Ctrl Pts',(8.27507709764132,3.71519174722854,4.57846139586463));
#5530=CARTESIAN_POINT('Ctrl Pts',(8.33190092540076,2.45119924636641,4.18525574200045));
#5531=CARTESIAN_POINT('Ctrl Pts',(8.38872475316019,2.09874569007144,2.90929954403697));
#5532=CARTESIAN_POINT('Ctrl Pts',(8.4455485809196,2.98169553764034,1.92305044003511));
#5533=CARTESIAN_POINT('Ctrl Pts',(8.50237240867907,4.2887189844457,2.13275842263832));
#5534=CARTESIAN_POINT('Ctrl Pts',(8.55919623643847,4.8188111482058,3.34572586918689));
#5535=CARTESIAN_POINT('Ctrl Pts',(8.61602006419792,4.08487803049914,4.44737459142088));
#5536=CARTESIAN_POINT('Ctrl Pts',(8.67284389195735,2.76132012489631,4.4254155617821));
#5537=CARTESIAN_POINT('Ctrl Pts',(8.72966771971677,2.0643355879773,3.30002661401239));
#5538=CARTESIAN_POINT('Ctrl Pts',(8.78649154747621,2.63437339849652,2.10531132447897));
#5539=CARTESIAN_POINT('Ctrl Pts',(8.84331537523564,3.94763408277805,1.93907623917253));
#5540=CARTESIAN_POINT('Ctrl Pts',(8.90013920299507,4.79738145151651,2.95407236615454));
#5541=CARTESIAN_POINT('Ctrl Pts',(8.9569630307545,4.40279497616261,4.21763449044216));
#5542=CARTESIAN_POINT('Ctrl Pts',(9.01378685851394,3.12645444404965,4.56869370845538));
#5543=CARTESIAN_POINT('Ctrl Pts',(9.07061068627335,2.14117065231243,3.68466679811477));
#5544=CARTESIAN_POINT('Ctrl Pts',(9.1274345140328,2.35230658215966,2.37787326140211));
#5545=CARTESIAN_POINT('Ctrl Pts',(9.18425834179223,3.56585249092651,1.84910671955055));
#5546=CARTESIAN_POINT('Ctrl Pts',(9.24108216955165,4.6666986498133,2.58424307624267));
#5547=CARTESIAN_POINT('Ctrl Pts',(9.29790599731112,4.64329349507761,3.90777619906137));
#5548=CARTESIAN_POINT('Ctrl Pts',(9.35472982507052,3.51714368383162,4.60353070396744));
#5549=CARTESIAN_POINT('Ctrl Pts',(9.41155365282997,2.32305193885195,4.03218787077722));
#5550=CARTESIAN_POINT('Ctrl Pts',(9.46837748058939,2.15825184008552,2.71874633956501));
#5551=CARTESIAN_POINT('Ctrl Pts',(9.52520130834882,3.17417580728174,1.87010847725704));
#5552=CARTESIAN_POINT('Ctrl Pts',(9.58202513610826,4.43730604654654,2.26607530304084));
#5553=CARTESIAN_POINT('Ctrl Pts',(9.63884896386767,4.7869705071813,3.54279864560003));
#5554=CARTESIAN_POINT('Ctrl Pts',(9.69567279162712,3.90186758942596,4.52711594883463));
#5555=CARTESIAN_POINT('Ctrl Pts',(9.75249661938655,2.59530552286405,4.31455232379898));
#5556=CARTESIAN_POINT('Ctrl Pts',(9.80932044714599,2.06786523416611,3.10042940155214));
#5557=CARTESIAN_POINT('Ctrl Pts',(9.86614427490542,2.80420395223275,2.00038712021017));
#5558=CARTESIAN_POINT('Ctrl Pts',(9.92296810266482,4.12771071222641,2.02523837210033));
#5559=CARTESIAN_POINT('Ctrl Pts',(9.97979193042429,4.82223435452127,3.15214770242039));
#5560=CARTESIAN_POINT('Ctrl Pts',(10.0366157581837,4.24958718073684,4.34561447732749));
#5561=CARTESIAN_POINT('Ctrl Pts',(10.0934395859432,2.93596637058067,4.50897939282336));
#5562=CARTESIAN_POINT('Ctrl Pts',(10.1502634137025,2.08843902782748,3.49212879821244));
#5563=CARTESIAN_POINT('Ctrl Pts',(10.207087241462,2.48578573130473,2.22943195193517));
#5564=CARTESIAN_POINT('Ctrl Pts',(10.2639110692214,3.76289036020474,1.88116266604964));
#5565=CARTESIAN_POINT('Ctrl Pts',(10.3207348969809,4.74623999974833,2.7673405346941));
#5566=CARTESIAN_POINT('Ctrl Pts',(10.3775587247403,4.53224893348218,4.07366957110339));
#5567=CARTESIAN_POINT('Ctrl Pts',(10.4343825524997,3.31755044680609,4.59978297740433));
#5568=CARTESIAN_POINT('Ctrl Pts',(10.4912063802591,2.21831335696259,3.86224277621388));
#5569=CARTESIAN_POINT('Ctrl Pts',(10.5480302080186,2.24461067497773,2.53876396056751));
#5570=CARTESIAN_POINT('Ctrl Pts',(10.604854035778,3.3722781816498,1.84547200713635));
#5571=CARTESIAN_POINT('Ctrl Pts',(10.6616778635374,4.5651185567932,2.41942284334991));
#5572=CARTESIAN_POINT('Ctrl Pts',(10.7185016912969,4.72704810335288,3.73322135385128));
#5573=CARTESIAN_POINT('Ctrl Pts',(10.7753255190563,3.70927207745268,4.57963718502108));
#5574=CARTESIAN_POINT('Ctrl Pts',(10.8321493468157,2.44701016541625,4.18091104064518));
#5575=CARTESIAN_POINT('Ctrl Pts',(10.8889731745752,2.10013640570937,2.90342672143362));
#5576=CARTESIAN_POINT('Ctrl Pts',(10.9457970023346,2.98738828964253,1.92104578372973));
#5577=CARTESIAN_POINT('Ctrl Pts',(11.002620830094,4.29348250381843,2.13646429392352));
#5578=CARTESIAN_POINT('Ctrl Pts',(11.0594446578535,4.81826884184734,3.35173640406872));
#5579=CARTESIAN_POINT('Ctrl Pts',(11.1162684856129,4.07952719724675,4.45016792338998));
#5580=CARTESIAN_POINT('Ctrl Pts',(11.1730923133723,2.75607950448729,4.42242279623652));
#5581=CARTESIAN_POINT('Ctrl Pts',(11.2299161411318,2.06401702820421,3.29400183313735));
#5582=CARTESIAN_POINT('Ctrl Pts',(11.2867399688912,2.63927662046676,2.10178286729235));
#5583=CARTESIAN_POINT('Ctrl Pts',(11.3435637966506,3.95324027555493,1.94130107894841));
#5584=CARTESIAN_POINT('Ctrl Pts',(11.40038762441,4.79856447510726,2.9599781326872));
#5585=CARTESIAN_POINT('Ctrl Pts',(11.4572114521695,4.39841964633559,4.22184769243661));
#5586=CARTESIAN_POINT('Ctrl Pts',(11.5140352799289,3.12063268298758,4.56724168216551));
#5587=CARTESIAN_POINT('Ctrl Pts',(11.5708591076883,2.13907801502641,3.67907625350343));
#5588=CARTESIAN_POINT('Ctrl Pts',(11.6276829354478,2.35619688210658,2.37291511851816));
#5589=CARTESIAN_POINT('Ctrl Pts',(11.6845067632072,3.5715206521323,1.85003495562722));
#5590=CARTESIAN_POINT('Ctrl Pts',(11.7413305909666,4.67014462996815,2.58886181607469));
#5591=CARTESIAN_POINT('Ctrl Pts',(11.7981544187261,4.63896870573923,3.91452907177737));
#5592=CARTESIAN_POINT('Ctrl Pts',(11.8360369705657,3.88917623413978,4.37154906836024));
#5593=CARTESIAN_POINT('Ctrl Pts',(11.8549782464855,3.5006207630469,4.39068080667234));
#5594=CARTESIAN_POINT('Ctrl Pts',(1.70862845111056,3.51877045871372,4.35616428277845));
#5595=CARTESIAN_POINT('Ctrl Pts',(1.72756972703037,3.14165838291011,4.38134753047857));
#5596=CARTESIAN_POINT('Ctrl Pts',(1.76545227886999,2.36697410151689,4.02458744526595));
#5597=CARTESIAN_POINT('Ctrl Pts',(1.82227610662942,2.18794802413845,2.74899388621394));
#5598=CARTESIAN_POINT('Ctrl Pts',(1.87909993438885,3.165028398429,1.91273240095178));
#5599=CARTESIAN_POINT('Ctrl Pts',(1.93592376214828,4.39636942167165,2.28075069057236));
#5600=CARTESIAN_POINT('Ctrl Pts',(1.99274758990772,4.75256511379481,3.51664234576518));
#5601=CARTESIAN_POINT('Ctrl Pts',(2.04957141766714,3.90523830086891,4.48384692867411));
#5602=CARTESIAN_POINT('Ctrl Pts',(2.10639524542658,2.63354942386193,4.29409578805408));
#5603=CARTESIAN_POINT('Ctrl Pts',(2.16321907318601,2.10573833301367,3.12149530484704));
#5604=CARTESIAN_POINT('Ctrl Pts',(2.22004290094544,2.80695897262377,2.04366420241765));
#5605=CARTESIAN_POINT('Ctrl Pts',(2.27686672870487,4.09278782837808,2.05093581305162));
#5606=CARTESIAN_POINT('Ctrl Pts',(2.3336905564643,4.7817385703127,3.13666519144265));
#5607=CARTESIAN_POINT('Ctrl Pts',(2.39051438422374,4.24072166247882,4.30317199218858));
#5608=CARTESIAN_POINT('Ctrl Pts',(2.44733821198316,2.96688162851377,4.47858022907905));
#5609=CARTESIAN_POINT('Ctrl Pts',(2.5041620397426,2.13072531612082,3.50170445938996));
#5610=CARTESIAN_POINT('Ctrl Pts',(2.56098586750203,2.50058793126352,2.27018447330673));
#5611=CARTESIAN_POINT('Ctrl Pts',(2.61780969526146,3.73660634640826,1.91564463613012));
#5612=CARTESIAN_POINT('Ctrl Pts',(2.67463352302089,4.70302208607705,2.76386724004367));
#5613=CARTESIAN_POINT('Ctrl Pts',(2.73145735078033,4.51180926796065,4.03543243071358));
#5614=CARTESIAN_POINT('Ctrl Pts',(2.78828117853976,3.33867082907582,4.56191761864564));
#5615=CARTESIAN_POINT('Ctrl Pts',(2.84510500629919,2.26158652751034,3.85954308974188));
#5616=CARTESIAN_POINT('Ctrl Pts',(2.90192883405862,2.27027357095757,2.57371066785084));
#5617=CARTESIAN_POINT('Ctrl Pts',(2.95875266181805,3.35674952446932,1.88595307853266));
#5618=CARTESIAN_POINT('Ctrl Pts',(3.01557648957748,4.52266741686605,2.42824080876427));
#5619=CARTESIAN_POINT('Ctrl Pts',(3.07240031733692,4.6966822024092,3.70227352235315));
#5620=CARTESIAN_POINT('Ctrl Pts',(3.12922414509635,3.71889422471012,4.53736104768853));
#5621=CARTESIAN_POINT('Ctrl Pts',(3.18604797285577,2.48777866739814,4.16615357123031));
#5622=CARTESIAN_POINT('Ctrl Pts',(3.24287180061522,2.13458975589077,2.92974825868432));
#5623=CARTESIAN_POINT('Ctrl Pts',(3.29969562837464,2.98386765594238,1.96426001266236));
#5624=CARTESIAN_POINT('Ctrl Pts',(3.35651945613408,4.25522322737797,2.15686197496897));
#5625=CARTESIAN_POINT('Ctrl Pts',(3.4133432838935,4.78042628088951,3.33057499662807));
#5626=CARTESIAN_POINT('Ctrl Pts',(3.47016711165294,4.07687535064225,4.40689121098332));
#5627=CARTESIAN_POINT('Ctrl Pts',(3.52699093941236,2.7910531788917,4.39679926437805));
#5628=CARTESIAN_POINT('Ctrl Pts',(3.58381476717181,2.10448310390227,3.30957250015525));
#5629=CARTESIAN_POINT('Ctrl Pts',(3.64063859493123,2.64804440644334,2.14424781788401));
#5630=CARTESIAN_POINT('Ctrl Pts',(3.69746242269066,3.92226649189359,1.97162516096362));
#5631=CARTESIAN_POINT('Ctrl Pts',(3.75428625045011,4.7562851730165,2.95032498433351));
#5632=CARTESIAN_POINT('Ctrl Pts',(3.81111007820952,4.38373278411496,4.18103421979604));
#5633=CARTESIAN_POINT('Ctrl Pts',(3.86793390596896,3.14694231016215,4.53287200666442));
#5634=CARTESIAN_POINT('Ctrl Pts',(3.92475773372839,2.18238257366333,3.68253970723468));
#5635=CARTESIAN_POINT('Ctrl Pts',(3.98158156148782,2.37637352214385,2.41139533438152));
#5636=CARTESIAN_POINT('Ctrl Pts',(4.03840538924725,3.55065968756849,1.88747500988471));
#5637=CARTESIAN_POINT('Ctrl Pts',(4.09522921700668,4.6262065496935,2.59220151861096));
#5638=CARTESIAN_POINT('Ctrl Pts',(4.15205304476611,4.61470970151528,3.87801189623687));
#5639=CARTESIAN_POINT('Ctrl Pts',(4.20887687252556,3.52673343002239,4.56339364197932));
#5640=CARTESIAN_POINT('Ctrl Pts',(4.26570070028497,2.36200334615423,4.01855941355662));
#5641=CARTESIAN_POINT('Ctrl Pts',(4.32252452804441,2.19077302545686,2.74414947872308));
#5642=CARTESIAN_POINT('Ctrl Pts',(4.37934835580384,3.170383525319,1.91120063678359));
#5643=CARTESIAN_POINT('Ctrl Pts',(4.43617218356328,4.40068497012481,2.28509749373375));
#5644=CARTESIAN_POINT('Ctrl Pts',(4.49299601132271,4.75117121210663,3.52227165241553));
#5645=CARTESIAN_POINT('Ctrl Pts',(4.54981983908214,3.89978552854721,4.48590172799359));
#5646=CARTESIAN_POINT('Ctrl Pts',(4.60664366684156,2.62885387171528,4.29052202487428));
#5647=CARTESIAN_POINT('Ctrl Pts',(4.66346749460101,2.10621690172474,3.11566411758182));
#5648=CARTESIAN_POINT('Ctrl Pts',(4.72029132236043,2.81211814760615,2.04088789166707));
#5649=CARTESIAN_POINT('Ctrl Pts',(4.77711515011986,4.09791519610792,2.05378962770087));
#5650=CARTESIAN_POINT('Ctrl Pts',(4.8339389778793,4.78210779438569,3.14251410762699));
#5651=CARTESIAN_POINT('Ctrl Pts',(4.89076280563872,4.23600129051033,4.30664820263216));
#5652=CARTESIAN_POINT('Ctrl Pts',(4.94758663339816,2.96140502769072,4.4764859826896));
#5653=CARTESIAN_POINT('Ctrl Pts',(5.00441046115759,2.12952701931481,3.49596597580089));
#5654=CARTESIAN_POINT('Ctrl Pts',(5.06123428891703,2.50476789795286,2.26607379039298));
#5655=CARTESIAN_POINT('Ctrl Pts',(5.11805811667644,3.7423242644176,1.91693951171056));
#5656=CARTESIAN_POINT('Ctrl Pts',(5.17488194443589,4.70502352868721,2.76937756301007));
#5657=CARTESIAN_POINT('Ctrl Pts',(5.2317057721953,4.50825530417466,4.04009498657466));
#5658=CARTESIAN_POINT('Ctrl Pts',(5.28852959995476,3.33282705756704,4.56144797813167));
#5659=CARTESIAN_POINT('Ctrl Pts',(5.34535342771416,2.25882275093709,3.85437283780438));
#5660=CARTESIAN_POINT('Ctrl Pts',(5.40217725547363,2.27312935942429,2.5685906534193));
#5661=CARTESIAN_POINT('Ctrl Pts',(5.45900108323302,3.3626007480576,1.88558801939954));
#5662=CARTESIAN_POINT('Ctrl Pts',(5.5158249109925,4.52613746444928,2.43296614678226));
#5663=CARTESIAN_POINT('Ctrl Pts',(5.57264873875189,4.69458250111335,3.70774721596697));
#5664=CARTESIAN_POINT('Ctrl Pts',(5.62947256651136,3.71315415774897,4.53855339767818));
#5665=CARTESIAN_POINT('Ctrl Pts',(5.68629639427075,2.48367269999189,4.16196894531711));
#5666=CARTESIAN_POINT('Ctrl Pts',(5.74312022203022,2.13589080140756,2.9240318484719));
#5667=CARTESIAN_POINT('Ctrl Pts',(5.79994404978962,2.98938020280129,1.96226454478711));
#5668=CARTESIAN_POINT('Ctrl Pts',(5.85676787754907,4.25988187610824,2.16042105578977));
#5669=CARTESIAN_POINT('Ctrl Pts',(5.91359170530848,4.77995026683721,3.33641823847901));
#5670=CARTESIAN_POINT('Ctrl Pts',(5.97041553306794,4.07170207617479,4.40964934367114));
#5671=CARTESIAN_POINT('Ctrl Pts',(6.02723936082734,2.7859362908811,4.39393787980984));
#5672=CARTESIAN_POINT('Ctrl Pts',(6.08406318858681,2.1041244364922,3.30372088308707));
#5673=CARTESIAN_POINT('Ctrl Pts',(6.1408870163462,2.65277353391882,2.14078293434627));
#5674=CARTESIAN_POINT('Ctrl Pts',(6.19771084410567,3.92773788762712,1.97373084216626));
#5675=CARTESIAN_POINT('Ctrl Pts',(6.25453467186508,4.757471250852,2.95606635037109));
#5676=CARTESIAN_POINT('Ctrl Pts',(6.31135849962452,4.37954367433681,4.1851356127147));
#5677=CARTESIAN_POINT('Ctrl Pts',(6.36818232738396,3.14122732496812,4.53156471601677));
#5678=CARTESIAN_POINT('Ctrl Pts',(6.42500615514337,2.18039313003194,3.67702498342978));
#5679=CARTESIAN_POINT('Ctrl Pts',(6.48182998290281,2.37993769096422,2.40674057711328));
#5680=CARTESIAN_POINT('Ctrl Pts',(6.53865381066224,3.55650240582235,1.88795740807317));
#5681=CARTESIAN_POINT('Ctrl Pts',(6.59547763842168,4.62895902834668,2.59737780355968));
#5682=CARTESIAN_POINT('Ctrl Pts',(6.6523014661811,4.61184272786775,3.88312565480673));
#5683=CARTESIAN_POINT('Ctrl Pts',(6.70912529394055,3.52088142456333,4.56374591561361));
#5684=CARTESIAN_POINT('Ctrl Pts',(6.76594912169997,2.35854363179596,4.01382650312374));
#5685=CARTESIAN_POINT('Ctrl Pts',(6.8227729494594,2.19288468352783,2.73868038695227));
#5686=CARTESIAN_POINT('Ctrl Pts',(6.87959677721882,3.17612618385485,1.91002083275453));
#5687=CARTESIAN_POINT('Ctrl Pts',(6.93642060497827,4.40478178351448,2.28929108225156));
#5688=CARTESIAN_POINT('Ctrl Pts',(6.99324443273769,4.74985767796508,3.52798520583397));
#5689=CARTESIAN_POINT('Ctrl Pts',(7.05006826049713,3.89426863433967,4.48788514497173));
#5690=CARTESIAN_POINT('Ctrl Pts',(7.10689208825655,2.62420301148703,4.28695277232736));
#5691=CARTESIAN_POINT('Ctrl Pts',(7.16371591601599,2.10670568346239,3.10982192989062));
#5692=CARTESIAN_POINT('Ctrl Pts',(7.22053974377542,2.81729743686246,2.03814107033946));
#5693=CARTESIAN_POINT('Ctrl Pts',(7.27736357153486,4.10302581912915,2.05666218700247));
#5694=CARTESIAN_POINT('Ctrl Pts',(7.33418739929428,4.78245367382525,3.14836649449216));
#5695=CARTESIAN_POINT('Ctrl Pts',(7.39101122705371,4.2312646027694,4.31010274368003));
#5696=CARTESIAN_POINT('Ctrl Pts',(7.44783505481315,2.95593824641208,4.47436835027157));
#5697=CARTESIAN_POINT('Ctrl Pts',(7.50465888257258,2.12835349050044,3.49022203162218));
#5698=CARTESIAN_POINT('Ctrl Pts',(7.56148271033201,2.50896596020411,2.2619815614232));
#5699=CARTESIAN_POINT('Ctrl Pts',(7.61830653809144,3.74803637923952,1.91825928777784));
#5700=CARTESIAN_POINT('Ctrl Pts',(7.67513036585088,4.7070009166443,2.77489662103417));
#5701=CARTESIAN_POINT('Ctrl Pts',(7.73195419361031,4.50468097216218,4.04474194421067));
#5702=CARTESIAN_POINT('Ctrl Pts',(7.78877802136974,3.32698540741293,4.56095281342837));
#5703=CARTESIAN_POINT('Ctrl Pts',(7.84560184912917,2.25608159021423,3.84919055042352));
#5704=CARTESIAN_POINT('Ctrl Pts',(7.9024256768886,2.2760075009507,2.56348317204779));
#5705=CARTESIAN_POINT('Ctrl Pts',(7.95924950464802,3.36845350934226,1.88524853456761));
#5706=CARTESIAN_POINT('Ctrl Pts',(8.01607333240746,4.52958682806266,2.43770660617655));
#5707=CARTESIAN_POINT('Ctrl Pts',(8.07289716016689,4.69245889687633,3.71321168022715));
#5708=CARTESIAN_POINT('Ctrl Pts',(8.12972098792633,3.70740893478455,4.53972064987692));
#5709=CARTESIAN_POINT('Ctrl Pts',(8.18654481568575,2.47958506032735,4.15776641434409));
#5710=CARTESIAN_POINT('Ctrl Pts',(8.24336864344519,2.13721681782501,2.9183211790657));
#5711=CARTESIAN_POINT('Ctrl Pts',(8.30019247120462,2.99490141805326,1.96029318821167));
#5712=CARTESIAN_POINT('Ctrl Pts',(8.35701629896405,4.26452492560443,2.16400046300078));
#5713=CARTESIAN_POINT('Ctrl Pts',(8.41384012672349,4.77944871975939,3.34225934412222));
#5714=CARTESIAN_POINT('Ctrl Pts',(8.47066395448291,4.06651679685604,4.41238484051684));
#5715=CARTESIAN_POINT('Ctrl Pts',(8.52748778224235,2.78083195725668,4.39105415949459));
#5716=CARTESIAN_POINT('Ctrl Pts',(8.58431161000177,2.10379134667318,3.29786775436999));
#5717=CARTESIAN_POINT('Ctrl Pts',(8.64113543776122,2.65751775930729,2.13733875228522));
#5718=CARTESIAN_POINT('Ctrl Pts',(8.69795926552064,3.93320002834533,1.97586041568712));
#5719=CARTESIAN_POINT('Ctrl Pts',(8.75478309328007,4.75863222504162,2.96181284526252));
#5720=CARTESIAN_POINT('Ctrl Pts',(8.81160692103952,4.37533667965903,4.18921865819416));
#5721=CARTESIAN_POINT('Ctrl Pts',(8.86843074879894,3.13551810779504,4.53023246083217));
#5722=CARTESIAN_POINT('Ctrl Pts',(8.92525457655838,2.17842780719156,3.67150161754117));
#5723=CARTESIAN_POINT('Ctrl Pts',(8.98207840431779,2.38352216910062,2.4021014412998));
#5724=CARTESIAN_POINT('Ctrl Pts',(9.03890223207723,3.56234295998148,1.88846533692679));
#5725=CARTESIAN_POINT('Ctrl Pts',(9.09572605983668,4.63168885804957,2.60256606862608));
#5726=CARTESIAN_POINT('Ctrl Pts',(9.15254988759609,4.60895343220623,3.88822683459051));
#5727=CARTESIAN_POINT('Ctrl Pts',(9.20937371535552,3.51502793540134,4.56407261002204));
#5728=CARTESIAN_POINT('Ctrl Pts',(9.26619754311496,2.35510463539893,4.0090785174048));
#5729=CARTESIAN_POINT('Ctrl Pts',(9.32302137087439,2.19502022379022,2.73322057629678));
#5730=CARTESIAN_POINT('Ctrl Pts',(9.37984519863381,3.18187394381308,1.90886613796001));
#5731=CARTESIAN_POINT('Ctrl Pts',(9.43666902639326,4.40886022993451,2.29350253561174));
#5732=CARTESIAN_POINT('Ctrl Pts',(9.49349285415269,4.74851918560374,3.53369296395824));
#5733=CARTESIAN_POINT('Ctrl Pts',(9.55031668191212,3.88874312440835,4.48984443173075));
#5734=CARTESIAN_POINT('Ctrl Pts',(9.60714050967154,2.6195677948944,4.28336322754485));
#5735=CARTESIAN_POINT('Ctrl Pts',(9.66396433743098,2.10721999348562,3.1039819341878));
#5736=CARTESIAN_POINT('Ctrl Pts',(9.72078816519039,2.82248868148236,2.03541691103869));
#5737=CARTESIAN_POINT('Ctrl Pts',(9.77761199294987,4.10812383898322,2.05955705456018));
#5738=CARTESIAN_POINT('Ctrl Pts',(9.83443582070925,4.78277397243169,3.15422033711271));
#5739=CARTESIAN_POINT('Ctrl Pts',(9.89125964846872,4.22651286239088,4.31353655030457));
#5740=CARTESIAN_POINT('Ctrl Pts',(9.94808347622812,2.95048077233203,4.47222684582271));
#5741=CARTESIAN_POINT('Ctrl Pts',(10.0049073039876,2.12720507648943,3.48447301344811));
#5742=CARTESIAN_POINT('Ctrl Pts',(10.061731131747,2.51318186720017,2.25790771895189));
#5743=CARTESIAN_POINT('Ctrl Pts',(10.1185549595064,3.75374267153693,1.91960401567922));
#5744=CARTESIAN_POINT('Ctrl Pts',(10.1753787872659,4.70895416491471,2.7804242684856));
#5745=CARTESIAN_POINT('Ctrl Pts',(10.2322026150253,4.50108636514856,4.04937323590867));
#5746=CARTESIAN_POINT('Ctrl Pts',(10.2890264427847,3.32114597689148,4.56043212311618));
#5747=CARTESIAN_POINT('Ctrl Pts',(10.3458502705442,2.2533631050369,3.84399633194044));
#5748=CARTESIAN_POINT('Ctrl Pts',(10.4026740983036,2.27890793605659,2.55838831917353));
#5749=CARTESIAN_POINT('Ctrl Pts',(10.459497926063,3.37430770012914,1.88493463031261));
#5750=CARTESIAN_POINT('Ctrl Pts',(10.5163217538225,4.53301543759053,2.44246209902703));
#5751=CARTESIAN_POINT('Ctrl Pts',(10.5731455815819,4.69031143692908,3.71866680459042));
#5752=CARTESIAN_POINT('Ctrl Pts',(10.6299694093413,3.70165865359986,4.54086279433192));
#5753=CARTESIAN_POINT('Ctrl Pts',(10.6867932371008,2.47551584883364,4.1535460347914));
#5754=CARTESIAN_POINT('Ctrl Pts',(10.7436170648602,2.13856773751742,2.91261640495096));
#5755=CARTESIAN_POINT('Ctrl Pts',(10.8004408926196,3.00043127655427,1.95834589416884));
#5756=CARTESIAN_POINT('Ctrl Pts',(10.857264720379,4.26915213452956,2.16760029259456));
#5757=CARTESIAN_POINT('Ctrl Pts',(10.9140885481385,4.77892193944407,3.34809788945787));
#5758=CARTESIAN_POINT('Ctrl Pts',(10.9709123758979,4.06131905996748,4.41509824350052));
#5759=CARTESIAN_POINT('Ctrl Pts',(11.0277362036573,2.77574132458111,4.3881470286872));
#5760=CARTESIAN_POINT('Ctrl Pts',(11.0845600314168,2.10348184620698,3.29201537396465));
#5761=CARTESIAN_POINT('Ctrl Pts',(11.1413838591762,2.66228078435346,2.1339112531534));
#5762=CARTESIAN_POINT('Ctrl Pts',(11.1982076869356,3.9386455992346,1.9780216064636));
#5763=CARTESIAN_POINT('Ctrl Pts',(11.2550315146951,4.75978178283444,2.9675495943257));
#5764=CARTESIAN_POINT('Ctrl Pts',(11.3118553424545,4.37108581430221,4.19331135131058));
#5765=CARTESIAN_POINT('Ctrl Pts',(11.3686791702139,3.12986432929407,4.52882188828974));
#5766=CARTESIAN_POINT('Ctrl Pts',(11.4255029979733,2.17639239634616,3.66607122547703));
#5767=CARTESIAN_POINT('Ctrl Pts',(11.4823268257328,2.38730620078237,2.39728482833977));
#5768=CARTESIAN_POINT('Ctrl Pts',(11.5391506534922,3.56783927487417,1.88936767171788));
#5769=CARTESIAN_POINT('Ctrl Pts',(11.5959744812517,4.63505502138246,2.60705136246291));
#5770=CARTESIAN_POINT('Ctrl Pts',(11.6527983090111,4.60471297039462,3.89478915573386));
#5771=CARTESIAN_POINT('Ctrl Pts',(11.6906808608507,3.87647244151933,4.33872521683058));
#5772=CARTESIAN_POINT('Ctrl Pts',(11.7096221367705,3.49897776283163,4.35731234259296));
#5773=CARTESIAN_POINT('Ctrl Pts',(1.66571966648679,3.51282537725606,4.26713835427165));
#5774=CARTESIAN_POINT('Ctrl Pts',(1.6846609424066,3.1654495497289,4.29033583870916));
#5775=CARTESIAN_POINT('Ctrl Pts',(1.72254349424622,2.45160021433214,3.96164930953993));
#5776=CARTESIAN_POINT('Ctrl Pts',(1.77936732200565,2.28672692355433,2.78640949726703));
#5777=CARTESIAN_POINT('Ctrl Pts',(1.83619114976508,3.18690253906565,2.01594226114475));
#5778=CARTESIAN_POINT('Ctrl Pts',(1.89301497752451,4.32138528008243,2.35500598497436));
#5779=CARTESIAN_POINT('Ctrl Pts',(1.94983880528395,4.64954837047992,3.49366460008926));
#5780=CARTESIAN_POINT('Ctrl Pts',(2.00666263304338,3.86888951038189,4.38477437764928));
#5781=CARTESIAN_POINT('Ctrl Pts',(2.06348646080281,2.69724795420224,4.20995197928601));
#5782=CARTESIAN_POINT('Ctrl Pts',(2.12031028856224,2.2109635768668,3.12960548528901));
#5783=CARTESIAN_POINT('Ctrl Pts',(2.17713411632167,2.85701516948786,2.13657250965097));
#5784=CARTESIAN_POINT('Ctrl Pts',(2.2339579440811,4.04168212126763,2.14327201089483));
#5785=CARTESIAN_POINT('Ctrl Pts',(2.29078177184053,4.67642964467945,3.14358190942168));
#5786=CARTESIAN_POINT('Ctrl Pts',(2.34760559959997,4.1779772075941,4.21831407285195));
#5787=CARTESIAN_POINT('Ctrl Pts',(2.4044294273594,3.00435616901009,4.37992211281945));
#5788=CARTESIAN_POINT('Ctrl Pts',(2.46125325511883,2.2339842742911,3.47990180013572));
#5789=CARTESIAN_POINT('Ctrl Pts',(2.51807708287826,2.57474802558454,2.34527134348886));
#5790=CARTESIAN_POINT('Ctrl Pts',(2.57490091063769,3.71352300685234,2.01862483949694));
#5791=CARTESIAN_POINT('Ctrl Pts',(2.63172473839712,4.60390622443301,2.80011374111195));
#5792=CARTESIAN_POINT('Ctrl Pts',(2.68854856615656,4.4277370293627,3.9716388564227));
#5793=CARTESIAN_POINT('Ctrl Pts',(2.74537239391599,3.34689496439527,4.4567029531342));
#5794=CARTESIAN_POINT('Ctrl Pts',(2.80219622167542,2.3545500030724,3.80958756565009));
#5795=CARTESIAN_POINT('Ctrl Pts',(2.85902004943485,2.36255359522804,2.62491768990142));
#5796=CARTESIAN_POINT('Ctrl Pts',(2.91584387719429,3.36355132336279,1.99126925793503));
#5797=CARTESIAN_POINT('Ctrl Pts',(2.97266770495371,4.43774091534323,2.49089263581027));
#5798=CARTESIAN_POINT('Ctrl Pts',(3.02949153271315,4.59806513093955,3.66469114238653));
#5799=CARTESIAN_POINT('Ctrl Pts',(3.08631536047258,3.69720437927925,4.43407836427435));
#5800=CARTESIAN_POINT('Ctrl Pts',(3.14313918823201,2.56294653238948,4.09207554374179));
#5801=CARTESIAN_POINT('Ctrl Pts',(3.19996301599144,2.23754467068385,2.95294411178391));
#5802=CARTESIAN_POINT('Ctrl Pts',(3.25678684375087,3.0200058430872,2.0634154134922));
#5803=CARTESIAN_POINT('Ctrl Pts',(3.3136106715103,4.19133783100387,2.24086446429626));
#5804=CARTESIAN_POINT('Ctrl Pts',(3.37043449926974,4.67522066484952,3.32223590576741));
#5805=CARTESIAN_POINT('Ctrl Pts',(3.42725832702917,4.02702142913257,4.31387320953607));
#5806=CARTESIAN_POINT('Ctrl Pts',(3.4840821547886,2.84236099708271,4.30457524432104));
#5807=CARTESIAN_POINT('Ctrl Pts',(3.54090598254803,2.20980665205806,3.30288577548329));
#5808=CARTESIAN_POINT('Ctrl Pts',(3.59772981030746,2.71060340425394,2.22924272288398));
#5809=CARTESIAN_POINT('Ctrl Pts',(3.65455363806689,3.88457638390956,2.07020111058193));
#5810=CARTESIAN_POINT('Ctrl Pts',(3.71137746582633,4.6529788526365,2.97190196865802));
#5811=CARTESIAN_POINT('Ctrl Pts',(3.76820129358576,4.30973693031332,4.10578546098122));
#5812=CARTESIAN_POINT('Ctrl Pts',(3.82502512134519,3.17025063942626,4.42994249743644));
#5813=CARTESIAN_POINT('Ctrl Pts',(3.88184894910462,2.28157740040193,3.64650988026731));
#5814=CARTESIAN_POINT('Ctrl Pts',(3.93867277686405,2.4603061592379,2.47537247493532));
#5815=CARTESIAN_POINT('Ctrl Pts',(3.99549660462348,3.54220565253137,1.99267145171898));
#5816=CARTESIAN_POINT('Ctrl Pts',(4.05232043238291,4.53313413266521,2.64195377756985));
#5817=CARTESIAN_POINT('Ctrl Pts',(4.10914426014235,4.52254179615924,3.82660334339516));
#5818=CARTESIAN_POINT('Ctrl Pts',(4.16596808790177,3.52016178734951,4.45806285068076));
#5819=CARTESIAN_POINT('Ctrl Pts',(4.22279191566121,2.44706655327177,3.95609331973061));
#5820=CARTESIAN_POINT('Ctrl Pts',(4.27961574342064,2.28930773548651,2.7819472696952));
#5821=CARTESIAN_POINT('Ctrl Pts',(4.33643957118007,3.19184762280824,2.01453047081991));
#5822=CARTESIAN_POINT('Ctrl Pts',(4.39326339893951,4.32535540730326,2.35901108550221));
#5823=CARTESIAN_POINT('Ctrl Pts',(4.45008722669893,4.64826723132985,3.49885087481759));
#5824=CARTESIAN_POINT('Ctrl Pts',(4.50691105445837,3.86386410476558,4.38666759376297));
#5825=CARTESIAN_POINT('Ctrl Pts',(4.56373488221779,2.69292268007473,4.20665934021416));
#5826=CARTESIAN_POINT('Ctrl Pts',(4.62055870997724,2.21140404376793,3.1242330867022));
#5827=CARTESIAN_POINT('Ctrl Pts',(4.67738253773665,2.86176868462033,2.13401461316634));
#5828=CARTESIAN_POINT('Ctrl Pts',(4.7342063654961,4.046405969987,2.14590130832514));
#5829=CARTESIAN_POINT('Ctrl Pts',(4.79103019325552,4.6767698856891,3.14897066045559));
#5830=CARTESIAN_POINT('Ctrl Pts',(4.84785402101496,4.17362817524122,4.221516794946));
#5831=CARTESIAN_POINT('Ctrl Pts',(4.90467784877439,2.99931045652774,4.37799262987996));
#5832=CARTESIAN_POINT('Ctrl Pts',(4.96150167653382,2.23288024365162,3.47461479077088));
#5833=CARTESIAN_POINT('Ctrl Pts',(5.01832550429325,2.57859913944964,2.34148406729238));
#5834=CARTESIAN_POINT('Ctrl Pts',(5.07514933205268,3.71879106644569,2.01981784118871));
#5835=CARTESIAN_POINT('Ctrl Pts',(5.13197315981211,4.60575020543089,2.80519054072273));
#5836=CARTESIAN_POINT('Ctrl Pts',(5.18879698757155,4.42446267206428,3.97593458689532));
#5837=CARTESIAN_POINT('Ctrl Pts',(5.24562081533098,3.34151095054097,4.45627026145263));
#5838=CARTESIAN_POINT('Ctrl Pts',(5.3024446430904,2.3520036657321,3.80482408200805));
#5839=CARTESIAN_POINT('Ctrl Pts',(5.35926847084985,2.36518470535328,2.62020049132736));
#5840=CARTESIAN_POINT('Ctrl Pts',(5.41609229860927,3.36894220333408,1.99093291974112));
#5841=CARTESIAN_POINT('Ctrl Pts',(5.47291612636871,4.44093795782488,2.49524620903304));
#5842=CARTESIAN_POINT('Ctrl Pts',(5.52973995412813,4.59613062310572,3.66973419451682));
#5843=CARTESIAN_POINT('Ctrl Pts',(5.58656378188758,3.69191591066737,4.4351769064246));
#5844=CARTESIAN_POINT('Ctrl Pts',(5.64338760964699,2.55916360094388,4.0882201422322));
#5845=CARTESIAN_POINT('Ctrl Pts',(5.70021143740644,2.23874335677029,2.94767743872371));
#5846=CARTESIAN_POINT('Ctrl Pts',(5.75703526516585,3.02508469169125,2.06157693855601));
#5847=CARTESIAN_POINT('Ctrl Pts',(5.81385909292529,4.19562996170406,2.24414353531826));
#5848=CARTESIAN_POINT('Ctrl Pts',(5.87068292068473,4.67478210108414,3.32761943201842));
#5849=CARTESIAN_POINT('Ctrl Pts',(5.92750674844415,4.0222551607479,4.31641434682035));
#5850=CARTESIAN_POINT('Ctrl Pts',(5.9843305762036,2.83764667896418,4.3019389784724));
#5851=CARTESIAN_POINT('Ctrl Pts',(6.04115440396302,2.20947620271736,3.29749453293319));
#5852=CARTESIAN_POINT('Ctrl Pts',(6.09797823172246,2.71496046880096,2.2260504381972));
#5853=CARTESIAN_POINT('Ctrl Pts',(6.15480205948188,3.88961731894398,2.07214112783942));
#5854=CARTESIAN_POINT('Ctrl Pts',(6.21162588724132,4.65407161609315,2.97719163414993));
#5855=CARTESIAN_POINT('Ctrl Pts',(6.26844971500075,4.30587739770555,4.10956417783163));
#5856=CARTESIAN_POINT('Ctrl Pts',(6.32527354276017,3.16498527927158,4.42873805755548));
#5857=CARTESIAN_POINT('Ctrl Pts',(6.38209737051962,2.27974447575366,3.64142902598677));
#5858=CARTESIAN_POINT('Ctrl Pts',(6.43892119827904,2.46358991796239,2.47108392953795));
#5859=CARTESIAN_POINT('Ctrl Pts',(6.49574502603847,3.54758869637914,1.99311589734989));
#5860=CARTESIAN_POINT('Ctrl Pts',(6.55256885379791,4.53567006074463,2.64672281958708));
#5861=CARTESIAN_POINT('Ctrl Pts',(6.60939268155733,4.51990038095068,3.83131477828083));
#5862=CARTESIAN_POINT('Ctrl Pts',(6.66621650931678,3.51477018696512,4.45838740927444));
#5863=CARTESIAN_POINT('Ctrl Pts',(6.72304033707619,2.44387903108052,3.95173276984942));
#5864=CARTESIAN_POINT('Ctrl Pts',(6.77986416483564,2.29125325938373,2.77690845735981));
#5865=CARTESIAN_POINT('Ctrl Pts',(6.83668799259505,3.19713847911143,2.01344348757954));
#5866=CARTESIAN_POINT('Ctrl Pts',(6.89351182035451,4.32912990491799,2.36287474448592));
#5867=CARTESIAN_POINT('Ctrl Pts',(6.95033564811391,4.64705703916033,3.50411491584126));
#5868=CARTESIAN_POINT('Ctrl Pts',(7.00715947587337,3.85878125083829,4.38849496590344));
#5869=CARTESIAN_POINT('Ctrl Pts',(7.06398330363278,2.6886377251187,4.20337089772404));
#5870=CARTESIAN_POINT('Ctrl Pts',(7.12080713139223,2.21185437072388,3.11885053167519));
#5871=CARTESIAN_POINT('Ctrl Pts',(7.17763095915165,2.866540494582,2.13148389732383));
#5872=CARTESIAN_POINT('Ctrl Pts',(7.23445478691108,4.05111451601256,2.14854786973781));
#5873=CARTESIAN_POINT('Ctrl Pts',(7.29127861467052,4.67708855314975,3.15436261223908));
#5874=CARTESIAN_POINT('Ctrl Pts',(7.34810244242995,4.16926414523075,4.22469955083574));
#5875=CARTESIAN_POINT('Ctrl Pts',(7.40492627018938,2.99427377290712,4.37604160166597));
#5876=CARTESIAN_POINT('Ctrl Pts',(7.46175009794881,2.23179904192497,3.46932274997246));
#5877=CARTESIAN_POINT('Ctrl Pts',(7.51857392570825,2.58246692019694,2.33771379341945));
#5878=CARTESIAN_POINT('Ctrl Pts',(7.57539775346767,3.72405378205405,2.021033784202));
#5879=CARTESIAN_POINT('Ctrl Pts',(7.63222158122711,4.60757202288206,2.81027538822886));
#5880=CARTESIAN_POINT('Ctrl Pts',(7.68904540898653,4.42116954973428,3.98021594629457));
#5881=CARTESIAN_POINT('Ctrl Pts',(7.74586923674597,3.33612889076047,4.45581405370925));
#5882=CARTESIAN_POINT('Ctrl Pts',(7.8026930645054,2.34947816514765,3.80004950979854));
#5883=CARTESIAN_POINT('Ctrl Pts',(7.85951689226483,2.36783640981061,2.615494839783));
#5884=CARTESIAN_POINT('Ctrl Pts',(7.91634072002426,3.3743345000797,1.99062014379395));
#5885=CARTESIAN_POINT('Ctrl Pts',(7.97316454778369,4.44411594361351,2.49961371396298));
#5886=CARTESIAN_POINT('Ctrl Pts',(8.02998837554313,4.59417409290411,3.67476874340982));
#5887=CARTESIAN_POINT('Ctrl Pts',(8.08681220330256,3.68662269169138,4.43625232534678));
#5888=CARTESIAN_POINT('Ctrl Pts',(8.14363603106199,2.55539755531374,4.08434824433872));
#5889=CARTESIAN_POINT('Ctrl Pts',(8.20045985882142,2.23996504917575,2.94241605481334));
#5890=CARTESIAN_POINT('Ctrl Pts',(8.25728368658086,3.03017152670587,2.05976067796905));
#5891=CARTESIAN_POINT('Ctrl Pts',(8.31410751434028,4.19990772043543,2.2474413335568));
#5892=CARTESIAN_POINT('Ctrl Pts',(8.37093134209971,4.67432001309796,3.33300099012727));
#5893=CARTESIAN_POINT('Ctrl Pts',(8.42775516985915,4.01747783199046,4.31893462913177));
#5894=CARTESIAN_POINT('Ctrl Pts',(8.48457899761858,2.83294392751869,4.29928213413603));
#5895=CARTESIAN_POINT('Ctrl Pts',(8.54140282537801,2.20916931865705,3.29210189766281));
#5896=CARTESIAN_POINT('Ctrl Pts',(8.59822665313744,2.71933144343642,2.22287722630355));
#5897=CARTESIAN_POINT('Ctrl Pts',(8.65505048089688,3.8946497270991,2.07410315769296));
#5898=CARTESIAN_POINT('Ctrl Pts',(8.71187430865631,4.65514125092702,2.98248602498438));
#5899=CARTESIAN_POINT('Ctrl Pts',(8.76869813641574,4.30200138728816,4.11332599072307));
#5900=CARTESIAN_POINT('Ctrl Pts',(8.82552196417517,3.15972523334025,4.42751061721632));
#5901=CARTESIAN_POINT('Ctrl Pts',(8.8823457919346,2.27793377419916,3.63634020953631));
#5902=CARTESIAN_POINT('Ctrl Pts',(8.93916961969403,2.46689238817254,2.46680977658128));
#5903=CARTESIAN_POINT('Ctrl Pts',(8.99599344745347,3.5529697463918,1.99358386502723));
#5904=CARTESIAN_POINT('Ctrl Pts',(9.05281727521289,4.53818512177429,2.65150289918921));
#5905=CARTESIAN_POINT('Ctrl Pts',(9.10964110297234,4.51723839990705,3.8360146240133));
#5906=CARTESIAN_POINT('Ctrl Pts',(9.16646493073175,3.50937721960773,4.45868840108152));
#5907=CARTESIAN_POINT('Ctrl Pts',(9.2232887584912,2.44071059687008,3.94735833072655));
#5908=CARTESIAN_POINT('Ctrl Pts',(9.28011258625062,2.29322078654688,2.7718781959503));
#5909=CARTESIAN_POINT('Ctrl Pts',(9.33693641401005,3.20243403548388,2.01237963811091));
#5910=CARTESIAN_POINT('Ctrl Pts',(9.39376024176949,4.33288748057984,2.36675486279998));
#5911=CARTESIAN_POINT('Ctrl Pts',(9.45058406952891,4.64582385235277,3.50937361751407));
#5912=CARTESIAN_POINT('Ctrl Pts',(9.50740789728835,3.85369045902715,4.39030010626378));
#5913=CARTESIAN_POINT('Ctrl Pts',(9.56423172504778,2.68436718303916,4.20006375948492));
#5914=CARTESIAN_POINT('Ctrl Pts',(9.62105555280721,2.21232821753389,3.11346999618244));
#5915=CARTESIAN_POINT('Ctrl Pts',(9.67787938056664,2.87132331932202,2.12897406057879));
#5916=CARTESIAN_POINT('Ctrl Pts',(9.73470320832608,4.05581145042198,2.1512149843101));
#5917=CARTESIAN_POINT('Ctrl Pts',(9.7915270360855,4.67738365234299,3.15975590524676));
#5918=CARTESIAN_POINT('Ctrl Pts',(9.84835086384494,4.16488624684512,4.22786320357776));
#5919=CARTESIAN_POINT('Ctrl Pts',(9.90517469160437,2.98924566424373,4.37406857954722));
#5920=CARTESIAN_POINT('Ctrl Pts',(9.9619985193638,2.23074097910045,3.46402603437402));
#5921=CARTESIAN_POINT('Ctrl Pts',(10.0188223471232,2.5863511417588,2.33396045949174));
#5922=CARTESIAN_POINT('Ctrl Pts',(10.0756461748827,3.72931113322241,2.02227271597013));
#5923=CARTESIAN_POINT('Ctrl Pts',(10.1324700026421,4.60937159983261,2.8153681493911));
#5924=CARTESIAN_POINT('Ctrl Pts',(10.1892938304015,4.41785774752956,3.98448287226988));
#5925=CARTESIAN_POINT('Ctrl Pts',(10.246117658161,3.33074887599169,4.45533432857737));
#5926=CARTESIAN_POINT('Ctrl Pts',(10.3029414859204,2.34697355610039,3.79526394516435));
#5927=CARTESIAN_POINT('Ctrl Pts',(10.3597653136798,2.37050865393495,2.61080082319002));
#5928=CARTESIAN_POINT('Ctrl Pts',(10.4165891414393,3.37972811380602,1.99033093588198));
#5929=CARTESIAN_POINT('Ctrl Pts',(10.4734129691987,4.4472748082452,2.50399506958845));
#5930=CARTESIAN_POINT('Ctrl Pts',(10.5302367969581,4.5921955836327,3.67979468723375));
#5931=CARTESIAN_POINT('Ctrl Pts',(10.5870606247175,3.68132481283272,4.43730461184453));
#5932=CARTESIAN_POINT('Ctrl Pts',(10.643884452477,2.55164848729378,4.08045990214794));
#5933=CARTESIAN_POINT('Ctrl Pts',(10.7007082802364,2.24120968698307,2.93716010228911));
#5934=CARTESIAN_POINT('Ctrl Pts',(10.7575321079958,3.03526632232911,2.05796658698107));
#5935=CARTESIAN_POINT('Ctrl Pts',(10.8143559357553,4.20417088985861,2.25075794710972));
#5936=CARTESIAN_POINT('Ctrl Pts',(10.8711797635147,4.67383466756761,3.33838019001134));
#5937=CARTESIAN_POINT('Ctrl Pts',(10.9280035912741,4.01268904387019,4.32143455457211));
#5938=CARTESIAN_POINT('Ctrl Pts',(10.9848274190336,2.82825376466907,4.29660372347634));
#5939=CARTESIAN_POINT('Ctrl Pts',(11.041651246793,2.20888423353345,3.28670994735496));
#5940=CARTESIAN_POINT('Ctrl Pts',(11.0984750745524,2.72371961419133,2.21971939332409));
#5941=CARTESIAN_POINT('Ctrl Pts',(11.1552989023119,3.89966710572812,2.0760943011417));
#5942=CARTESIAN_POINT('Ctrl Pts',(11.2121227300713,4.65619991754984,2.98777146750588));
#5943=CARTESIAN_POINT('Ctrl Pts',(11.2689465578308,4.29808581330276,4.11709663373193));
#5944=CARTESIAN_POINT('Ctrl Pts',(11.3257703855901,3.15451463760492,4.42621113233981));
#5945=CARTESIAN_POINT('Ctrl Pts',(11.3825942133496,2.2760615927589,3.63133684069779));
#5946=CARTESIAN_POINT('Ctrl Pts',(11.439418041109,2.47037282262449,2.4623725120621));
#5947=CARTESIAN_POINT('Ctrl Pts',(11.4962418688685,3.55804489674875,1.99441443952527));
#5948=CARTESIAN_POINT('Ctrl Pts',(11.5530656966279,4.54126454593091,2.65563680920222));
#5949=CARTESIAN_POINT('Ctrl Pts',(11.6098895243873,4.51337752384556,3.84205753237018));
#5950=CARTESIAN_POINT('Ctrl Pts',(11.6477720762269,3.84231810798249,4.25107460840152));
#5951=CARTESIAN_POINT('Ctrl Pts',(11.6667133521467,3.49458984678376,4.26819609192681));
#5952=CARTESIAN_POINT('Ctrl Pts',(1.66571966648679,3.50983499351343,4.22235819588776));
#5953=CARTESIAN_POINT('Ctrl Pts',(1.6846609424066,3.17734320592608,4.24456173584926));
#5954=CARTESIAN_POINT('Ctrl Pts',(1.72254349424622,2.49421612465522,3.92998981937583));
#5955=CARTESIAN_POINT('Ctrl Pts',(1.77936732200565,2.33638760590072,2.80523021444599));
#5956=CARTESIAN_POINT('Ctrl Pts',(1.83619114976508,3.19791721081469,2.06785492845846));
#5957=CARTESIAN_POINT('Ctrl Pts',(1.89301497752451,4.2836627947142,2.39235576259923));
#5958=CARTESIAN_POINT('Ctrl Pts',(1.94983880528395,4.59773562287832,3.48210692468503));
#5959=CARTESIAN_POINT('Ctrl Pts',(2.00666263304338,3.85060475811599,4.33494222448864));
#5960=CARTESIAN_POINT('Ctrl Pts',(2.06348646080281,2.72928843925467,4.16762866547662));
#5961=CARTESIAN_POINT('Ctrl Pts',(2.12031028856224,2.26389005099938,3.13368482661567));
#5962=CARTESIAN_POINT('Ctrl Pts',(2.17713411632167,2.88219305981694,2.18330419843804));
#5963=CARTESIAN_POINT('Ctrl Pts',(2.2339579440811,4.01597646274434,2.1897159546482));
#5964=CARTESIAN_POINT('Ctrl Pts',(2.29078177184053,4.62346066100012,3.14706092750928));
#5965=CARTESIAN_POINT('Ctrl Pts',(2.34760559959997,4.14641750448539,4.17563161665702));
#5966=CARTESIAN_POINT('Ctrl Pts',(2.4044294273594,3.02320540766606,4.33029832974239));
#5967=CARTESIAN_POINT('Ctrl Pts',(2.46125325511883,2.28592221122967,3.46893533934054));
#5968=CARTESIAN_POINT('Ctrl Pts',(2.51807708287826,2.61204961861666,2.38303908731894));
#5969=CARTESIAN_POINT('Ctrl Pts',(2.57490091063769,3.7019123767329,2.0704225768101));
#5970=CARTESIAN_POINT('Ctrl Pts',(2.63172473839712,4.5540522036774,2.81834527170825));
#5971=CARTESIAN_POINT('Ctrl Pts',(2.68854856615656,4.38544975804175,3.93955149707849));
#5972=CARTESIAN_POINT('Ctrl Pts',(2.74537239391599,3.35103160064997,4.40378130979752));
#5973=CARTESIAN_POINT('Ctrl Pts',(2.80219622167542,2.40130945289029,3.78446057015248));
#5974=CARTESIAN_POINT('Ctrl Pts',(2.85902004943485,2.40896927804293,2.65067417301644));
#5975=CARTESIAN_POINT('Ctrl Pts',(2.91584387719429,3.36697254194306,2.04424196145532));
#5976=CARTESIAN_POINT('Ctrl Pts',(2.97266770495371,4.39502396142311,2.5224057107965));
#5977=CARTESIAN_POINT('Ctrl Pts',(3.02949153271315,4.54846199379455,3.64578768156349));
#5978=CARTESIAN_POINT('Ctrl Pts',(3.08631536047258,3.68629466192206,4.38212848346713));
#5979=CARTESIAN_POINT('Ctrl Pts',(3.14313918823201,2.6007550158374,4.05481523474133));
#5980=CARTESIAN_POINT('Ctrl Pts',(3.19996301599144,2.28932968803063,2.96461133192082));
#5981=CARTESIAN_POINT('Ctrl Pts',(3.25678684375087,3.03818289322333,2.11328932346614));
#5982=CARTESIAN_POINT('Ctrl Pts',(3.3136106715103,4.15920428627836,2.28311665182438));
#5983=CARTESIAN_POINT('Ctrl Pts',(3.37043449926974,4.62230357330182,3.31804144874978));
#5984=CARTESIAN_POINT('Ctrl Pts',(3.42725832702917,4.00194553843583,4.26708633366943));
#5985=CARTESIAN_POINT('Ctrl Pts',(3.4840821547886,2.86816817938432,4.25818773103121));
#5986=CARTESIAN_POINT('Ctrl Pts',(3.54090598254803,2.2627830619651,3.29952243771732));
#5987=CARTESIAN_POINT('Ctrl Pts',(3.59772981030746,2.74206978731274,2.27199408291814));
#5988=CARTESIAN_POINT('Ctrl Pts',(3.65455363806689,3.86561873725825,2.11978356394007));
#5989=CARTESIAN_POINT('Ctrl Pts',(3.71137746582633,4.60101708273545,2.98275491831788));
#5990=CARTESIAN_POINT('Ctrl Pts',(3.76820129358576,4.27251795363573,4.06793628896065));
#5991=CARTESIAN_POINT('Ctrl Pts',(3.82502512134519,3.18197443364856,4.37817025876935));
#5992=CARTESIAN_POINT('Ctrl Pts',(3.88184894910462,2.33147114110825,3.62838733392584));
#5993=CARTESIAN_POINT('Ctrl Pts',(3.93867277686405,2.50252321197801,2.50755216582116));
#5994=CARTESIAN_POINT('Ctrl Pts',(3.99549660462348,3.5379533800497,2.04558392875712));
#5995=CARTESIAN_POINT('Ctrl Pts',(4.05232043238291,4.48631988645096,2.66697853329215));
#5996=CARTESIAN_POINT('Ctrl Pts',(4.10914426014235,4.47618250785281,3.80074549284079));
#5997=CARTESIAN_POINT('Ctrl Pts',(4.16596808790177,3.51685633437062,4.40508279756476));
#5998=CARTESIAN_POINT('Ctrl Pts',(4.22279191566121,2.48985226840543,3.92467366619862));
#5999=CARTESIAN_POINT('Ctrl Pts',(4.27961574342064,2.33886944585422,2.80095907952481));
#6000=CARTESIAN_POINT('Ctrl Pts',(4.33643957118007,3.20264379182062,2.06650406779207));
#6001=CARTESIAN_POINT('Ctrl Pts',(4.39326339893951,4.28746559189137,2.39618868541967));
#6002=CARTESIAN_POINT('Ctrl Pts',(4.45008722669893,4.59650783315018,3.48707052050848));
#6003=CARTESIAN_POINT('Ctrl Pts',(4.50691105445837,3.8457960838527,4.33675408188631));
#6004=CARTESIAN_POINT('Ctrl Pts',(4.56373488221779,2.72514847870506,4.16447747266179));
#6005=CARTESIAN_POINT('Ctrl Pts',(4.62055870997724,2.26431184312901,3.12854316957112));
#6006=CARTESIAN_POINT('Ctrl Pts',(4.67738253773665,2.8867422754936,2.18085617384128));
#6007=CARTESIAN_POINT('Ctrl Pts',(4.7342063654961,4.02049748204909,2.19223231630403));
#6008=CARTESIAN_POINT('Ctrl Pts',(4.79103019325552,4.6237862526121,3.15221822470142));
#6009=CARTESIAN_POINT('Ctrl Pts',(4.84785402101496,4.142255288745,4.17869677579065));
#6010=CARTESIAN_POINT('Ctrl Pts',(4.90467784877439,3.01837640683924,4.32845172166979));
#6011=CARTESIAN_POINT('Ctrl Pts',(4.96150167653382,2.2848656056485,3.4638754152945));
#6012=CARTESIAN_POINT('Ctrl Pts',(5.01832550429325,2.61573531822412,2.3794144808625));
#6013=CARTESIAN_POINT('Ctrl Pts',(5.07514933205268,3.70695416611321,2.07156433709025));
#6014=CARTESIAN_POINT('Ctrl Pts',(5.13197315981211,4.55581698197099,2.82320401463732));
#6015=CARTESIAN_POINT('Ctrl Pts',(5.18879698757155,4.3823160400566,3.94366271899184));
#6016=CARTESIAN_POINT('Ctrl Pts',(5.24562081533098,3.34587883865176,4.40336720293026));
#6017=CARTESIAN_POINT('Ctrl Pts',(5.3024446430904,2.39887248494797,3.77990168579742));
#6018=CARTESIAN_POINT('Ctrl Pts',(5.35926847084985,2.4114873776944,2.64615958571911));
#6019=CARTESIAN_POINT('Ctrl Pts',(5.41609229860927,3.37213187496987,2.04392006952694));
#6020=CARTESIAN_POINT('Ctrl Pts',(5.47291612636871,4.39808368576665,2.52657229104035));
#6021=CARTESIAN_POINT('Ctrl Pts',(5.52973995412813,4.54661057619533,3.65061412648447));
#6022=CARTESIAN_POINT('Ctrl Pts',(5.58656378188758,3.68123334154772,4.38317984146345));
#6023=CARTESIAN_POINT('Ctrl Pts',(5.64338760964699,2.59713456739067,4.05112542893412));
#6024=CARTESIAN_POINT('Ctrl Pts',(5.70021143740644,2.29047688861842,2.95957087094857));
#6025=CARTESIAN_POINT('Ctrl Pts',(5.75703526516585,3.04304359710294,2.11152981398859));
#6026=CARTESIAN_POINT('Ctrl Pts',(5.81385909292529,4.16331206305381,2.28625488146632));
#6027=CARTESIAN_POINT('Ctrl Pts',(5.87068292068473,4.62188384655648,3.32319374388019));
#6028=CARTESIAN_POINT('Ctrl Pts',(5.92750674844415,3.99738398895244,4.26951832501583));
#6029=CARTESIAN_POINT('Ctrl Pts',(5.9843305762036,2.86365634881964,4.25566469704546));
#6030=CARTESIAN_POINT('Ctrl Pts',(6.04115440396302,2.26246680595561,3.29436275771529));
#6031=CARTESIAN_POINT('Ctrl Pts',(6.09797823172246,2.74623970892208,2.2689389119986));
#6032=CARTESIAN_POINT('Ctrl Pts',(6.15480205948188,3.87044315601645,2.12164025433271));
#6033=CARTESIAN_POINT('Ctrl Pts',(6.21162588724132,4.60206291024216,2.98781738415993));
#6034=CARTESIAN_POINT('Ctrl Pts',(6.26844971500075,4.26882419416776,4.07155270383816));
#6035=CARTESIAN_POINT('Ctrl Pts',(6.32527354276017,3.17693522919037,4.37701755152056));
#6036=CARTESIAN_POINT('Ctrl Pts',(6.38209737051962,2.32971694352486,3.62352471051743));
#6037=CARTESIAN_POINT('Ctrl Pts',(6.43892119827904,2.50566592797804,2.50344782035367));
#6038=CARTESIAN_POINT('Ctrl Pts',(6.49574502603847,3.54310521349688,2.04600928473257));
#6039=CARTESIAN_POINT('Ctrl Pts',(6.55256885379791,4.48874689233622,2.67154273727602));
#6040=CARTESIAN_POINT('Ctrl Pts',(6.60939268155733,4.47365454568046,3.80525456401218));
#6041=CARTESIAN_POINT('Ctrl Pts',(6.66621650931678,3.51169631190383,4.40539341584427));
#6042=CARTESIAN_POINT('Ctrl Pts',(6.72304033707619,2.48680165542459,3.92050040895583));
#6043=CARTESIAN_POINT('Ctrl Pts',(6.77986416483564,2.34073140636752,2.7961366922923));
#6044=CARTESIAN_POINT('Ctrl Pts',(6.83668799259505,3.20770739732669,2.06546377223205));
#6045=CARTESIAN_POINT('Ctrl Pts',(6.89351182035451,4.29107796875617,2.39988639402908));
#6046=CARTESIAN_POINT('Ctrl Pts',(6.95033564811391,4.5953496206829,3.49210846249445));
#6047=CARTESIAN_POINT('Ctrl Pts',(7.00715947587337,3.84093154668556,4.33850296545107));
#6048=CARTESIAN_POINT('Ctrl Pts',(7.06398330363278,2.72104756946369,4.16133027407139));
#6049=CARTESIAN_POINT('Ctrl Pts',(7.12080713139223,2.26474282781712,3.12339180394907));
#6050=CARTESIAN_POINT('Ctrl Pts',(7.17763095915165,2.89130912853425,2.17843415631894));
#6051=CARTESIAN_POINT('Ctrl Pts',(7.23445478691108,4.02500378844154,2.19476520364276));
#6052=CARTESIAN_POINT('Ctrl Pts',(7.29127861467052,4.62409123279222,3.15737858347414));
#6053=CARTESIAN_POINT('Ctrl Pts',(7.34810244242995,4.13807870085008,4.18174282719032));
#6054=CARTESIAN_POINT('Ctrl Pts',(7.40492627018938,3.01355605688978,4.32658449325898));
#6055=CARTESIAN_POINT('Ctrl Pts',(7.46175009794881,2.28383084327687,3.45881067616917));
#6056=CARTESIAN_POINT('Ctrl Pts',(7.51857392570825,2.61943697156073,2.37580614632299));
#6057=CARTESIAN_POINT('Ctrl Pts',(7.57539775346767,3.71199083961261,2.07272805339331));
#6058=CARTESIAN_POINT('Ctrl Pts',(7.63222158122711,4.55756054942928,2.82807045975586));
#6059=CARTESIAN_POINT('Ctrl Pts',(7.68904540898653,4.37916436263299,3.9477601871114));
#6060=CARTESIAN_POINT('Ctrl Pts',(7.74586923674597,3.34072794700457,4.40293059004401));
#6061=CARTESIAN_POINT('Ctrl Pts',(7.8026930645054,2.39645545867997,3.77533218915194));
#6062=CARTESIAN_POINT('Ctrl Pts',(7.85951689226483,2.41402518717574,2.64165604948523));
#6063=CARTESIAN_POINT('Ctrl Pts',(7.91634072002426,3.37729256388803,2.04362072781031));
#6064=CARTESIAN_POINT('Ctrl Pts',(7.97316454778369,4.40112517194874,2.53075220460135));
#6065=CARTESIAN_POINT('Ctrl Pts',(8.02998837554313,4.54473808211612,3.65543243339631));
#6066=CARTESIAN_POINT('Ctrl Pts',(8.08681220330256,3.67616747484946,4.38420906941138));
#6067=CARTESIAN_POINT('Ctrl Pts',(8.14363603106199,2.59353027948411,4.04741983528937));
#6068=CARTESIAN_POINT('Ctrl Pts',(8.20045985882142,2.291646107368,2.9545354719486));
#6069=CARTESIAN_POINT('Ctrl Pts',(8.25728368658086,3.04791194436329,2.10979156471823));
#6070=CARTESIAN_POINT('Ctrl Pts',(8.31410751434028,4.16740608515997,2.28941103396067));
#6071=CARTESIAN_POINT('Ctrl Pts',(8.37093134209971,4.62144160599333,3.32834415540333));
#6072=CARTESIAN_POINT('Ctrl Pts',(8.42775516985915,3.99281185415719,4.27193035714403));
#6073=CARTESIAN_POINT('Ctrl Pts',(8.48457899761858,2.85915558812072,4.25312196845116));
#6074=CARTESIAN_POINT('Ctrl Pts',(8.54140282537801,2.26217310305981,3.28920174481255));
#6075=CARTESIAN_POINT('Ctrl Pts',(8.59822665313744,2.75042294315918,2.26590199466503));
#6076=CARTESIAN_POINT('Ctrl Pts',(8.65505048089688,3.87525941413854,2.12351801184493));
#6077=CARTESIAN_POINT('Ctrl Pts',(8.71187430865631,4.60308660253768,2.99288437238345));
#6078=CARTESIAN_POINT('Ctrl Pts',(8.76869813641574,4.26511466463863,4.07515294080895));
#6079=CARTESIAN_POINT('Ctrl Pts',(8.82552196417517,3.17190111070109,4.3758428317203));
#6080=CARTESIAN_POINT('Ctrl Pts',(8.8823457919346,2.32798401451756,3.6186544669271));
#6081=CARTESIAN_POINT('Ctrl Pts',(8.93916961969403,2.5088265517753,2.49935724914838));
#6082=CARTESIAN_POINT('Ctrl Pts',(8.99599344745347,3.54825513874738,2.04645715244468));
#6083=CARTESIAN_POINT('Ctrl Pts',(9.05281727521289,4.49115392744512,2.67611750476276));
#6084=CARTESIAN_POINT('Ctrl Pts',(9.10964110297234,4.47110690100874,3.80975254380313));
#6085=CARTESIAN_POINT('Ctrl Pts',(9.16646493073175,3.50653498117776,4.4056814795686));
#6086=CARTESIAN_POINT('Ctrl Pts',(9.2232887584912,2.48376931056503,3.91631385903664));
#6087=CARTESIAN_POINT('Ctrl Pts',(9.28011258625062,2.34261442507107,2.79132248870964));
#6088=CARTESIAN_POINT('Ctrl Pts',(9.33693641401005,3.21277550102647,2.06444561681102));
#6089=CARTESIAN_POINT('Ctrl Pts',(9.39376024176949,4.2946741504932,2.40359985501411));
#6090=CARTESIAN_POINT('Ctrl Pts',(9.45058406952891,4.59416940123429,3.49714129446329));
#6091=CARTESIAN_POINT('Ctrl Pts',(9.50740789728835,3.83605941257949,4.34023057212645));
#6092=CARTESIAN_POINT('Ctrl Pts',(9.56423172504778,2.71696045404253,4.15816518274451));
#6093=CARTESIAN_POINT('Ctrl Pts',(9.62105555280721,2.2651963221437,3.11824237111903));
#6094=CARTESIAN_POINT('Ctrl Pts',(9.67787938056664,2.89588652325076,2.17603212110324));
#6095=CARTESIAN_POINT('Ctrl Pts',(9.73470320832608,4.02949898195549,2.1973177613498));
#6096=CARTESIAN_POINT('Ctrl Pts',(9.7915270360855,4.62437365699994,3.1625402258633));
#6097=CARTESIAN_POINT('Ctrl Pts',(9.84835086384494,4.13388884024909,4.18477059595321));
#6098=CARTESIAN_POINT('Ctrl Pts',(9.90517469160437,3.00874391358923,4.32469621561703));
#6099=CARTESIAN_POINT('Ctrl Pts',(9.9619985193638,2.28281822595445,3.453741463034));
#6100=CARTESIAN_POINT('Ctrl Pts',(10.0188223471232,2.62315435955212,2.37221402413081));
#6101=CARTESIAN_POINT('Ctrl Pts',(10.0756461748827,3.71702237908398,2.07391377104713));
#6102=CARTESIAN_POINT('Ctrl Pts',(10.1324700026421,4.55928283165105,2.83294447862632));
#6103=CARTESIAN_POINT('Ctrl Pts',(10.1892938304015,4.37599480766768,3.95184384174566));
#6104=CARTESIAN_POINT('Ctrl Pts',(10.246117658161,3.33557901252817,4.40247146987927));
#6105=CARTESIAN_POINT('Ctrl Pts',(10.3029414859204,2.39405842663237,3.77075217222352));
#6106=CARTESIAN_POINT('Ctrl Pts',(10.3597653136798,2.41658265409642,2.63716364846392));
#6107=CARTESIAN_POINT('Ctrl Pts',(10.4165891414393,3.38245451325067,2.04334394184175));
#6108=CARTESIAN_POINT('Ctrl Pts',(10.4734129691987,4.40414835820091,2.53494537395213));
#6109=CARTESIAN_POINT('Ctrl Pts',(10.5302367969581,4.54284455311275,3.66024250483319));
#6110=CARTESIAN_POINT('Ctrl Pts',(10.5870606247175,3.67109714821037,4.38521615852393));
#6111=CARTESIAN_POINT('Ctrl Pts',(10.643884452477,2.58994224036678,4.0436985036294));
#6112=CARTESIAN_POINT('Ctrl Pts',(10.7007082802364,2.29283728522696,2.94950527109928));
#6113=CARTESIAN_POINT('Ctrl Pts',(10.7575321079958,3.05278791173827,2.10807453272933));
#6114=CARTESIAN_POINT('Ctrl Pts',(10.8143559357553,4.17148614187909,2.29258519380685));
#6115=CARTESIAN_POINT('Ctrl Pts',(10.8711797635147,4.62097711199351,3.33349230963857));
#6116=CARTESIAN_POINT('Ctrl Pts',(10.9280035912741,3.98822874238918,4.27432290743207));
#6117=CARTESIAN_POINT('Ctrl Pts',(10.9848274190336,2.85466689396532,4.25055859856696));
#6118=CARTESIAN_POINT('Ctrl Pts',(11.041651246793,2.2619002273453,3.28404138987608));
#6119=CARTESIAN_POINT('Ctrl Pts',(11.0984750745524,2.75462270232774,2.26287979108773));
#6120=CARTESIAN_POINT('Ctrl Pts',(11.1552989023119,3.88006116010329,2.12542364123935));
#6121=CARTESIAN_POINT('Ctrl Pts',(11.2121227300713,4.60410004142361,2.99794277997762));
#6122=CARTESIAN_POINT('Ctrl Pts',(11.2689465578308,4.2613668075055,4.07876166030733));
#6123=CARTESIAN_POINT('Ctrl Pts',(11.3257703855901,3.16691519947703,4.3745991015785));
#6124=CARTESIAN_POINT('Ctrl Pts',(11.3825942133496,2.3261905707245,3.61386611538654));
#6125=CARTESIAN_POINT('Ctrl Pts',(11.439418041109,2.51216068545704,2.4951103542462));
#6126=CARTESIAN_POINT('Ctrl Pts',(11.4962418688685,3.55310620708507,2.04725246906621));
#6127=CARTESIAN_POINT('Ctrl Pts',(11.5530656966279,4.49411294934636,2.68007304675566));
#6128=CARTESIAN_POINT('Ctrl Pts',(11.6098895243873,4.46738696120111,3.81553759123596));
#6129=CARTESIAN_POINT('Ctrl Pts',(11.6477720762269,3.82521183978239,4.2069826234311));
#6130=CARTESIAN_POINT('Ctrl Pts',(11.6667133521467,3.49238271927725,4.22337050137872));
#6131=CARTESIAN_POINT('Ctrl Pts',(1.66629297064818,3.49976870168775,4.22297550182338));
#6132=CARTESIAN_POINT('Ctrl Pts',(1.68504314518086,3.17046574031315,4.24137689579672));
#6133=CARTESIAN_POINT('Ctrl Pts',(1.72273459563335,2.49368533941861,3.92620719632553));
#6134=CARTESIAN_POINT('Ctrl Pts',(1.77936732200565,2.33638760590072,2.80523021444599));
#6135=CARTESIAN_POINT('Ctrl Pts',(1.83619114976508,3.19791721081469,2.06785492845846));
#6136=CARTESIAN_POINT('Ctrl Pts',(1.89301497752451,4.2836627947142,2.39235576259923));
#6137=CARTESIAN_POINT('Ctrl Pts',(1.94983880528395,4.59773562287832,3.48210692468503));
#6138=CARTESIAN_POINT('Ctrl Pts',(2.00666263304338,3.85060475811599,4.33494222448864));
#6139=CARTESIAN_POINT('Ctrl Pts',(2.06348646080281,2.72928843925467,4.16762866547662));
#6140=CARTESIAN_POINT('Ctrl Pts',(2.12031028856224,2.26389005099938,3.13368482661567));
#6141=CARTESIAN_POINT('Ctrl Pts',(2.17713411632167,2.88219305981694,2.18330419843804));
#6142=CARTESIAN_POINT('Ctrl Pts',(2.2339579440811,4.01597646274434,2.1897159546482));
#6143=CARTESIAN_POINT('Ctrl Pts',(2.29078177184053,4.62346066100012,3.14706092750928));
#6144=CARTESIAN_POINT('Ctrl Pts',(2.34760559959997,4.14641750448539,4.17563161665702));
#6145=CARTESIAN_POINT('Ctrl Pts',(2.4044294273594,3.02320540766606,4.33029832974239));
#6146=CARTESIAN_POINT('Ctrl Pts',(2.46125325511883,2.28592221122967,3.46893533934054));
#6147=CARTESIAN_POINT('Ctrl Pts',(2.51807708287826,2.61204961861666,2.38303908731894));
#6148=CARTESIAN_POINT('Ctrl Pts',(2.57490091063769,3.7019123767329,2.0704225768101));
#6149=CARTESIAN_POINT('Ctrl Pts',(2.63172473839712,4.5540522036774,2.81834527170825));
#6150=CARTESIAN_POINT('Ctrl Pts',(2.68854856615656,4.38544975804175,3.93955149707849));
#6151=CARTESIAN_POINT('Ctrl Pts',(2.74537239391599,3.35103160064997,4.40378130979752));
#6152=CARTESIAN_POINT('Ctrl Pts',(2.80219622167542,2.40130945289029,3.78446057015248));
#6153=CARTESIAN_POINT('Ctrl Pts',(2.85902004943485,2.40896927804293,2.65067417301644));
#6154=CARTESIAN_POINT('Ctrl Pts',(2.91584387719429,3.36697254194306,2.04424196145532));
#6155=CARTESIAN_POINT('Ctrl Pts',(2.97266770495371,4.39502396142311,2.5224057107965));
#6156=CARTESIAN_POINT('Ctrl Pts',(3.02949153271315,4.54846199379455,3.64578768156349));
#6157=CARTESIAN_POINT('Ctrl Pts',(3.08631536047258,3.68629466192206,4.38212848346713));
#6158=CARTESIAN_POINT('Ctrl Pts',(3.14313918823201,2.6007550158374,4.05481523474133));
#6159=CARTESIAN_POINT('Ctrl Pts',(3.19996301599144,2.28932968803063,2.96461133192082));
#6160=CARTESIAN_POINT('Ctrl Pts',(3.25678684375087,3.03818289322333,2.11328932346614));
#6161=CARTESIAN_POINT('Ctrl Pts',(3.3136106715103,4.15920428627836,2.28311665182438));
#6162=CARTESIAN_POINT('Ctrl Pts',(3.37043449926974,4.62230357330182,3.31804144874978));
#6163=CARTESIAN_POINT('Ctrl Pts',(3.42725832702917,4.00194553843583,4.26708633366943));
#6164=CARTESIAN_POINT('Ctrl Pts',(3.4840821547886,2.86816817938432,4.25818773103121));
#6165=CARTESIAN_POINT('Ctrl Pts',(3.54090598254803,2.2627830619651,3.29952243771732));
#6166=CARTESIAN_POINT('Ctrl Pts',(3.59772981030746,2.74206978731274,2.27199408291814));
#6167=CARTESIAN_POINT('Ctrl Pts',(3.65455363806689,3.86561873725825,2.11978356394007));
#6168=CARTESIAN_POINT('Ctrl Pts',(3.71137746582633,4.60101708273545,2.98275491831788));
#6169=CARTESIAN_POINT('Ctrl Pts',(3.76820129358576,4.27251795363573,4.06793628896065));
#6170=CARTESIAN_POINT('Ctrl Pts',(3.82502512134519,3.18197443364856,4.37817025876935));
#6171=CARTESIAN_POINT('Ctrl Pts',(3.88184894910462,2.33147114110825,3.62838733392584));
#6172=CARTESIAN_POINT('Ctrl Pts',(3.93867277686405,2.50252321197801,2.50755216582116));
#6173=CARTESIAN_POINT('Ctrl Pts',(3.99549660462348,3.5379533800497,2.04558392875712));
#6174=CARTESIAN_POINT('Ctrl Pts',(4.05232043238291,4.48631988645096,2.66697853329215));
#6175=CARTESIAN_POINT('Ctrl Pts',(4.10914426014235,4.47618250785281,3.80074549284079));
#6176=CARTESIAN_POINT('Ctrl Pts',(4.16596808790177,3.51685633437062,4.40508279756476));
#6177=CARTESIAN_POINT('Ctrl Pts',(4.22279191566121,2.48985226840543,3.92467366619862));
#6178=CARTESIAN_POINT('Ctrl Pts',(4.27961574342064,2.33886944585422,2.80095907952481));
#6179=CARTESIAN_POINT('Ctrl Pts',(4.33643957118007,3.20264379182062,2.06650406779207));
#6180=CARTESIAN_POINT('Ctrl Pts',(4.39326339893951,4.28746559189137,2.39618868541967));
#6181=CARTESIAN_POINT('Ctrl Pts',(4.45008722669893,4.59650783315018,3.48707052050848));
#6182=CARTESIAN_POINT('Ctrl Pts',(4.50691105445837,3.8457960838527,4.33675408188631));
#6183=CARTESIAN_POINT('Ctrl Pts',(4.56373488221779,2.72514847870506,4.16447747266179));
#6184=CARTESIAN_POINT('Ctrl Pts',(4.62055870997724,2.26431184312901,3.12854316957112));
#6185=CARTESIAN_POINT('Ctrl Pts',(4.67738253773665,2.8867422754936,2.18085617384128));
#6186=CARTESIAN_POINT('Ctrl Pts',(4.7342063654961,4.02049748204909,2.19223231630403));
#6187=CARTESIAN_POINT('Ctrl Pts',(4.79103019325552,4.6237862526121,3.15221822470142));
#6188=CARTESIAN_POINT('Ctrl Pts',(4.84785402101496,4.142255288745,4.17869677579065));
#6189=CARTESIAN_POINT('Ctrl Pts',(4.90467784877439,3.01837640683924,4.32845172166979));
#6190=CARTESIAN_POINT('Ctrl Pts',(4.96150167653382,2.2848656056485,3.4638754152945));
#6191=CARTESIAN_POINT('Ctrl Pts',(5.01832550429325,2.61573531822412,2.3794144808625));
#6192=CARTESIAN_POINT('Ctrl Pts',(5.07514933205268,3.70695416611321,2.07156433709025));
#6193=CARTESIAN_POINT('Ctrl Pts',(5.13197315981211,4.55581698197099,2.82320401463732));
#6194=CARTESIAN_POINT('Ctrl Pts',(5.18879698757155,4.3823160400566,3.94366271899184));
#6195=CARTESIAN_POINT('Ctrl Pts',(5.24562081533098,3.34587883865176,4.40336720293026));
#6196=CARTESIAN_POINT('Ctrl Pts',(5.3024446430904,2.39887248494797,3.77990168579742));
#6197=CARTESIAN_POINT('Ctrl Pts',(5.35926847084985,2.4114873776944,2.64615958571911));
#6198=CARTESIAN_POINT('Ctrl Pts',(5.41609229860927,3.37213187496987,2.04392006952694));
#6199=CARTESIAN_POINT('Ctrl Pts',(5.47291612636871,4.39808368576665,2.52657229104035));
#6200=CARTESIAN_POINT('Ctrl Pts',(5.52973995412813,4.54661057619533,3.65061412648447));
#6201=CARTESIAN_POINT('Ctrl Pts',(5.58656378188758,3.68123334154772,4.38317984146345));
#6202=CARTESIAN_POINT('Ctrl Pts',(5.64338760964699,2.59713456739067,4.05112542893412));
#6203=CARTESIAN_POINT('Ctrl Pts',(5.70021143740644,2.29047688861842,2.95957087094857));
#6204=CARTESIAN_POINT('Ctrl Pts',(5.75703526516585,3.04304359710294,2.11152981398859));
#6205=CARTESIAN_POINT('Ctrl Pts',(5.81385909292529,4.16331206305381,2.28625488146632));
#6206=CARTESIAN_POINT('Ctrl Pts',(5.87068292068473,4.62188384655648,3.32319374388019));
#6207=CARTESIAN_POINT('Ctrl Pts',(5.92750674844415,3.99738398895244,4.26951832501583));
#6208=CARTESIAN_POINT('Ctrl Pts',(5.9843305762036,2.86365634881964,4.25566469704546));
#6209=CARTESIAN_POINT('Ctrl Pts',(6.04115440396302,2.26246680595561,3.29436275771529));
#6210=CARTESIAN_POINT('Ctrl Pts',(6.09797823172246,2.74623970892208,2.2689389119986));
#6211=CARTESIAN_POINT('Ctrl Pts',(6.15480205948188,3.87044315601645,2.12164025433271));
#6212=CARTESIAN_POINT('Ctrl Pts',(6.21162588724132,4.60206291024216,2.98781738415993));
#6213=CARTESIAN_POINT('Ctrl Pts',(6.26844971500075,4.26882419416776,4.07155270383816));
#6214=CARTESIAN_POINT('Ctrl Pts',(6.32527354276017,3.17693522919037,4.37701755152056));
#6215=CARTESIAN_POINT('Ctrl Pts',(6.38209737051962,2.32971694352486,3.62352471051743));
#6216=CARTESIAN_POINT('Ctrl Pts',(6.43892119827904,2.50566592797804,2.50344782035367));
#6217=CARTESIAN_POINT('Ctrl Pts',(6.49574502603847,3.54310521349688,2.04600928473257));
#6218=CARTESIAN_POINT('Ctrl Pts',(6.55256885379791,4.48874689233622,2.67154273727602));
#6219=CARTESIAN_POINT('Ctrl Pts',(6.60939268155733,4.47365454568046,3.80525456401218));
#6220=CARTESIAN_POINT('Ctrl Pts',(6.66621650931678,3.51169631190383,4.40539341584427));
#6221=CARTESIAN_POINT('Ctrl Pts',(6.72304033707619,2.48680165542459,3.92050040895583));
#6222=CARTESIAN_POINT('Ctrl Pts',(6.77986416483564,2.34073140636752,2.7961366922923));
#6223=CARTESIAN_POINT('Ctrl Pts',(6.83668799259505,3.20770739732669,2.06546377223205));
#6224=CARTESIAN_POINT('Ctrl Pts',(6.89351182035451,4.29107796875617,2.39988639402908));
#6225=CARTESIAN_POINT('Ctrl Pts',(6.95033564811391,4.5953496206829,3.49210846249445));
#6226=CARTESIAN_POINT('Ctrl Pts',(7.00715947587337,3.84093154668556,4.33850296545107));
#6227=CARTESIAN_POINT('Ctrl Pts',(7.06398330363278,2.72104756946369,4.16133027407139));
#6228=CARTESIAN_POINT('Ctrl Pts',(7.12080713139223,2.26474282781712,3.12339180394907));
#6229=CARTESIAN_POINT('Ctrl Pts',(7.17763095915165,2.89130912853425,2.17843415631894));
#6230=CARTESIAN_POINT('Ctrl Pts',(7.23445478691108,4.02500378844154,2.19476520364276));
#6231=CARTESIAN_POINT('Ctrl Pts',(7.29127861467052,4.62409123279222,3.15737858347414));
#6232=CARTESIAN_POINT('Ctrl Pts',(7.34810244242995,4.13807870085008,4.18174282719032));
#6233=CARTESIAN_POINT('Ctrl Pts',(7.40492627018938,3.01355605688978,4.32658449325898));
#6234=CARTESIAN_POINT('Ctrl Pts',(7.46175009794881,2.28383084327687,3.45881067616917));
#6235=CARTESIAN_POINT('Ctrl Pts',(7.51857392570825,2.61943697156073,2.37580614632299));
#6236=CARTESIAN_POINT('Ctrl Pts',(7.57539775346767,3.71199083961261,2.07272805339331));
#6237=CARTESIAN_POINT('Ctrl Pts',(7.63222158122711,4.55756054942928,2.82807045975586));
#6238=CARTESIAN_POINT('Ctrl Pts',(7.68904540898653,4.37916436263299,3.9477601871114));
#6239=CARTESIAN_POINT('Ctrl Pts',(7.74586923674597,3.34072794700457,4.40293059004401));
#6240=CARTESIAN_POINT('Ctrl Pts',(7.8026930645054,2.39645545867997,3.77533218915194));
#6241=CARTESIAN_POINT('Ctrl Pts',(7.85951689226483,2.41402518717574,2.64165604948523));
#6242=CARTESIAN_POINT('Ctrl Pts',(7.91634072002426,3.37729256388803,2.04362072781031));
#6243=CARTESIAN_POINT('Ctrl Pts',(7.97316454778369,4.40112517194874,2.53075220460135));
#6244=CARTESIAN_POINT('Ctrl Pts',(8.02998837554313,4.54473808211612,3.65543243339631));
#6245=CARTESIAN_POINT('Ctrl Pts',(8.08681220330256,3.67616747484946,4.38420906941138));
#6246=CARTESIAN_POINT('Ctrl Pts',(8.14363603106199,2.59353027948411,4.04741983528937));
#6247=CARTESIAN_POINT('Ctrl Pts',(8.20045985882142,2.291646107368,2.9545354719486));
#6248=CARTESIAN_POINT('Ctrl Pts',(8.25728368658086,3.04791194436329,2.10979156471823));
#6249=CARTESIAN_POINT('Ctrl Pts',(8.31410751434028,4.16740608515997,2.28941103396067));
#6250=CARTESIAN_POINT('Ctrl Pts',(8.37093134209971,4.62144160599333,3.32834415540333));
#6251=CARTESIAN_POINT('Ctrl Pts',(8.42775516985915,3.99281185415719,4.27193035714403));
#6252=CARTESIAN_POINT('Ctrl Pts',(8.48457899761858,2.85915558812072,4.25312196845116));
#6253=CARTESIAN_POINT('Ctrl Pts',(8.54140282537801,2.26217310305981,3.28920174481255));
#6254=CARTESIAN_POINT('Ctrl Pts',(8.59822665313744,2.75042294315918,2.26590199466503));
#6255=CARTESIAN_POINT('Ctrl Pts',(8.65505048089688,3.87525941413854,2.12351801184493));
#6256=CARTESIAN_POINT('Ctrl Pts',(8.71187430865631,4.60308660253768,2.99288437238345));
#6257=CARTESIAN_POINT('Ctrl Pts',(8.76869813641574,4.26511466463863,4.07515294080895));
#6258=CARTESIAN_POINT('Ctrl Pts',(8.82552196417517,3.17190111070109,4.3758428317203));
#6259=CARTESIAN_POINT('Ctrl Pts',(8.8823457919346,2.32798401451756,3.6186544669271));
#6260=CARTESIAN_POINT('Ctrl Pts',(8.93916961969403,2.5088265517753,2.49935724914838));
#6261=CARTESIAN_POINT('Ctrl Pts',(8.99599344745347,3.54825513874738,2.04645715244468));
#6262=CARTESIAN_POINT('Ctrl Pts',(9.05281727521289,4.49115392744512,2.67611750476276));
#6263=CARTESIAN_POINT('Ctrl Pts',(9.10964110297234,4.47110690100874,3.80975254380313));
#6264=CARTESIAN_POINT('Ctrl Pts',(9.16646493073175,3.50653498117776,4.4056814795686));
#6265=CARTESIAN_POINT('Ctrl Pts',(9.2232887584912,2.48376931056503,3.91631385903664));
#6266=CARTESIAN_POINT('Ctrl Pts',(9.28011258625062,2.34261442507107,2.79132248870964));
#6267=CARTESIAN_POINT('Ctrl Pts',(9.33693641401005,3.21277550102647,2.06444561681102));
#6268=CARTESIAN_POINT('Ctrl Pts',(9.39376024176949,4.2946741504932,2.40359985501411));
#6269=CARTESIAN_POINT('Ctrl Pts',(9.45058406952891,4.59416940123429,3.49714129446329));
#6270=CARTESIAN_POINT('Ctrl Pts',(9.50740789728835,3.83605941257949,4.34023057212645));
#6271=CARTESIAN_POINT('Ctrl Pts',(9.56423172504778,2.71696045404253,4.15816518274451));
#6272=CARTESIAN_POINT('Ctrl Pts',(9.62105555280721,2.2651963221437,3.11824237111903));
#6273=CARTESIAN_POINT('Ctrl Pts',(9.67787938056664,2.89588652325076,2.17603212110324));
#6274=CARTESIAN_POINT('Ctrl Pts',(9.73470320832608,4.02949898195549,2.1973177613498));
#6275=CARTESIAN_POINT('Ctrl Pts',(9.7915270360855,4.62437365699994,3.1625402258633));
#6276=CARTESIAN_POINT('Ctrl Pts',(9.84835086384494,4.13388884024909,4.18477059595321));
#6277=CARTESIAN_POINT('Ctrl Pts',(9.90517469160437,3.00874391358923,4.32469621561703));
#6278=CARTESIAN_POINT('Ctrl Pts',(9.9619985193638,2.28281822595445,3.453741463034));
#6279=CARTESIAN_POINT('Ctrl Pts',(10.0188223471232,2.62315435955212,2.37221402413081));
#6280=CARTESIAN_POINT('Ctrl Pts',(10.0756461748827,3.71702237908398,2.07391377104713));
#6281=CARTESIAN_POINT('Ctrl Pts',(10.1324700026421,4.55928283165105,2.83294447862632));
#6282=CARTESIAN_POINT('Ctrl Pts',(10.1892938304015,4.37599480766768,3.95184384174566));
#6283=CARTESIAN_POINT('Ctrl Pts',(10.246117658161,3.33557901252817,4.40247146987927));
#6284=CARTESIAN_POINT('Ctrl Pts',(10.3029414859204,2.39405842663237,3.77075217222352));
#6285=CARTESIAN_POINT('Ctrl Pts',(10.3597653136798,2.41658265409642,2.63716364846392));
#6286=CARTESIAN_POINT('Ctrl Pts',(10.4165891414393,3.38245451325067,2.04334394184175));
#6287=CARTESIAN_POINT('Ctrl Pts',(10.4734129691987,4.40414835820091,2.53494537395213));
#6288=CARTESIAN_POINT('Ctrl Pts',(10.5302367969581,4.54284455311275,3.66024250483319));
#6289=CARTESIAN_POINT('Ctrl Pts',(10.5870606247175,3.67109714821037,4.38521615852393));
#6290=CARTESIAN_POINT('Ctrl Pts',(10.643884452477,2.58994224036678,4.0436985036294));
#6291=CARTESIAN_POINT('Ctrl Pts',(10.7007082802364,2.29283728522696,2.94950527109928));
#6292=CARTESIAN_POINT('Ctrl Pts',(10.7575321079958,3.05278791173827,2.10807453272933));
#6293=CARTESIAN_POINT('Ctrl Pts',(10.8143559357553,4.17148614187909,2.29258519380685));
#6294=CARTESIAN_POINT('Ctrl Pts',(10.8711797635147,4.62097711199351,3.33349230963857));
#6295=CARTESIAN_POINT('Ctrl Pts',(10.9280035912741,3.98822874238918,4.27432290743207));
#6296=CARTESIAN_POINT('Ctrl Pts',(10.9848274190336,2.85466689396532,4.25055859856696));
#6297=CARTESIAN_POINT('Ctrl Pts',(11.041651246793,2.2619002273453,3.28404138987608));
#6298=CARTESIAN_POINT('Ctrl Pts',(11.0984750745524,2.75462270232774,2.26287979108773));
#6299=CARTESIAN_POINT('Ctrl Pts',(11.1552989023119,3.88006116010329,2.12542364123935));
#6300=CARTESIAN_POINT('Ctrl Pts',(11.2121227300713,4.60410004142361,2.99794277997762));
#6301=CARTESIAN_POINT('Ctrl Pts',(11.2689465578308,4.2613668075055,4.07876166030733));
#6302=CARTESIAN_POINT('Ctrl Pts',(11.3257703855901,3.16691519947703,4.3745991015785));
#6303=CARTESIAN_POINT('Ctrl Pts',(11.3825942133496,2.3261905707245,3.61386611538654));
#6304=CARTESIAN_POINT('Ctrl Pts',(11.439418041109,2.51216068545704,2.4951103542462));
#6305=CARTESIAN_POINT('Ctrl Pts',(11.4962418688685,3.55310620708507,2.04725246906621));
#6306=CARTESIAN_POINT('Ctrl Pts',(11.5530656966279,4.49411294934636,2.68007304675566));
#6307=CARTESIAN_POINT('Ctrl Pts',(11.6095934474448,4.46752621526351,3.80962132540225));
#6308=CARTESIAN_POINT('Ctrl Pts',(11.6471799223418,3.83521173917676,4.20084149677334));
#6309=CARTESIAN_POINT('Ctrl Pts',(11.6658251213191,3.507981226031,4.22247089061828));
#6310=CARTESIAN_POINT('',(3.55047484246581,-10.5904748497571,-6.93889390390726E-17));
#6311=CARTESIAN_POINT('',(3.60406234537581,-10.1858641941655,-1.14509830262026));
#6312=CARTESIAN_POINT('',(3.55047484246581,-10.5904748497571,-6.93889390390726E-17));
#6313=CARTESIAN_POINT('',(3.50047484246581,-10.0904748497571,0.2));
#6314=UNCERTAINTY_MEASURE_WITH_UNIT(LENGTH_MEASURE(0.01),#6326,
'DISTANCE_ACCURACY_VALUE',
'Maximum model space distance between geometric entities at asserted c
onnectivities');
#6315=UNCERTAINTY_MEASURE_WITH_UNIT(LENGTH_MEASURE(0.01),#6326,
'DISTANCE_ACCURACY_VALUE',
'Maximum model space distance between geometric entities at asserted c
onnectivities');
#6316=UNCERTAINTY_MEASURE_WITH_UNIT(LENGTH_MEASURE(0.01),#6326,
'DISTANCE_ACCURACY_VALUE',
'Maximum model space distance between geometric entities at asserted c
onnectivities');
#6317=UNCERTAINTY_MEASURE_WITH_UNIT(LENGTH_MEASURE(0.01),#6326,
'DISTANCE_ACCURACY_VALUE',
'Maximum model space distance between geometric entities at asserted c
onnectivities');
#6318=UNCERTAINTY_MEASURE_WITH_UNIT(LENGTH_MEASURE(0.01),#6326,
'DISTANCE_ACCURACY_VALUE',
'Maximum model space distance between geometric entities at asserted c
onnectivities');
#6319=UNCERTAINTY_MEASURE_WITH_UNIT(LENGTH_MEASURE(0.01),#6326,
'DISTANCE_ACCURACY_VALUE',
'Maximum model space distance between geometric entities at asserted c
onnectivities');
#6320=(
GEOMETRIC_REPRESENTATION_CONTEXT(3)
GLOBAL_UNCERTAINTY_ASSIGNED_CONTEXT((#6314))
GLOBAL_UNIT_ASSIGNED_CONTEXT((#6326,#6328,#6329))
REPRESENTATION_CONTEXT('','3D')
);
#6321=(
GEOMETRIC_REPRESENTATION_CONTEXT(3)
GLOBAL_UNCERTAINTY_ASSIGNED_CONTEXT((#6315))
GLOBAL_UNIT_ASSIGNED_CONTEXT((#6326,#6328,#6329))
REPRESENTATION_CONTEXT('','3D')
);
#6322=(
GEOMETRIC_REPRESENTATION_CONTEXT(3)
GLOBAL_UNCERTAINTY_ASSIGNED_CONTEXT((#6316))
GLOBAL_UNIT_ASSIGNED_CONTEXT((#6326,#6328,#6329))
REPRESENTATION_CONTEXT('','3D')
);
#6323=(
GEOMETRIC_REPRESENTATION_CONTEXT(3)
GLOBAL_UNCERTAINTY_ASSIGNED_CONTEXT((#6317))
GLOBAL_UNIT_ASSIGNED_CONTEXT((#6326,#6328,#6329))
REPRESENTATION_CONTEXT('','3D')
);
#6324=(
GEOMETRIC_REPRESENTATION_CONTEXT(3)
GLOBAL_UNCERTAINTY_ASSIGNED_CONTEXT((#6318))
GLOBAL_UNIT_ASSIGNED_CONTEXT((#6326,#6328,#6329))
REPRESENTATION_CONTEXT('','3D')
);
#6325=(
GEOMETRIC_REPRESENTATION_CONTEXT(3)
GLOBAL_UNCERTAINTY_ASSIGNED_CONTEXT((#6319))
GLOBAL_UNIT_ASSIGNED_CONTEXT((#6326,#6328,#6329))
REPRESENTATION_CONTEXT('','3D')
);
#6326=(
LENGTH_UNIT()
NAMED_UNIT(*)
SI_UNIT(.MILLI.,.METRE.)
);
#6327=(
LENGTH_UNIT()
NAMED_UNIT(*)
SI_UNIT($,.METRE.)
);
#6328=(
NAMED_UNIT(*)
PLANE_ANGLE_UNIT()
SI_UNIT($,.RADIAN.)
);
#6329=(
NAMED_UNIT(*)
SI_UNIT($,.STERADIAN.)
SOLID_ANGLE_UNIT()
);
#6330=SHAPE_DEFINITION_REPRESENTATION(#6335,#6344);
#6331=SHAPE_DEFINITION_REPRESENTATION(#6336,#6345);
#6332=SHAPE_DEFINITION_REPRESENTATION(#6337,#6346);
#6333=SHAPE_DEFINITION_REPRESENTATION(#6338,#6347);
#6334=SHAPE_DEFINITION_REPRESENTATION(#6339,#6348);
#6335=PRODUCT_DEFINITION_SHAPE('',$,#6350);
#6336=PRODUCT_DEFINITION_SHAPE('',$,#6351);
#6337=PRODUCT_DEFINITION_SHAPE('',$,#6352);
#6338=PRODUCT_DEFINITION_SHAPE('',$,#6353);
#6339=PRODUCT_DEFINITION_SHAPE('',$,#6354);
#6340=PRODUCT_DEFINITION_SHAPE($,$,#23);
#6341=PRODUCT_DEFINITION_SHAPE($,$,#24);
#6342=PRODUCT_DEFINITION_SHAPE($,$,#25);
#6343=PRODUCT_DEFINITION_SHAPE($,$,#26);
#6344=SHAPE_REPRESENTATION('',(#2305,#2505,#2506,#2507,#2508),#6320);
#6345=SHAPE_REPRESENTATION('',(#2306),#6321);
#6346=SHAPE_REPRESENTATION('',(#2316),#6322);
#6347=SHAPE_REPRESENTATION('',(#2340),#6323);
#6348=SHAPE_REPRESENTATION('',(#2458),#6324);
#6349=PRODUCT_DEFINITION_CONTEXT('part definition',#6366,'design');
#6350=PRODUCT_DEFINITION('MICROSWITCH_OPEN_FRAME_SPRING_LEVER',
'MICROSWITCH_OPEN_FRAME_SPRING_LEVER v10',#6355,#6349);
#6351=PRODUCT_DEFINITION('Connection Pin','Connection Pin',#6356,#6349);
#6352=PRODUCT_DEFINITION('Feather','Feather',#6357,#6349);
#6353=PRODUCT_DEFINITION('Body','Body',#6358,#6349);
#6354=PRODUCT_DEFINITION('Spring','Spring',#6359,#6349);
#6355=PRODUCT_DEFINITION_FORMATION('',$,#6368);
#6356=PRODUCT_DEFINITION_FORMATION('',$,#6369);
#6357=PRODUCT_DEFINITION_FORMATION('',$,#6370);
#6358=PRODUCT_DEFINITION_FORMATION('',$,#6371);
#6359=PRODUCT_DEFINITION_FORMATION('',$,#6372);
#6360=PRODUCT_RELATED_PRODUCT_CATEGORY(
'MICROSWITCH_OPEN_FRAME_SPRING_LEVER v10',
'MICROSWITCH_OPEN_FRAME_SPRING_LEVER v10',(#6368));
#6361=PRODUCT_RELATED_PRODUCT_CATEGORY('Connection Pin',
'Connection Pin',(#6369));
#6362=PRODUCT_RELATED_PRODUCT_CATEGORY('Feather','Feather',(#6370));
#6363=PRODUCT_RELATED_PRODUCT_CATEGORY('Body','Body',(#6371));
#6364=PRODUCT_RELATED_PRODUCT_CATEGORY('Spring','Spring',(#6372));
#6365=APPLICATION_PROTOCOL_DEFINITION('international standard',
'automotive_design',2009,#6366);
#6366=APPLICATION_CONTEXT(
'Core Data for Automotive Mechanical Design Process');
#6367=PRODUCT_CONTEXT('part definition',#6366,'mechanical');
#6368=PRODUCT('MICROSWITCH_OPEN_FRAME_SPRING_LEVER',
'MICROSWITCH_OPEN_FRAME_SPRING_LEVER v10',$,(#6367));
#6369=PRODUCT('Connection Pin','Connection Pin',$,(#6367));
#6370=PRODUCT('Feather','Feather',$,(#6367));
#6371=PRODUCT('Body','Body',$,(#6367));
#6372=PRODUCT('Spring','Spring',$,(#6367));
#6373=PRESENTATION_STYLE_ASSIGNMENT((#6375));
#6374=PRESENTATION_STYLE_ASSIGNMENT((#6376));
#6375=SURFACE_STYLE_USAGE(.BOTH.,#6377);
#6376=SURFACE_STYLE_USAGE(.BOTH.,#6378);
#6377=SURFACE_SIDE_STYLE('',(#6379));
#6378=SURFACE_SIDE_STYLE('',(#6380));
#6379=SURFACE_STYLE_FILL_AREA(#6381);
#6380=SURFACE_STYLE_FILL_AREA(#6382);
#6381=FILL_AREA_STYLE('Steel - Satin',(#6383));
#6382=FILL_AREA_STYLE('Silver - Satin',(#6384));
#6383=FILL_AREA_STYLE_COLOUR('Steel - Satin',#6385);
#6384=FILL_AREA_STYLE_COLOUR('Silver - Satin',#6386);
#6385=COLOUR_RGB('Steel - Satin',0.627450980392157,0.627450980392157,0.627450980392157);
#6386=COLOUR_RGB('Silver - Satin',0.984313725490196,0.980392156862745,0.96078431372549);
ENDSEC;
END-ISO-10303-21;
